tree
version=v4
num_class=1
num_tree_per_iteration=1
label_index=0
max_feature_idx=24
objective=binary sigmoid:1
feature_names=ret_1 ret_3 ret_5 ret_15 ret_30 rv_15 rv_30 rv_60 tbr tbr_5 tbr_15 body_ratio upper_wick lower_wick log_hl close_loc vol_z_30 vol_z_60 log_vol imb_5 imb_15 imb_30 cvd_5 cvd_15 trade_z_30
feature_infos=[-0.001198000951598388:0.0012690032649480543] [-0.0026255513554556131:0.0021757052736095517] [-0.0034402543933538254:0.0022386000497025549] [-0.0046858745058706575:0.0027257188574623115] [-0.0039502070114512122:0.0028813015706123934] [0:0.00060854909988852703] [0:0.00051220997728805443] [3.4914000485106209e-08:0.0004058107538537895] [0:1] [0:1] [0.00028969060589517295:1] [0:1] [0:1] [0:1] [0:0.001705275693392347] [0:1] [-5.3204292575521741:5.3851632376728524] [-4.0438685235257834:7.6811420439804223] [-27.631021115928547:4.641331223102922] [-1.0000000000587879:1.0000000004820548] [-1.0000000000756293:1.0000000000110141] [-0.99962535495489024:0.99999999999997824] [-102.95665000000001:101.69416000000005] [-105.33136000000002:172.56017999999992] [-3.4215225671790992:5.3851269379348263]
tree_sizes=2813 2812 2817 2813 2812 2825 2827 2826 2832 2821 2835 2819 2829 2823 2827 2833 2824 2822 2829 2806 2836 2839 2824 2818 2828 2822 2844 2823 2826 2825 2834 2847 2822 2826 2844 2853 2836 2827 2832 2841 2824 2835 2843 2842 2818 2809 2839 2830 2845 2830 2829 2852 2825 2820 2844 2852 2825 2825 2844 2838 2816 2833 2856 2818 2842 2831 2823 2814 2837 2840 2852 2838 2831 2830 2827 2837 2827 2835 2841 2848 2847 2842 2832 2823 2836 2819 2850 2798 2836 2822 2832 2844 2815 2851 2845 2843 2831 2818 2797 2841 2830 2834 2820 2829 2859 2847 2846 2478 2840 2846 2828 2827 2822 2807 2832 2826 2832 2816 2813 2807 2840 2816 2820 2822 2836 2849 2844 2499 2852 2832 2830 2864 2846 2822 2811 2812 2820 2842 2842 2850 2828 2838 2827 2844 2844 2827 2856 2845 2863 2701 2843 2853 2831 2849 2852 2846 2851 2834 2851 2814 2857 2842 2819 2857 2817 2846 2861 2846 2845 2850 2863 2739 2842 2608 2841 2841 2836 2846 2832 2844 2611 2840 2837 2851 2843 2840 2844 2831 2842 2826 2848 2862 2852 2725 2828 2866 2848 2842 2829 2820 2852 2836 2820 2836 2725 2848 2847 2825 2853 2832 2819 2843 2837 2846 2599 2848 2842 2847 2827

Tree=0
num_leaves=24
num_cat=0
split_feature=8 2 15 2 18 2 2 3 3 0 11 14 3 6 15 14 18 22 24 6 22 1 11
split_gain=29660.5 31181.8 25735.1 25083.1 21908.2 19171.8 15170.2 4189.14 3718.73 2761.45 2591.53 2103.37 1581.1 1445.79 1236.28 1343.69 1115.83 996.639 621.289 605.969 287.928 232.635 132.284
threshold=0.99999747274353923 -4.6891129823478645e-07 0.99964853783830032 1.596229957101514e-07 -18.599018208778869 1.596229957101514e-07 -1.0000000180025095e-35 -3.0650899596196263e-07 1.5964507671384356e-07 -1.6014943948761126e-07 0.99656357388371153 1.60309101800088e-07 1.5964507671384356e-07 2.560197569053091e-05 0.99919610823342608 1.60309101800088e-07 -18.599018208778869 0.081610000000053418 -0.13417471673426992 5.1133745179503186e-05 0.035010000000039503 1.5985942525276189e-07 0.88888888890685436
decision_type=2 2 2 2 2 2 2 2 2 2 2 2 2 2 2 2 2 2 2 2 2 2 2
left_child=1 9 4 8 6 12 -3 -6 13 19 21 -7 -4 17 16 -16 -11 -2 -15 22 -10 -5 -1
right_child=3 2 5 10 7 11 -8 -9 20 14 -12 -13 -14 18 15 -17 -18 -19 -20 -21 -22 -23 -24
leaf_value=-0.012132870164680785 -0.064635787899356381 0.079735884833821921 -0.057021462940235662 0.0098387553220480491 0.037833573317760834 0.016655523599959206 -0.0038951233734669227 0.076211966103383155 -0.019299939288587351 -0.027605505813718234 0.073085975877841339 0.066840358451686663 -0.015013158995787033 -0.034826704642951511 -0.048589383574380099 0.045302738409661529 0.0058160427308131101 -0.034577448756262216 0.049537686612796228 -0.02509638052829976 0.003397089505370268 0.030105720804532519 -0.054314734632868122
leaf_weight=193.49508672952652 18580.528199076653 7028.3215352892876 11143.217048943043 2400.189053863287 8682.2795376181602 3542.9100376367569 23707.398016452789 39387.749857455492 3868.6517663300037 3695.9061527252197 4252.3920223116875 5084.8708838224411 2807.9287004470825 5201.3679257035255 3367.1645002067089 428.23912605643272 7695.8045864105225 3252.4174138903618 226.24425515532494 2509.1862861812115 2189.9443924427032 3448.9124244451523 7830.8011585474014
leaf_count=774 74324 28114 44574 9601 34730 14172 94832 157555 15475 14784 17010 20340 11232 20806 13469 1713 30784 13010 905 10037 8760 13796 31324
internal_value=0.0100565 0.0222445 0.0347181 -0.0256203 0.048202 -0.0123426 0.0152319 0.0692817 -0.0465443 -0.0269218 0.0433932 0.0462393 -0.0485717 -0.054419 -0.0132721 -0.0379812 -0.00503234 -0.0601628 -0.0312959 -0.0465931 -0.0111016 0.021791 -0.053304
internal_weight=170526 127105 101385 43420.6 78805.7 22578.9 30735.7 48070 33319.2 25720.6 10101.5 8627.78 13951.1 27260.6 15187.1 3795.4 11391.7 21832.9 5427.61 10533.5 6058.6 5849.1 8024.3
internal_count=682121 508434 405549 173687 315231 90318 122946 192285 133280 102885 40407 34512 55806 109045 60750 15182 45568 87334 21711 42135 24235 23397 32098
is_linear=0
shrinkage=1


Tree=1
num_leaves=24
num_cat=0
split_feature=8 2 15 2 18 2 2 7 3 0 11 14 7 3 15 14 18 22 7 11 10 1 11
split_gain=26671.3 28209 23330.8 22948.7 19410.2 17389.5 13704.6 4421.47 3334.76 2408.84 2325.45 1893.42 1797.02 1461.12 1119.44 1164.76 950.013 897.884 596.049 412.964 308.413 211.048 155.984
threshold=0.99999747274353923 -4.6891129823478645e-07 0.99990875912413546 1.596229957101514e-07 -18.599018208778869 1.596229957101514e-07 -1.0000000180025095e-35 1.8929129932362007e-05 1.5964507671384356e-07 -1.6014943948761126e-07 0.99750623441436337 1.60309101800088e-07 2.9904584162853696e-05 1.5964507671384356e-07 0.99919610823342608 1.60309101800088e-07 -18.599018208778869 0.067060000000039102 5.4290655675468567e-05 0.44822561617195283 0.73444755202036649 1.5985942525276189e-07 0.88888888890685436
decision_type=2 2 2 2 2 2 2 2 2 2 2 2 2 2 2 2 2 2 2 2 2 2 2
left_child=1 9 4 8 6 13 -3 -6 12 18 21 -7 17 -4 16 -16 -11 -2 22 -14 -10 -5 -1
right_child=3 2 5 10 7 11 -8 -9 20 14 -12 -13 19 -15 15 -17 -18 -19 -20 -21 -22 -23 -24
leaf_value=-0.017545458261822907 -0.071855863879279946 0.066387851504871406 -0.063928073372804664 0.00020876860583646071 0.069142441114838679 0.0067115671843909156 -0.012958800031620692 0.038427177498806614 -0.027059891331168474 -0.035615082265247601 0.06023671759660032 0.05432962441819135 -0.036698824478834179 -0.023604438564149191 -0.055970280717982546 0.032026108743624167 -0.0047288286259321672 -0.044891236005280312 -0.030425811711172809 0.041717742251920834 -0.00148472295392232 0.019575044862976912 -0.06085346825914071
leaf_weight=215.73856700956821 18582.212367981672 7063.0178699791431 11152.432271182537 2382.6923386752605 27705.427117794752 3569.7525268793106 23685.159647941589 20321.05855089426 4442.44637337327 3667.3012590408325 4269.5460026264191 5028.8810097873211 4738.7569511681795 2817.591286316514 3344.275624230504 422.28330060839653 7747.9344220161438 3719.5751175582409 2201.9437959194183 172.4017893075943 1605.1892320513725 3434.7216625511646 8094.669350489974
leaf_count=863 74402 28297 44646 9531 110969 14280 94741 81378 17771 14672 17101 20138 18964 11271 13385 1690 30992 14884 8810 690 6421 13742 32401
internal_value=2.97784e-05 0.0115855 0.0234491 -0.033835 0.0362899 -0.0213699 0.00527051 0.0561484 -0.053869 -0.0352054 0.0322219 0.0345676 -0.0613325 -0.0558002 -0.0224608 -0.0460916 -0.0146564 -0.0673633 -0.0536027 -0.0339292 -0.0202752 0.0116467 -0.0597343
internal_weight=170385 127037 101343 43347.5 78774.7 22568.7 30748.2 48026.5 33260.6 25694.1 10087 8598.63 27212.9 13970 15181.8 3766.56 11415.2 22301.8 10512.4 4911.16 6047.64 5817.41 8310.41
internal_count=682039 508533 405720 173506 315385 90335 123038 192347 133132 102813 40374 34418 108940 55917 60739 15075 45664 89286 42074 19654 24192 23273 33264
is_linear=0
shrinkage=0.05


Tree=2
num_leaves=24
num_cat=0
split_feature=8 2 15 2 18 2 2 7 3 0 15 14 7 4 15 14 18 14 23 7 22 9 6
split_gain=24062.4 25222.1 20773.2 20663.1 17706.7 15835.8 12314.8 4167.33 2991.71 2248.55 2114.45 1759.04 1615.87 1313.14 1009.85 1077.5 922.157 634.161 631.346 548.883 257.713 148.537 141.425
threshold=0.99999747274353923 -4.6891129823478645e-07 0.99964853783830032 1.596229957101514e-07 -18.599018208778869 1.596229957101514e-07 -1.0000000180025095e-35 3.0472144049197313e-05 1.5964507671384356e-07 -1.6014943948761126e-07 0.99750000000040029 1.60309101800088e-07 1.5508204148085662e-05 3.1200301808809177e-07 0.99922893451456529 1.60309101800088e-07 -18.599018208778869 1.5333002147065873e-07 0.09294499999993594 4.4272750387204351e-05 0.048170000000048299 0.80000000000004068 4.1200334695330606e-05
decision_type=2 2 2 2 2 2 2 2 2 2 2 2 2 2 2 2 2 2 2 2 2 2 2
left_child=1 9 4 8 6 13 -3 -6 12 19 21 -7 18 -4 16 -16 -11 -14 -2 -1 -10 -5 -12
right_child=3 2 5 10 7 11 -8 -9 20 14 22 -13 17 -15 15 -17 -18 -19 -20 -21 -22 -23 -24
leaf_value=-0.05856003607570151 -0.074430458469833594 0.062868331785815065 -0.063264928223147415 0.003670810194943086 0.061437282010101527 0.0059861827891704369 -0.01249463404215044 0.026396988724855044 -0.026423168854747176 -0.034011042668811171 0.062617785488330191 0.051838534230043476 -0.045831276184875182 -0.029652139238636521 -0.052939888160029959 0.031185276317238015 -0.003728759250201016 0.043436034810077323 -0.050243098262253733 -0.033702252371393189 -0.0041582102241311944 0.019713773084183872 0.041461009650321345
leaf_weight=7311.8457743227482 11976.21307259798 7024.4363851547241 9724.8041023761034 3206.9026418179274 36821.17976538837 3551.2652051746845 23716.816244274378 11032.489726349711 4122.9281520545483 3719.0326233655214 3170.3907795846462 5090.0531273186207 11444.958572223783 4152.533031180501 3342.6056758761406 428.10968160629272 7753.4969426989555 200.92607775330544 3509.357889637351 3206.1054705679417 1899.6075403988361 2623.9157140254974 1078.2016687989235
leaf_count=29341 48122 28248 39036 12832 147943 14207 94874 44251 16499 14891 12738 20435 45909 16640 13407 1715 31014 805 14080 12843 7599 10500 4332
internal_value=-2.1133e-05 0.0109563 0.0222088 -0.0322351 0.0343395 -0.0201289 0.00472876 0.0533604 -0.0512938 -0.0332086 0.0304516 0.0330012 -0.0583702 -0.053213 -0.0209331 -0.0433759 -0.01355 -0.0442835 -0.0689566 -0.0509912 -0.019405 0.0108954 0.0572719
internal_weight=170108 126875 101114 43233.4 78594.9 22518.7 30741.3 47853.7 33154 25761.2 10079.4 8641.32 27131.5 13877.3 15243.2 3770.72 11472.5 11645.9 15485.6 10518 6022.54 5830.82 4248.59
internal_count=682261 508845 405634 173416 315316 90318 123122 192194 133014 103211 40402 34642 108916 55676 61027 15122 45905 46714 62202 42184 24098 23332 17070
is_linear=0
shrinkage=0.05


Tree=3
num_leaves=24
num_cat=0
split_feature=1 1 1 1 9 3 3 6 7 7 24 4 15 14 7 9 15 14 14 7 15 14 24
split_gain=19269.8 28274.5 22230.4 28490.3 17791.4 3987.87 3967.05 1618.36 1316.61 1204.74 435.502 376.258 371.18 328.3 322.145 294.127 243.451 356.236 211.178 178.378 164.656 117.471 97.3571
threshold=1.5985942525276189e-07 1.0000000180025095e-35 -3.117610534175696e-07 -1.0000000180025095e-35 0.50000000000013201 1.5964507671384356e-07 -3.0650899596196263e-07 4.7625716458742837e-05 4.4272750387204351e-05 1.7117380513105781e-05 0.059339082892617037 3.1200301808809177e-07 0.99683531626857602 1.60309101800088e-07 4.1397002473844335e-05 0.56043316411442834 0.85619575808896176 1.8583028492396929e-06 1.0000000180025095e-35 5.7787442347944523e-05 0.027993947257498795 1.60309101800088e-07 0.038844106108144406
decision_type=2 2 2 2 2 2 2 2 2 2 2 2 2 2 2 2 2 2 2 2 2 2 2
left_child=1 2 8 6 -5 9 -4 10 13 11 12 -3 18 -1 -11 -7 17 -12 -2 -9 -10 -14 -17
right_child=7 5 3 4 -6 15 -8 19 20 14 16 -13 21 -15 -16 22 -18 -19 -20 -21 -22 -23 -24
leaf_value=-0.041496665922636629 0.042636384135111172 -0.074827682893418651 0.02117681872969886 0.025071451952862381 -0.027880163160364416 -0.0297045481819351 0.063929270204836852 0.029829929234479743 -0.025558097694317907 -0.052099501618211565 0.053806169637714542 -0.047101444509504556 0.015810134882670371 -0.05583729397171925 -0.025773636506955168 -0.010037404456819242 0.05961967497395855 -0.047516439362332123 0.063703469797046997 0.012607507652913214 -0.0053393625203664074 0.052331769810481779 0.028378647933895825
leaf_weight=8868.374492123723 6404.9294748157263 12272.986159667373 7049.939312055707 28423.427288666368 35893.104700028896 2912.411310583353 23598.630193337798 2525.6839833706617 5775.1599047333002 5847.3893376737833 245.37442019581795 1374.9251694381237 1507.5599570721388 7335.2854939252138 1459.0705990493298 3263.5946378558874 7738.0766193419695 131.7121274471283 1475.1228381693363 3728.2038078010082 1221.7930512726307 256.91226106882095 171.73322436213493
leaf_count=35588 25687 49445 28315 114457 144295 11662 95206 10147 23156 23512 986 5535 6033 29556 5860 13062 31205 530 5944 14979 4909 1036 688
internal_value=-3.9032e-05 -0.00688926 0.00370682 0.0144262 -0.00447911 -0.052747 0.0540973 0.0414547 -0.0401674 -0.0632641 0.0491575 -0.0720421 0.0419526 -0.047995 -0.0468515 -0.0180195 0.0577071 0.0183381 0.0465959 0.019571 -0.0220308 0.0211839 -0.00810012
internal_weight=169481 145468 118166 94965.1 64316.5 27302.1 30648.6 24013.6 23200.6 20954.4 17759.7 13647.9 9644.52 16203.7 7306.46 6347.74 8115.16 377.087 7880.05 6253.89 6996.95 1764.47 3435.33
internal_count=681793 585246 475482 382273 258752 109764 123521 96547 93209 84352 71421 54980 38700 65144 29372 25412 32721 1516 31631 25126 28065 7069 13750
is_linear=0
shrinkage=0.05


Tree=4
num_leaves=24
num_cat=0
split_feature=8 2 15 2 18 2 1 7 3 0 11 7 24 3 15 0 22 18 7 11 10 10 11
split_gain=20647 21205.9 17702.4 17267.1 15260.4 13254.8 11631.1 3855.78 2605.73 1829.24 1785.56 1485.46 1460.2 1192.66 895.931 921.845 834.762 749.529 469.223 360.18 265.191 185.922 143.096
threshold=0.99999747274353923 -4.6891129823478645e-07 0.99964853783830032 1.596229957101514e-07 -18.599018208778869 1.596229957101514e-07 -1.0000000180025095e-35 1.5129310074186357e-05 1.5964507671384356e-07 -1.6014943948761126e-07 0.99656357388371153 2.9904584162853696e-05 -1.0000000180025095e-35 1.5964507671384356e-07 0.99919610823342608 1.603874331124189e-07 0.04217000000002926 -18.599018208778869 4.819652469721982e-05 0.83338474196913348 0.75255066995045206 0.69523231444468314 0.88888888890685436
decision_type=2 2 2 2 2 2 2 2 2 2 2 2 2 2 2 2 2 2 2 2 2 2 2
left_child=1 9 4 8 6 13 -3 -6 11 18 21 16 -7 -4 17 -16 -2 -11 22 -13 -10 -5 -1
right_child=3 2 5 10 7 12 -8 -9 20 14 -12 19 -14 -15 15 -17 -18 -19 -20 -21 -22 -23 -24
leaf_value=-0.009868641635920064 -0.064826112808770306 0.062352303821589919 -0.056387541977664095 0.0016682116958240609 0.063975701632789525 0.0066339094415140774 -0.012075807126169003 0.035453528657097146 -0.02334647542880406 -0.030906277152136109 0.05238623648225485 -0.031777391598877165 0.048274113899969461 -0.019846231887908156 -0.04929108623395427 0.029131831769090361 -0.041406088457931339 -0.0034615560767659996 -0.028812782118913884 0.041682227852351178 0.0016214049325531683 0.019629627855264488 -0.053995134486724411
leaf_weight=189.65790730714798 17091.120286896825 6726.7351377308369 10992.941361784935 3253.9639105349779 23489.134460106492 3721.3147198408842 23869.438709914684 23934.19424213469 4624.0211112350225 3673.4778439700603 4195.1351674199104 4756.613142952323 4849.4376120716333 2806.3263422548771 3334.8892023414373 420.72115974128246 4915.414383366704 7702.1027550846338 2756.101704955101 171.20891851186752 1380.1733424663544 2585.1108508259058 7481.2055650353432
leaf_count=762 69369 27180 44492 13034 95364 14904 95714 96628 18529 14749 17030 19140 19629 11250 13452 1689 19843 30818 11069 688 5524 10358 30306
internal_value=1.61983e-05 0.010227 0.020579 -0.0299094 0.0318217 -0.0186308 0.00429046 0.049583 -0.0474022 -0.0304327 0.0275102 -0.0540419 0.0302008 -0.0489605 -0.0193239 -0.0404936 -0.0595994 -0.0123285 -0.046546 -0.0292083 -0.0176077 0.00962505 -0.0529076
internal_weight=168920 125948 100390 42972.8 78019.5 22370 30596.2 47423.3 32938.6 25558.2 10034.2 26934.4 8570.75 13799.3 15131.2 3755.61 22006.5 11375.6 10427 4927.82 6004.19 5839.07 7670.86
internal_count=681521 508006 405161 173515 314886 90275 122894 191992 133093 102845 40422 109040 34533 55742 60708 15141 89212 45567 42137 19828 24053 23392 31068
is_linear=0
shrinkage=0.05


Tree=5
num_leaves=24
num_cat=0
split_feature=2 2 2 2 0 3 3 7 6 7 0 0 0 0 0 0 7 22 0 10 7 5 9
split_gain=17039.2 22744.8 19364.4 22710.5 12808.1 2885.5 2753.43 1706.67 1412.92 1033.33 874.071 1089.99 803.781 700.439 576.949 502.738 329.309 270.812 229.8 170.786 139.83 122.004 109.245
threshold=4.6332040781749134e-07 1.0000000180025095e-35 -4.6891129823478645e-07 -1.0000000180025095e-35 -1.0000000180025095e-35 -3.0650899596196263e-07 1.5964507671384356e-07 4.1397002473844335e-05 4.0680182694861467e-05 9.1780341864405124e-06 1.603874331124189e-07 1.0000000180025095e-35 -1.6014943948761126e-07 -1.6014943948761126e-07 -1.6014943948761126e-07 -1.6014943948761126e-07 3.2906217349448762e-05 0.10466500000003821 1.603874331124189e-07 0.71825723633434146 5.9042459834467014e-05 4.1286775364372091e-05 0.86598116591911245
decision_type=2 2 2 2 2 2 2 2 2 2 2 2 2 2 2 2 2 2 2 2 2 2 2
left_child=1 2 8 5 -5 -4 9 10 13 17 11 12 -2 -1 -9 -10 -11 -3 21 -8 -20 -16 -13
right_child=7 6 3 4 -6 -7 19 14 15 16 -12 22 -14 -15 18 -17 -18 -19 20 -21 -22 -23 -24
leaf_value=-0.052620942551882238 -0.062600949340217746 -0.073570356846704585 0.018516342110250238 0.051193296302066954 -0.014750265420291592 0.059529215210620018 -0.022260048947749609 -0.0302556832674819 -0.03098301260782927 -0.052676458689477762 0.055477009749402478 0.0018149759574208287 0.04260574689895643 -0.03302658399213778 0.022642987652876045 -0.0076513142160259274 -0.029663062350468106 -0.044252151259083557 0.03958317383938259 0.001763329437100418 0.019732694895861838 0.0069764476151863769 0.027050477197530273
leaf_weight=6779.8168305903673 182.77543005347252 9074.5912402272224 5319.827364847064 8774.3968828171492 45733.52842399478 22181.133205339313 4011.360083386302 632.09619961678982 3698.5543369501829 7646.7095626145601 7145.4026471376419 2339.2902770787477 11339.462943941355 14010.381346032023 1935.1341843307018 6146.1613058000803 1964.1157910972834 875.56922392547131 1654.8994414806366 906.20478004217148 1930.8082600980997 3478.6437700837851 523.38437250256538
leaf_count=27638 736 36942 21535 35762 185121 90628 16090 2545 14935 31033 29177 9371 45725 56473 7776 24707 7931 3545 6730 3632 7823 13972 2101
internal_value=-2.27596e-05 -0.00760745 0.00188564 0.0145563 -0.00413344 0.0515977 -0.0512889 0.0333505 -0.0320319 -0.0596967 0.0411768 0.0340664 0.0409259 -0.0394211 0.0158503 -0.0164218 -0.047981 -0.0710004 0.0190952 -0.0178331 0.0289126 0.0125836 0.00644621
internal_weight=168284 137122 112644 82008.9 54507.9 27501 24478.6 31161.9 30634.9 19561 21530.3 14384.9 11522.2 20790.2 9631.58 9844.72 9610.83 9950.16 8999.49 4917.56 3585.71 5413.78 2862.67
internal_count=681928 555972 456799 333046 220883 112163 99173 125956 123753 79451 87110 57933 46461 84111 38846 39642 38964 40487 36301 19722 14553 21748 11472
is_linear=0
shrinkage=0.05


Tree=6
num_leaves=24
num_cat=0
split_feature=8 2 1 2 8 2 7 4 14 7 1 24 4 4 23 8 10 8 7 7 14 24 22
split_gain=17590.2 17368.7 14686 14388.8 10960.5 12201.6 2424.65 2410.43 1577.81 1456.97 1402.37 1238.11 1054.1 1001.66 598.181 582.833 479.04 472.213 483.824 376.201 340.885 174.333 165.052
threshold=0.99999747274353923 -4.6891129823478645e-07 -1.0000000180025095e-35 1.596229957101514e-07 1.0000000180025095e-35 4.6332040781749134e-07 1.3875720544827571e-05 3.1200301808809177e-07 1.0000000180025095e-35 2.6217505668133722e-05 -3.117610534175696e-07 1.0000000180025095e-35 -1.592452543164313e-07 -4.6730205838230171e-07 0.16328999999993821 0.90508611549560769 0.65255085363082832 1.0000000180025095e-35 4.3606175290938498e-05 5.5472480468414952e-05 1.5383355138880267e-07 -0.097352222978427522 0.10466500000003821
decision_type=2 2 2 2 2 2 2 2 2 2 2 2 2 2 2 2 2 2 2 2 2 2 2
left_child=1 11 6 7 13 -6 12 9 -5 14 -8 17 -3 -4 -2 19 21 -1 -19 -13 -11 -9 -18
right_child=3 2 4 8 5 -7 10 16 -10 20 -12 15 -14 -15 -16 -17 22 18 -20 -21 -22 -23 -24
leaf_value=-0.0044164078287260451 -0.063387031021549148 0.033828862061273092 0.024601880442004155 0.0080128386891418994 -0.017718089634746397 0.03378988993979052 -0.029250867849640927 -0.034344434807724394 0.048409146322620146 -0.031751440685490483 0.03781963296124688 -0.047465558954249365 0.068898053173081189 0.054558876400968841 -0.038542463928979476 0.02194190862466959 -0.016130208880174322 -0.030969032589258028 -0.0079833330120487097 -0.021559075384221759 0.042747059926629881 0.0022512361594025795 0.0059002151667922938
leaf_weight=4344.8753641396761 14965.004814013839 2597.7982616126537 3864.1871947348118 5802.294158488512 40737.517134517431 16016.268028467894 827.60002979636192 5142.5400875657797 4142.8860298842192 5174.4076665937901 12987.674249649048 8257.063656270504 12414.199336066842 10094.545709609985 2906.3152854442596 355.9729892462492 2677.6578446477652 7489.8542440086603 3300.2130019962788 1694.6427216529846 156.52275940775871 346.8819677978754 1243.6240092515945
leaf_count=17408 61629 10659 15707 23278 164959 64905 3324 20841 17066 20946 53035 33841 51305 41296 11831 1433 10803 30245 13287 6833 630 1403 4998
internal_value=-3.29551e-05 0.00942097 0.0188445 -0.027796 0.00658147 -0.00318145 0.0489226 -0.0438501 0.0248477 -0.0525074 0.0337978 -0.0274453 0.062835 0.046271 -0.0593517 -0.0408106 -0.0224983 -0.0183383 -0.023942 -0.0430598 -0.0295479 -0.032031 -0.0091426
internal_weight=167541 124982 99539.8 42558.1 70712.5 56753.8 28827.3 32613 9945.18 23202.3 13815.3 25442.6 15012 13958.7 17871.3 10307.7 9410.7 15134.9 10790.1 9951.71 5330.93 5489.42 3921.28
internal_count=681662 508237 405190 173425 286867 229864 118323 133081 40344 95036 56359 103047 61964 57003 73460 42107 38045 60940 43532 40674 21576 22244 15801
is_linear=0
shrinkage=0.05


Tree=7
num_leaves=24
num_cat=0
split_feature=2 1 2 2 1 6 6 1 4 1 7 0 0 23 0 1 0 22 24 7 7 10 7
split_gain=14110.5 20167.9 15228.8 20340.9 11032.2 2273.74 1500.48 1434.77 1160.08 965.388 948.169 757.377 933.132 712.283 679.892 650.508 524.572 374.568 255.954 241.745 135.771 124.506 92.5515
threshold=4.6332040781749134e-07 1.0000000180025095e-35 -1.5968906641461442e-07 1.0000000180025095e-35 -1.0000000180025095e-35 2.6371615942469886e-06 4.0680182694861467e-05 1.5985942525276189e-07 3.1200301808809177e-07 -3.117610534175696e-07 4.4272750387204351e-05 1.603874331124189e-07 1.0000000180025095e-35 0.045714999999958712 -1.6014943948761126e-07 -1.5353354854141796e-07 -1.6014943948761126e-07 0.099580000000026189 -0.21417646844794061 1.1756636786913056e-07 5.9042459834467014e-05 0.69980999436491853 5.32787853078245e-05
decision_type=2 2 2 2 2 2 2 2 2 2 2 2 2 2 2 2 2 2 2 2 2 2 2
left_child=1 2 9 4 -4 17 11 13 -5 10 -1 12 14 -7 -2 -11 -8 19 22 -3 -20 -14 -18
right_child=6 5 3 8 -6 7 16 -9 -10 15 -12 -13 21 -15 -16 -17 18 -19 20 -21 -22 -23 -24
leaf_value=-0.040637942128513911 -0.058474366313770579 -0.074045513683171929 0.049582276838903705 -0.056444221306697955 0.0084278451370434476 -0.047386459925840847 -0.029172122343786647 0.022746542801358724 -0.02289283914298957 0.0094689542523032771 -0.01766596849288736 0.051403216621706431 -0.0013009522355562505 -0.024413026197584554 0.039282661133418474 -0.023728058292162381 0.017510463279311904 -0.034188953115350147 0.036921526273823106 -0.05803824363274343 0.017121463950876076 0.021235553327400208 0.0046354211064671179
leaf_weight=15673.692200571299 179.00484877824783 5554.8354609459639 26064.773221135139 8452.579230889678 43395.690926626325 8532.0155362337828 647.0278387516737 1031.735793992877 3712.251530662179 2272.2215460389853 6303.9320605099201 7017.4758055210114 1962.587525293231 5595.282192081213 11177.052171900868 4202.014239653945 2646.4619670808315 952.78306530416012 1915.0424415320158 4211.6603587418795 1592.5293877124786 888.74321939051151 2958.2352196276188
leaf_count=64203 719 23026 108048 34644 176681 34972 2602 4154 15005 9128 25463 29112 7869 22628 45364 16986 10676 3895 7871 17383 6495 3570 11916
internal_value=4.85053e-05 -0.00689112 0.00244638 0.0134263 0.0238719 -0.0466068 0.0304976 -0.0341355 -0.0462115 -0.0290524 -0.0340512 0.0379586 0.0313112 -0.0382927 0.0377313 -0.012077 0.014266 -0.0642335 0.0173567 -0.0671564 0.0279481 0.00573175 0.0107198
internal_weight=166940 135955 110077 81625.3 69460.5 25878.3 30984.2 15159 12164.8 28451.9 21977.6 21224.9 14207.4 14127.3 11356.1 6474.24 9759.3 10719.3 9112.27 9766.5 3507.57 2851.33 5604.7
internal_count=682410 556216 450158 334378 284729 106058 126194 61754 49649 115780 89666 86634 57522 57600 46083 26114 39560 44304 36958 40409 14366 11439 22592
is_linear=0
shrinkage=0.05


Tree=8
num_leaves=24
num_cat=0
split_feature=8 1 1 1 8 1 3 3 3 7 7 0 11 22 22 6 6 0 10 10 22 7 18
split_gain=15284.6 14553.8 13378.2 11577.7 9705.81 10209.4 3217.52 2936.6 1403.19 1364.56 1117.47 799.417 768.602 526.24 403.901 378.385 339.252 396.766 330.753 193.291 133.264 112.323 107.766
threshold=0.99999747274353923 -3.117610534175696e-07 -1.0000000180025095e-35 1.5985942525276189e-07 1.0000000180025095e-35 1.5985942525276189e-07 1.5964507671384356e-07 -3.0650899596196263e-07 -3.0650899596196263e-07 1.9531079317044858e-05 1.3652680960656694e-05 -1.6014943948761126e-07 0.99750623441436337 0.067060000000039102 0.074390000000014542 5.1133745179503186e-05 4.0680182694861467e-05 -1.5354810489753842e-07 0.75255066995045206 0.40234492813408484 0.022270000000010438 3.226231075660917e-05 -4.7055433128136182
decision_type=2 2 2 2 2 2 2 2 2 2 2 2 2 2 2 2 2 2 2 2 2 2 2
left_child=1 11 7 6 8 -6 9 19 -4 13 -9 15 -5 -2 -11 -1 17 -13 20 -3 -8 -14 -20
right_child=3 2 4 12 5 -7 18 10 -10 14 -12 16 21 -15 -16 -17 -18 -19 22 -21 -22 -23 -24
leaf_value=-0.045548302756839028 -0.059347348043382736 0.0049969689807411247 0.01186966372768607 0.012173909845435999 -0.015129940627858855 0.034366659761014294 -0.023610752589208681 0.062825841528860296 0.049468493729379871 -0.036804339638783164 0.040259639618235268 -0.006151880924467331 0.050691152517843632 -0.035704029427504322 -0.010786919777881102 -0.023819079603744638 -0.0062596627891389469 -0.034540167349015043 -0.0043448580613195285 0.022438533989842233 -0.0086506337636427285 0.033837112277059773 0.018917870637627426
leaf_weight=7839.0299898535013 14171.385770648718 2478.5966676175594 3165.0483339130878 3559.6938991546631 46326.355957105756 13438.571969807148 3173.8774884492159 13202.311104208231 11519.345245882869 7488.3094888031483 9419.4243249893188 1709.2506905347109 2460.5956866890192 2837.2914457321167 1866.011889860034 2702.8511072695255 3079.2586486041546 4408.7423177808523 1025.2824836224318 4432.3211111277342 2811.3259890526533 1692.0094165205956 964.20176438987255
leaf_count=32634 59580 10069 12829 14340 188136 55025 12800 55839 47602 30760 39143 6871 10369 11629 7581 10954 12406 17935 4110 18081 11284 7032 3863
internal_value=-7.73374e-05 0.00877389 0.0162457 -0.026119 0.00494958 -0.00399941 -0.0385526 0.0447198 0.0413676 -0.0469702 0.0534342 -0.0305836 0.0292343 -0.0554083 -0.0316183 -0.0399832 -0.019803 -0.0266144 -0.0107202 0.0161871 -0.0165899 0.0438446 0.00693457
internal_weight=165771 123721 103982 42050 74449.3 59764.9 34337.7 29532.7 14684.4 26363 22621.7 19739.1 7712.3 17008.7 9354.32 10541.9 9197.25 6117.99 7974.69 6910.92 5985.2 4152.61 1989.48
internal_count=680872 507524 426724 173348 303592 243161 141607 123132 60431 109550 94982 80800 31741 71209 38341 43588 37212 24806 32057 28150 24084 17401 7973
is_linear=0
shrinkage=0.05


Tree=9
num_leaves=24
num_cat=0
split_feature=8 1 15 2 18 1 1 3 4 3 7 11 0 14 22 15 7 18 7 22 18 18 11
split_gain=14010.2 13154.6 14115.1 10960.4 10804.9 9558.83 8159.62 4254.67 2140.75 1490.79 1347.39 1247.36 733.764 620.791 450.452 405.873 531.152 403.887 377.831 345.598 298.222 130.09 117.699
threshold=0.99999747274353923 -3.117610534175696e-07 0.99964853783830032 1.596229957101514e-07 -18.599018208778869 1.5985942525276189e-07 -1.0000000180025095e-35 -3.0650899596196263e-07 3.1200301808809177e-07 1.5964507671384356e-07 2.5273482017022999e-05 0.99656357388371153 -1.6014943948761126e-07 1.60309101800088e-07 0.048170000000048299 0.99919610823342608 4.0384902549475374e-05 -9.1626852725285648 5.5472480468414952e-05 0.032140000000026377 -2.9678253250101085 -5.6062030715863669 0.91647577397544466
decision_type=2 2 2 2 2 2 2 2 2 2 2 2 2 2 2 2 2 2 2 2 2 2 2
left_child=1 12 4 8 6 9 -3 -6 10 -4 14 21 18 -7 -2 17 -17 -14 22 -10 -12 -5 -1
right_child=3 2 5 11 7 13 -8 -9 19 -11 20 -13 15 -15 -16 16 -18 -19 -20 -21 -22 -23 -24
leaf_value=-0.0074201547877502235 -0.058538009739819097 0.051350198759938806 -0.049124614407493078 -0.00084790377478273667 0.013186088140678287 0.0071442544842933858 -0.010351348012324716 0.048401651542052393 -0.026302562326429801 -0.013877752927866452 -0.031149098499130785 0.042365753537163008 -0.029533570499902267 0.038688053431167269 -0.038100933360984635 -0.057832663068271985 -0.0096425595599838321 -0.0038723040746521417 -0.019870209562072451 -0.0062750086716449735 0.0006561988347744273 0.014103529475520999 -0.04400163713526091
leaf_weight=227.3446996062994 13687.626373827457 6816.8311180025339 11994.220127671957 3070.3210879862309 11125.269531399012 2269.304972037673 25011.935401588678 37477.633978590369 5961.6702876091003 4003.562420040369 4700.0714424997568 4045.042415201664 2313.754652634263 4996.9030263870955 3379.556293129921 1304.196048527956 1019.1770583540201 4542.3393013626337 2256.0393362939358 3375.6024043411016 873.56122466921806 2761.6623034179211 8013.380290389061
leaf_count=930 58302 28475 49641 12343 45212 9142 100818 157277 24410 16126 19287 17137 9433 20868 13995 5402 4135 18258 9146 13664 3558 11111 33660
internal_value=-1.47455e-06 0.00847896 0.015591 -0.0249977 0.025512 -0.0187083 0.00286564 0.0403417 -0.039217 -0.040307 -0.047525 0.0210373 -0.0289999 0.028842 -0.0544964 -0.0186672 -0.0367221 -0.0125391 -0.0380301 -0.0190656 -0.0261649 0.00623371 -0.0429951
internal_weight=165227 123372 103696 41855.1 80431.7 23264 31828.8 48602.9 31978.1 15997.8 22640.8 9877.03 19676.2 7266.21 17067.2 9179.47 2323.37 6856.09 10496.8 9337.27 5573.63 5831.98 8240.72
internal_count=682330 508523 427559 173807 331782 95777 129293 202489 133216 65767 95142 40591 80964 30010 72297 37228 9537 27691 43736 38074 22845 23454 34590
is_linear=0
shrinkage=0.05


Tree=10
num_leaves=24
num_cat=0
split_feature=2 1 2 2 1 3 6 5 1 3 0 0 0 0 0 0 22 5 24 5 4 10 10
split_gain=10763.7 16397.9 11929.9 16589.4 11650.6 2102.06 1954.24 1421.39 1111.06 733.602 730.762 914.79 571.406 540.028 740.787 423.031 337.304 322.477 249.69 135.445 117.513 82.6505 77.5558
threshold=4.6332040781749134e-07 1.0000000180025095e-35 -1.5968906641461442e-07 -1.0000000180025095e-35 -1.0000000180025095e-35 -3.0650899596196263e-07 1.7431669057687582e-06 3.5480100943846908e-05 1.5985942525276189e-07 1.5964507671384356e-07 -1.6014943948761126e-07 -1.5354810489753842e-07 -1.6014943948761126e-07 1.603874331124189e-07 1.0000000180025095e-35 -1.6014943948761126e-07 0.099580000000026189 4.3415005741524982e-05 -0.44299394443846524 7.9989122488841006e-05 3.1200301808809177e-07 0.80121133300289515 0.64125635599109987
decision_type=2 2 2 2 2 2 2 2 2 2 2 2 2 2 2 2 2 2 2 2 2 2 2
left_child=1 2 10 5 -5 -4 16 13 9 -8 17 -12 -9 14 15 -2 20 -1 -14 -20 -3 -16 -18
right_child=7 6 3 4 -6 -7 8 12 -10 -11 11 -13 18 -15 21 -17 22 -19 19 -21 -22 -23 -24
leaf_value=-0.04259872827691779 -0.058037084563225261 -0.063273598945323514 0.015839541753723541 0.043658781791195922 -0.014967263302674564 0.051915154166210724 -0.042166713321530956 -0.030555634275790979 0.019205500997751056 -0.017509609168228493 0.0014288132441763243 -0.025695645020790761 0.0050604972526512131 0.047308137511086694 0.0023702018174955861 0.036490558282071824 -0.041749103742713872 -0.02343704327165463 0.024453415939306129 0.0066215506584021465 -0.02728573834379246 0.029365443230715466 -0.011720613357863003
leaf_weight=6867.8988831043243 118.00083208084106 8899.7727351784706 5000.9033860862255 10513.954567685723 43648.139230966568 21025.366187468171 9914.1609595566988 708.90628243982792 1024.8643814772367 4342.8324471265078 4000.6797191500664 13926.819372668862 3631.4620346426964 6180.5260394662619 2317.0123369246721 10142.254873886704 574.35664661228657 3242.9223607629538 5804.8969991654158 1307.2785743325949 237.5999408364296 321.25000809133053 347.11730539798737
leaf_count=29137 475 38067 20529 44358 179591 89725 41498 2856 4137 17553 16070 57094 14722 26368 9306 41669 2388 13407 24069 5374 983 1297 1440
internal_value=8.29808e-06 -0.00611415 0.0023633 0.0121795 -0.00358548 0.0449852 -0.0423177 0.0267912 -0.031045 -0.0346598 -0.0257093 -0.0196428 0.0128628 0.0351494 0.0293166 0.0353918 -0.0594338 -0.0364592 0.0157334 0.0211793 -0.0623445 0.00567895 -0.0304927
internal_weight=164099 133567 108227 80188.4 54162.1 26026.3 25340.7 30531.6 15281.9 14257 28038.3 17927.5 11452.5 19079 12898.5 10260.3 10058.8 10110.8 10743.6 7112.18 9137.37 2638.26 921.474
internal_count=682113 555977 449911 334203 223949 110254 106066 126136 63188 59051 115708 73164 47021 79115 52747 42144 42878 42544 44165 29443 39050 10603 3828
is_linear=0
shrinkage=0.05


Tree=11
num_leaves=24
num_cat=0
split_feature=8 1 1 2 8 2 3 23 3 7 11 7 6 4 24 7 10 8 7 10 18 10 24
split_gain=12026.6 11079.6 10137.1 9189.38 7805.17 7939.35 2461.35 1892.09 1130.74 1111.34 1104.17 1099.38 562.874 501.769 461.023 412.948 335.12 273.518 164.335 160.655 139.226 129.942 96.19
threshold=0.99999747274353923 -3.117610534175696e-07 -1.0000000180025095e-35 1.596229957101514e-07 1.0000000180025095e-35 1.596229957101514e-07 -3.0650899596196263e-07 0.1722299999999847 -3.0650899596196263e-07 1.0150119298696187e-05 0.99656357388371153 1.45722456222469e-05 4.2313075572646644e-05 1.5880071213558725e-07 1.0000000180025095e-35 3.9882803538714478e-05 0.70190055179153721 0.00031002678849327206 9.1780341864405124e-06 0.41077127445685319 -2.9005130110878561 0.69523231444468314 -0.37592974806627638
decision_type=2 2 2 2 2 2 2 2 2 2 2 2 2 2 2 2 2 2 2 2 2 2 2
left_child=1 12 6 7 8 -6 19 11 -4 -8 21 13 14 -2 17 -13 18 -1 -9 -3 -18 -5 -14
right_child=3 2 4 10 5 -7 9 16 -10 -11 -12 15 22 -15 -16 -17 20 -19 -20 -21 -22 -23 -24
leaf_value=-0.0067384795017320989 -0.058547785581347024 0.003918204153685107 0.011129137546965907 -0.0013956782115958511 -0.014402168331832136 0.026906729853759387 0.059151046583204449 -0.039988510713945352 0.045025394136488747 0.036583363328038056 0.039556972589497953 -0.037678635251425438 -0.0065075596038166542 -0.028167182316351659 -0.041701553869460103 -0.013923259109041481 -0.011268217561446379 -0.029713584684729896 -0.019595843856815436 0.019626411303367047 0.01045702672859429 0.013680151422299556 -0.019189287196578093
leaf_weight=1857.9910800755024 10372.7059071064 2646.4367938786745 3148.3626829236746 3248.7170956879854 43475.7966440171 15877.865640684962 10939.612232148647 1334.1939974725246 11290.090425387025 10917.168873488903 3931.8480933457613 8374.3665955364704 2318.4396079480648 1571.3125382065773 6777.7910155951977 2345.6688213199377 2534.627223059535 4291.9073085337877 3841.3604427427053 4235.2589838653803 1037.7135581821203 2548.9730192273855 4231.2484999299049
leaf_count=7498 45436 10813 12798 13069 178185 65695 48288 5597 47793 46942 17009 35302 9375 6611 29046 9635 10339 17715 15723 17433 4224 10299 17395
internal_value=3.1123e-05 0.00791425 0.0144815 -0.023346 0.00466971 -0.00335089 0.039673 -0.0364969 0.0376371 0.0478834 0.0191102 -0.0441208 -0.0266539 -0.0545568 -0.0327045 -0.0324847 -0.0167387 -0.0227777 -0.0248672 0.0135893 -0.00495363 0.00523403 -0.0147044
internal_weight=163149 122008 102531 41141.5 73792.1 59353.7 28738.5 31411.9 14438.5 21856.8 9729.54 22664.1 19477.4 11944 12927.7 10720 8747.9 6149.9 5175.55 6881.7 3572.34 5797.69 6549.69
internal_count=682220 508976 427947 173244 304471 243880 123476 132867 60591 95230 40377 96984 81029 52047 54259 44937 35883 25213 21320 28246 14563 23368 26770
is_linear=0
shrinkage=0.05


Tree=12
num_leaves=24
num_cat=0
split_feature=2 2 2 2 0 3 4 7 0 7 7 0 0 0 0 22 22 5 10 10 24 18 24
split_gain=8938.5 14480.7 10778.3 14148 7922.39 2178.36 1930.86 1329.38 992.245 885.804 760.33 607.345 780.153 591.239 347.05 320.662 225.186 164.547 137.245 119.607 98.6202 94.2248 69.5857
threshold=4.6332040781749134e-07 1.0000000180025095e-35 -1.5968906641461442e-07 -1.0000000180025095e-35 -1.0000000180025095e-35 1.5964507671384356e-07 -1.592452543164313e-07 4.2468594221635629e-05 1.603874331124189e-07 1.45722456222469e-05 4.4272750387204351e-05 1.603874331124189e-07 1.0000000180025095e-35 -1.6014943948761126e-07 -1.6014943948761126e-07 0.09464500000002489 0.10466500000003821 4.0642659686739075e-05 0.68407316703593668 0.69980999436491853 -0.42847128369727921 1.0000000180025095e-35 -0.17896478835888155
decision_type=2 2 2 2 2 2 2 2 2 2 2 2 2 2 2 2 2 2 2 2 2 2 2
left_child=1 2 8 6 -5 9 -4 11 10 15 -1 12 13 -2 -9 -3 -11 22 -7 -14 -19 -13 -16
right_child=7 5 3 4 -6 18 -8 14 -10 16 -12 21 19 -15 17 -17 -18 20 -20 -21 -22 -23 -24
leaf_value=-0.029721157336938198 -0.054209070123684838 -0.060339756018277541 0.021389830972294716 0.041821003998532918 -0.01131522874992341 -0.016426151783584482 0.051363564785856963 -0.027780799444165716 0.032004370832452111 -0.038617364882042302 -0.011562219661423874 0.046232271696739428 -0.0043310453636978491 0.032912114695811172 0.015496847203021797 -0.032993415611906697 -0.012935406971848144 -0.0008868316523444284 0.0026634356166247725 0.017482749633396716 0.012230471380318788 0.030451469649813323 0.032606579263759435
leaf_weight=21449.804380759597 196.41042105853558 10421.033432528377 7686.1212810575962 8324.761520460248 44518.911026000977 3550.9729363173246 17889.045230433345 613.77352693676949 786.60412438213825 5956.2092051357031 7889.1417194753885 5712.2952116876841 2016.4617294818163 11204.535744220018 1717.7056150883436 1204.8317138701677 1000.0246576070786 2581.2696166336536 1279.7627899050713 910.41819909214973 3216.256255120039 1156.0473812371492 915.12006345391273
leaf_count=90156 792 45308 32356 35714 185172 14420 78149 2474 3174 25140 32237 24893 8101 46484 7027 5063 4157 10479 5167 3679 13393 5017 3910
internal_value=-7.35188e-06 -0.00562642 0.00206632 0.0118319 -0.00294302 -0.0412882 0.0423581 0.0245107 -0.0233531 -0.0490639 -0.0248396 0.0313583 0.0254909 0.0314015 0.00845858 -0.0575123 -0.0349308 0.0111035 -0.0113689 0.00245982 0.00639102 0.0435865 0.021466
internal_weight=162198 131957 108544 78418.8 52843.7 23412.8 25575.2 30240.3 30125.6 18582.1 29338.9 21196.2 14327.8 11400.9 9044.13 11625.9 6956.23 8430.35 4830.74 2926.88 5797.53 6868.34 2632.83
internal_count=682462 556213 456958 331391 220886 99255 110505 126249 125567 79668 122393 88966 59056 47276 37283 50371 29297 34809 19587 11780 23872 29910 10937
is_linear=0
shrinkage=0.05


Tree=13
num_leaves=24
num_cat=0
split_feature=8 1 15 18 2 1 1 7 4 23 7 24 0 24 23 15 7 18 24 7 10 18 10
split_gain=10315.6 9228.58 11183.5 8173.79 7704.05 7066.6 6125.72 3237.85 1784.14 1309.08 1201.68 951.361 558.227 547.915 504.476 352.419 457.67 362.874 321.229 293.557 261.417 255.266 105.837
threshold=0.99999747274353923 -3.117610534175696e-07 0.99964853783830032 -18.599018208778869 1.596229957101514e-07 1.5985942525276189e-07 -1.0000000180025095e-35 1.3875720544827571e-05 3.1200301808809177e-07 0.18147999999992889 2.5521300220098075e-05 -0.14201064300690733 -1.6014943948761126e-07 -0.074743509276266121 0.16328999999993821 0.99919610823342608 4.3606175290938498e-05 -9.1626852725285648 -0.12555296108995825 4.4272750387204351e-05 0.69523231444468314 -2.9678253250101085 0.74316333051815175
decision_type=2 2 2 2 2 2 2 2 2 2 2 2 2 2 2 2 2 2 2 2 2 2 2
left_child=1 12 3 6 8 9 -3 -5 10 -4 14 22 19 -7 -2 17 -17 -14 20 -1 -10 -12 -6
right_child=4 2 5 7 11 13 -8 -9 18 -11 21 -13 15 -15 -16 16 -18 -19 -20 -21 -22 -23 -24
leaf_value=-0.038339121528073672 -0.052340333717793591 0.045510877485055494 -0.046110515895521786 0.050186161632759255 -0.0014329502386864251 0.0041417850555574261 -0.0087782617080629285 0.023831405382241967 -0.024087342624578043 -0.015069481148099046 -0.025892575051530965 0.03477666260619329 -0.025954923974793865 0.033691858680878546 -0.028840002752857075 -0.050871625848361648 -0.005134419339156226 -0.0014325176202667892 0.01497175978434525 -0.020229243165433772 -0.004910798744804646 0.0038219378704233871 0.013882612286607726
leaf_weight=6807.5217334777117 13626.444491505623 6573.1593080163002 10640.751913115382 20980.722163721919 3726.4660459309816 2341.5022267997265 24770.39632448554 26232.455685973167 5849.244079887867 4993.2490172535181 4523.8731904327869 4309.5800711214542 2259.1782673746347 4757.1836602091789 2754.8739724308252 1349.2693329304457 920.16597087681293 4534.7635052204132 794.38505108654499 3347.3488976508379 2555.1936541795731 859.21532034873962 1615.2140674442053
leaf_count=29815 60938 28503 45111 92259 15040 9522 100627 110620 24351 20517 18927 18875 9367 20507 11682 5753 3751 18313 3252 13810 10390 3529 6563
internal_value=9.4911e-05 0.00743963 0.0134668 0.0224041 -0.0216969 -0.0174166 0.00260891 0.0355447 -0.0338543 -0.0362 -0.0416571 0.0173051 -0.0243241 0.0239494 -0.0483926 -0.0152976 -0.0323501 -0.00959289 -0.0153873 -0.0323752 -0.0182603 -0.0211491 0.00320069
internal_weight=161122 120508 101289 78556.7 40614.5 22732.7 31343.6 47213.2 30963.2 15634 21764.4 9651.26 19218.2 7098.69 16381.3 9063.38 2269.44 6793.94 9198.82 10154.9 8404.44 5383.09 5341.68
internal_count=682022 508475 427666 332009 173547 95657 129130 202879 133069 65628 95076 40478 80809 30029 72620 37184 9504 27680 37993 43625 34741 22456 21603
is_linear=0
shrinkage=0.05


Tree=14
num_leaves=24
num_cat=0
split_feature=8 2 15 18 1 2 1 7 3 6 7 0 15 7 24 7 24 18 6 22 10 24 13
split_gain=9519 8434.36 9929.69 7283.98 7020.99 6490.84 6081 2997.44 2188.88 1228.13 1064.25 959.004 658.838 682.062 518.427 489.19 470.173 467.692 282.231 249.013 197.992 103.524 85.6023
threshold=0.99999747274353923 -1.5968906641461442e-07 0.99938366665359646 -18.599018208778869 1.5985942525276189e-07 -1.0000000180025095e-35 1.5985942525276189e-07 2.7633987120216446e-05 1.5964507671384356e-07 3.2794582308597232e-07 7.1498149230175079e-06 -1.6014943948761126e-07 0.99919610823342608 3.226231075660917e-05 -0.14884902181087015 3.7172909465737159e-05 -0.074743509276266121 -18.599018208778869 4.0680182694861467e-05 0.044130000000041782 0.77637521808818966 -0.14201064300690733 0.047619047610798236
decision_type=2 2 2 2 2 2 2 2 2 2 2 2 2 2 2 2 2 2 2 2 2 2 2
left_child=1 11 3 5 8 -3 9 -5 10 -4 19 18 17 -14 -6 -12 -8 -13 -1 -2 21 -10 -20
right_child=4 2 6 7 14 -7 16 -9 20 -11 15 12 13 -15 -16 -17 -18 -19 22 -21 -22 -23 -24
leaf_value=-0.037504834777660916 -0.055987026768336445 0.047968783198421072 -0.054490461391039906 0.0436719319522548 0.0079526896976257287 -0.0087676532376361228 0.0039761972325012872 0.014458694164843812 -0.013849032573892417 -0.023883050417406959 -0.034636685273913025 -0.019964419342604196 -0.053429693004257067 -0.0097461362107140112 0.03451871093931351 -0.012175887285766962 0.031961703852017201 0.0016769440912501078 -0.021326403801305831 -0.035782627621314136 0.0080499659219441452 0.0094212575811396075 0.019346450730427033
leaf_weight=6190.2170941382647 7293.1073569059372 6429.3391638100147 4998.5170851498842 31629.735508173704 3294.4178007990122 23316.252386912704 2231.629576086998 12159.337984606624 5829.9326795935631 9533.7036732435226 12618.735400855541 3641.0262729823589 1637.5835902243853 1967.0690098106861 4153.5078639984131 3005.0421150326729 4587.7065892070532 7930.4995824694633 3414.0011398941278 1949.0922494530678 1536.3044771701097 518.97320276498795 132.83888666331768
leaf_count=27440 33534 28042 21668 139630 13386 94915 9082 51228 23704 39799 55067 15066 7048 8167 18413 12472 19991 31957 14318 8393 6182 2099 547
internal_value=1.33289e-05 0.007078 0.013876 0.0225917 -0.0210397 0.00349783 -0.0161397 0.0355612 -0.0310042 -0.0344172 -0.0382828 -0.0188123 -0.0109517 -0.0296115 0.0227738 -0.0303191 0.022808 -0.00513444 -0.0310585 -0.0517353 -0.00804658 -0.0119437 -0.0197916
internal_weight=159999 119799 94886.2 73534.7 40199.1 29745.6 21351.6 43789.1 32751.2 14532.2 24866 24913.2 15176.2 3604.65 7447.93 15623.8 6819.34 11571.5 9737.06 9242.2 7885.21 6348.91 3546.84
internal_count=682148 508898 404355 313815 173250 122957 90540 190858 141451 61467 109466 104543 62238 15215 31799 67539 29073 47023 42305 41927 31985 25803 14865
is_linear=0
shrinkage=0.05


Tree=15
num_leaves=24
num_cat=0
split_feature=8 3 3 2 8 3 4 0 6 15 14 7 11 7 11 23 14 24 10 8 14 23 11
split_gain=8597.43 7973.33 9524.24 6354.06 5189.52 7051.54 1579.57 1541.91 1257.18 1131.2 1154.87 1059.25 835.314 827.783 483.693 386.516 333.957 306.13 247.164 246.132 227.175 185.375 127.241
threshold=0.99999747274353923 -3.0650899596196263e-07 -1.0000000180025095e-35 1.596229957101514e-07 1.0000000180025095e-35 1.5964507671384356e-07 3.1200301808809177e-07 -1.6014943948761126e-07 3.0701792777388383e-05 0.9991624784746389 1.60309101800088e-07 1.7117380513105781e-05 0.99656357388371153 3.0873912900158728e-06 0.68882841446951548 0.078134999999951174 1.5383355138880267e-07 -0.062659331448037162 0.65255085363082832 0.13347737760098238 7.7156400211003529e-05 -0.29548000000007579 0.99620491992087989
decision_type=2 2 2 2 2 2 2 2 2 2 2 2 2 2 2 2 2 2 2 2 2 2 2
left_child=1 7 13 6 8 -6 11 20 -4 14 -11 15 -5 21 -9 -2 -13 18 -8 -15 -1 -3 -22
right_child=3 2 4 12 5 -7 17 9 -10 10 -12 16 -14 19 -16 -17 -18 -19 -20 -21 22 -23 -24
leaf_value=-0.036377310526740238 -0.052822569311583217 0.038753552409479114 0.042160281257067805 0.0035166897729473402 -0.019900605298525588 0.017389220833938703 -0.023522122542505693 -0.0053115019940138163 0.006605575193915224 -0.033283083668137446 0.025581514461041829 -0.026446731093361077 0.033775292537077617 0.031258032777744353 0.012479757634853657 -0.032788916714485465 0.042425748700721584 0.020439546217911483 -0.0062705198233631871 0.048002711445650881 0.021898011945340551 0.064657730713356773 -0.021631491064921578
leaf_weight=5942.9443804770708 9641.4293315112591 783.77861666679382 10711.580297797918 5803.4267719238997 24391.826094776392 26394.24830904603 5011.2792772352695 17728.812353774905 3239.1035024672747 5778.4343900084496 971.95610408484936 8239.7919489294291 3756.6450653970242 4600.1572332233191 4867.4185148924589 3229.0953878760338 178.07101465761662 602.80908814072609 3548.6695490926504 4238.6578806638718 178.70842161774635 6670.9322309792042 2417.166077286005
leaf_count=26235 45066 3500 48384 23483 103787 110935 21125 72967 13800 24716 4117 35373 16992 20610 19962 14200 724 2465 14533 18350 745 30053 10501
internal_value=-9.83803e-05 0.00664731 0.0155001 -0.0201464 0.00689942 -0.00052053 -0.0313104 -0.0122869 0.0339076 -0.00684456 -0.0248016 -0.0387813 0.015412 0.0496664 -0.00147813 -0.0478026 -0.0249795 -0.0139475 -0.0163739 0.0392976 -0.0309846 0.061946 -0.0186183
internal_weight=158927 118916 81030.3 40011.2 64736.8 50786.1 30451.1 37885.4 13950.7 29346.6 6750.39 21288.4 9560.07 16293.5 22596.2 12870.5 8417.86 9162.76 8559.95 8838.82 8538.82 7454.71 2595.87
internal_count=682623 508662 349419 173961 276906 214722 133486 159243 62184 121762 28833 95363 40475 72513 92929 59266 36097 38123 35658 38960 37481 33553 11246
is_linear=0
shrinkage=0.05


Tree=16
num_leaves=24
num_cat=0
split_feature=8 1 15 18 1 1 1 4 23 23 7 24 7 24 7 24 15 10 18 6 18 8 14
split_gain=7828.58 7234.26 8819.98 6490.75 5881.6 5592.45 5268.25 2819.91 1924.11 1110.82 990.91 467.571 448.662 440.53 425.498 354.672 585.877 346.43 179.505 150.704 143.472 73.3428 69.9413
threshold=0.99999747274353923 -3.117610534175696e-07 0.99938366665359646 -18.599018208778869 1.5985942525276189e-07 1.5985942525276189e-07 -1.0000000180025095e-35 -1.592452543164313e-07 0.13844499999991702 0.13844499999991702 2.3712499686424015e-06 -0.106951193680232 3.7172909465737159e-05 -0.13417471673426992 5.32787853078245e-05 -0.074743509276266121 0.0098524558358312874 0.65708310222012434 -4.0288377994380484 1.2334159282910435e-07 0.63936394656920725 0.30958663631174316 7.9656469696062166e-05
decision_type=2 2 2 2 2 2 2 2 2 2 2 2 2 2 2 2 2 2 2 2 2 2 2
left_child=1 14 3 6 8 9 -3 -5 10 -4 -2 -6 -12 -7 15 16 -1 19 -19 -10 -17 -16 -13
right_child=4 2 5 7 11 13 -8 -9 17 -11 12 22 -14 -15 21 20 -18 18 -20 -21 -22 -23 -24
leaf_value=-0.010209620125279817 -0.055668505876113938 0.042621486798658681 -0.042474678796765288 0.014239911837080435 0.0074729140146551649 0.0026748349994325858 -0.0082161069709658363 0.04054827693780471 -0.039097244058793827 -0.014130787112488177 -0.034777306461858906 0.036041034985192698 -0.012608097843197939 0.029649163442122123 -0.012402589629017843 -0.035313140313102946 -0.04630950959838747 -0.010300885485250912 0.0072881018142620969 -0.017038063276181889 -0.010602275933511755 0.0017188388487308715 0.019030880926356207
leaf_weight=5458.6655476689339 5422.2667091786861 6417.4461403787136 10044.890197664499 15238.79510769248 3358.3436935544014 2209.1440700888634 24718.196556508541 30737.301302105188 963.23079465329647 5275.0415710955858 12967.131042957306 3218.0822530835867 2774.2473746836185 4811.400080755353 2938.1994313448668 7103.5534451752901 1414.1661968827248 3783.6810135096312 2349.5508527159691 3971.1104913800955 643.28866297006607 1336.3652169257402 754.9548228085041
leaf_count=22437 25983 28534 43768 64528 13682 8997 100782 138365 4290 21882 58225 14628 11584 21192 12078 31796 6183 15630 9666 16459 2848 5446 3395
internal_value=5.24265e-05 0.00648932 0.0118776 0.0198922 -0.019202 -0.0157849 0.00226406 0.0318295 -0.0283963 -0.0327186 -0.0372304 0.0212156 -0.0308726 0.0211651 -0.0218707 -0.0259279 -0.0176496 -0.0114995 -0.00356181 -0.0213593 -0.0332651 -0.00798787 0.0328212
internal_weight=157909 118346 99452.2 77111.7 39562.6 22340.5 31135.6 45976.1 32231.2 15319.9 21163.6 7331.38 15741.4 7020.54 18894.2 14619.7 6872.83 11067.6 6133.23 4934.34 7746.84 4274.56 3973.04
internal_count=682378 508836 428048 332209 173542 95839 129316 202893 141837 65650 95792 31705 69809 30189 80788 63264 28620 46045 25296 20749 34644 17524 18023
is_linear=0
shrinkage=0.05


Tree=17
num_leaves=24
num_cat=0
split_feature=8 3 3 1 8 3 3 0 7 7 15 14 7 19 24 22 23 22 5 23 9 24 13
split_gain=7158.07 6769.33 8551.57 5358.73 4375.62 6191.94 1832.69 1203.2 1155.86 949.371 865.129 937.483 800.942 425.115 406.414 383.9 288.83 260.378 206.827 190.315 175.725 88.4058 75.9691
threshold=0.99999747274353923 -3.0650899596196263e-07 -1.0000000180025095e-35 1.5985942525276189e-07 1.0000000180025095e-35 1.5964507671384356e-07 1.5964507671384356e-07 -1.6014943948761126e-07 2.9638481522956219e-05 1.0150119298696187e-05 0.99919610823342608 1.60309101800088e-07 3.9314540808568787e-06 0.99985463733646096 -0.106951193680232 0.030730000000028287 0.078134999999951174 -0.1187449999999565 3.6682518093545569e-05 -0.29548000000007579 0.80000000000001814 -0.062659331448037162 0.035725288270640414
decision_type=2 2 2 2 2 2 2 2 2 2 2 2 2 2 2 2 2 2 2 2 2 2 2
left_child=1 7 12 6 8 -6 9 18 -4 16 13 -12 19 -9 -5 -11 -2 -14 -1 -3 21 -8 -20
right_child=3 2 4 14 5 -7 20 10 -10 15 11 -13 17 -15 -16 -17 -18 -19 22 -21 -22 -23 -24
leaf_value=-0.034278264375815506 -0.05062742534466106 0.036181681905025839 0.040158072184016291 0.0074765601695848775 -0.018717790962316329 0.016337525552556863 -0.012612787744276738 -0.00092665111234538952 0.0073315401975921112 -0.031059553695914656 -0.030213746034255112 0.023316687771467878 0.013042448577523633 -0.052285036584222469 0.03113990378593581 -0.012852052771064496 -0.031575124718378353 0.039940489280286949 -0.019736150083954292 0.061956195359436583 0.0054692393089253279 0.014378105638987072 0.018069480664291305
leaf_weight=5124.6928341686726 7604.6886869668961 814.52201837301254 10017.147444456816 3382.72614133358 24248.85406306386 26210.460768133402 5346.6374192088842 22158.181370541453 3663.5964390188456 9549.094164416194 5635.348786085844 955.08239156007767 1028.8362831175327 408.39599798619747 3917.7044161111116 4161.9673621058464 2715.0488681346178 7340.1916784197092 3112.3598732352257 6681.090457201004 2233.7398462742567 319.83021342754364 137.16699679195881
leaf_count=23413 37011 3719 46594 13792 104006 110972 21867 91371 15800 42656 24550 4094 4567 1661 17972 17843 12144 33057 13458 31084 9027 1293 567
internal_value=3.09808e-05 0.00620369 0.0144222 -0.0184615 0.00629156 -0.00050872 -0.0272972 -0.0113152 0.0313701 -0.034165 -0.00651623 -0.0224507 0.0472887 -0.00186088 0.020181 -0.0255357 -0.0456225 0.0366383 -0.028018 0.0591664 -0.00640278 -0.0110839 -0.0181287
internal_weight=156767 117536 80004.7 39231.4 64140.1 50459.3 31931 37531.2 13680.7 24030.8 29157 6590.43 15864.6 22566.6 7300.43 13711.1 10319.7 8369.03 8374.22 7495.61 7900.21 5666.47 3249.53
internal_count=682518 508913 349799 173605 277372 214978 141841 159114 62394 109654 121676 28644 72427 93032 31764 60499 49155 37624 37438 34803 32187 23160 14025
is_linear=0
shrinkage=0.05


Tree=18
num_leaves=24
num_cat=0
split_feature=8 1 15 18 1 2 1 7 7 7 23 11 7 24 0 23 15 7 18 7 10 18 18
split_gain=6569.92 6123.93 7644.54 5636.37 4859.33 4858.11 4666.56 2667.95 1369.59 1086.74 841.617 624.829 457.156 404.37 372.967 261.554 250.277 335.387 277.887 219.199 213.872 100.24 98.3771
threshold=0.99999747274353923 -3.117610534175696e-07 0.99964853783830032 -18.599018208778869 1.5985942525276189e-07 1.596229957101514e-07 -1.0000000180025095e-35 8.9508392860915688e-06 2.8195673548355857e-06 6.9355411820753449e-06 0.062064999999929669 0.9869941924921084 3.5259225466111949e-05 -0.048833590227240702 -1.6014943948761126e-07 0.22463499999995243 0.99919610823342608 3.8942604749066858e-05 -9.1626852725285648 4.4882064549579503e-05 0.65708310222012434 -3.5201498650772804 -5.6062030715863669
decision_type=2 2 2 2 2 2 2 2 2 2 2 2 2 2 2 2 2 2 2 2 2 2 2
left_child=1 14 3 6 9 8 -3 -5 15 -4 12 22 -10 -6 19 -2 18 -18 -16 -1 -12 -17 -7
right_child=5 2 4 7 13 11 -8 -9 10 -11 20 -13 -14 -15 16 21 17 -19 -20 -21 -22 -23 -24
leaf_value=-0.032370332274612862 -0.051810011544222406 0.040418093699087762 -0.051309309960112397 0.046966310483004696 0.0030090949552847913 -0.0028737120855723206 -0.0078058173493357379 0.021164776532280005 -0.034631946514626581 -0.022045683364499441 -0.018156234580844584 0.029731058280919067 -0.012018343887711487 0.028457369771264781 -0.022496992529160476 -0.037477979377592438 -0.046224602215672018 -0.0068394080339469129 -0.0010641299668130496 -0.016412004460037863 -0.0029468857190438937 -0.0061150213948159169 0.010171666988941168
leaf_weight=6474.737110376358 5681.1284768730402 6298.7856824100018 4522.1581547260284 14998.14346589148 2374.744863986969 3060.6565562039614 24612.373009681702 30197.640547350049 10619.199301376939 10646.175537273288 4462.2559238821268 3631.9157010167837 2835.0835018604994 4558.9176734536886 2264.9481307119131 619.89033231139183 1147.7269717901945 1022.2956949174404 4545.4681177437305 3235.7169722914696 4796.8000234514475 433.83034597337246 2734.1639966964722
leaf_count=29865 28275 28504 20253 70853 9713 12376 100561 132171 49100 45605 19080 16999 11996 20420 9495 2766 5192 4237 18373 13579 19985 1868 11115
internal_value=4.46762e-05 0.0059662 0.0109588 0.0184762 -0.0149262 -0.0177611 0.00202262 0.0297288 -0.0277611 -0.030776 -0.0218857 0.0134769 -0.0298697 0.0197456 -0.0202647 -0.0475631 -0.0129146 -0.027696 -0.00819733 -0.0270577 -0.0102797 -0.0246062 0.003282
internal_weight=155775 116900 98208.9 76106.9 22102 38874.9 30911.2 45195.8 29448.2 15168.3 22713.3 9426.74 13454.3 6933.66 18690.9 6734.85 8980.44 2170.02 6810.42 9710.45 9259.06 1053.72 5794.82
internal_count=682381 508821 428080 332089 95991 173560 129065 203024 133070 65858 100161 40490 61096 30133 80741 32909 37297 9429 27868 43444 39065 4634 23491
is_linear=0
shrinkage=0.05


Tree=19
num_leaves=24
num_cat=0
split_feature=8 3 3 3 8 3 7 24 6 0 7 15 18 7 11 23 22 22 9 5 10 7 22
split_gain=5794 5773.94 7545.89 4406 3701.34 5309.06 1255.45 1108.83 1090.25 1008.95 724.077 698.227 870.729 869.428 531.501 400.388 368.12 288.737 204.417 195.768 180.874 173.914 153.792
threshold=0.99999747274353923 -3.0650899596196263e-07 -1.0000000180025095e-35 1.5964507671384356e-07 1.0000000180025095e-35 1.5964507671384356e-07 1.7117380513105781e-05 -0.034760500569880108 3.0044420195808428e-05 -1.6014943948761126e-07 4.0548062694072702e-07 0.9991624784746389 -9.1626852725285648 3.0472144049197313e-05 0.99789694825255759 0.04863999999993196 0.11647000000004643 -0.080204999999950469 0.70000000000002949 3.6682518093545569e-05 0.80983205133447966 2.3712499686424015e-06 -0.133240000000002
decision_type=2 2 2 2 2 2 2 2 2 2 2 2 2 2 2 2 2 2 2 2 2 2 2
left_child=1 9 10 6 8 -6 15 18 -4 19 22 12 -11 -13 16 21 -8 -12 -5 -1 -17 -2 -3
right_child=3 2 4 7 5 -7 14 -9 -10 11 17 13 -14 -15 -16 20 -18 -19 -20 -21 -22 -23 -24
leaf_value=-0.032345321969493301 -0.053275950615999747 0.031563954258094183 0.037034478145195539 -0.010639496115246347 -0.017640811724062597 0.014952162179147613 -0.024221492013134824 0.029194398016921398 0.0038870849537511031 -0.014995032235385983 0.015652795038444443 -0.039356537365547006 0.0053940725904203998 -0.0028297526321636353 0.027727013705284173 -0.031562120732764778 0 0.039630351616570102 0.0035092041224874938 -0.016509070331430672 -0.0029586300818719566 -0.039371843104619567 0.060368839979450799
leaf_weight=5003.8434219658375 4172.7878850847483 513.74877125024796 10114.61533126235 4617.9839903265238 24004.994947761297 26051.55097848177 8397.9919172227383 3662.3519405722618 3287.6552261263132 8298.4216019958258 1500.4669078737497 3190.7762844860554 14182.624920636415 3327.73463948071 624.81143882870674 3794.0521866232157 1928.3989626020193 7829.6504985392094 5703.2040678113699 3213.9624360799789 647.84019523859024 4987.5605723410845 5587.1498902142048
leaf_count=23410 21562 2437 48220 18988 103828 111006 37296 16978 14262 34422 6789 14418 58540 14352 2793 17598 8037 36231 23235 14032 2803 24317 26975
internal_value=-3.74106e-05 0.00553831 0.0131967 -0.0168359 0.00557052 -0.000678025 -0.0295938 0.0055661 0.0289054 -0.0106948 0.0445534 -0.00631125 -0.00213259 -0.0207168 -0.0169878 -0.0397386 -0.0196987 0.035779 -0.00282166 -0.0261579 -0.0273947 -0.0457163 0.0579552
internal_weight=154644 116107 78889.8 38537 63458.8 50056.5 24553.4 13983.5 13402.3 37217.4 15431 28999.6 22481 6518.51 10951.2 13602.2 10326.4 9330.12 10321.2 8217.81 4441.89 9160.35 6100.9
internal_count=682529 508922 349748 173607 277316 214834 114406 59201 62482 159174 72432 121732 92962 28770 48126 66280 45333 43020 42223 37442 20401 45879 29412
is_linear=0
shrinkage=0.05


Tree=20
num_leaves=24
num_cat=0
split_feature=8 1 15 18 1 1 1 3 4 22 7 24 5 24 6 23 15 24 22 7 18 11 8
split_gain=5435.81 5313.85 6688.28 4857.12 4248.19 4221.3 4189.36 2531.78 1497.9 1042.99 908.752 375.572 358.489 318.959 297.568 285.059 251.765 359.74 237.641 127.046 114.971 85.7035 91.0773
threshold=0.99999747274353923 -3.117610534175696e-07 0.9991624784746389 -18.599018208778869 1.5985942525276189e-07 -1.0000000180025095e-35 1.5985942525276189e-07 -3.0650899596196263e-07 3.1200301808809177e-07 0.048170000000048299 1.4760329931318505e-05 -0.048833590227240702 4.419539259862503e-05 -0.14201064300690733 3.7634882982819408e-05 0.078134999999951174 0.00083577114456171006 0.023382618678172564 0.030730000000028287 2.3148642428956074e-05 -4.7358486718526178 0.96597326971967956 0.3006908787719707
decision_type=2 2 2 2 2 2 2 2 2 2 2 2 2 2 2 2 2 2 2 2 2 2 2
left_child=1 12 3 5 9 -3 8 -5 10 -4 15 -6 16 -8 -12 -2 17 -1 -10 -18 -20 -14 -23
right_child=6 2 4 7 11 -7 13 -9 18 -11 14 -13 21 -15 -16 -17 19 -19 20 -21 -22 22 -24
leaf_value=-0.011192888090363517 -0.046968572225732252 0.038873573896774205 -0.037649639636595199 0.0068581559207850171 0.0020197035115412094 -0.0073842140800082492 0.0066088349004720702 0.034623544782516884 -0.016022022810126445 -0.0084509325591688705 -0.026135719039020046 0.0265658403963447 0.0004804084602232164 0.027789547493254303 -0.0057298104822476239 -0.028554192461761579 -0.053660834171660392 -0.02974225423851222 -0.0090179306541969522 -0.028831471610354112 0.0063394159180573985 -0.016973628284218605 0.00010464397303213728
leaf_weight=5085.7397090792656 8046.4502815157175 6169.2960781902075 10642.137519612908 10895.099999055266 2373.5422902405262 24555.772173374891 3285.0931343585253 33336.020465120673 5832.5326138436794 4294.0991559028625 6977.0797532349825 4539.9244337379932 1697.2631233632565 3876.9672211259604 2403.9324247390032 2863.8912682980299 919.22444424033165 5386.454476416111 2351.6319388896227 1196.8665770292282 2525.2076897323132 3202.0926385223866 1031.3351589143276
leaf_count=21053 41688 28397 47413 45306 9730 100568 13408 156989 25069 18283 31582 20590 6948 18324 10186 13192 4342 25201 9654 5388 10359 13716 4263
internal_value=-2.55345e-05 0.00538728 0.0100817 0.0171773 -0.0142593 0.00190566 -0.0163822 0.027785 -0.0243447 -0.0292577 -0.0323289 0.0181424 -0.0191502 0.0180796 -0.0209095 -0.0421415 -0.0239252 -0.0207382 -0.00921309 -0.0396601 -0.0010656 -0.0090095 -0.0128138
internal_weight=153488 115325 96805.9 74956.2 21849.7 30725.1 38162.8 44231.1 31000.7 14936.2 20291.4 6913.47 18519 7162.06 9381.01 10910.3 12588.3 10472.2 10709.4 2116.09 4876.84 5930.69 4233.43
internal_count=681649 508187 427276 331260 96016 128965 173462 202295 141730 65696 96648 30320 80911 31732 41768 54880 55984 46254 45082 9730 20013 24927 17979
is_linear=0
shrinkage=0.05


Tree=21
num_leaves=24
num_cat=0
split_feature=8 2 2 2 2 1 7 3 7 7 3 24 15 7 18 18 15 24 4 14 23 18 14
split_gain=4885.13 4924.07 6196.58 3691.64 7753.05 3691.14 1620.18 1409.78 1393.55 810.754 585.109 431.514 464.021 459.65 403.791 371.101 323.396 296.663 287.117 243.806 227.405 171.691 137.375
threshold=0.99999747274353923 -1.5968906641461442e-07 -1.0000000180025095e-35 1.596229957101514e-07 1.0000000180025095e-35 1.5985942525276189e-07 5.2027438247295485e-06 1.5964507671384356e-07 3.226231075660917e-05 5.8642794247252226e-06 -3.0650899596196263e-07 1.0000000180025095e-35 0.99922893451456529 4.3606175290938498e-05 -2.7241033693134793 -18.599018208778869 0.047619047611623173 0.038844106108144406 -1.592452543164313e-07 2.8444535606565879e-06 0.22463499999995243 -4.7358486718526178 7.7156400211003529e-05
decision_type=2 2 2 2 2 2 2 2 2 2 2 2 2 2 2 2 2 2 2 2 2 2 2
left_child=1 11 6 4 -4 7 18 9 -5 20 -8 12 15 -14 -11 -1 22 -7 -3 -18 -2 -9 -13
right_child=5 2 3 8 -6 17 10 21 -10 14 -12 16 13 -15 -16 -17 19 -19 -20 -21 -22 -23 -24
leaf_value=-0.018522928327085419 -0.046430051223430961 0.020646036167546039 0.0067082127773336947 0.033397717503432588 -0.040599277975659404 0.006914072136640222 0.008074922306407847 -0.010226671564309151 0.0069866236353843553 -0.025471666006400537 0.029612668712236442 -0.030227946440497727 -0.041903895805225723 -0.0016521332381090636 0.00094975575827280212 0.00075619028736559953 -0.042355935780312652 0.027281738544693429 0.054234319550977107 0.026365852157210202 -0.022420261471953501 0.0052200042931473695 -0.01641969623535244
leaf_weight=3581.5762230157852 6381.7578080147505 702.1175225675106 35795.265081718564 10534.428859308362 11422.773741066456 3671.0329787582159 4444.8347078859806 5072.7311690449715 9499.1811119168997 13669.155585467815 10873.010928213596 5930.4579794853926 1913.3866885304451 1126.9946754872799 1616.5361736416817 8223.2099066376686 169.17121817171574 3487.9719950407743 7192.9030887931585 522.91008403897285 1174.2843695878983 2784.8351553529501 2602.0693815499544
leaf_count=15015 33754 3232 156655 46850 49850 15114 18849 20836 40586 63443 51649 27693 8872 4725 6984 33409 782 16799 36316 2160 5317 11335 11742
internal_value=8.71916e-05 0.00523407 0.0105817 0.00289318 -0.00473733 -0.0154832 0.0328543 -0.0230223 0.0208768 -0.0293063 0.0233652 -0.0148637 -0.00958371 -0.0269961 -0.0226774 -0.00509482 -0.0233563 0.016843 0.0512539 0.00948676 -0.0427063 -0.00475157 -0.0260224
internal_weight=152393 114534 90464.5 67251.6 47218 37858.3 23212.9 30699.3 20033.6 22841.7 15317.8 24069.8 14845.2 3040.38 15285.7 11804.8 9224.61 7159 7895.02 692.081 7556.04 7857.57 8532.53
internal_count=681967 508385 403987 293941 206505 173582 110046 141669 87436 109498 70498 104398 62021 13597 70427 48424 42377 31913 39548 2942 39071 32171 39435
is_linear=0
shrinkage=0.05


Tree=22
num_leaves=24
num_cat=0
split_feature=8 15 2 19 14 1 1 4 23 7 7 3 24 9 7 23 11 7 9 14 8 5 24
split_gain=4520.91 4564.2 5728.97 4196.54 3783.91 3469.13 3385.36 1345.15 1210.04 954.304 851.252 746.201 701.002 354.768 278.172 268.81 261.456 255.91 214.972 186.51 134.543 93.9596 85.4294
threshold=0.99999747274353923 0.99938366665359646 -1.5968906641461442e-07 0.99985463733646096 1.60309101800088e-07 1.5985942525276189e-07 1.0000000180025095e-35 1.5880071213558725e-07 0.18147999999992889 2.6469524029767686e-05 1.4760329931318505e-05 1.5964507671384356e-07 1.0000000180025095e-35 0.79230769230776577 5.5472480468414952e-05 0.083024999999923216 0.99656357388371153 3.9379850658707357e-05 0.71235572110075196 7.7156400211003529e-05 0.63533941190353904 2.8618726974759931e-05 0.038844106108144406
decision_type=2 2 2 2 2 2 2 2 2 2 2 2 2 2 2 2 2 2 2 2 2 2 2
left_child=1 2 12 6 8 7 -4 10 9 -3 15 -5 20 -10 -6 -2 -7 -12 22 -14 -1 -18 -9
right_child=5 4 3 11 14 16 -8 18 13 -11 17 -13 19 -15 -16 -17 21 -19 -20 -21 -22 -23 -24
leaf_value=-0.0070596919507890628 -0.044747691628657334 -0.043964535723617928 0.025097452976670889 -0.054664076328355682 0.032123775051546399 0.0067344310129729829 -0.0035428164019907712 -0.015174470542943023 -0.014826448746879295 -0.013473959672411752 -0.023940278427704263 0.0022309435004391372 -0.028808764113407888 0.010836572285182533 0.00527262993951161 -0.026271407616326986 0.033165116942155501 -0.0047387867804968425 0.00046048418678401506 -0.013129781621669018 0.0096183211633526153 0.016847032682144544 0.012132699710419947
leaf_weight=10393.304023206234 7700.6069130301476 8143.821359500289 53773.282698154449 2283.7435914874077 3534.2731482535601 3503.3388009816408 12766.675593912601 6249.5267698466778 5138.1470902264118 3750.7210326045752 6928.5857827812433 770.15596227347851 5958.0938835293055 1822.9177627563477 1328.2033367604017 2661.5132856816053 1998.1172857880592 2317.2499900907278 4301.4098367244005 2792.1352530419827 1366.4275833517313 1595.6090780496597 298.53186528384686
leaf_count=42750 41597 37834 245815 9429 16452 14331 55173 26900 21544 16492 31884 3121 28085 7613 5759 12492 9933 9835 17884 12594 5539 7564 1261
internal_value=2.69382e-05 0.00499031 0.0101273 0.0169716 -0.0145239 -0.0150156 0.0196024 -0.0223512 -0.0246654 -0.0343542 -0.030167 -0.0403221 -0.0130958 -0.00810409 0.0247955 -0.0400085 0.0164621 -0.0191305 -0.00822245 -0.0238104 -0.00512005 0.0259347 -0.0139254
internal_weight=151376 113822 90103.8 69593.9 23718.1 37554.5 66540 30457.4 18855.6 11894.5 19608 3053.9 20510 6961.06 4862.48 10362.1 7097.07 9245.84 10849.5 8750.23 11759.7 3593.73 6548.06
internal_count=681881 508200 402506 313538 105694 173681 300988 141853 83483 54326 95808 12550 88968 29157 22211 54089 31828 41719 46045 40679 48289 17497 28161
is_linear=0
shrinkage=0.05


Tree=23
num_leaves=24
num_cat=0
split_feature=1 1 8 1 2 6 7 23 21 7 8 5 0 8 8 11 0 10 7 6 5 7 7
split_gain=4218.95 8362.2 5062 5767.01 3273.19 1458.57 964.52 899.086 582.527 469.378 349.178 304.389 282.527 305.002 272.366 249.391 245.45 205.422 182.854 153.547 149.163 124.165 82.8682
threshold=1.5985942525276189e-07 1.0000000180025095e-35 0.99999747274353923 -3.117610534175696e-07 1.0000000180025095e-35 1.2334159282910435e-07 4.2468594221635629e-05 0.18147999999992889 -0.47568437618091636 2.3712499686424015e-06 0.79489352455454165 4.419539259862503e-05 -1.6014943948761126e-07 0.99999747274353923 0.56246484814398212 0.9869941924921084 -1.6014943948761126e-07 0.77637521808818966 3.2906217349448762e-05 1.9239236970262735e-05 4.0642659686739075e-05 4.0548062694072702e-07 1.835216759490645e-06
decision_type=2 2 2 2 2 2 2 2 2 2 2 2 2 2 2 2 2 2 2 2 2 2 2
left_child=1 2 3 11 -5 10 12 9 18 -4 22 -1 -2 19 -10 -15 -8 -9 -7 -14 -18 -12 -3
right_child=6 5 7 4 -6 8 16 17 14 -11 21 -13 13 15 -16 -17 20 -19 -20 -21 -22 -23 -24
leaf_value=-0.021704475440756484 -0.057914270332592978 -0.063942615747866027 -0.046884923777791791 0.01902135007942124 -0.01213419066651112 -0.04027676966549941 -0.034756523294830276 -0.011418326733433397 -0.025404976292684574 -0.023445191343546855 -0.044708616306249886 -0.0078704391680086763 0.041353596273523585 0.0076860602699881063 -0.0087712790215072941 0.029653032806512714 0.019301600224115034 0.0080787335671679145 -0.017000246367352204 0.02829117795612171 0.0027611151552404392 -0.027175350332787993 -0.048208910263745998
leaf_weight=12275.531951740384 93.654760897159576 2485.8706377893686 2741.1585294306278 58037.11810465157 9861.2340394854546 3976.3729024380445 360.92086333036423 4547.3996491730213 3833.6586279571056 9715.9317285567522 2493.7182546406984 5887.5300469994545 3909.8898786306381 2596.7545451968908 6881.3517031222582 2574.8494039922953 1902.5301337391138 1919.6600276082754 1077.3240494132042 5378.7155291438103 4800.3763007372618 1723.4212286323309 1328.4588022828102
leaf_count=55791 385 11287 14683 264569 43182 18913 1485 19257 16115 45212 14104 24944 17890 10664 29986 12928 8349 7951 4708 24084 20570 8960 5951
internal_value=1.79875e-05 -0.00341301 0.00265337 0.00780186 0.0144962 -0.0301708 0.0204566 -0.0207585 -0.021332 -0.0286102 -0.0475143 -0.0172218 0.0278138 0.0283773 -0.0147266 0.0186312 0.00529401 -0.0056294 -0.0353245 0.0337979 0.00746101 -0.0375607 -0.0584923
internal_weight=150403 128786 104986 86061.4 67898.4 23800.2 21617.7 18924.1 15768.7 12457.1 8031.47 18163.1 14553.9 14460.2 10715 5171.6 7063.83 6467.06 5053.7 9288.61 6702.91 4217.14 3814.33
internal_count=681968 585613 475589 388486 307751 110024 96355 87103 69722 59895 40302 80735 65951 65566 46101 23592 30404 27208 23621 41974 28919 23064 17238
is_linear=0
shrinkage=0.05


Tree=24
num_leaves=24
num_cat=0
split_feature=8 1 1 8 15 22 3 7 7 23 6 3 7 14 10 18 0 24 4 7 0 9 18
split_gain=3869.52 4722.55 5186.38 3192 4624.37 2861.52 1382.77 1216.02 814.618 795.543 698.423 555.581 470.827 460.483 205.239 178.874 384.333 160.523 155.891 150.877 119.489 115.509 113.814
threshold=1.0000000180025095e-35 1.5985942525276189e-07 1.0000000180025095e-35 0.99999747274353923 0.00080742847220433543 -0.089789999999970213 1.5964507671384356e-07 4.0594801555369316e-06 1.0877568745192217e-05 0.11015999999992966 4.7625716458742837e-05 -3.0650899596196263e-07 4.3606175290938498e-05 1.0000000180025095e-35 0.33994560708235039 -18.599018208778869 1.603874331124189e-07 -0.13417471673426992 -4.6730205838230171e-07 5.004791223710786e-06 -1.6014943948761126e-07 0.55679408809613007 -4.7682776969546561
decision_type=2 2 2 2 2 2 2 2 2 2 2 2 2 2 2 2 2 2 2 2 2 2 2
left_child=5 2 3 4 -2 13 8 18 -4 -5 15 17 -13 14 22 -3 -17 -9 -7 -16 -12 -8 -1
right_child=1 10 6 9 -6 7 21 11 -10 -11 20 12 -14 -15 19 16 -18 -19 -20 -21 -22 -23 -24
leaf_value=0.00085332826075339868 0.010745537489878623 0.038516566589549127 -0.047236987212156856 -0.028330199452820049 -0.024411716829911917 0.015145581521045063 -0.016286230034688709 0.0078684588552367565 -0.025562473519254475 -0.0072053548469590695 -0.028861628580161159 0.029780070264379361 -0.0024262275844946011 -0.022873305871330015 0.029327682782930509 0.012304549419025933 0.030088871417410224 -0.02270299162886729 0.050074208864628801 0.0035973106635089447 0.0047515918141651696 -0.0024901238455062777 -0.019935790901615538
leaf_weight=1246.3172126114368 46250.947764143348 1901.7755721658468 8532.9015358090401 11438.27545543015 11722.076537400484 344.71225517988205 2728.6871494054794 3780.9544385820627 8833.9911853969097 7304.9906639307737 276.99844701588154 9197.1810551434755 1293.8352862894535 2843.3073332607746 668.64671491086483 5569.2911415845156 6696.9985174387693 482.35446071624756 4846.9004579484463 3796.6992124468088 5044.3150575906038 3418.386377826333 1392.1294398903847
leaf_count=5302 204200 7766 43700 55883 52205 1619 11309 16027 40910 31081 1134 45472 5740 13552 3416 23673 32814 2223 26059 16483 21709 13932 6096
internal_value=-6.30694e-05 -0.00408121 -0.00846029 -0.00216313 0.0036361 0.0160284 -0.0290032 0.0269521 -0.0362163 -0.0200989 0.0184379 0.0196237 0.025808 -0.00587649 0.000930335 0.024238 0.0220179 0.00439938 0.0477627 0.00746273 0.00299075 -0.00861834 -0.0101206
internal_weight=149613 119720 100230 76716.3 57973 29893 23514 19945.9 17366.9 18743.3 19489.4 14754.3 10491 9947.1 7103.79 14168.1 12266.3 4263.31 5191.61 4465.35 5321.31 6147.07 2638.45
internal_count=682305 540316 453220 343369 256405 141989 109851 97140 84610 86964 87096 69462 51212 44849 31297 64253 56487 18250 27678 19899 22843 25241 11398
is_linear=0
shrinkage=0.05


Tree=25
num_leaves=24
num_cat=0
split_feature=8 1 1 8 15 22 7 7 4 6 8 3 14 7 4 8 10 18 0 24 6 0 18
split_gain=3487.2 4270.15 4706.2 2921.86 4248.89 2578.21 1351.95 1170.52 725.63 650.967 523.28 463.825 412.211 372.372 285.186 266.91 182.882 170.886 357.632 125.803 112.757 95.5251 92.7353
threshold=1.0000000180025095e-35 1.5985942525276189e-07 1.0000000180025095e-35 0.99999747274353923 0.00095695970680512892 -0.089789999999970213 4.284782712919002e-06 6.3023061696769568e-06 3.1200301808809177e-07 4.7625716458742837e-05 0.5066546769546133 -3.0650899596196263e-07 1.0000000180025095e-35 3.2573658678955381e-05 -4.6730205838230171e-07 0.83916340365418318 0.35369051781358474 -18.599018208778869 1.603874331124189e-07 -0.13417471673426992 3.4547851529254058e-06 -1.6014943948761126e-07 -4.1436399035465952
decision_type=2 2 2 2 2 2 2 2 2 2 2 2 2 2 2 2 2 2 2 2 2 2 2
left_child=5 2 3 4 -2 12 15 14 -5 17 -8 19 16 -13 -7 -4 22 -3 -19 -9 -18 -11 -1
right_child=1 9 6 8 -6 7 10 11 -10 21 -12 13 -14 -15 -16 -17 20 18 -20 -21 -22 -23 -24
leaf_value=-0.00052280436131410177 0.010394158858785288 0.037339369929469138 -0.058446901179054267 -0.026458046379507057 -0.023496359365030608 0.012169688168427081 -0.031756027345951399 0.0068102171219868411 -0.0057719720824386559 -0.025636632031175784 -0.013634335182961739 0.029513626707996898 -0.02151983262080237 0.0069110940378049436 0.048082869547176874 -0.037549845813377954 0.023733429916611551 0.01184628608994028 0.029049305948145972 -0.021117758004112135 0.003525302346650864 0.0043464623272294672 -0.018520503865000624
leaf_weight=1585.3550074249506 46159.73968437314 1890.5393943935633 2998.8707213401794 12055.439075738192 11563.248628333211 618.7245329618454 6360.3364117145538 3634.631068110466 6541.2834653258324 278.52117462456226 10675.508684024215 7224.4998703598976 2817.1210369467735 2439.4570122808218 5347.2311526834965 3159.5923351794481 864.81598104536533 5584.53696654737 6594.6151851862669 451.49766926467419 3398.976403772831 5003.0337401628494 1303.8779827356339
leaf_count=6757 204021 7764 14077 59198 51854 2916 27674 15418 27738 1136 49564 36404 13540 11044 29384 18283 4435 23796 32731 2087 14625 21562 5710
internal_value=6.4411e-05 -0.00376402 -0.00794314 -0.00194856 0.00360444 0.0153931 -0.0276659 0.0258706 -0.0191835 0.0177255 -0.0204033 0.0178408 -0.00532688 0.0238112 0.0443645 -0.0477422 0.00105403 0.0233435 0.0211648 0.00371426 0.00763445 0.00275526 -0.00865388
internal_weight=148551 118865 99514 76319.7 57723 29686.2 23194.3 19716 18596.7 19351.2 17035.8 13750.1 9970.15 9663.96 5965.96 6158.46 7153.03 14069.7 12179.2 4086.13 4263.79 5281.55 2889.23
internal_count=681718 539398 452409 342811 255875 142320 109598 97253 86936 86989 77238 64953 45067 47448 32300 32360 31527 64291 56527 17505 19060 22698 12467
is_linear=0
shrinkage=0.05


Tree=26
num_leaves=24
num_cat=0
split_feature=2 2 3 3 1 3 5 18 4 5 1 22 8 15 14 0 0 11 0 5 4 8 10
split_gain=3273.54 6048.4 4332.31 6312.29 3333.96 1216.42 971.042 916.062 679.589 455.922 471.402 412.681 390.769 413.255 422.716 405.451 336.757 299.882 149.883 114.831 93.3196 90.8162 80.9429
threshold=1.596229957101514e-07 1.0000000180025095e-35 -3.0650899596196263e-07 -1.0000000180025095e-35 1.0000000180025095e-35 1.5964507671384356e-07 3.5480100943846908e-05 -18.599018208778869 -1.592452543164313e-07 3.7247857495799286e-05 -3.117610534175696e-07 0.030730000000028287 0.99999747274353923 0.99990875912413546 1.60309101800088e-07 -1.6014943948761126e-07 -1.6014943948761126e-07 0.9869941924921084 -1.6014943948761126e-07 7.3937964245099653e-05 1.5880071213558725e-07 0.54332745185250364 0.80983205133447966
decision_type=2 2 2 2 2 2 2 2 2 2 2 2 2 2 2 2 2 2 2 2 2 2 2
left_child=1 2 9 8 -5 7 12 20 -4 10 -1 -9 13 15 -15 -2 -8 22 -11 -18 -3 -7 -14
right_child=6 5 3 4 -6 21 16 11 -10 18 -12 -13 17 14 -16 -17 19 -19 -20 -21 -22 -23 -24
leaf_value=-0.02309054057234565 -0.057997204056899704 -0.056616063813209855 0.016588235523116959 0.0070374764056975615 -0.027880316663310811 -0.014799734640606098 -0.029993588617346197 -0.033289042033657172 0.044191809455911682 -0.012436875959913657 -0.0097906935174670376 -0.011946044233711636 0.00062401321417883491 -0.00074144429323910049 0.030402294713247714 0.036674587805080656 0.0087614355423990854 0.026931181713430553 0.00093698184053136113 -0.0034968040445844378 -0.036556719311367288 -7.9225803918223571e-06 0.019299598768782227
leaf_weight=11170.587657377124 113.17568908631802 3970.9446168541908 2772.3266669362783 38180.023587793112 8324.8989964425564 1642.0284293293953 703.38928121328354 8010.8504762351513 11474.175205215812 2918.8880762904882 16523.896000355482 3162.8042415976524 3255.2499951124191 2069.5475019961596 2297.9570228159428 7070.2594415545464 7704.3752178996801 2213.6909496337175 7406.1735195964575 2538.3228723555803 698.39417809247971 2815.3121502250433 704.23333114385605
leaf_count=52256 462 17156 13260 175860 39336 6773 2854 43427 58849 13142 72324 15453 13269 8504 11391 32393 33782 11615 31490 10801 2957 11762 2913
internal_value=-3.38632e-05 -0.00368601 0.00142297 0.0097069 0.000785765 -0.0285416 0.0151331 -0.0350331 0.0388237 -0.0118136 -0.0151567 -0.0272514 0.0223638 0.0277917 0.0156501 0.0351666 0.0034224 0.0122011 -0.00284499 0.00572305 -0.0536338 -0.00546236 0.00395498
internal_weight=147742 119071 98771 60751.4 46504.9 20300.3 28670.2 15843 14246.5 38019.5 27694.5 11173.7 17724.1 11550.9 4367.5 7183.44 10946.1 6173.17 10325.1 10242.7 4669.34 4457.34 3959.48
internal_count=682029 554045 456517 287305 215196 97528 127984 78993 72109 169212 124580 58880 80547 52750 19895 32855 47437 27797 44632 44583 20113 18535 16182
is_linear=0
shrinkage=0.05


Tree=27
num_leaves=24
num_cat=0
split_feature=2 2 8 3 15 6 7 18 7 0 18 8 15 0 14 8 0 10 18 3 7 22 14
split_gain=3090.46 5590.76 3939.41 4761.94 4553.85 1278.91 872.033 645.447 492.515 488.998 455.856 430.369 408.504 371.917 364.7 347.909 323.002 286.821 282.64 207.76 169.688 166.236 98.8989
threshold=1.596229957101514e-07 1.0000000180025095e-35 0.99999747274353923 -3.0650899596196263e-07 0.00080742847220433543 1.2334159282910435e-07 3.3224487104011937e-05 -2.7241033693134793 2.3712499686424015e-06 -1.6014943948761126e-07 -18.599018208778869 0.99999747274353923 0.99934531524337566 -1.6014943948761126e-07 1.60309101800088e-07 0.6627668014618614 -1.6014943948761126e-07 0.52249644376637772 -4.7358486718526178 1.5895487770478669e-07 5.6560188713610826e-05 0.33882500000005139 1.5742579855124907e-07
decision_type=2 2 2 2 2 2 2 2 2 2 2 2 2 2 2 2 2 2 2 2 2 2 2
left_child=1 2 3 9 -5 15 11 8 -4 -1 19 12 13 -2 -14 -3 -8 -12 -13 -7 -18 -17 -9
right_child=6 5 7 4 -6 10 16 22 -10 -11 17 18 14 -15 -16 21 20 -19 -20 -21 -22 -23 -24
leaf_value=-0.020047275785246219 -0.057834554508315345 -0.054596008831611281 -0.041539038197458224 0.021680208545062044 -0.024478622360850431 -0.043374085354465727 -0.028122906331736072 0.0024933984345745716 -0.018997764366287688 -0.0054826764024973268 -0.021274611102609028 -0.0017653662348758774 -0.00027940799101926775 0.037728003611520219 0.0302954594836723 -0.035956380095575773 0.011742049878236151 -0.0036155466913660771 0.020950701299579447 -0.015748978450200308 -0.00053521737723653394 0.0056183091938761011 0.039177196458621402
leaf_weight=7576.4810307174921 101.70921182632446 3664.9576513022184 2992.1715798377991 42807.150835424662 6103.5551381260157 2044.4398400038481 695.75479380786419 1939.2358614504337 12778.830014243722 24075.850575357676 4339.9399532079697 2363.5879163295031 1857.9349915236235 6425.1123163402081 2050.2400167137384 3864.1109604388475 7118.2499604076147 4891.8308314681053 3251.0269066691399 1025.6400537639856 4652.4417979866266 255.63150657713413 201.05745969712734
leaf_count=36621 416 17284 16642 204908 27331 8781 2820 8460 59778 102560 21285 9711 7649 29953 10357 22732 31433 22095 15731 4182 19917 1204 834
internal_value=7.55621e-05 -0.00347899 0.00142486 0.0061404 0.0159192 -0.0275181 0.0148537 -0.0197832 -0.0232795 -0.00897015 -0.0174765 0.0225591 0.028565 0.0362208 0.0157663 -0.0433772 0.00493103 -0.0119206 0.0113898 -0.0341631 0.00688969 -0.033374 0.00597514
internal_weight=147077 118561 98474.3 80563 48910.7 20086.6 28516.1 17911.3 15771 31652.3 12301.9 16049.6 10435 6526.82 3908.18 7784.7 12466.4 9231.77 5614.61 3070.08 11770.7 4119.74 2140.29
internal_count=682684 554697 457134 371420 232239 97563 127987 85714 76420 139181 56343 73817 48375 30369 18006 41220 54170 43380 25442 12963 51350 23936 9294
is_linear=0
shrinkage=0.05


Tree=28
num_leaves=24
num_cat=0
split_feature=8 2 1 2 2 22 7 7 7 5 8 11 14 7 4 4 8 15 11 10 8 7 18
split_gain=2828.59 3363.28 3597.23 2648.85 3463.74 2204.5 1253.72 992.244 732.088 604.177 487.956 403.266 365.158 257.011 256.174 242.309 214.221 258.079 230.781 161.394 157.054 132.087 129.456
threshold=1.0000000180025095e-35 1.596229957101514e-07 1.0000000180025095e-35 1.0000000180025095e-35 -1.5968906641461442e-07 -0.068679999999964339 6.3023061696769568e-06 6.3023061696769568e-06 3.0873912900158728e-06 2.8618726974759931e-05 0.51485652433321516 0.99253731343131635 1.5333002147065873e-07 4.6112195470037307e-05 1.5880071213558725e-07 -1.592452543164313e-07 0.99999747274353923 0.99990875912413546 0.9869941924921084 0.37581789532751791 0.078500114911995322 5.6560188713610826e-05 -2.2624513363983798
decision_type=2 2 2 2 2 2 2 2 2 2 2 2 2 2 2 2 2 2 2 2 2 2 2
left_child=5 2 3 4 -2 11 14 15 -5 16 -8 19 13 -9 -4 -7 17 -3 -18 22 -11 -22 -1
right_child=1 9 6 8 -6 7 10 12 -10 20 -12 -13 -14 -15 -16 -17 18 -19 -20 -21 21 -23 -24
leaf_value=-0.00127507332987011 -0.016495384595068562 0.034070151723286722 -0.047325651218244232 -0.04747800756483455 0.0094865502241420433 0.013337923306201245 -0.029617284398701007 0.021157386706935902 -0.017645028896378024 -0.013296301153387575 -0.010727828863658584 -0.020405728329667777 -0.027110297743414741 -0.00069492698920649038 -0.015332659524542089 0.046062402469107561 0.0046395789508686383 0.015687095530324345 0.026730774706437713 0.0082705223001183961 0.010402650510028304 -0.001267567794747285 -0.024733387315433366
leaf_weight=2835.4693166315556 18469.082769811153 4170.0008916407824 5921.5286945551634 2841.6270165741444 41981.523233905435 643.10310897231102 5431.4144494831562 10949.527734220028 7449.8098694682121 1088.9956384450197 9235.4248374402523 2807.3387441188097 453.57978992164135 1533.3673026561737 702.85235069692135 4849.8961361497641 3336.319981276989 3533.9862932413816 1830.6106965243816 4244.6603314578533 7420.6464975625277 3599.1720948070288 740.28931514918804
leaf_count=12325 83349 18821 33087 14704 191223 3096 24261 53665 34175 4584 43879 13805 2074 6720 3250 28095 13660 16323 9858 19458 33136 15343 3300
internal_value=1.59962e-05 -0.00345126 -0.00786757 -0.00244418 0.00154809 0.013978 -0.0258851 0.0244355 -0.0258905 0.012819 -0.0177264 -0.0041569 0.0168704 0.018473 -0.0439376 0.0422383 0.0203606 0.0256444 0.0124746 0.00167912 0.00480019 0.00659106 -0.00614416
internal_weight=146070 117013 92033.3 70742 60450.6 29057.2 21291.2 18429.5 10291.4 24979.7 14666.8 10627.8 12936.5 12482.9 6624.38 5493 12870.9 7703.99 5166.93 7820.42 12108.8 11019.8 3575.76
internal_count=682191 539653 427928 323451 274572 142538 104477 93650 48879 111725 68140 48888 62459 60385 36337 31191 58662 35144 23518 35083 53063 48479 15625
is_linear=0
shrinkage=0.05


Tree=29
num_leaves=24
num_cat=0
split_feature=8 3 3 8 3 22 7 7 8 0 1 1 6 7 18 11 21 7 4 7 6 22 11
split_gain=2670.36 3243.67 4521.66 2196.48 2845.62 2016.5 971.2 816.912 756.622 721.305 529.522 426.021 374.14 368.4 362.171 341.679 286.727 280.097 133.719 127.023 98.537 64.7346 62.0591
threshold=1.0000000180025095e-35 1.5964507671384356e-07 1.0000000180025095e-35 0.99999747274353923 -3.0650899596196263e-07 -0.076269999999962798 4.284782712919002e-06 2.9904584162853696e-05 0.52386949742113476 -1.6014943948761126e-07 1.5985942525276189e-07 1.0000000180025095e-35 3.0701792777388383e-05 4.0548062694072702e-07 -3.9294235524141135 0.99993362538164066 0.58623448939065859 3.3593319190675534e-06 -1.592452543164313e-07 1.1756636786913056e-07 1.1597807744470262e-07 -0.25107999999998543 0.99993362538164066
decision_type=2 2 2 2 2 2 2 2 2 2 2 2 2 2 2 2 2 2 2 2 2 2 2
left_child=5 2 3 4 -2 14 18 -5 17 -3 11 -11 -12 -10 19 16 -8 -4 -7 -1 21 -16 -21
right_child=1 9 8 7 -6 6 15 -9 13 10 12 -13 -14 -15 20 -17 -18 -19 -20 22 -22 -23 -24
leaf_value=0.034768008240382495 -0.010424992573033642 -0.027963859113391727 -0.062399675455799254 -0.02691672886826247 0.013736653688228835 0.015652824754655788 0.013357560722759305 -0.002321052930103804 -0.041039391714414591 0.009039617311813835 0.023515321147016665 -0.0065112661824553017 0.0078727950420478827 -0.017405714329856267 -0.010086087474214524 -0.024288567000009774 0.029260155366122372 -0.039802373860514807 0.045679153018206693 0.0047243753352511761 -0.015103944390731828 0.021849395628531752 -0.031659808282897745
leaf_weight=354.5245471149683 25046.386997640133 1314.8811495155096 2607.308737039566 11679.073574215174 23729.358912959695 409.43070735037327 9243.9061793535948 4749.4791528582573 2567.0489304959774 15570.845796972513 8808.9097186774015 6138.7956807911396 6759.2152112424374 4624.1104619204998 316.22709202766418 487.80731557309628 4092.5690992176533 2937.3628545552492 4282.1505277007818 4210.8520999699831 4983.9741719067097 314.54634606838226 118.5441047847271
leaf_count=1932 111360 5584 12056 62084 111485 1989 44216 21198 15183 66879 41981 25484 30316 23239 1637 2257 21131 13069 25533 18156 23402 1693 584
internal_value=-7.93992e-05 -0.0034495 -0.00931943 -0.00399639 0.00132961 0.0135492 0.0234131 -0.0198076 -0.0365668 0.0084049 0.00968928 0.0046419 0.016726 -0.0258521 -0.00418554 0.0167372 0.0182416 -0.050448 0.0430676 0.00607828 -0.0127478 0.00584993 0.00371282
internal_weight=145347 116533 77940.1 65204.3 48775.7 28814.5 18515.9 16428.6 12735.8 38592.6 37277.8 21709.6 15568.1 7191.16 10298.7 13824.3 13336.5 5544.67 4691.58 4683.92 5614.75 630.773 4329.4
internal_count=682448 539918 369674 306127 222845 142530 95126 83282 63547 170244 164660 92363 72297 38422 47404 67604 65347 25125 27522 20672 26732 3330 18740
is_linear=0
shrinkage=0.05


Tree=30
num_leaves=24
num_cat=0
split_feature=8 3 3 19 22 8 7 7 1 5 5 18 1 11 7 3 8 7 20 3 10 7 7
split_gain=2394.06 2925.54 4151.83 2142.91 1841.85 1625.95 938.645 723.552 658.258 457.935 436.431 431.903 370.641 324.797 301.074 314.089 211.111 166.479 164.005 161.639 123.396 118.798 79.4994
threshold=1.0000000180025095e-35 1.5964507671384356e-07 1.0000000180025095e-35 -0.999667840994788 -0.068679999999964339 0.99999747274353923 6.3023061696769568e-06 4.0548062694072702e-07 -3.117610534175696e-07 2.4591955956466132e-05 1.253627287907938e-07 -18.599018208778869 1.5985942525276189e-07 0.98989898989694847 3.2573658678955381e-05 -3.0650899596196263e-07 0.62635864372743921 1.1756636786913056e-07 0.8686824858208374 -1.5910072459490718e-07 0.3572211403340203 5.32787853078245e-05 5.32787853078245e-05
decision_type=2 2 2 2 2 2 2 2 2 2 2 2 2 2 2 2 2 2 2 2 2 2 2
left_child=4 2 3 10 13 -5 19 16 21 12 -2 -9 -10 17 15 -8 -4 -1 -11 -6 -19 -3 -16
right_child=1 8 7 5 6 -7 14 11 9 18 -12 -13 -14 -15 22 -17 -18 20 -20 -21 -22 -23 -24
leaf_value=0.024128776857238469 0.063014441687258033 -0.027607348406674115 -0.061721903147328061 -0.00064975227838174124 0.0089452225793777481 -0.019004401514695922 0.0050015799729293828 -0.044470189700085747 0.0095529143883169715 -0.0010643086444959027 0.012076869842684813 -0.018432273360786497 0.023621083340885446 -0.018432722643474682 0.0082457877143380844 0.0258405748199893 -0.040432243053222905 -0.0088038679653343974 0.0092216565306779009 0.042929414752557488 0.0046651093423911048 -0.0053055101226696429 -0.0075795052394434619
leaf_weight=736.30484762787819 1372.3399444073439 1292.9943707585335 2266.7453212589025 46716.508632108569 378.76033207774162 16265.60370978713 2489.6212909072638 2230.572108283639 12851.143624812365 9074.4664962589741 607.88394647836685 5582.9362241178751 7369.627505466342 2754.9474177509546 2423.2110735625029 6621.0914857983589 2443.4309823215008 2869.6711655557156 6760.4674897044897 4854.2476974278688 4167.2505989968777 1111.4120268821716 1177.4890053272247
leaf_count=4059 5935 5603 10753 214304 1725 83233 10860 9575 55065 39692 2594 28205 35378 13740 11052 35258 14831 12259 29895 29398 18596 4565 5129
internal_value=-7.62031e-05 -0.00326643 -0.00886188 -0.00377958 0.0129142 -0.00539051 0.0226542 -0.0352194 0.00800653 0.00969604 0.0474082 -0.0258756 0.0146823 -0.00368754 0.0153121 0.0201489 -0.0507007 0.00154112 0.00332741 0.040475 -0.000827798 -0.0173136 0.00306793
internal_weight=144419 115946 77486 64962.3 28472.6 62982.1 17944.4 12523.7 38460.1 36055.7 1980.22 7813.51 20220.8 10528.2 12711.4 9110.71 4710.18 7773.23 15834.9 5233.01 7036.92 2404.41 3600.7
internal_count=681704 539628 369430 306066 142076 297537 93422 63364 170198 160030 8529 37780 90443 48654 62299 46118 25584 34914 69587 31123 30855 10168 16181
is_linear=0
shrinkage=0.05


Tree=31
num_leaves=24
num_cat=0
split_feature=23 2 2 3 3 8 5 7 8 7 0 0 19 5 2 7 6 0 18 0 6 4 2
split_gain=2275.86 2559.31 3228.96 2661.56 4527.11 2071.99 1729.05 857.143 565.34 639.501 568.034 664.731 495.283 472.602 477.203 268.362 248.978 232.085 197.902 172.054 167.201 149.534 127.804
threshold=-0.095855000000042781 -1.0000000180025095e-35 -1.5968906641461442e-07 1.5964507671384356e-07 -1.0000000180025095e-35 0.00041330066531366903 1.6756032973870951e-07 1.0150119298696187e-05 0.99999747274353923 2.9904584162853696e-05 -1.6014943948761126e-07 -1.0000000180025095e-35 -0.999667840994788 2.8618726974759931e-05 1.596229957101514e-07 3.0472144049197313e-05 1.1597807744470262e-07 -1.6014943948761126e-07 -2.6483907532783664 1.5959655286224009e-07 4.3550982253390544e-05 -4.6730205838230171e-07 1.5917221585226573e-07
decision_type=2 2 2 2 2 2 2 2 2 2 2 2 2 2 2 2 2 2 2 2 2 2 2
left_child=8 2 19 4 6 -6 -3 21 10 18 20 16 -13 14 -5 -9 -12 -15 22 -2 -1 -4 -10
right_child=1 3 7 13 5 -7 -8 15 9 -11 11 12 -14 17 -16 -17 -18 -19 -20 -21 -22 -23 -24
leaf_value=-0.023937125896281893 -0.011970472007481038 0.043546976201666344 0.021920113327045493 0.0060392536156493376 0.033576417568697565 -0.023124088581463781 -0.0025449759274051051 0.027206605211591912 -0.032514537118852598 -0.0027061887029015182 0.028704803147179256 0.019970309312058572 -0.0086862970774454519 -0.030680486279106411 0.021140559538075383 0.0054289536770092614 0.0051643783443007431 0.0039828024081091261 0.0046809614636221806 0.02623768803752374 -0.0074224439312646469 0.048223881516395353 -0.00021185026370370999
leaf_weight=4799.2970884144306 5782.8306180685759 4551.0936887413263 596.37279100716114 9134.3699853122234 1720.5653866380453 24964.448823317885 3677.8426330834627 5339.4979276359081 5645.6686480045319 3887.1664419770241 1312.1555639654398 1598.5942847877741 26016.498293712735 499.91352462768555 12251.411908507347 1926.643653973937 7749.7852701246738 12730.688166052103 420.86638866364956 308.53005030751228 2256.2520404011011 6381.1297260373831 324.1119696199894
leaf_count=24596 25489 22996 3004 39078 9349 123129 16412 27246 31341 17468 7204 7037 117276 2027 57989 9190 33567 56239 2123 1272 10026 36536 1434
internal_value=-3.9007e-05 0.00483612 0.0204379 0.000272653 -0.00946775 -0.0194658 0.0229504 0.033466 -0.00815046 -0.0187018 -0.00566989 -0.00316991 -0.0070259 0.0100969 0.0146918 0.021436 0.00857913 0.00266825 -0.0284266 -0.0100264 -0.0186603 0.0459833 -0.0307623
internal_weight=143876 89865.3 20335 69530.3 34914 26685 8228.94 14243.6 54010.4 10277.8 43732.6 36677 27615.1 34616.4 21385.8 7266.14 9061.94 13230.6 6390.65 6091.36 7055.55 6977.5 5969.78
internal_count=682028 429956 102737 327219 171886 132478 39408 75976 252072 52366 199706 165084 124313 155333 97067 36436 40771 58266 34898 26761 34622 39540 32775
is_linear=0
shrinkage=0.05


Tree=32
num_leaves=24
num_cat=0
split_feature=1 1 8 15 2 7 7 7 7 18 10 10 0 8 15 23 15 4 23 0 5 9 8
split_gain=2109.44 4502.93 2711.61 3475.15 3411.44 1058.21 769.43 572.547 544.543 524.693 422.494 386.169 211.683 225.962 329.017 201.662 195.722 142.576 119.648 109.447 92.3945 83.23 81.0629
threshold=1.5985942525276189e-07 1.0000000180025095e-35 0.99999747274353923 0.00080742847220433543 -1.5968906641461442e-07 1.835216759490645e-06 3.1355137007903117e-05 4.2468594221635629e-05 7.793078517254204e-07 -18.599018208778869 0.65708310222012434 0.571513757418465 -7.8173883455434623e-07 0.99999747274353923 0.99938366665359646 0.065969999999956938 0.98675438596708209 1.7460544725622642e-06 0.23685499999993223 -1.6014943948761126e-07 4.8327976846717515e-05 0.79972725117410015 0.98791498329792538
decision_type=2 2 2 2 2 2 2 2 2 2 2 2 2 2 2 2 2 2 2 2 2 2 2
left_child=1 2 3 4 -1 15 -5 12 18 17 -10 -11 -2 14 -14 22 -15 -7 -4 -9 -21 -17 -3
right_child=7 5 8 6 -6 9 -8 19 10 11 -12 -13 13 16 -16 21 -18 -19 -20 20 -22 -23 -24
leaf_value=-0.0087952342031380921 -0.05535668785613182 -0.056426037939711772 -0.041043908394558681 -0.029557949654229834 0.016312510516833086 -0.040692152088404564 -0.0022778735482095178 -0.023256154107911181 -0.018400425146703866 -0.019472359593025058 -0.0010887797766715398 -0.0020896061407093994 0.034949006470240927 0.0030286675133599688 0.015359728117811212 -0.030608573848008372 0.023028140176338349 -0.021571078647017301 -0.013878100148128333 0.012259529533961998 6.7117357777233771e-05 0.010393128725790148 -0.040847282824379438
leaf_weight=18150.316459998488 88.857359394431114 2078.9601720273495 2250.6751020997763 7310.4673184156418 53116.901194885373 2435.2435589879751 3999.075651794672 369.13508497178555 9440.4862265139818 7968.854691490531 5624.696226015687 5334.6443292051554 4757.7910131663084 2538.8614509999752 3911.6548146009445 927.29334369301796 2361.3587029576302 1641.990424156189 498.25054414570332 2486.3708460181952 4139.6863464862108 141.59014847874641 1457.0808740705252
leaf_count=80603 359 11020 13721 34618 256116 10829 17545 1490 45930 40272 24736 24353 23054 10610 18985 5080 13026 6897 2380 11193 17833 729 10631
internal_value=2.10197e-05 -0.00247355 0.00201494 0.00583175 0.00991794 -0.0229674 -0.0199142 0.0148008 -0.0156762 -0.017317 -0.0119383 -0.0125037 0.0207578 0.0212647 0.0261165 -0.0442761 0.0126727 -0.0330073 -0.0361355 0.00316599 0.00464529 -0.0251633 -0.0500347
internal_weight=143030 122377 100391 82576.8 71267.2 21985.7 11309.5 20653.7 17814.1 17380.7 15065.2 13303.5 13658.5 13569.7 8669.45 4604.92 4900.22 4077.23 2748.93 6995.19 6626.06 1068.88 3536.04
internal_count=682010 585460 475649 388882 336719 109811 52163 96550 86767 82351 70666 64625 66034 65675 42039 27460 23636 17726 16101 30516 29026 5809 21651
is_linear=0
shrinkage=0.05


Tree=33
num_leaves=24
num_cat=0
split_feature=22 1 8 2 2 1 7 7 0 0 24 7 8 21 24 8 7 7 8 20 24 0 22
split_gain=1974.32 2892.37 2631.19 2757.73 3582.54 1790.59 848.43 449.416 329.141 646.593 461.185 377.066 315.405 250.176 246.155 197.615 187.061 151.08 130.897 76.7495 55.3447 54.8105 41.1994
threshold=0.081610000000053418 1.0000000180025095e-35 0.99999747274353923 -1.5968906641461442e-07 1.0000000180025095e-35 1.5985942525276189e-07 3.9314540808568787e-06 2.5815195784750532e-06 -1.6014943948761126e-07 -1.5327534530484852e-07 1.0000000180025095e-35 3.1969840917886673e-05 0.51485652433321516 -0.57400354186418456 0.098726578086993214 1.0000000180025095e-35 5.9042459834467014e-05 3.5614774902403354e-05 0.88613250677886168 0.7241889288959461 -0.55041165345992582 -1.6014943948761126e-07 -1.5109499999999871
decision_type=2 2 2 2 2 2 2 2 2 2 2 2 2 2 2 2 2 2 2 2 2 2 2
left_child=1 2 3 14 -5 6 18 -4 -2 11 15 19 -8 -9 -1 -11 -12 22 -3 -10 -13 -19 -7
right_child=8 5 7 4 -6 17 12 13 9 10 16 20 -14 -15 -16 -17 -18 21 -20 -21 -22 -23 -24
leaf_value=-0.006742244654855809 -0.017586099664815499 -0.052529473941022989 -0.039137037559338679 0.015657906475967254 -0.025988492093071233 -0.0064481943978050129 -0.029330548345587661 -0.026973488718610439 0.028319995156711571 0.020315823414052497 0.020272046149408654 -0.0040838377012579067 -0.013446764099697001 -0.010363117839007792 -0.018059682872695906 0.0027132567976382387 -0.00031018435242039584 -0.031187615305818234 -0.035669326097445435 0.044434260726413682 0.015034196128068909 0.0041095088451125784 0.024396487641127229
leaf_weight=13063.777301385999 1056.3654299974442 2507.455728545785 2465.2566519975662 44253.948372021317 5844.1019009798765 114.21239610016346 5258.4335609376431 3268.0210587084293 1249.653765887022 1729.3155812323093 7960.8706770390272 547.61250329017639 7722.2105777263641 7411.8846553862095 7603.532095849514 20204.379150658846 1280.9743676483631 117.36868278682232 2178.860707461834 1878.690333917737 1216.41801007092 1395.4869450032711 1777.8616320639849
leaf_count=55618 4554 13352 15187 215591 26843 521 24272 16936 6303 8722 40744 2388 38803 34831 37709 87293 5780 474 15340 10285 5517 6049 8647
internal_value=-1.13882e-05 -0.00351607 0.000642955 0.00445916 0.0107988 -0.0200765 -0.0264748 -0.0198983 0.00989888 0.0107049 0.00805159 0.0276015 -0.0198852 -0.0154504 -0.0109075 0.00410305 0.0174192 0.0131168 -0.0447101 0.038021 0.0090986 0.00133027 0.0225271
internal_weight=142107 104982 83910.5 70765.4 50098.1 21071.9 17667 13145.2 37124.3 36067.9 31175.5 4892.37 12980.6 10679.9 20667.3 21933.7 9241.85 3404.93 4686.32 3128.34 1764.03 1512.86 1892.07
internal_count=681759 510173 402715 335761 242434 107458 91767 66954 171586 167032 142539 24493 63075 51767 93327 96015 46524 15691 28692 16588 7905 6523 9168
is_linear=0
shrinkage=0.05


Tree=34
num_leaves=24
num_cat=0
split_feature=23 1 1 0 1 9 7 7 0 0 1 1 7 4 5 6 0 7 0 7 1 7 1
split_gain=1837.55 2026.74 2497.08 2027.01 2259.39 2309.87 894.813 672.218 455.994 956.878 489.112 646.882 473.986 376.754 290.104 228.379 154.567 149.097 145.928 130.994 102.492 85.6388 72.2549
threshold=-0.1014650000000715 -1.0000000180025095e-35 -3.117610534175696e-07 -1.0000000180025095e-35 1.5985942525276189e-07 0.40025593269207033 2.176329498978721e-05 2.9904584162853696e-05 1.603874331124189e-07 1.0000000180025095e-35 -1.5961386168328315e-07 1.0000000180025095e-35 2.9904584162853696e-05 -4.6730205838230171e-07 2.8618726974759931e-05 4.1200334695330606e-05 1.603874331124189e-07 4.6112195470037307e-05 -1.6014943948761126e-07 5.2027438247295485e-06 -9.4275659079379168e-05 1.0150119298696187e-05 2.1092027848723663e-05
decision_type=2 2 2 2 2 2 2 2 2 2 2 2 2 2 2 2 2 2 2 2 2 2 2
left_child=8 2 16 7 5 -5 13 19 9 10 15 -12 21 -4 -6 -1 20 -8 -9 -3 -2 -11 -10
right_child=1 3 6 4 14 -7 17 18 22 12 11 -13 -14 -15 -16 -17 -18 -19 -20 -21 -22 -23 -24
leaf_value=-0.01758028187267522 -0.0029832155392693245 0.048747761148076531 0.014319751862422347 0.013774165920612697 0.020691150295410708 -0.013625080524303055 0.014649571344166366 -0.02770526199314461 0.031628639069963674 -0.043628654977747046 0.0016119575426937938 -0.017130231396420417 -0.0078064869986226764 0.04063011192630215 0.0068775347166079295 -0.0036187387435677489 0.033743751826418221 -0.0075183540458572673 0.0084943748729815697 0.030941170878306556 -0.01935245405372045 -0.029496214282628441 0.010225766511591988
leaf_weight=9662.3659065067768 1347.368546128273 1608.1803423315287 1613.8168450593948 9685.2993617206812 8040.3320926427841 37349.208311527967 3599.2775924056768 332.25623349845409 578.22961845993996 1692.4845557138324 24041.117721602321 5692.1961893960834 2546.0103381425142 8792.9087690263987 7215.0083386749029 4206.0363609939814 169.39779753983021 959.21228681504726 1663.7149178236723 2956.9415506869555 3305.6614265292883 3019.6265125721693 1244.9193184822798
leaf_count=46758 5882 9101 8249 47012 39749 175058 18037 1340 2590 10265 110296 27679 11550 52031 32942 18469 686 4453 7590 15239 14852 15706 5903
internal_value=-0.000116719 0.00427873 0.018381 0.000225276 -0.0025593 -0.0079826 0.028463 0.026655 -0.007512 -0.00839297 -0.00559405 -0.00197682 -0.0252001 0.0365541 0.0141601 -0.0133475 -0.0129038 0.00998258 0.00244425 0.0372337 -0.0146168 -0.0345897 0.0170439
internal_weight=141322 88638.6 19787.6 68850.9 62289.8 47034.5 14965.2 6561.09 52683 50859.8 43601.7 29733.3 7258.12 10406.7 15255.3 13868.4 4822.43 4558.49 1995.97 4565.12 4653.03 4712.11 1823.15
internal_count=681437 432221 104190 328031 294761 222070 82770 33270 249216 240723 203202 137975 37521 60280 72691 65227 21420 22490 8930 24340 20734 25971 8493
is_linear=0
shrinkage=0.05


Tree=35
num_leaves=24
num_cat=0
split_feature=22 2 3 1 3 6 2 6 5 0 15 6 8 14 0 21 6 6 0 8 0 0 0
split_gain=1663.51 2981.82 2583.78 3436.29 2299.33 1985.79 874.997 532.109 423.272 339.113 315.225 699.377 485.51 637.888 331.183 279.964 264.778 241.942 158.477 153.112 113.103 91.4491 76.2332
threshold=-0.068679999999964339 -1.0000000180025095e-35 1.5964507671384356e-07 -1.0000000180025095e-35 -1.0000000180025095e-35 1.2334159282910435e-07 -4.6891129823478645e-07 3.2794582308597232e-07 2.4591955956466132e-05 -1.0000000180025095e-35 0.00095695970680512892 3.2543521852719468e-05 0.99986408058793275 1.60309101800088e-07 1.603874331124189e-07 0.78462640361069591 1.1597807744470262e-07 4.3550982253390544e-05 -1.6014943948761126e-07 0.029015545477944472 1.603874331124189e-07 -5.0195752820059163e-05 1.603874331124189e-07
decision_type=2 2 2 2 2 2 2 2 2 2 2 2 2 2 2 2 2 2 2 2 2 2 2
left_child=10 5 3 7 -5 19 20 -3 9 -4 12 14 13 16 -12 -8 -1 -14 -10 -2 -7 -15 -13
right_child=1 2 8 4 -6 6 15 -9 18 -11 11 22 17 21 -16 -17 -18 -19 -20 -21 -22 -23 -24
leaf_value=0.014343383209305369 0.03296846460882856 0.042088761279952119 0.034926164254491958 0.0022958304822626157 -0.022316790134354239 -0.011257914078583665 0.01306480896703203 0.012462105842002177 -0.025369225610593311 0.012192586522617153 -0.037474323526482931 -0.005537289847681176 -0.026193070231287988 -0.011454756437355152 0.027865848571779168 0.033297560454877723 -0.0019789118035331852 -0.00024319364337337351 0.0040788739982384522 0.048168205624361859 0.022806524415442161 -0.02333158112534298 0.013258639833431155
leaf_weight=2947.1310195624828 2862.6722666472197 2871.0507337450981 1815.1571275889874 14547.852673895657 27283.066273845732 4163.5810260176659 8155.1571991741657 3214.1269594430923 469.50536793470383 16976.478129655123 3422.142826333642 2266.9902780801058 4216.6189391985536 3155.4496592581272 204.08544854819775 2164.1707345843315 15771.763148233294 1141.7378849834204 14702.717730045319 4024.4132149666548 256.89277026057243 3352.0261196196079 705.67633682489395
leaf_count=15044 19085 16310 9811 67968 139745 18919 39685 15221 1900 77218 17716 10276 22620 15367 1041 11781 68098 5064 66038 21953 1068 17106 3017
internal_value=-6.93741e-05 0.00318928 -0.00117228 -0.00865004 -0.0137573 0.0197011 0.00934171 0.0264503 0.00937706 0.0143923 -0.00914021 -0.0190506 -0.0070007 -0.00409626 -0.0337822 0.0173141 0.000591886 -0.0206669 0.00316405 0.0418624 -0.00926773 -0.0175786 -0.00106776
internal_weight=140690 103507 81880 47916.1 41830.9 21626.9 14739.8 6085.18 33963.9 18791.6 37183.6 6598.89 30584.7 25226.4 3626.23 10319.3 18718.9 5358.36 15172.2 6887.09 4420.47 6507.48 2972.67
internal_count=682051 506702 394211 239244 207713 112491 71453 31531 154967 87029 175349 32050 143299 115615 18757 51466 83142 27684 67938 41038 19987 32473 13293
is_linear=0
shrinkage=0.05


Tree=36
num_leaves=24
num_cat=0
split_feature=3 3 3 2 1 5 6 7 8 7 8 8 20 1 20 15 18 10 18 18 4 8 8
split_gain=1655.48 4691.47 2558.56 4576.84 2612.91 786.638 724.178 700.226 455.285 422.311 314.313 312.358 296.366 259.712 214.144 212.936 164.157 159.54 134.85 105.191 102.734 102.446 79.1849
threshold=-3.0650899596196263e-07 -1.0000000180025095e-35 1.5964507671384356e-07 -1.0000000180025095e-35 -1.0000000180025095e-35 2.4943165012564944e-05 2.7387894319140841e-05 1.1756636786913056e-07 0.99999747274353923 1.1756636786913056e-07 0.1099057972719643 1.0000000180025095e-35 -0.77790693588773829 1.5985942525276189e-07 0.82378735743094467 0.001628668815567268 -18.599018208778869 0.22831844449250341 -3.3692627736566885 -4.0288377994380484 -1.592452543164313e-07 0.63533941190353904 1.0000000180025095e-35
decision_type=2 2 2 2 2 2 2 2 2 2 2 2 2 2 2 2 2 2 2 2 2 2 2
left_child=5 7 3 9 -5 11 8 16 -4 -3 18 17 22 15 -8 -13 -2 -1 -9 -19 -12 -14 -7
right_child=1 2 6 4 -6 12 14 10 -10 -11 20 13 21 -15 -16 -17 -18 19 -20 -21 -22 -23 -24
leaf_value=-0.027166301692766716 0.05957510405222325 0.047823466073608434 0.018278277297829899 0.031919712083688011 -0.021388325257354929 5.3610189327409426e-06 -0.0035470735696062519 0.016942766423202645 0.0035848002160932453 0.020136446497636781 0.020391541743216939 -0.016411002880485786 0.00013731094799574188 0.020545490591116242 0.0069508606124897747 -0.031443777825834546 0.039980683647709944 0.0033475608152892357 -0.0067228039975941959 -0.011123822027958271 0.037456493745730977 0.0096536732346524916 -0.010481673482394496
leaf_weight=705.90045960247517 1631.9721603989601 2174.7366509586573 15888.144777908921 2484.016472145915 30528.876238495111 2440.1379304528236 12412.649586245418 3274.1890207752585 7892.6656202822924 3768.6935002058744 1284.8537001311779 13528.618887111545 6501.7554122358561 423.51158100366592 7978.3805379867554 2856.1557494103909 3195.9774347692728 3444.8214308768511 735.95107746124268 1973.2687418013811 2885.8576582074165 5004.7964689284563 6849.4718612134457
leaf_count=3134 8312 12713 77025 13117 158080 10890 54744 18760 35420 19867 6258 63820 28635 1949 35995 14718 20812 14813 3836 9722 14920 22375 31754
internal_value=-6.19207e-05 0.00360675 -0.000762886 -0.0101033 -0.0173754 -0.0081274 0.00747468 0.0315256 0.0134025 0.0302808 0.0226036 -0.0145132 -0.0010847 -0.0180354 0.000560478 -0.0190353 0.0466271 -0.0048425 0.0125972 -0.00192415 0.0322129 0.00427786 -0.00772706
internal_weight=139865 96137 83128.2 38956.3 33012.9 43728.4 44171.8 13008.8 23780.8 5943.43 8180.85 22932.3 20796.2 16808.3 20391 16384.8 4827.95 6123.99 4010.14 5418.09 4170.71 11506.6 9289.61
internal_count=681669 479859 406961 203777 171197 201810 203184 72898 112445 32580 43774 108156 93654 80487 90739 78538 29124 27669 22596 24535 21178 51010 42644
is_linear=0
shrinkage=0.05


Tree=37
num_leaves=24
num_cat=0
split_feature=22 1 15 8 19 1 7 7 7 4 10 0 0 14 7 4 0 8 0 18 18 9 7
split_gain=1610.87 2213.77 2012.42 2710.14 2698.87 1512.58 798.08 708.724 397.325 273.986 249.447 233.132 351.844 271.479 224.457 206.474 145.801 130.384 115.905 108.475 105.308 86.1048 81.5086
threshold=0.081610000000053418 1.0000000180025095e-35 0.00095695970680512892 0.99999747274353923 0.99985463733646096 1.5941155417920075e-07 3.9314540808568787e-06 3.2573658678955381e-05 2.3712499686424015e-06 1.5880071213558725e-07 0.92192364841547569 1.603874331124189e-07 1.0000000180025095e-35 1.60309101800088e-07 5.5472480468414952e-05 1.5880071213558725e-07 1.603874331124189e-07 0.97119746644977689 -1.6014943948761126e-07 0.8370591950543661 -4.1317349998725303 0.72285461217265945 6.3027945209944349e-05
decision_type=2 2 2 2 2 2 2 2 2 2 2 2 2 2 2 2 2 2 2 2 2 2 2
left_child=1 2 3 4 -1 6 17 15 -5 -8 11 12 13 -2 19 -4 -9 -3 -7 -13 -12 -14 -20
right_child=10 5 7 8 -6 18 9 16 -10 -11 20 14 21 -15 -16 -17 -18 -19 22 -21 -22 -23 -24
leaf_value=0.0095266997224764498 0.0099632998091259539 -0.050239361273125199 -0.03822820008805855 -0.036669262345636486 -0.047416132887898699 -0.032430897944956405 -0.024047882793419958 -0.0059797591286437192 -0.013709475673144709 -0.0089822475581191469 -0.0040702988472897678 0.022764488300147327 -0.010806578879149795 -0.016350809431404021 0.00052263589510859307 -0.016646671015092505 0.03065607234033127 -0.032722249911029518 0.016790424445926367 -0.0049620018166786593 0.033118294100386074 0.0020963476505212633 -0.0037379733181653026
leaf_weight=58628.517269268632 21246.500818826258 2468.7042629569769 4234.693136036396 2299.9412328004837 2155.4465963542461 142.23284859955311 7273.2446437478065 2553.3547742366791 10431.048999384046 5165.4135263413191 219.30184188485146 5229.2341479361057 3160.3887383192778 1025.6704580485821 1781.9078029841185 1508.511038839817 301.85731334984303 1902.5907287821174 2864.9749211221933 377.26344220340252 1409.1281636357307 2185.3669770956039 580.4021704941988
leaf_count=285596 98274 13916 21836 15042 9084 575 38531 11540 51789 23374 983 28282 13792 4462 8026 6838 1215 14404 13759 1939 6801 9299 2466
internal_value=-1.10905e-05 -0.00322721 0.000434985 0.00311221 0.00750589 -0.0179688 -0.0242585 -0.0224497 -0.0178628 -0.0177944 0.00898778 0.00809663 0.00598509 0.00874991 0.0159852 -0.0325682 -0.00208607 -0.0426347 0.0114979 0.0208968 0.0281082 -0.00553206 0.0133306
internal_weight=139146 102511 82113.4 73515 60784 20397.6 16810 8598.42 12731 12438.7 36634.8 35006.3 27617.9 22272.2 7388.41 5743.2 2855.21 4371.29 3587.61 5606.5 1628.43 5345.76 3445.38
internal_count=681823 509965 402940 361511 294680 107025 90225 41429 66831 61905 171858 164074 125827 102736 38247 28674 12755 28320 16800 30221 7784 23091 16225
is_linear=0
shrinkage=0.05


Tree=38
num_leaves=24
num_cat=0
split_feature=22 0 2 2 1 5 14 6 2 4 21 5 0 0 24 6 8 14 8 1 14 20 24
split_gain=1489.56 2202.67 1892.96 2459.8 2492.7 1428.39 1293.8 673.93 369.117 301.235 293.342 258.501 242.547 330.872 328.355 193.33 179.383 143.144 66.3474 66.085 61.2327 48.6803 39.0939
threshold=-0.11211999999995512 -1.0000000180025095e-35 -1.0000000180025095e-35 1.596229957101514e-07 -1.0000000180025095e-35 1.253627287907938e-07 1.60309101800088e-07 3.2794582308597232e-07 -1.5968906641461442e-07 -4.6730205838230171e-07 0.59493985731540666 2.8618726974759931e-05 1.603874331124189e-07 1.0000000180025095e-35 1.0000000180025095e-35 3.6685389371538862e-05 0.99975962472115809 8.5108399371152128e-05 0.029015545477944472 1.2945362244387583e-05 0.00010056800792884217 -0.47798135281103127 -0.51553676426290174
decision_type=2 2 2 2 2 2 2 2 2 2 2 2 2 2 2 2 2 2 2 2 2 2 2
left_child=12 6 5 4 -4 9 7 18 -7 -3 -9 -5 13 14 16 21 -1 -16 -2 -14 -8 -15 -17
right_child=1 2 3 11 -6 8 20 10 -10 -11 -12 -13 19 15 17 22 -18 -19 -20 -21 -22 -23 -24
leaf_value=-0.0027240199155623853 0.033703353955284052 0.010288070162535377 0.026737711398323621 0.015234547962516826 -0.012962546586596613 -0.010459370946504114 -0.024626280212511023 0.010920790634302143 0.011910120319870232 0.038788443894658499 0.027923723419427355 0.004511430188819515 0.03147623082088525 -0.035325360603500659 -0.020354206194559615 0.0036863744801580974 -0.017549711641307291 -0.0055334096996671432 0.045709986493776333 0.0038947526361770659 0.0012826599183032741 -0.0203778295547829 -0.014639729454643589
leaf_weight=16317.618520900607 3085.3856840580702 1127.2707049399614 4311.0677837729454 11807.985015749931 47482.574500322342 3433.9726426452398 1606.2194279581308 8002.6307774782181 3978.4382972717285 5279.9403149858117 3716.6539041772485 10731.296382471919 395.61926925182343 1964.2139784246683 6219.3655541017652 497.92609459161758 2330.3282962888479 2211.096961170435 1891.219188272953 481.04100687801838 265.07954224944115 770.8003106340766 694.85030528903008
leaf_count=72055 20715 5858 21737 57003 233459 15643 7658 38442 19069 31091 20271 48182 1667 11276 32137 2197 12021 10568 10901 2251 1127 3798 3179
internal_value=-3.39762e-05 0.00279916 -0.000497609 -0.00365699 -0.00965708 0.0164938 0.0184501 0.022869 0.00154623 0.0337797 0.0163174 0.0101302 -0.00951692 -0.0102506 -0.00828195 -0.0238102 -0.00457865 -0.0164699 0.0382837 0.0163907 -0.020956 -0.0311325 -0.00699192
internal_weight=138603 106720 88152.5 74332.9 51793.6 13819.6 18567.2 16695.9 7412.41 6407.21 11719.3 22539.3 31882.9 31006.2 27078.4 3927.79 18647.9 8430.46 4976.6 876.66 1871.3 2735.01 1192.78
internal_count=682305 531156 432042 360381 255196 71661 99114 90329 34712 36949 58713 105185 151149 147231 126781 20450 84076 42705 31616 3918 8785 15074 5376
is_linear=0
shrinkage=0.05


Tree=39
num_leaves=24
num_cat=0
split_feature=23 0 19 14 1 3 1 6 5 15 8 0 1 3 6 18 6 2 6 14 22 6 0
split_gain=1410.81 1452.24 1641.33 1520.36 1448.28 2183.22 904.984 609.806 338.143 499.019 635.212 537.01 406.769 187.062 185.494 175.393 138.254 107.989 100.449 69.8165 68.0612 67.9494 58.8572
threshold=-0.1502500000000779 -1.0000000180025095e-35 -0.999667840994788 1.60309101800088e-07 -1.0000000180025095e-35 1.5964507671384356e-07 -3.117610534175696e-07 2.4779347986192373e-05 3.7247857495799286e-05 0.0010147136045161314 0.99965290586948063 1.603874331124189e-07 1.0000000180025095e-35 -1.5910072459490718e-07 1.713674326964276e-05 -18.599018208778869 2.0951082251030287e-05 -1.0000000180025095e-35 5.5332959872708293e-05 6.2674419960954646e-05 0.028180000000049967 6.3405744794996354e-05 1.603874331124189e-07
decision_type=2 2 2 2 2 2 2 2 2 2 2 2 2 2 2 2 2 2 2 2 2 2 2
left_child=8 3 15 7 6 -6 -4 13 9 10 12 14 -1 -2 -11 17 -12 -3 -9 -5 21 22 -10
right_child=1 2 4 19 5 -7 -8 18 20 11 16 -13 -14 -15 -16 -17 -18 -19 -20 -21 -22 -23 -24
leaf_value=-0.0013195784749340776 0.0094737577302826514 0.040499458257325129 -0.011844528216241761 -0.024723838641334307 -0.012429715937004123 0.0064425870893488266 0.024852912642216972 0.011734955418088692 -0.0051306189625361896 -0.038342040996014362 -0.026786358319265863 0.022713982897189473 -0.026943851004108989 0.033020877223180749 -0.018508932520779651 0.024965262807405974 -0.011590209708065817 0.069058909357770898 -0.0072100810879018613 -0.0076075032907773196 0.0071135573630521191 0.005232032103093383 0.02153234287380074
leaf_weight=22592.057223498821 935.7898433059454 665.77031663060188 2126.4267394095659 1551.3598173856735 31664.131002180278 29693.225785106421 7978.9722425714135 2883.1353647857904 6570.5246470868587 2469.4352018162608 3856.7376390695572 563.393405392766 1660.8261344134808 8789.4786293581128 2270.4972405582666 760.95538788288832 2455.725385889411 686.94988606870174 921.81902445852757 971.98480112850666 2888.9741873294115 2584.9844259917736 211.69822733104229
leaf_count=104920 4282 3355 9432 7394 163347 134493 45205 14087 29874 13730 23219 2953 7796 53813 11546 4302 12233 2789 4043 4334 12596 11054 927
internal_value=0.000142449 0.0038502 0.000877066 0.0174745 -0.000407778 -0.00329668 0.0171295 0.0241193 -0.00676282 -0.00921264 -0.00675491 -0.0233688 -0.0030766 0.030758 -0.0288546 0.0442789 -0.020881 0.055087 0.00714249 -0.0181439 0.000406716 -0.00166231 -0.00429153
internal_weight=137755 89630 73576.4 16053.6 71462.8 61357.4 10105.4 13530.2 48124.9 35868.7 30565.3 5303.33 24252.9 9725.27 4739.93 2113.68 6312.46 1352.72 3804.95 2523.34 12256.2 9367.21 6782.22
internal_count=681724 450876 362923 87953 352477 297840 54637 76225 230848 176397 148168 28229 112716 58095 25276 10446 35452 6144 18130 11728 54451 41855 30801
is_linear=0
shrinkage=0.05


Tree=40
num_leaves=24
num_cat=0
split_feature=22 1 8 15 19 1 7 7 7 8 9 8 7 15 15 7 0 7 7 8 22 2 24
split_gain=1321.21 1915.68 1658.26 2332.74 2289.72 1174.09 744.052 618.114 385.809 292.03 268.853 228.103 280.063 345.321 261.838 186.941 109.319 109.023 83.4888 78.4042 74.4671 61.3316 70.2696
threshold=0.063885000000047307 1.0000000180025095e-35 0.99999747274353923 0.00083577114456171006 0.99707855268757639 1.5985942525276189e-07 4.0548062694072702e-07 2.6469524029767686e-05 1.4986159460229806e-06 0.5066546769546133 0.90036909534485177 0.99999747274353923 3.3224487104011937e-05 0.99990875912413546 0.99750000000040029 5.5472480468414952e-05 -1.0000000180025095e-35 3.5614774902403354e-05 1.0675457773201661e-05 0.91980865994268834 2.2880250000000451 0.00013230247576156986 -0.16595124916688223
decision_type=2 2 2 2 2 2 2 2 2 2 2 2 2 2 2 2 2 2 2 2 2 2 2
left_child=1 2 3 4 -1 6 19 -5 -4 -8 11 12 13 -2 18 -10 -12 -7 -13 -3 -14 22 -18
right_child=10 5 8 7 -6 17 9 -9 15 -11 16 14 20 -15 -16 -17 21 -19 -20 -21 -22 -23 -24
leaf_value=0.008868311812909346 0.018701990303987902 -0.050801655093889654 -0.036631180320882591 -0.033470905563766078 -0.044451733851377323 0.02071354232949435 -0.026072821866339548 -0.0055870787952337873 -0.014598499728688846 -0.01075562370768935 0.039545217314617846 -0.013734014747144556 0.0043555824974099424 0.0016967493813915407 0.015154722792456506 0.010930507770995558 0.013433070969495801 0.0015563167681474435 -0.0014629471634489315 -0.035063580316743802 -0.0073226321300816346 0.0054935352820900726 0.02754666553170225
leaf_weight=56948.281618863344 9682.5623999834061 1810.2842080444098 2007.9281293004751 4661.6260016411543 2085.2530535086989 1568.0745376646519 5305.4236807152629 3466.006928101182 9241.0669539868832 7538.7944610863924 544.0487457215786 1784.0989807620645 7710.749806791544 4317.3323509395123 2232.3472032994032 775.7547182738781 2263.4953856170177 1411.0776536911726 6198.1451845914125 1458.0915220454335 1656.4794882684946 1096.8300129920244 1454.3609520047903
leaf_count=280482 49341 10808 13810 24121 8917 7862 25749 16008 47403 40339 3052 8791 34291 21025 12440 3435 9870 6129 26560 11881 7251 5111 7412
internal_value=0.000124223 -0.00296407 0.000463699 0.0035255 0.00698335 -0.0171801 -0.0225115 -0.0215848 -0.0166346 -0.017086 0.00791833 0.00625775 0.00898209 0.0134592 2.44815e-05 -0.0126191 0.0183175 0.0116485 -0.00420901 -0.0438078 0.00228878 0.0159024 0.0189673
internal_weight=137218 98277.7 79185.9 67161.2 59033.5 19091.7 16112.6 8127.63 12024.7 12844.2 38940.5 33581.7 23367.1 13999.9 10214.6 10016.8 5358.74 2979.15 7982.24 3268.38 9367.23 4814.69 3717.86
internal_count=682088 496944 394176 329528 289399 102768 88777 40129 64648 66088 185144 159699 111908 70366 47791 50838 25445 13991 35351 22689 41542 22393 17282
is_linear=0
shrinkage=0.05


Tree=41
num_leaves=24
num_cat=0
split_feature=3 3 3 2 1 7 5 7 7 1 8 8 8 20 15 22 20 10 22 8 8 7 5
split_gain=1304.35 3702.74 1783.45 3545.05 1981.15 682.129 630.438 621.676 383.101 377.899 355.313 298.963 298.947 261.554 185.298 153.602 137.083 133.9 118.319 99.8362 97.5643 93.3756 58.9335
threshold=-3.0650899596196263e-07 -1.0000000180025095e-35 1.5964507671384356e-07 -1.0000000180025095e-35 -1.0000000180025095e-35 4.0548062694072702e-07 2.4591955956466132e-05 2.9904584162853696e-05 1.1756636786913056e-07 7.8847461981723665e-07 1.0000000180025095e-35 0.3006908787719707 0.99999747274353923 0.85762974292781191 0.0007328692808726225 -0.48022499999994789 -0.66524092710452887 0.21666809095781844 -0.16662999999995545 0.67799820236260921 0.47373530914665313 1.3652680960656694e-05 8.3996451004001804e-05
decision_type=2 2 2 2 2 2 2 2 2 2 2 2 2 2 2 2 2 2 2 2 2 2 2
left_child=7 5 3 8 -5 15 12 9 -3 10 17 18 -4 -8 -12 -2 22 -1 -7 -18 -17 -13 -9
right_child=1 2 6 4 -6 11 13 16 -10 -11 14 21 -14 -15 -16 20 19 -19 -20 -21 -22 -23 -24
leaf_value=-0.024631420848801017 -0.0031770485573187923 0.045064334518744927 0.016021066601578766 0.028916812521398529 -0.0186639618151557 -0.010537230510365756 -0.0045082215893217101 -0.0061285420867271748 0.017998076620786563 0.025804454941843691 -0.015143209965300912 0.038209873191755603 0.0039088352646654443 0.0070620203426660158 -0.029193672444960378 0.038433146157763845 -0.00089822212937147497 -0.0011884209313843363 0.013875264749327158 0.0091248495737904587 0.053400938255618327 0.022142536402888775 0.0095218538166679054
leaf_weight=679.5274975001812 166.11686395853758 2036.9365233331919 15214.171387717128 2361.3982117623091 29457.133245930076 574.57286158204079 12765.255222901702 8476.4564560949802 3660.9600961282849 620.19359624385834 13976.373985610902 1806.7329364195466 7662.5204775780439 7909.015185624361 2823.6912028342485 2280.8312057256699 5748.5057706385851 5740.620719730854 3574.1777154877782 4371.9393275082111 2156.3296273127198 1839.2999506890774 645.45842491090298
leaf_count=3041 909 12701 75108 13055 158232 2878 56993 38417 20014 2907 67737 9779 34727 36550 15681 16289 25281 26266 21232 19484 12267 9355 2773
internal_value=-6.21575e-05 0.0032556 -0.000636478 -0.00862663 -0.015131 0.0287012 0.0062465 -0.00725977 0.0276873 -0.0126554 -0.013685 0.0196789 0.011965 -8.14879e-05 -0.0175082 0.0439624 -0.000573896 -0.00367737 0.0104897 0.00343211 0.045729 0.0301224 -0.00501874
internal_weight=136548 93465.5 81067.4 37516.4 31818.5 12398.1 43551 43082.8 5697.9 23840.4 23220.2 7794.78 22876.7 20674.3 16800.1 4603.28 19242.4 6420.15 4148.75 10120.4 4437.16 3646.03 9121.91
internal_count=681676 480089 407380 204002 171287 72709 203378 201587 32715 115632 112725 43244 109835 93543 83418 29465 85955 29307 24110 44765 28556 19134 41190
is_linear=0
shrinkage=0.05


Tree=42
num_leaves=24
num_cat=0
split_feature=22 2 4 4 6 1 2 8 6 0 7 21 0 0 14 15 7 7 6 0 8 8 1
split_gain=1273.94 1771.77 1568.54 2549.53 1561.78 1246.04 611.231 486.722 267.242 398.864 244.737 239.734 203.913 301.418 237.512 214.264 207.673 140.925 121.575 113.651 81.0288 79.1684 71.4713
threshold=-0.084884999999955343 -1.0000000180025095e-35 3.1200301808809177e-07 1.0000000180025095e-35 1.2334159282910435e-07 -1.0000000180025095e-35 -4.6891129823478645e-07 0.54332745185250364 1.9950283806673523e-05 -1.5327534530484852e-07 1.4986159460229806e-06 0.79165066997936029 1.603874331124189e-07 1.0000000180025095e-35 1.60309101800088e-07 0.99990875912413546 2.7881666868545783e-05 5.5472480468414952e-05 3.5399064835015419e-05 -1.6014943948761126e-07 0.010619164461919814 0.22710542555064031 4.1452512460793407e-05
decision_type=2 2 2 2 2 2 2 2 2 2 2 2 2 2 2 2 2 2 2 2 2 2 2
left_child=12 4 3 5 10 -3 18 -5 9 -4 20 -8 13 14 15 -1 -15 -16 -6 -10 -2 -12 -14
right_child=1 2 8 7 6 -7 11 -9 19 -11 21 -13 22 16 17 -17 -18 -19 -20 -21 -22 -23 -24
leaf_value=-0.0028170111175242329 0.035261409857617332 0.020665820911750614 0.035492085348260226 -0.049581669447985699 -0.014410784283397902 -0.005554900672345077 0.010037803773041223 -0.022665444783836884 -0.022156648893441603 0.0091440370462912077 0.015228616137889195 0.029290446570710862 0.026108255578775854 -0.031307195709861506 -0.018742528081131939 -0.019654530139131373 -0.0090620911740578718 -0.0024058300591276644 0.001819390702060264 0.0035973820459872597 0.050304188891966743 0.033081462663426701 -0.0026117113955096806
leaf_weight=19685.943876296282 1497.676812633872 5303.5492896214128 1576.3826298564672 3135.5773041173816 2840.0093516483903 31027.640514984727 8230.8671977370977 3630.3588792979717 436.13128304481506 16030.833928257227 1230.1742384135723 2012.2679029554129 561.11906051635742 2335.7510949075222 5556.7286840677261 2088.3767678588629 1908.9270617514849 1733.0078802406788 1940.898593261838 19199.452401816845 2342.5231517404318 1268.193623110652 351.02090631425381
leaf_count=89948 12011 29207 9385 15544 13595 157044 41259 23453 1771 75556 8103 11759 2495 13975 29440 10707 8950 7590 8414 88090 14612 7333 1631
internal_value=0.000114479 0.0029224 -0.000480708 -0.00697516 0.0157198 -0.00172619 0.00693616 -0.0351511 0.00703447 0.011507 0.0365297 0.0138255 -0.00823004 -0.00886908 -0.00705016 -0.00443379 -0.0213132 -0.0148612 -0.00782279 0.0030229 0.0444602 0.0243121 0.0150689
internal_weight=135923 101703 80339.9 43097.1 21362.6 36331.2 15024 6765.94 37242.8 17607.2 6338.57 10243.1 34220.9 33308.7 29064.1 21774.3 4244.68 7289.74 4780.91 19635.6 3840.2 2498.37 912.14
internal_count=681872 517136 400050 225248 117086 186251 75027 38997 174802 84941 42059 53018 164736 160610 137685 100655 22925 37030 22009 89861 26623 15436 4126
is_linear=0
shrinkage=0.05


Tree=43
num_leaves=24
num_cat=0
split_feature=4 4 4 3 2 6 22 18 8 22 7 15 8 7 22 7 0 0 6 1 6 0 17
split_gain=1119.66 3862.18 2005.88 3162.12 2009.52 649.153 559.339 368.74 361.388 352.457 333.72 394.561 418.982 252.378 220.157 192.543 174.946 114.719 104.287 100.705 80.8815 53.0203 46.156
threshold=-4.6730205838230171e-07 -1.0000000180025095e-35 3.1200301808809177e-07 -1.0000000180025095e-35 -1.0000000180025095e-35 1.8494504209361637e-05 0.063885000000047307 -18.599018208778869 0.99999747274353923 -0.02114999999995287 2.5755128381251613e-05 0.0012812305063777819 0.99912039662881991 1.1390620567408091e-06 -0.17645499999997746 1.1756636786913056e-07 1.5959655286224009e-07 1.603874331124189e-07 9.7352290857561979e-06 -1.0000000180025095e-35 7.1361212445236258e-05 -1.5364178729271313e-07 -0.36789019626464409
decision_type=2 2 2 2 2 2 2 2 2 2 2 2 2 2 2 2 2 2 2 2 2 2 2
left_child=6 7 3 13 -5 8 10 19 -4 -7 11 12 -1 -3 -9 -16 -13 20 21 -2 -12 -8 -20
right_child=1 2 5 4 -6 9 18 14 -10 -11 17 16 -14 -15 15 -17 -18 -19 22 -21 -22 -23 -24
leaf_value=-0.0065354113757284359 0.038537766560785898 0.042226864902971735 0.016623824952648032 0.032374277287460777 -0.025116247281300054 -0.0078758333868884454 0.011866743454595421 0.0011162915268408894 0.0026303564804517772 0.0040913494355861897 -0.0052969134585866421 -0.033065009593152901 -0.024886914583703866 0.015973155558830113 0.040554446385546422 0.02113664746618675 0.041495387993798483 0.018909234724423431 0.00038643352526310877 0.058377642378407868 0.0057378317727064922 -0.014821799325202846 0.0084349798121857184
leaf_weight=15924.29140406847 1080.6103682667017 1996.1533877402544 14415.755024962127 1658.9466169029474 17934.02313079685 8517.0426542013884 230.41734567284584 662.46678744256496 6787.7891072928905 22147.143654018641 16234.719369143248 2539.5828456282616 3864.4263453558087 1697.8241999596357 2820.3789162486792 2349.7213969901204 79.489819273352623 553.00851206481457 2412.5160826593637 1649.0768795162439 1847.7125670909882 934.74232342839241 6822.3580679297447
leaf_count=74192 6693 13216 73691 10254 103343 38770 1188 3486 31893 102799 75230 14551 23658 9632 19494 14129 414 2429 10560 7289 7953 4540 31487
internal_value=3.31413e-06 0.00357068 -5.45289e-05 -0.0122449 -0.0202454 0.00541873 -0.0058019 0.0353839 0.0121451 0.000766979 -0.00842633 -0.0125378 -0.0101216 0.0301767 0.0282659 0.0317419 -0.0307702 -0.00348151 0.00455442 0.0505594 -0.00416857 -0.0095284 0.00633346
internal_weight=135160 83716.9 75154.7 23286.9 19593 51867.7 51443.3 8562.25 21203.5 30664.2 41043.2 22407.8 19788.7 3693.98 5832.57 5170.1 2619.07 18635.4 10400 2729.69 18082.4 1165.16 9234.87
internal_count=680891 434689 383598 136445 113597 247153 246202 51091 105584 141569 198427 112815 97850 22848 37109 33623 14965 85612 47775 13982 83183 5728 42047
is_linear=0
shrinkage=0.05


Tree=44
num_leaves=24
num_cat=0
split_feature=22 1 15 3 9 7 1 7 18 9 24 4 0 0 14 6 18 0 2 7 18 18 9
split_gain=1091.44 1446.99 1324.28 1533.08 2123.04 1058.08 679.094 560.282 345.649 237.29 217.661 201.986 194.901 227.176 191.136 170.823 145.412 115.336 100.32 96.5771 67.7137 67.512 62.4965
threshold=0.081610000000053418 1.0000000180025095e-35 0.00095695970680512892 -3.0650899596196263e-07 0.59978135153057444 4.0548062694072702e-07 1.5985942525276189e-07 2.6469524029767686e-05 -18.599018208778869 0.90036909534485177 0.023382618678172564 1.5880071213558725e-07 1.603874331124189e-07 1.0000000180025095e-35 1.60309101800088e-07 5.6529706200911138e-05 -4.0288377994380484 1.603874331124189e-07 7.4483474634234894e-05 5.32787853078245e-05 -9.3745923936566431 -0.066251988411684656 0.70000000000001261
decision_type=2 2 2 2 2 2 2 2 2 2 2 2 2 2 2 2 2 2 2 2 2 2 2
left_child=1 2 3 10 -5 20 8 11 -7 12 -1 -4 13 14 -2 21 -11 -9 -18 -8 -3 -14 -15
right_child=9 5 7 4 -6 6 19 17 -10 16 -12 -13 15 22 -16 -17 18 -19 -20 -21 -22 -23 -24
leaf_value=-0.0044733266855892266 0.007248392997857513 -0.05144888080205428 -0.036528968724386088 0.01614936384731884 -0.0071877660710144902 -0.028681042966310039 0.01559296129643919 -0.0067593429770892964 -0.010153500208913513 0.0038167733032373414 -0.015260790765342673 -0.012803414198465419 0.02160156446667023 -0.010760130739336097 -0.015096206021737233 -0.0011561443904452835 0.028440182053245312 0.0246611509100477 0.01119731513952419 -0.0037645414475554455 -0.035983662329663178 0.0070095802915626148 0.00075624335147428065
leaf_weight=21807.158126674592 18750.796161398292 1124.717612683773 3411.4151101708412 28787.68038546294 14730.770713359118 3410.4414137303829 2408.5377227663994 3264.6782884001732 9620.2888327389956 1449.1349741891026 5952.55024766922 1221.8699243813753 3624.1092268079519 2830.044238910079 1006.5573222339153 1468.244057700038 2445.687679246068 318.73251032829285 1294.8247838765383 877.96884983778 2023.1741861775517 1019.0561471879482 2015.3710472434759
leaf_count=97386 89060 6438 19225 154370 79042 15921 11962 15322 52326 6547 30793 5676 20349 12525 4412 6635 12019 1287 6376 3739 16811 5499 8648
internal_value=-8.05292e-05 -0.00278991 0.000201951 0.00239328 0.00824978 -0.0150076 -0.0098842 -0.0188028 -0.0150066 0.0073868 -0.00678761 -0.0302815 0.00571496 0.00372894 0.00610836 0.0137054 0.0172743 -0.003951 0.0224819 0.0104211 -0.04154 0.0184045 -0.00597072
internal_weight=134864 98960 79494.9 71278.2 43518.5 19465.1 16317.2 8216.7 13030.7 35903.8 27759.7 4633.29 30714.2 24602.8 19757.4 6111.41 5189.65 3583.41 3740.51 3286.51 3147.89 4643.17 4845.42
internal_count=682368 510298 403101 361591 233412 107197 83948 41510 68247 172070 128179 24901 147128 114645 93472 32483 24942 16609 18395 15701 23249 25848 21173
is_linear=0
shrinkage=0.05


Tree=45
num_leaves=24
num_cat=0
split_feature=19 1 1 0 1 7 18 0 18 7 4 2 8 15 11 9 7 2 18 2 7 7 18
split_gain=998.028 1087.4 1739.52 1079.53 1344.45 727.414 506.039 391.141 368.141 345.351 219.728 211.38 179.777 265.257 138.452 100.215 92.3617 83.7068 76.5072 56.692 54.0448 49.0352 30.9933
threshold=-0.999667840994788 1.5985942525276189e-07 1.0000000180025095e-35 1.0000000180025095e-35 -3.117610534175696e-07 6.3023061696769568e-06 -18.599018208778869 1.603874331124189e-07 -18.599018208778869 4.2468594221635629e-05 1.5880071213558725e-07 -1.0000000180025095e-35 0.99986408058793275 0.99938366665359646 0.99415204678455893 0.00423902823451417 1.1756636786913056e-07 -1.8568208535185702e-06 -18.599018208778869 0.0001923677474300334 1.1643451422436409e-05 7.8268059079661644e-06 -5.9894685360740096
decision_type=2 2 2 2 2 2 2 2 2 2 2 2 2 2 2 2 2 2 2 2 2 2 2
left_child=6 2 3 4 -2 10 11 -5 -7 12 -4 17 13 -3 -14 -8 -17 -1 -11 -20 -19 -13 -18
right_child=1 9 5 7 -6 8 15 -9 -10 18 -12 21 14 -15 -16 16 22 20 19 -21 -22 -23 -24
leaf_value=0.0016360524198291066 -0.010275914206016451 0.027688350411013831 -0.035752715767691561 -0.017324421313927033 0.0056099902165548839 -0.024587781907756536 -0.024622629340606165 0.028456902300836907 -0.0057721397026459882 0.021662600162956486 -0.0071611569298499255 0.07137425107457071 -0.00072208366478424728 0.0094742378204072455 0.016362845623314411 0.035022128622484487 0.013599396669721814 0.046115937726127702 0.0029657744472977939 -0.0071017332132662404 0.019698366955027406 0.04815043069994842 -0.0020284532929820192
leaf_weight=250.95496174693108 16826.077331513166 4471.4474883973598 4611.7767698466778 9547.7649648040533 63861.66174121201 3378.3440373986959 229.34790398180485 488.67229309678078 11270.590294055641 422.70122382044792 788.39655250310898 460.72672143578529 2527.4736796319485 3621.0388769209385 2230.7024718225002 309.53862570971251 553.25654198974371 453.71364437043667 4377.4489738047123 2052.2412926256657 346.72160326689482 502.86361810564995 738.09082784503698
leaf_count=1073 80556 23289 33083 49787 324923 15489 1108 1987 57163 1731 3821 1913 10762 18685 13405 2088 2847 2521 19599 9090 1673 2044 3732
internal_value=9.2918e-05 -0.000647105 -0.00257226 0.000373261 0.00229702 -0.0159 0.025192 -0.0150896 -0.0101145 0.0101753 -0.0315836 0.0424669 0.0150085 0.0195433 0.00729004 0.0061451 0.0105813 0.0268739 0.00110877 -0.000248024 0.0347566 0.0593846 0.00467385
internal_weight=134322 130476 110773 90724.2 80687.7 20049.1 3845.21 10036.4 14648.9 19703.1 5400.17 2014.98 12850.7 8092.49 4758.18 1830.23 1600.89 1051.39 6852.39 6429.69 800.435 963.59 1291.35
internal_count=682369 663370 566809 457253 405479 109556 18999 51774 72652 96561 36904 9224 66141 41974 24167 9775 8667 5267 30420 28689 4194 3957 6579
is_linear=0
shrinkage=0.05


Tree=46
num_leaves=24
num_cat=0
split_feature=23 19 0 0 1 4 7 7 5 15 8 0 19 7 8 7 2 1 2 0 15 7 4
split_gain=954.524 1012.86 1178.49 1110.33 983.625 1375.59 758.942 658.707 325.998 306.549 377.828 334.154 281.611 260.831 183.788 174.953 97.9746 68.9692 64.2542 63.4719 62.7417 48.0895 46.422
threshold=-0.1502500000000779 -0.999667840994788 -1.0000000180025095e-35 -1.6014943948761126e-07 -1.0000000180025095e-35 3.1200301808809177e-07 7.3888978302272095e-06 2.0588367354480443e-05 3.7247857495799286e-05 0.0010147136045161314 0.99965290586948063 1.603874331124189e-07 0.99985463733646096 2.0980515723944258e-05 0.47373530914665313 1.7117380513105781e-05 -1.0000000180025095e-35 -0.00012352201031529117 -1.5870436254061812e-07 -1.6014943948761126e-07 0.047619047611623173 1.1458592926515492e-05 -0.00063172752855766834
decision_type=2 2 2 2 2 2 2 2 2 2 2 2 2 2 2 2 2 2 2 2 2 2 2
left_child=8 14 3 17 6 -6 -4 -5 9 10 12 13 -1 -11 18 -12 21 -3 -2 20 22 -16 -10
right_child=1 2 4 7 5 -7 -8 -9 19 11 15 -13 -14 -15 16 -17 -18 -19 -20 -21 -22 -23 -24
leaf_value=-0.0026865973337710618 -0.021194688035526033 -0.0001724824422629866 0.035881946182279571 0.030478948109913487 -0.010758129976505052 0.0044309900439690308 0.0052218114358005266 0.007378061034102143 0.007531233129860284 -0.035364144742389095 -0.027453038638868013 0.017404899205006846 -0.045890794829832972 -0.01107462805311204 0.046208225406625572 -0.010185526206498026 0.062347395397751172 -0.019805462649172115 0.023583327662024575 0.0033431467301165774 0.029052001892438541 0.017734975092933453 -0.010082769779483447
leaf_weight=23494.44375000149 88.46676367521286 580.73044613003731 2875.554144628346 7458.0775119662285 28580.847899869084 31149.741349086165 6764.4846542626619 5266.7190953344107 451.3682701587677 2385.7652720585465 2513.664917640388 542.38428822159767 381.35549026727676 2064.0008693784475 365.42481479793787 3531.6921443939209 674.12790833413601 1953.3252845555544 717.88076536357403 9393.8720127940178 124.51042418181896 256.24964033067226 2139.4632158726454
leaf_count=110918 449 2623 19625 49048 153628 144292 35033 26545 2027 14541 17099 2955 1687 10791 2134 18393 2811 9306 4399 41435 545 1281 10318
internal_value=6.43706e-05 0.00317449 0.00232239 0.014902 -0.000444907 -0.00283698 0.0143736 0.0209207 -0.00567193 -0.00812365 -0.00620884 -0.0195922 -0.00338067 -0.0241087 0.0374416 -0.0173729 0.0491006 -0.0153118 0.0186241 0.00139661 -0.00533318 0.0345743 -0.00700873
internal_weight=133754 86731.6 84629.5 15258.9 69370.6 59730.6 9640.04 12724.8 47022.5 34913.3 29921.2 4992.15 23875.8 4449.77 2102.15 6045.36 1295.8 2534.06 806.348 12109.2 2715.34 621.674 2590.83
internal_count=681883 451174 440100 87522 352578 297920 54658 75593 230709 176384 148097 28287 112605 25332 11074 35492 6226 11929 4848 54325 12890 3415 12345
is_linear=0
shrinkage=0.05


Tree=47
num_leaves=24
num_cat=0
split_feature=22 0 19 1 2 6 6 14 21 8 2 9 8 15 19 2 6 0 0 0 0 18 18
split_gain=899.521 1259.78 1348.58 1100.83 1547.54 792.598 756.117 509.539 236.039 184.759 180.176 137.128 140.539 183.798 103.891 95.1581 73.3457 68.3469 60.3957 126.002 77.2223 60.0044 59.134
threshold=-0.11211999999995512 -1.0000000180025095e-35 -0.998732326363866 -1.0000000180025095e-35 1.596229957101514e-07 3.2794582308597232e-07 1.2334159282910435e-07 1.60309101800088e-07 0.81219215870183226 0.49999187652315197 -0.0001213426463495537 0.092686730848466334 0.99999747274353923 0.0014054876239789399 -0.75176519119611906 -1.0000000180025095e-35 7.1361212445236258e-05 -7.8173883455434623e-07 -1.5834861422092669e-07 -1.5448178736221505e-07 -1.5882698001234982e-07 -1.892430995943484 -0.2274277153308035
decision_type=2 2 2 2 2 2 2 2 2 2 2 2 2 2 2 2 2 2 2 2 2 2 2
left_child=10 5 9 6 -5 18 -4 8 -7 -3 16 21 13 -13 -14 -11 17 22 20 -20 -2 -12 -1
right_child=1 2 3 4 -6 7 -8 -9 -10 15 11 12 14 -15 -16 -17 -18 -19 19 -21 -22 -23 -24
leaf_value=-0.015434780038408339 0.014731021010310591 0.017837758652140778 0.033317261761045089 -0.0085871528364952297 0.0075467841350954122 0.0086921106211691156 0.0047926676110294671 -0.01627618118101044 0.027333359199579396 0.032791854035129568 -0.015759327666995684 -0.0045016144681872807 -0.023487735816428226 -0.017262675672951269 -0.00435019039269691 0.057498150409530206 0.0087258649091347725 0.0011435898245415769 0.020425135249413997 0.040532663314649608 0.047818950302698705 -0.035126592243504402 0.0014687763489163834
leaf_weight=1583.3922751098871 216.41631778329611 923.62408137321472 3264.4070845991373 49728.830397851765 21196.173550516367 9125.6866958215833 8050.5925225317478 1830.1228463500738 2086.087393514812 744.25986690074205 1022.4893801808357 15039.778142027557 2433.1023261621594 3472.7482038736343 1003.0077137202024 848.16825525462627 1602.6174656301737 3429.7304340600967 1849.6632034555078 1357.6313813924789 1019.7003949061036 663.61830846965313 766.79865671694279
leaf_count=8206 1463 5317 22539 254099 101012 46050 40814 8809 12599 4022 4873 70379 14207 18716 5149 3543 6840 15428 12868 9747 7666 3407 3858
internal_value=-9.26978e-05 0.00216993 -0.000351019 -0.00145463 -0.00376532 0.0143886 0.013027 0.00817189 0.0121652 0.0356924 -0.00755075 -0.00968043 -0.00862288 -0.00689733 -0.0179087 0.0460098 -0.000731233 -0.00335641 0.0326222 0.0289581 0.0420632 -0.0234174 -0.00992096
internal_weight=133259 102241 84756.1 82240 70925 17485.3 11315 13041.9 11211.8 2516.05 31017.3 23634.7 21948.6 18512.5 3436.11 1592.43 7382.54 5779.92 4443.41 3207.29 1236.12 1686.11 2350.19
internal_count=681611 530548 431346 418464 355111 99202 63353 67458 58649 12882 151063 116731 108451 89095 19356 7565 34332 27492 31744 22615 9129 8280 12064
is_linear=0
shrinkage=0.05


Tree=48
num_leaves=24
num_cat=0
split_feature=22 2 3 3 6 15 7 2 5 10 15 8 8 8 7 15 11 17 5 7 7 14 7
split_gain=846.898 1306.19 1159.84 2012.81 1024.66 793.556 561.613 328.736 307.419 226.834 226.758 225.246 171.8 150.25 196.415 266.637 192.51 108.716 102.818 99.2303 73.4419 62.4163 62.1148
threshold=0.04217000000002926 1.0000000180025095e-35 -3.0650899596196263e-07 -1.0000000180025095e-35 1.2334159282910435e-07 0.9987737579691961 1.1756636786913056e-07 1.5917221585226573e-07 3.7247857495799286e-05 0.80983205133447966 0.002020210264794695 0.50000813881563966 0.83336110185493739 0.99999747274353923 5.4290655675468567e-05 0.99938366665359646 0.99750623441436337 -0.21896604719548327 3.2050645480065536e-05 1.1756636786913056e-07 1.9718362819219486e-05 1.5448309959270192e-07 5.9042459834467014e-05
decision_type=2 2 2 2 2 2 2 2 2 2 2 2 2 2 2 2 2 2 2 2 2 2 2
left_child=1 2 8 6 12 -5 -4 11 10 13 -1 -6 21 14 15 -2 -15 -11 -9 -14 -19 -3 -10
right_child=9 4 3 5 7 -7 -8 18 22 17 -12 -13 19 16 -16 -17 -18 20 -20 -21 -22 -23 -24
leaf_value=-0.0086425085632841486 0.012463714049384868 -0.047272645056646717 0.040675762302387203 0.0022418018502461559 -0.022673736598384814 -0.022119197121096144 0.016009528744695772 0.011430515489043567 -0.00196806957331836 0.0079497055144594243 -0.025206963534959465 -0.0057332468321480354 -0.033678238043267174 -0.0034290315915149038 -0.002988767691944351 0.0003780834210727964 0.012368019490032424 0.030029529710381038 -0.005882037235648431 -0.0120604216050659 0.013541951854659879 -0.028096261169225541 0.0073455093259962622
leaf_weight=20389.727162331343 14223.951851755381 2121.6641649752855 3668.5047768503428 28882.49205763638 3499.9820662885904 3778.4469906538725 6231.2380741983652 2282.1521627083421 6112.5464423745871 2494.7113808989525 2298.4490880072117 4469.398799918592 1236.1106759831309 9541.2449736297131 4440.4170836955309 6720.8138612508774 2415.0490005761385 1463.9624812677503 1371.1623971313238 936.67589549720287 1266.066965341568 546.21540781855583 2529.1630970239639
leaf_count=96848 72946 12101 25584 152200 17022 19376 35733 11208 28169 11693 13224 23967 11188 43851 19259 33004 13898 7614 5962 6667 6143 3973 10893
internal_value=-6.37844e-05 -0.00280317 3.45834e-05 0.00540919 -0.0155383 -0.000577478 0.0251569 -0.00748507 -0.00726637 0.00575077 -0.0103229 -0.0131776 -0.0348625 0.00438477 0.00656129 0.00858629 -0.000236236 0.0155073 0.00493174 -0.0243809 0.0224007 -0.0433724 0.00075822
internal_weight=132920 90353.9 73890.6 42560.7 16463.4 32660.9 9899.74 11622.7 31329.9 42566.2 22688.2 7969.38 4840.67 37341.5 25385.2 20944.8 11956.3 5224.74 3653.31 2172.79 2730.03 2667.88 8641.71
internal_count=682523 474115 382027 232893 92088 171576 61317 58159 149134 208408 110072 40989 33929 182958 125209 105950 57749 25450 17170 17855 13757 16074 39062
is_linear=0
shrinkage=0.05


Tree=49
num_leaves=24
num_cat=0
split_feature=19 22 2 7 1 2 7 2 8 4 21 0 15 8 7 18 0 7 7 3 10 21 18
split_gain=802.369 932.401 1112.08 1199.52 947.761 1241.82 474.5 358.976 252.407 248.748 150.463 143.694 134.116 133.164 127.98 124.457 114.743 63.7691 49.7989 46.0433 24.8856 17.8937 16.1651
threshold=1.0000000000002525 -0.068679999999964339 -1.0000000180025095e-35 5.2027438247295485e-06 -1.0000000180025095e-35 1.5917221585226573e-07 1.4942146157879301e-05 -4.6891129823478645e-07 0.99999747274353923 -1.592452543164313e-07 -0.88004501671319524 -1.6014943948761126e-07 0.0018231555712188196 0.99999747274353923 2.8195673548355857e-06 0.63936394656920725 -1.5354810489753842e-07 9.8147975836977516e-08 1.7117380513105781e-05 1.5895487770478669e-07 0.53303465683244411 -0.19640065553629274 -7.0075908754416636
decision_type=2 2 2 2 2 2 2 2 2 2 2 2 2 2 2 2 2 2 2 2 2 2 2
left_child=1 10 3 9 6 -6 -4 -5 14 -3 12 15 13 -1 -2 -12 -13 -10 -14 21 -19 -16 -22
right_child=8 2 4 7 5 -7 -8 -9 17 -11 11 16 18 -15 19 -17 -18 20 -20 -21 22 -23 -24
leaf_value=-0.0075096124300019496 -0.058260821855386315 0.0062707936732795998 0.03017922755812591 -0.0058174843002829213 -0.0066635391779808362 0.0076576523837782089 0.0056916056669701681 0.011536774075152287 -0.031948400099128881 0.040001903394519242 -0.014017271603650789 0.0039651096242944049 -0.046706376966585562 -0.030086350698362241 -0.043528678961243461 0.009811984901745726 -0.0048147286023391828 -0.023254664614544618 -0.021367352109666032 -0.011606777387299597 -0.0079842245207402268 -0.027513411712299291 0.0059821596982262346
leaf_weight=4831.3405472785234 578.21253009140491 631.09889421612024 3562.3435925245285 4123.314623773098 42969.930793724954 23366.747304655612 4449.7007874697447 10730.673025004566 243.84513662010431 4136.1677572876215 5516.6625671833754 4665.1875824332237 346.91427761316299 754.05161814391613 355.81581565737724 606.684730052948 18355.152762651443 134.0242373123765 454.03950421512127 287.17155873775482 369.35435009002686 383.14608269929886 466.588532961905
leaf_count=22662 2739 3314 22882 19128 221565 113040 22137 58531 1891 31582 28648 21373 2399 4807 1616 2896 90033 806 2538 1179 1936 1715 2396
internal_value=-4.5695e-05 0.000528833 0.00313766 0.0137251 0.000343185 -0.00161882 0.0165848 0.00671894 -0.0264298 0.0355421 -0.00637065 -0.00484662 -0.013321 -0.0105681 -0.0394354 -0.0116531 -0.00303504 -0.00919909 -0.0324376 -0.02873 -0.0034209 -0.0353283 -0.000187131
internal_weight=132318 129500 93970 19621.3 74348.7 66336.7 8012.04 14854 2818.16 4767.27 35530 29143.7 6386.35 5585.39 1604.35 6123.35 23020.3 1213.81 800.954 1026.13 969.967 738.962 835.943
internal_count=681813 667535 492179 112555 379624 334605 45019 77659 14278 34896 175356 142950 32406 27469 7249 31544 111406 7029 4937 4510 5138 3331 4332
is_linear=0
shrinkage=0.05


Tree=50
num_leaves=24
num_cat=0
split_feature=19 23 3 3 4 4 5 7 18 7 0 14 14 2 5 20 8 7 7 9 23 7 2
split_gain=760.904 843.589 897.767 1423.15 805.55 2097.28 424.63 420.915 412.742 264.504 627.859 381.771 379.726 175.062 169.336 104.645 99.293 82.2399 76.6711 44.7097 39.1362 38.0556 34.8123
threshold=-0.999667840994788 0.062064999999929669 1.0000000180025095e-35 1.5964507671384356e-07 -1.592452543164313e-07 -1.0000000180025095e-35 2.424028334763486e-05 2.5815195784750532e-06 -18.599018208778869 2.8591747204244944e-05 -1.0000000180025095e-35 1.5964232449569374e-07 1.60309101800088e-07 -1.0000000180025095e-35 1.2643663058979469e-05 0.94414655001682479 0.2584659425264822 1.0887877229698191e-07 8.7695490005364399e-06 0.20000000000001092 -0.30980500000005007 7.8268059079661644e-06 -1.5391245522522465e-07
decision_type=2 2 2 2 2 2 2 2 2 2 2 2 2 2 2 2 2 2 2 2 2 2 2
left_child=8 2 4 7 6 -6 -2 -4 13 10 12 -12 -3 18 -5 16 -11 20 -1 -19 -10 -15 -21
right_child=1 9 3 14 5 -7 -8 -9 17 15 11 -13 -14 21 -16 -17 -18 19 -20 22 -22 -23 -24
leaf_value=0.040690287554970173 -0.011082213539499983 0.026936904903077437 -0.044734609209257085 0.011823359331414422 0.033514949653488411 -0.0022269842556486147 -7.8872518367384932e-05 -0.020461523898495142 -0.0091896833171134836 -0.0075845879262074886 0.0019527935861071172 0.021045088174725415 -0.026663156126405477 0.064369348724299669 -0.0050380023007727606 0.0071572606470461514 0.00056124787658156131 -0.01026245932267271 0.012446640565968156 -0.0012659215378336948 0.036239928416361138 0.043581000693072316 0.019178589142085953
leaf_weight=397.24307894706726 20282.139360770583 4653.8231481015682 3088.5104215368629 2538.812500230968 5230.3589155226946 19035.697581395507 15445.416591897607 4250.1957872211933 56.932014331221581 5381.5578290969133 25300.455751895905 2918.812667965889 354.01105311512947 451.21100018918514 3594.8601847589016 3865.4012898802757 12257.361913621426 622.65353920310736 612.3055772408843 493.23090054094791 257.52991116046906 484.870565995574 357.51969971507788
leaf_count=2368 103187 30241 21787 12422 33403 108471 72152 23842 338 24892 123491 17799 1887 1939 16475 17974 55284 3026 2911 2687 1884 2007 1818
internal_value=-2.15062e-05 -0.00066971 -0.00417053 -0.0158333 -0.00155096 0.00547883 -0.00632576 -0.030687 0.022223 0.00402933 0.0068255 0.0039291 0.0231377 0.0381477 0.00194191 -0.000291148 -0.00192431 0.0048671 0.0236235 -9.64647e-05 0.0279932 0.0537226 0.00734465
internal_weight=131931 128197 73466 13472.4 59993.6 24266.1 35727.6 7338.71 3733.5 54731.4 33227.1 28219.3 5007.83 1945.63 6133.67 21504.3 17638.9 1787.87 1009.55 1473.4 314.462 936.082 850.751
internal_count=682285 663307 391739 74526 317213 141874 175339 45629 18978 271568 173418 141290 32128 9225 28897 98150 80176 9753 5279 7531 2222 3946 4505
is_linear=0
shrinkage=0.05


Tree=51
num_leaves=24
num_cat=0
split_feature=21 8 18 22 2 2 1 8 1 1 2 4 4 24 5 5 2 0 22 4 0 4 5
split_gain=718.494 409.8 466.216 442.279 622.749 1408 934.528 371.611 408.535 490.603 414.957 577.301 222.173 201.692 190.18 169.659 162.103 158.964 125.26 90.4394 79.9438 66.8724 48.9053
threshold=-0.60114163086931383 1.0000000180025095e-35 -3.9614759235939632 0.09464500000002489 -1.0000000180025095e-35 -1.5930646934947387e-07 -1.0000000180025095e-35 0.99999747274353923 1.0000000180025095e-35 1.5941155417920075e-07 1.0000000180025095e-35 -1.592452543164313e-07 -1.592452543164313e-07 -0.16595124916688223 2.9951728953505293e-05 5.2249949329588343e-05 1.5917221585226573e-07 -1.5333547587204063e-07 0.030730000000028287 -0.00020842422864841834 1.5933845176618891e-07 -0.00022269233372629313 1.003405499875303e-05
decision_type=2 2 2 2 2 2 2 2 2 2 2 2 2 2 2 2 2 2 2 2 2 2 2
left_child=7 2 12 4 5 -3 -6 8 10 19 11 -1 -2 17 -14 -15 -12 -5 20 -10 21 -9 -4
right_child=1 3 22 13 6 -7 -8 18 9 -11 16 -13 14 15 -16 -17 -18 -19 -20 -21 -22 -23 -24
leaf_value=-0.004039891656123909 0.0030439462119818557 -0.0056737553160164031 0.0026148482146921316 0.016430321270178277 0.021111691427683953 0.023971969499632286 -0.0081226991651295929 -0.012423396204608583 -0.012725742486286509 0.015964100408400714 -0.035572561466686303 0.016025167776204514 0.021528988965876183 0.01428067630784003 0.0029754091008085326 -0.0014365999603943602 0.0072565569151600111 0.00086348934579764242 -0.0033396091790078987 -0.035782200930097326 0.023151468537138759 -0.02618925167956709 -0.0084204271707816469
leaf_weight=17575.987901091576 3327.2781611457467 10252.353115163743 1517.8909092471004 1822.1496106386185 2975.5167964398861 6570.1187189593911 33377.313669927418 1209.0419091954827 545.21121980249882 716.27841256558895 1177.2687030434608 4501.1137432530522 7520.8378422036767 8502.4344020113349 1693.4330840408802 2150.1526037603617 270.88617719709873 16255.686962395906 1182.2195403501391 1994.0732128918171 96.159861579537392 3337.9011525735259 2955.6250792220235
leaf_count=82907 15664 48738 9215 9517 16092 38594 171942 6418 2833 3379 6234 25392 51251 46690 8279 9906 1230 71575 6204 12100 484 22975 14440
internal_value=-1.91185e-06 0.00211974 0.00918006 0.000652786 -0.00204784 0.00590574 -0.00572867 -0.00643849 -0.00394806 -0.0205432 -0.00164976 5.18584e-05 0.0141226 0.00565118 0.0181211 0.0111081 -0.0275587 0.00243446 -0.0178816 -0.0308476 -0.0215802 -0.0225371 -0.00467548
internal_weight=131527 98920.8 17015.1 81905.7 53175.3 16822.5 36352.8 32606.1 26780.8 3255.56 23525.3 22077.1 12541.5 28730.4 9214.27 10652.6 1448.15 18077.8 5825.32 2539.28 4643.1 4546.94 4473.52
internal_count=682059 511903 98849 413054 275366 87332 188034 170156 134075 18312 115763 108299 75194 137688 59530 56596 7464 81092 36081 14933 29877 29393 23655
is_linear=0
shrinkage=0.05


Tree=52
num_leaves=24
num_cat=0
split_feature=19 22 0 19 1 7 14 8 4 21 0 18 15 0 14 8 4 7 7 7 10 23 22
split_gain=737.565 775.668 933.804 949.044 770.719 642.553 304 216.603 198.307 143.16 146.073 137.019 134.525 133.427 131.858 128.944 91.0989 51.8846 38.5976 37.2634 30.3295 18.2009 14.554
threshold=1.0000000000005389 -0.043324999999978901 -1.0000000180025095e-35 -0.99542302031680518 -1.0000000180025095e-35 9.5722386866818602e-06 1.60309101800088e-07 0.99999747274353923 -1.592452543164313e-07 -0.88004501671319524 -1.6014943948761126e-07 -18.599018208778869 0.002503132831679022 -1.5354810489753842e-07 7.7156400211003529e-05 0.99999747274353923 1.5880071213558725e-07 1.7306285945897375e-05 1.0014880395593076e-07 2.5815195784750532e-06 0.54721349523545271 0.062064999999929669 0.0026300000000578434
decision_type=2 2 2 2 2 2 2 2 2 2 2 2 2 2 2 2 2 2 2 2 2 2 2
left_child=1 9 5 11 -5 8 -7 16 -3 12 14 -4 15 -12 -11 -1 19 -14 -9 -2 -20 -21 -22
right_child=7 2 3 4 -6 6 -8 18 -10 10 13 -13 17 -15 -16 -17 -18 -19 20 21 22 -23 -24
leaf_value=-0.0064892915781180104 -0.059560488394881705 0.0081728582491996018 0.043701939294759726 0.013201403894441861 -0.0021437831877074375 0.011076357029379272 -0.014477997728032569 -0.028588543547552164 0.03584014335260579 -0.016020354050286789 0.0047722425198468811 0.016574169526588352 -0.045635140137140734 -0.0041239708452388175 -0.00053854705863044382 -0.028033428999424799 -0.020459790832636011 -0.019845609418756256 -0.024445557726412562 -0.04409997666558086 -0.011965984960534273 -0.019502458916084861 0.0057072259076365161
leaf_weight=5218.7401617839932 459.9186233356595 795.74441258609295 1339.7435377463698 9399.1988546997309 63124.805030621588 9280.045136988163 1328.7474564164877 205.50692368298769 3523.1560707613826 4132.100927054882 5276.4017151221633 719.32035851478577 348.78180146217346 20910.116211816669 2062.1781382709742 799.8587658405304 396.21459132432938 454.71445843577385 145.00693831592798 403.49862758815289 157.44230856001377 99.145249903202057 430.0888961032033
leaf_count=24635 2279 4258 6645 54761 319472 49921 6133 1678 28099 22161 24882 4358 2528 104369 10087 5271 1689 2584 896 1883 843 445 2224
internal_value=1.09005e-05 0.000512296 0.00308104 0.000796083 -0.00015465 0.0144954 0.00787309 -0.0280611 0.0307498 -0.00535257 -0.00396499 0.0342527 -0.0119348 -0.00233103 -0.0108688 -0.00936165 -0.0408072 -0.0311321 -0.00954512 -0.0491178 -0.00413256 -0.0393546 0.000938279
internal_weight=131010 128714 89510.8 74583.1 72524 14927.7 10608.8 2296.82 4318.9 39202.9 32380.8 2059.06 6822.1 26186.5 6194.28 6018.6 1358.78 803.496 938.045 962.563 732.538 502.644 587.531
internal_count=682101 670164 473647 385236 374233 88411 56054 11937 32357 196517 161499 11003 35018 129251 32248 29906 6296 5112 5641 4607 3963 2328 3067
is_linear=0
shrinkage=0.05


Tree=53
num_leaves=24
num_cat=0
split_feature=19 1 0 19 1 7 1 7 18 18 0 7 0 4 4 7 7 15 7 22 17 17 21
split_gain=672.467 714.018 955.474 883.571 882.418 601.515 309.668 265.023 226.493 185.401 139.649 108.14 106.837 104.128 89.6913 58.7215 39.8954 38.4335 37.964 26.889 18.1525 16.9156 13.895
threshold=1.0000000000005389 -3.117610534175696e-07 -1.0000000180025095e-35 -0.999667840994788 -1.0000000180025095e-35 4.284782712919002e-06 -4.7982726637307842e-05 4.3606175290938498e-05 -18.599018208778869 -18.599018208778869 1.603874331124189e-07 5.32787853078245e-05 1.603874331124189e-07 -1.592452543164313e-07 1.5880071213558725e-07 4.819652469721982e-05 2.5815195784750532e-06 1.0000000180025095e-35 1.0014880395593076e-07 0.0037200000000359719 -0.27145020020709132 -0.27704207977654444 -0.49423767498652743
decision_type=2 2 2 2 2 2 2 2 2 2 2 2 2 2 2 2 2 2 2 2 2 2 2
left_child=1 6 5 8 -5 13 11 -7 -4 14 15 12 -1 -3 16 -8 -2 -13 -11 22 -18 -21 -20
right_child=9 2 3 4 -6 7 10 -9 -10 18 -12 17 -14 -15 -16 -17 20 -19 19 21 -22 -23 -24
leaf_value=-0.006999680760051032 -0.058024889561123449 0.0068738716014987884 0.038330626577305932 0.012075006152281161 -0.0028491057875048684 0.01122172488956367 -0.018771479422509504 -0.0063036906476083079 0.010231554270768047 -0.029239664581575099 0.031541366728922153 0.0011194120642684343 0.049305682883570762 0.033972057042474975 -0.018653514903683322 -0.0071976120148541795 -0.026630823697392753 0.012997495655049943 -0.034522910660553581 0.014909819135348027 -0.046361090443993669 -0.0046977196384413037 -0.0096754095440474835
leaf_weight=7411.2923542335629 451.5594564974308 400.94296677410603 1748.0318361371756 11365.394454538822 76965.485410951078 11826.933443561196 6551.4365638643503 2636.5532323420048 1219.2888179123402 196.59723571687937 150.23928821086884 2524.9035439640284 83.222598075866699 3170.7383749857545 396.0242235660553 1321.9115360379219 238.25179181993008 931.33957490324974 77.301712103188038 176.78572627156973 256.55790737271309 283.67412320524454 206.16616307199001
leaf_count=37666 2290 2105 8580 65466 390844 65129 33781 11807 6911 1639 614 10929 341 25689 1698 5788 1112 4016 483 907 1210 1543 1098
internal_value=1.80685e-05 0.0004969 0.00205081 -2.66883e-05 -0.000928557 0.0125667 -0.00845599 0.00802624 0.0268009 -0.0268686 -0.0159172 -0.00298683 -0.00636079 0.0309371 -0.0387851 -0.0168312 -0.0471471 0.00432726 -0.00980885 -0.00460255 -0.0370164 0.00285137 -0.0166632
internal_weight=130591 128308 109333 91298.2 88330.9 18035.2 18974.3 14463.5 2967.32 2282.92 8023.59 10950.8 7494.51 3571.68 1342.39 7873.35 946.369 3456.24 940.525 743.928 494.81 460.46 283.468
internal_count=681646 669666 576531 471801 456310 104730 93135 76936 15491 11980 40183 52952 38007 27794 6310 39569 4612 14945 5670 4031 2322 2450 1581
is_linear=0
shrinkage=0.05


Tree=54
num_leaves=24
num_cat=0
split_feature=22 1 2 3 3 7 7 1 18 18 10 0 0 7 7 6 0 18 18 18 0 4 8
split_gain=628.323 1011.7 966.462 1077.57 1383.35 740.319 489.751 328.92 235.077 229.74 197.614 169.271 203.102 318.616 167.866 162.277 112.422 91.5708 85.7937 70.3299 68.3699 65.4211 62.1569
threshold=0.040305000000029317 1.0000000180025095e-35 1.0000000180025095e-35 -3.0650899596196263e-07 1.0000000180025095e-35 1.835216759490645e-06 1.835216759490645e-06 1.5941155417920075e-07 -18.599018208778869 -18.599018208778869 0.92192364841547569 1.603874331124189e-07 -1.0000000180025095e-35 2.9095910281297593e-05 5.4290655675468567e-05 3.1756612577274664e-05 1.0000000180025095e-35 -4.1317349998725303 0.8370591950543661 -9.2630206192495397 -1.6014943948761126e-07 1.5880071213558725e-07 0.91980865994268834
decision_type=2 2 2 2 2 2 2 2 2 2 2 2 2 2 2 2 2 2 2 2 2 2 2
left_child=1 2 3 15 -5 21 19 8 -7 -8 11 12 13 -2 18 -1 -14 -12 -13 -4 -9 22 -3
right_child=10 5 6 4 -6 7 9 20 -10 -11 17 14 16 -15 -16 -17 -18 -19 -20 -21 -22 -23 -24
leaf_value=-0.0080200455137522508 0.021974469171913785 -0.044913537496211291 -0.053681691915515875 0.015407968755453803 -0.005008138047159421 -0.024771577849590554 -0.025684006597088666 -0.027079734103982095 -0.0080861323195431743 -0.0038059605382746464 -0.0063352561013379528 0.017388516798801705 0.0027577983559080067 -0.00035825129259100781 -0.0015945763443665332 -0.00016263759867879738 -0.0047836907007043038 0.027421864329899938 -0.0078885611835323947 -0.032201568206014018 0.009071861246956572 -0.0030133266416437353 -0.029620562127482722
leaf_weight=17908.166093535721 3211.3635562211275 1547.6245653480291 688.72390447556973 22634.081240460277 13096.426514580846 2877.1645306348801 1696.5075583457947 136.04235158860683 7931.5804679170251 4093.481425434351 235.19305490702391 5060.0763607472181 20880.37413713336 3174.1718297600746 1887.718388453126 10381.324940606952 6471.4641002044082 1340.3764694109559 358.13972389698029 891.00846976041794 2493.4787006303668 139.06879103928804 1205.1520166546106
leaf_count=87630 20806 11031 3549 134977 64994 14027 7604 553 45227 21974 1089 29544 98135 14812 8653 47285 29384 6918 1925 7312 11915 812 11855
internal_value=3.03379e-05 -0.0023894 0.000178816 0.0021529 0.00792478 -0.0136157 -0.0169651 -0.00867378 -0.0125318 -0.0102239 0.00501073 0.00434286 0.00284805 0.0108757 0.0112423 -0.00513702 0.000973075 0.022378 0.0157145 -0.0416256 0.00718044 -0.0365571 -0.0382465
internal_weight=130339 87719.8 71389.7 64020 35730.5 16330.1 7369.72 13438.3 10808.7 5789.99 42618.9 41043.3 33737.4 6385.54 7305.93 28289.5 27351.8 1575.57 5418.22 1579.73 2629.52 2891.85 2752.78
internal_count=682011 470745 375325 334886 199971 95420 40439 71722 59254 29578 211266 203259 163137 35618 40122 134915 127519 8007 31469 10861 12468 23698 22886
is_linear=0
shrinkage=0.05


Tree=55
num_leaves=24
num_cat=0
split_feature=23 3 6 5 2 9 5 5 0 14 0 15 18 0 7 3 5 18 18 7 19 7 8
split_gain=594.352 780.065 1288.58 792.421 1644.56 769.913 357.103 249.303 311.267 308.667 273.49 238.122 226.792 210.544 189.881 181.281 161.576 145.709 119.453 102.561 93.3104 74.7663 57.5443
threshold=0.065969999999956938 1.0000000180025095e-35 1.2334159282910435e-07 1.1194484139635299e-07 1.0000000180025095e-35 0.59894969792135677 2.4943165012564944e-05 3.39665428344576e-05 -1.0000000180025095e-35 1.60309101800088e-07 -1.6014943948761126e-07 0.0015197708798361978 -18.599018208778869 1.0000000180025095e-35 1.8929129932362007e-05 1.5964507671384356e-07 1.4336397852582481e-05 -9.3745923936566431 -18.599018208778869 4.0548062694072702e-07 0.92829671265507141 3.01978450989434e-05 0.068745946822308709
decision_type=2 2 2 2 2 2 2 2 2 2 2 2 2 2 2 2 2 2 2 2 2 2 2
left_child=1 3 12 4 5 -1 11 8 10 13 -2 -5 -3 -10 -12 18 -17 -6 -4 -14 22 -8 -9
right_child=7 2 15 6 17 -7 21 20 9 -11 14 -13 19 -15 -16 16 -18 -19 -20 -21 -22 -23 -24
leaf_value=0.018124652439297152 -0.01643483174316307 -0.050396603363015137 -0.029956464340508977 -0.0070311184738828213 -0.041092004209907523 -0.0055441494728050954 -0.0040830144890936166 -0.01018819138829849 0.0047000551681604013 0.01822076129247938 0.028646130952343325 -0.022816595003687365 -0.03537082854580164 -0.0053582704576534594 0.0098010856617057503 0.010624584193706418 -0.0055197285471540129 -0.018489925621703773 -0.006939628974715506 -0.015906936468666751 0.0039163383609182754 0.002857274251169945 -0.0019065217943272502
leaf_weight=14440.176057472825 568.6469315290451 1676.9007263928652 802.00447484850883 19960.086089603603 1163.0520456284285 4506.9278519973159 5781.2059277296066 3050.1376413553953 23405.016779668629 3464.6542282700539 2906.6731706410646 2713.1164554655552 1590.7686689868569 6687.4741765484214 2480.9027115032077 2800.2477556094527 3465.3617239892483 1858.9900249987841 1894.9794139638543 1188.803793720901 4974.8406280428171 11791.943488672376 6717.0320122241974
leaf_count=86284 3016 8926 3811 101327 6257 27880 28832 13976 114113 21406 21315 16552 14027 31548 13778 13839 15895 13908 11193 8142 22949 53262 29733
internal_value=-0.000100731 -0.00296535 -0.013898 -0.000606863 0.00703024 0.0124943 -0.00477597 0.00389255 0.00596272 0.00409234 0.0164947 -0.0089221 -0.0358644 0.00246441 0.019976 -0.00296953 0.00169583 -0.0272116 -0.0138031 -0.0270655 -0.00165591 0.000573572 -0.00449483
internal_weight=129890 75634.6 13419.1 62215.5 21969.1 18947.1 40246.4 54255.4 39513.4 33557.1 5956.22 22673.2 4456.47 30092.5 5387.58 8962.59 6265.61 3022.04 2696.98 2779.57 14742 17573.1 9767.17
internal_count=681969 410135 75833 334302 134329 114164 199973 271834 205176 167067 38109 117879 31095 145661 35093 44738 29734 20165 15004 22169 66658 82094 43709
is_linear=0
shrinkage=0.05


Tree=56
num_leaves=24
num_cat=0
split_feature=19 22 2 7 19 0 8 2 3 9 2 1 8 7 7 8 5 23 1 17 7 7 7
split_gain=592.14 708.801 722.682 984.987 746.712 675.459 424.623 323.902 233.448 141.884 115.618 164.736 98.9208 89.9669 72.561 64.0797 63.2467 60.9443 41.5344 38.9485 37.0477 28.1311 26.3887
threshold=0.99985463733646096 -0.068679999999964339 -1.0000000180025095e-35 1.1390620567408091e-06 -0.99754679541243207 -1.0000000180025095e-35 0.99010294890815909 -1.5968906641461442e-07 1.5895487770478669e-07 0.03356905922302586 -0.0001213426463495537 -1.5961386168328315e-07 0.49999187652315197 2.5815195784750532e-06 5.9042459834467014e-05 0.12879674969838908 2.6550893563530526e-05 0.042964999999950758 7.6750631645694528e-06 -0.12882754688154757 3.7635991161605889e-05 9.1471555645220969e-08 1.7117380513105781e-05
decision_type=2 2 2 2 2 2 2 2 2 2 2 2 2 2 2 2 2 2 2 2 2 2 2
left_child=1 9 3 15 12 -6 8 -5 13 16 14 -12 -4 -2 -11 -3 19 22 -10 -1 -15 -19 -8
right_child=6 2 4 7 5 -7 17 -9 18 10 11 -13 -14 20 -16 -17 -18 21 -20 -21 -22 -23 -24
leaf_value=-0.016480812207198915 -0.052940791495584373 0.028998446882853871 0.020762738895258433 -0.0049457282943269351 0.013900315871104799 -0.0017259154804612339 -0.018952908031734068 0.011096768298921113 -0.011978305850355635 -0.0022365532197427987 -0.011448431592523423 -0.003201498280060098 0.050374366219702288 -0.033364766408144508 0.0089497911802742854 0.043555388278212766 -0.0079201063940861158 -0.018403938138729019 0.017423203377831438 -0.03705978530197112 -0.00262878773151762 0.0041248411245240835 -0.0030184110860808151
leaf_weight=415.29521719366312 731.37152738124132 1350.9580181092024 452.83208224177361 4350.991184219718 7798.2488752454519 60975.931221425533 630.84237701445818 11349.90921369195 591.30603515356779 4785.361595466733 9394.0800116881728 17045.575741671026 768.68970867991447 1142.7851650714874 2077.1473128646612 1789.8731829375029 661.78332820534706 147.9820955619216 148.63281574845314 532.32279192656279 108.00445376336575 1813.9466101974249 443.70908509194851
leaf_count=2001 3712 13143 2545 20401 45596 313866 4513 65515 2449 23323 48125 86760 3368 5304 8942 13357 3089 942 682 2931 475 8783 2279
internal_value=-2.65656e-05 0.000702831 0.00307504 0.0117665 0.000735092 4.62103e-05 -0.0156966 0.00665073 -0.0300291 -0.00533328 -0.00463163 -0.00613249 0.039453 -0.0389686 0.00115023 0.0373181 -0.0198253 -0.00283507 -0.00603459 -0.0281 -0.0307232 0.00240601 -0.0123956
internal_weight=129508 123749 88837.4 18841.7 69995.7 68774.2 5758.58 15700.9 2722.1 34911.6 33302.2 26439.7 1221.52 1982.16 6862.51 3140.83 1609.4 3036.48 739.939 947.618 1250.79 1961.93 1074.55
internal_count=682101 652962 477791 112416 365375 359462 29139 85916 12622 175171 167150 134885 5913 9491 32265 26500 8021 16517 3131 4932 5779 9725 6792
is_linear=0
shrinkage=0.05


Tree=57
num_leaves=24
num_cat=0
split_feature=1 1 0 19 1 18 18 7 7 7 0 7 9 8 15 14 23 18 0 18 22 3 18
split_gain=580.727 1128.81 769.517 875.203 1072.89 598.469 377.418 343.879 321.62 284.857 219.292 164.837 164.355 150.86 202.38 181.853 138.256 109.49 97.5477 89.7422 87.2877 70.4911 66.2977
threshold=1.5985942525276189e-07 1.0000000180025095e-35 1.0000000180025095e-35 0.99985463733646096 -3.117610534175696e-07 -18.599018208778869 -9.2630206192495397 6.3023061696769568e-06 1.835216759490645e-06 3.226231075660917e-05 1.603874331124189e-07 4.0594801555369316e-06 0.56043316411442834 0.99999747274353923 0.99934531524337566 4.6068800409863449e-07 0.04863999999993196 -18.599018208778869 -1.5911448336680675e-07 -5.3380987777582618 0.019165000000016853 1.5895487770478669e-07 0.8370591950543661
decision_type=2 2 2 2 2 2 2 2 2 2 2 2 2 2 2 2 2 2 2 2 2 2 2
left_child=1 2 3 4 -1 11 -5 20 16 13 -9 -3 -10 14 18 -16 -7 -11 -2 -15 -4 -13 -19
right_child=9 5 7 6 -6 8 -8 10 12 17 -12 21 -14 19 15 -17 -18 22 -20 -21 -22 -23 -24
leaf_value=-0.0073254067537631548 -0.026357011946402883 -0.042737767870106004 -0.037891459747884618 -0.032796751272988776 0.0069612907132682866 -0.033101276733434541 -0.0038367891393842088 -0.0097029796597405803 -0.0096369610628813454 0.020848206116197501 0.025185544988731209 -0.027051363346274379 0.0020360992168324591 -0.0054953271109385773 -0.0074327239717739526 0.019089166114678299 -0.0067061936780502792 0.0015208081400171856 0.028734393099460288 0.011471129456974405 -0.01582356666555711 -0.012027464621621312 -0.017430485947889884
leaf_weight=16849.935417845845 80.842118419706821 1316.2293310835958 1364.8519335091114 2335.4332583397627 59674.064741916955 1530.5571886003017 2170.9971459284425 7104.6827359572053 6269.4115805178881 710.88646101951599 478.91160875558853 2303.9978757202625 5805.9794518947601 1147.8043494969606 1046.3516782075167 1684.090610191226 736.13987423479557 8451.6992697417736 3201.0549641028047 2417.7011502981186 674.59312858432531 1190.4000217020512 486.12241278588772
leaf_count=83069 418 8186 9596 10770 317894 15149 11676 36055 35440 2985 1953 11735 29194 4907 4634 10130 5197 39245 18058 13889 3937 5013 2251
internal_value=3.98038e-05 -0.0013638 0.000966412 0.00255407 0.00381531 -0.0123923 -0.0188541 -0.0123996 -0.00727104 0.00805558 -0.00749302 -0.0276502 -0.0040246 0.0141632 0.0189952 0.0089257 -0.0245448 0.00199059 0.0273606 0.00600788 -0.0306171 -0.0219446 0.000485831
internal_weight=129033 109806 90653.5 81030.4 76524 19152.7 4506.43 9623.04 14342.1 19226.6 7583.59 4810.63 12075.4 9577.84 6012.34 2730.44 2266.7 9648.71 3281.9 3565.51 2039.45 3494.4 8937.82
internal_count=681381 584864 474950 423409 400963 109914 22446 51541 84980 96517 38008 24934 64634 52036 33240 14764 20346 44481 18476 18796 13533 16748 41496
is_linear=0
shrinkage=0.05


Tree=58
num_leaves=24
num_cat=0
split_feature=21 0 0 7 4 4 4 4 6 3 2 6 7 0 15 4 14 13 2 7 8 8 6
split_gain=553.113 304.254 653.766 485.058 360.543 1466.16 270.123 350.308 348.086 555.857 316.144 245.637 178.357 137.245 199.051 126.255 112.927 93.1174 67.9362 44.6846 32.8301 31.3094 31.0419
threshold=-0.59207284235700197 -1.6014943948761126e-07 -1.0000000180025095e-35 1.0877568745192217e-05 3.1200301808809177e-07 1.0000000180025095e-35 1.0000000180025095e-35 1.5880071213558725e-07 1.0471345479962885e-07 1.0000000180025095e-35 1.0000000180025095e-35 1.8251053080230002e-05 4.087431116597143e-05 1.603874331124189e-07 0.99885451861547991 -1.592452543164313e-07 6.2674419960954646e-05 0.017543859646323504 -3.6991818248566229e-06 1.06372281672639e-07 0.99477377665388678 0.89045414462081152 5.1133745179503186e-05
decision_type=2 2 2 2 2 2 2 2 2 2 2 2 2 2 2 2 2 2 2 2 2 2 2
left_child=6 16 3 15 5 -4 8 19 9 10 -1 -6 -5 14 -10 -3 18 -18 -2 -8 -21 -11 -20
right_child=1 2 4 12 11 -7 7 -9 13 21 -12 -13 -14 -15 -16 -17 17 -19 22 20 -22 -23 -24
leaf_value=0.020245740990068383 -0.011931200105294739 0.005391345574106211 0.0013558403979382089 0.010737621814086634 0.0086511377571886188 -0.026736915251572374 -0.049592229056404064 -0.0020833910199118538 -0.0054990150058445049 -0.049862708120927503 -0.038926316309225786 0.00073908201697267723 -0.0041926781265126199 0.021009669555035151 -0.01981212008062375 0.030562123744708427 -0.003249701088599575 0.042987471548324413 -0.04111585330847 -0.039590608437246079 -0.013414128573610516 -0.024402532387900567 -0.018601541326341991
leaf_weight=3311.5650210529566 2641.7504570707679 582.19365711510181 31154.522823303938 7065.5428766384721 16748.877313308418 5456.0412428379059 672.25888873636723 1120.9995819330215 22760.529534950852 298.24803627282381 240.3529165610671 23677.961438804865 2788.0756778568029 442.11112727224827 2718.2583537846804 3511.7603512853384 2128.5679136961699 112.75120863318443 321.24230244755745 320.40059009194374 196.31513575464487 215.43864416331053 304.39271841943264
leaf_count=20288 14299 3071 168990 39513 83183 34399 5262 5696 114275 1906 1827 110384 12574 2208 15994 29482 10262 489 1460 1912 1458 1897 1249
internal_value=-2.06161e-05 0.00187503 0.00256598 0.0125261 0.000762372 -0.00283189 -0.00568424 -0.0221529 -0.00441404 0.00918463 0.0162206 0.00401744 0.0065126 -0.00654768 -0.00702767 0.0269882 -0.00953303 -0.000885226 -0.0154594 -0.0410355 -0.0297451 -0.0393305 -0.030264
internal_weight=128790 96493.7 90985 13947.6 77037.4 36610.6 32296.5 2309.97 29986.5 4065.6 3551.92 40426.8 9853.62 25920.9 25478.8 4093.95 5508.7 2241.32 3267.39 1188.97 516.716 513.687 625.635
internal_count=682078 509355 481596 84640 396956 203389 172723 14328 158395 25918 22115 193567 52087 132477 130269 32553 27759 10751 17008 8632 3370 3803 2709
is_linear=0
shrinkage=0.05


Tree=59
num_leaves=24
num_cat=0
split_feature=1 1 0 4 4 18 7 7 7 0 7 7 24 8 15 14 23 0 18 18 18 24 22
split_gain=533.897 975.915 615.586 730.126 1792.52 545.488 303.172 294.89 248.822 209.669 163.113 160.394 154.958 140.238 182.194 154.179 110.198 99.747 99.1177 82.8831 71.2666 72.1277 66.4863
threshold=1.5985942525276189e-07 1.0000000180025095e-35 1.0000000180025095e-35 -4.6730205838230171e-07 -1.0000000180025095e-35 -18.599018208778869 3.3593319190675534e-06 1.835216759490645e-06 3.3224487104011937e-05 1.603874331124189e-07 4.3606175290938498e-05 4.5250092241625408e-06 -0.048833590227240702 0.99941049958608386 0.99934531524337566 1.60309101800088e-07 0.04863999999993196 -1.592409804018757e-07 -9.3745923936566431 -5.6062030715863669 0.8370591950543661 -0.67908694502645861 0.019165000000016853
decision_type=2 2 2 2 2 2 2 2 2 2 2 2 2 2 2 2 2 2 2 2 2 2 2
left_child=1 2 3 12 -5 11 22 16 13 -8 -9 -3 -1 14 17 -16 -7 -2 -10 -15 21 -20 -4
right_child=8 5 6 4 -6 7 9 10 18 -11 -12 -13 -14 19 15 -17 -18 -19 20 -21 -22 -23 -24
leaf_value=-0.0015452708641515466 -0.030571463464514188 -0.041208638467733427 -0.038528800379041744 0.029178676764415348 0.0020775133362416231 -0.031441343921226765 -0.0093046455136896675 -0.0060425901844891146 0.019858154905900791 0.02461988616195275 0.010742841350993973 -0.020641636534647959 -0.009889795712633126 -0.0056358278095386483 -0.006583244654967315 0.018315914753545066 -0.0076577139936963596 0.027371731348662033 -0.014249061218233003 0.010488625791241102 -0.018468349504870769 0.0028729853529853304 -0.016428094040768892
leaf_weight=28322.979953587055 74.386970140039921 1315.0746404007077 1050.5104584470391 7257.7829927504063 38243.098733626306 1474.2915232032537 7537.2375034242868 10325.616352953017 703.98243744671345 482.77126048505306 1681.1491599977016 3430.6735046803951 6922.5552924349904 1105.140773922205 1043.5668662339449 1532.2218099236488 730.12148043513298 3186.1935901343822 668.05301997065544 2843.1824347674847 472.36017356812954 7489.6631082892418 511.12625537067652
leaf_count=132315 366 8409 7849 49914 204010 15161 38797 56777 2968 1973 7696 16584 37471 4696 4589 9326 5206 18198 2820 16425 2164 34968 3127
internal_value=-2.08724e-05 -0.00136947 0.000795104 0.00221711 0.00640158 -0.0116828 -0.0111859 -0.00677904 0.00768697 -0.00725628 -0.00369053 -0.0263569 -0.00318482 0.0132574 0.0181803 0.00822893 -0.0235803 0.0260304 0.0018455 0.00597354 0.000371308 0.00146706 -0.0313287
internal_weight=128404 109285 90328.1 80746.4 45500.9 18956.9 9581.65 14211.2 19118.8 8020.01 12006.8 4745.75 35245.5 9784.69 5836.37 2575.79 2204.41 3260.58 9334.06 3948.32 8630.08 8157.72 1561.64
internal_count=681809 585289 475456 423710 253924 109833 51746 84840 96520 40770 64473 24993 169786 53600 32479 13915 20367 18564 42920 21121 39952 37788 10976
is_linear=0
shrinkage=0.05


Tree=60
num_leaves=24
num_cat=0
split_feature=20 19 19 8 15 7 0 18 18 2 7 7 18 7 7 7 9 14 5 7 0 2 7
split_gain=509.515 489.697 413.023 331.121 588.551 426.633 283.267 232.208 220.604 280.153 374.513 214.431 198.41 176.056 136.778 91.9748 78.8387 61.7684 53.9828 51.179 46.057 45.2437 32.0274
threshold=0.76857096078947917 -0.9999999997919613 0.99985463733646096 0.99999747274353923 0.9987737579691961 1.0877568745192217e-05 -1.0000000180025095e-35 -18.599018208778869 -3.7216093000485175 -1.0000000180025095e-35 4.0548062694072702e-07 2.0247404993161373e-05 -6.081391648278248 2.176329498978721e-05 7.8268059079661644e-06 9.8147975836977516e-08 0.90036909534485177 1.5730195685607631e-07 1.2983742216754178e-05 4.3606175290938498e-05 -1.6014943948761126e-07 -1.0000000180025095e-35 5.4279107074716781e-06
decision_type=2 2 2 2 2 2 2 2 2 2 2 2 2 2 2 2 2 2 2 2 2 2 2
left_child=1 12 3 4 -3 -5 11 15 9 13 -11 22 14 -8 -1 -4 17 -10 -18 20 -13 -16 -2
right_child=6 2 7 5 -6 -7 8 -9 16 10 -12 19 -14 -15 21 -17 18 -19 -20 -21 -22 -23 -24
leaf_value=0.043557344983880038 0.03977912089084637 0.0019950147440367075 -0.055603167008504421 -0.01991688059341537 -0.0092599218117608191 -0.0031097018749795756 0.031330566872768043 -0.0062867732138251579 0.0026108557107591092 -0.023293689174870971 0.0011945135101959061 -0.022714006215564728 -0.0021860708780008873 7.3474726494728113e-05 0.0077811739215323007 -0.027093894067496668 0.026878133310887332 0.012632109063541667 0.010928082221555682 -0.0047471752998251016 0.014501909521568636 0.027945935413738399 0.025692101017541519
leaf_weight=798.18384907394648 618.08568304032087 58079.602986671031 376.13114747405052 5169.1694800332189 14517.091975353658 13999.773517005146 1135.9121049493551 1460.6283176094294 3068.4912090077996 1744.2174123972654 14742.331126630306 86.671469584107399 777.4680553227663 746.28139825165272 646.85003597289324 1174.7624016031623 1049.710454121232 3085.9145121052861 1082.7907138764858 636.10200923681259 1362.7822715416551 490.29080939292908 1246.5433580204844
leaf_count=4726 5838 301995 2064 39715 78911 72336 7728 8677 14278 10322 67439 422 4331 3982 3213 5574 5151 17776 5537 3015 8081 2193 9061
internal_value=-3.0815e-05 -0.00179773 -0.00239747 -0.00179924 -0.000255748 -0.00764385 0.005597 -0.0206116 0.00374429 0.000688479 -0.00139846 0.0180894 0.01914 0.0189532 0.0277033 -0.034074 0.0105154 0.00763895 0.0187996 0.00706026 0.0122449 0.0165136 0.030402
internal_weight=128096 97490 94777.2 91765.6 72596.7 19168.9 30605.8 3011.52 26655.6 18368.7 16486.5 3950.18 2712.79 1882.19 1935.32 1550.89 8286.91 6154.41 2132.5 2085.56 1449.45 1137.14 1864.63
internal_count=682365 523735 509272 492957 380906 112051 158630 16315 132213 89471 77761 26417 14463 11710 10132 7638 42742 32054 10688 11518 8503 5406 14899
is_linear=0
shrinkage=0.05


Tree=61
num_leaves=24
num_cat=0
split_feature=1 1 4 4 18 9 18 7 7 10 7 5 15 0 22 23 20 1 5 5 18 4 2
split_gain=483.225 830.177 561.526 1821.62 510.588 478.645 354.434 284.013 232.971 170.932 160.031 157.628 149.418 130.688 111.75 105.716 67.86 63.0433 58.3911 42.2026 41.8787 31.6322 23.5621
threshold=1.5985942525276189e-07 1.0000000180025095e-35 -4.6730205838230171e-07 -1.0000000180025095e-35 -18.599018208778869 0.50019762193133166 -18.599018208778869 1.1756636786913056e-07 5.6560188713610826e-05 0.56850831322842044 5.2027438247295485e-06 3.7247857495799286e-05 0.0010147136045161314 -1.6014943948761126e-07 2.5401700000000464 0.065969999999956938 -0.56122638389950108 7.0850657172272249e-05 0.00011028972176526249 4.6569313345120752e-05 1.6100737028394698 1.5880071213558725e-07 2.4661966128824989e-05
decision_type=2 2 2 2 2 2 2 2 2 2 2 2 2 2 2 2 2 2 2 2 2 2 2
left_child=1 2 11 6 10 -5 -4 15 13 -9 21 12 -1 -2 17 -6 -12 -15 -13 -10 -16 -3 -21
right_child=8 4 3 5 7 -7 -8 9 19 -11 16 18 -14 14 20 -17 -18 -19 -20 22 -22 -23 -24
leaf_value=-0.0043766766687481622 -0.033171866312559917 -0.042309470813591821 0.04335474533954306 0.0064931501141250181 -0.031685794641247926 -0.00409180565695754 0.019718046896146132 -0.0083742253377559524 0.0059154867310927603 0.003573794507281534 -0.030147847944780856 0.0009263454409866378 -0.016315228721315748 0.014714522838588588 0.0002015556373415546 -0.005248130356430924 -0.014545358758185179 0.0073994091211215174 0.017740355741838177 0.0034720478159787887 -0.031824429528189882 -0.017376181928584929 -0.0078938351624442994
leaf_weight=26821.544125668705 168.99709615111351 1201.9937117174268 2379.9720158800483 18491.59148876369 1336.937830068171 25276.37155405432 4773.0667425766587 7009.4251265898347 987.79788230359554 5221.3521342650056 995.36450438946486 8725.1244959384203 2903.6385651528835 8800.4686674848199 1387.4310552626848 528.86901742219925 2353.7888702377677 4442.354749135673 546.92746162414551 550.44027575850487 108.15706643462181 147.37187070399523 2612.2484259158373
leaf_count=131955 684 8051 13841 100474 14436 134107 36269 41169 4526 25407 5176 39742 16792 47041 7138 3835 11102 23151 2331 2293 581 709 11300
internal_value=3.596e-05 -0.00125147 0.000746168 0.00420394 -0.0108078 0.000380226 0.0275931 -0.00604773 0.00737956 -0.00327342 -0.0250792 -0.00376871 -0.00554406 0.0102963 0.0107995 -0.0242083 -0.0191991 0.0122625 0.0019223 -0.0030953 -0.00215055 -0.0396198 -0.00591317
internal_weight=127771 108713 89918.2 50921 18795.1 43768 7153.04 14096.6 19057.9 12230.8 4698.52 38997.2 29725.2 14907.4 14738.4 1865.81 3349.15 13242.8 9272.05 4150.49 1495.59 1349.37 3162.69
internal_count=682110 585396 475511 284691 109885 234581 50110 84847 96714 66576 25038 190820 148747 78595 77911 18271 16278 70192 42073 18119 7719 8760 13593
is_linear=0
shrinkage=0.05


Tree=62
num_leaves=24
num_cat=0
split_feature=22 2 7 0 4 4 7 2 10 24 7 0 15 11 14 12 14 4 7 17 5 14 3
split_gain=473.366 611.576 746.925 681.437 663.486 1348.81 311.613 231.998 172.328 162.173 153.227 129.516 123.332 187.246 117.594 116.733 115.329 106.686 90.0592 85.9795 80.2998 70.0683 56.4684
threshold=0.04217000000002926 1.0000000180025095e-35 1.1756636786913056e-07 1.0000000180025095e-35 -1.592452543164313e-07 -1.0000000180025095e-35 2.5033519021245699e-05 1.5917221585226573e-07 0.77637521808818966 -0.048833590227240702 3.0472144049197313e-05 1.603874331124189e-07 0.99909049549158435 0.9989550679207525 7.9656469696062166e-05 0.0019175473047934241 1.60309101800088e-07 3.1200301808809177e-07 2.7633987120216446e-05 -0.066033797729460261 4.0642659686739075e-05 1.5319169536352927e-07 -4.9635430388050843e-05
decision_type=2 2 2 2 2 2 2 2 2 2 2 2 2 2 2 2 2 2 2 2 2 2 2
left_child=1 3 -3 4 9 -6 17 10 11 -1 -4 12 13 -2 -13 -16 -8 -5 19 21 -9 -10 -14
right_child=8 2 7 6 5 -7 16 20 18 -11 -12 14 22 -15 15 -17 -18 -19 -20 -21 -22 -23 -24
leaf_value=-0.0018905405971662865 0.0010288492518490937 -0.036619546634424315 -0.013868173695603538 -0.027500833897080475 0.028272780234248691 0.001748680531961986 -0.0066384741635999974 0.0089871239589275134 0.0052297415554455945 -0.010872183605265179 0.0017513512223256231 0.01433448841350852 0.0062873708697577984 0.013064196677352542 0.0027105971094659037 -0.046190692153410422 0.018787080846987065 -0.0098922422292139281 0.0044076586208673992 0.025743847345536388 -0.0075738942635181902 0.022265059859758456 -0.0079667623813833906
leaf_weight=23805.975545585155 19534.036754339933 2426.2902889624238 7398.5775056555867 3252.6285747140646 5837.5019333064556 26750.272513605654 2825.220423206687 2605.4981858879328 1844.1426291391253 6369.968842446804 1991.7679661512375 4115.3834399059415 830.61817710101604 3870.795357838273 1830.2404699623585 128.7433650046587 527.51431562006474 1174.8149803206325 2702.7845648899674 1494.1427796930075 1015.555888786912 897.45607796311378 4197.0351187065244
leaf_count=112178 96374 21498 43619 23256 41428 147426 14023 12964 8619 34945 9798 23899 3859 20534 9541 600 2195 5737 12580 8215 4373 5242 19118
internal_value=-3.24965e-05 -0.00214832 -0.0111619 -0.000175471 0.0015548 0.00650158 -0.0141312 -0.00640944 0.00435671 -0.00378727 -0.0105549 0.00291041 0.00149403 0.00302047 0.00953661 -0.000544452 -0.00262775 -0.0228361 0.0115459 0.0160953 0.00433945 0.0108202 -0.00560928
internal_weight=127427 85981.6 15437.7 70543.9 62763.7 32587.8 7780.18 13011.4 41445.4 30175.9 9390.35 34506.9 28432.5 23404.8 6074.37 1958.98 3352.73 4427.44 6938.53 4235.74 3621.05 2741.6 5027.65
internal_count=682021 473440 92252 381188 335977 188854 45211 70754 208581 147123 53417 173925 139885 116908 34040 10141 16218 28993 34656 22076 17337 13861 22977
is_linear=0
shrinkage=0.05


Tree=63
num_leaves=24
num_cat=0
split_feature=19 4 4 4 3 6 6 8 8 8 20 15 2 24 24 24 8 9 6 7 7 7 24
split_gain=418.954 457.508 1708.71 575.911 1578.79 409.248 397.232 376.042 242.87 175.37 158.354 158.204 138.685 128.05 125.872 98.1756 82.3532 64.5119 63.25 42.4188 42.4045 39.9825 19.1388
threshold=-0.999667840994788 3.1200301808809177e-07 1.0000000180025095e-35 -1.592452543164313e-07 1.0000000180025095e-35 1.8021172570556653e-05 1.7838285255704445e-05 0.72264123532619995 0.42051541996281228 0.99999747274353923 0.79707146020186304 0.99990875912413546 -1.5435607547686911e-07 3.3346521244939091 -0.65408398595576245 0.038844106108144406 0.32560308111343395 0.015289367929635646 4.6192800128476117e-05 1.1756636786913056e-07 7.8268059079661644e-06 1.2014013295867151e-05 0.13863119266440091
decision_type=2 2 2 2 2 2 2 2 2 2 2 2 2 2 2 2 2 2 2 2 2 2 2
left_child=8 2 3 6 -5 9 -2 14 17 11 16 -3 20 -9 -4 -11 -7 -1 -12 -19 -10 -14 -21
right_child=1 5 7 4 -6 10 -8 13 12 15 18 -13 21 -15 -16 -17 -18 19 -20 22 -22 -23 -24
leaf_value=-0.021699710545618194 -0.0094756982964404792 0.015671160389161838 -0.050504488973805606 0.01309985516724441 -0.024060460047678336 -0.0075432013650041018 -8.763620271731994e-05 -0.017397235952899114 0.031758236784257078 -0.0007296338139916764 0.0062176461445759435 0.002965334485105834 0.050042003312318666 0.035603525912293404 -0.030557368366336463 0.015205272696020889 -0.00066319230483341345 0.025488191394037952 -0.0029592481881069877 0.0065420745032652222 0.0065592155557737302 0.02969890705495374 -0.0085346470895914985
leaf_weight=222.99264002591372 17887.642365321517 9424.207897439599 1462.7554479539394 16270.790329396725 3465.3268860392272 6917.0530573576689 30443.04321706295 3099.1972706578672 235.28982345759869 5216.8713370114565 8914.1454766020179 3313.1301057338715 604.95615097880363 116.43177297711372 1759.6178385168314 1184.2401707917452 11718.273922167718 255.37777791917324 2376.3945881128311 913.96099289506674 570.79613926261663 425.79680228233337 271.21271343529224
leaf_count=1122 95717 53093 7939 111269 23370 33398 146165 23650 1642 23903 44054 16636 3057 690 11101 7070 54459 2095 10719 4789 2847 1881 1581
internal_value=-4.20247e-07 -0.000483795 -0.00295271 -0.000623549 0.0065731 0.00326515 -0.0035626 -0.0275695 0.0170526 0.00897494 -0.000386611 0.0123676 0.0295765 -0.0154557 -0.0396394 0.00222146 -0.00321771 0.00320215 0.0042855 0.00708509 0.0139812 0.041717 0.00307917
internal_weight=127070 123569 74504.8 68066.8 19736.1 49064.3 48330.7 6438 3500.38 19138.4 29925.9 12737.3 1836.84 3215.63 3222.37 6401.11 18635.3 1663.54 11290.5 1440.55 806.086 1030.75 1185.17
internal_count=682247 663233 419901 376521 134639 243332 241882 43380 19014 100702 142630 69729 9427 24340 19040 30973 87857 9587 54773 8465 4489 4938 6370
is_linear=0
shrinkage=0.05


Tree=64
num_leaves=24
num_cat=0
split_feature=22 2 7 4 4 9 18 2 6 8 1 2 4 9 19 8 24 8 8 18 7 2 18
split_gain=407.535 530.642 884.891 625.368 1228.02 540.84 432.2 287.495 176.339 172.919 171.363 152.44 146.651 134.23 111.101 93.3862 75.947 144.058 131.415 64.1911 63.8954 56.2338 73.7286
threshold=-0.11211999999995512 -1.0000000180025095e-35 4.284782712919002e-06 3.1200301808809177e-07 1.0000000180025095e-35 0.41534550839368878 -18.599018208778869 -1.5968906641461442e-07 2.6796507047980285e-05 0.28321341896894087 -1.0000000180025095e-35 -0.00010184920746958424 -1.592452543164313e-07 0.092686730848466334 -0.27415276197012889 0.007898582435824128 0.13863119266440091 0.99986408058793275 0.54332745185250364 0.8370591950543661 5.9042459834467014e-05 -2.1697680983479014e-05 -2.6483907532783664
decision_type=2 2 2 2 2 2 2 2 2 2 2 2 2 2 2 2 2 2 2 2 2 2 2
left_child=11 2 12 4 5 -3 -6 14 10 -9 -5 20 -2 21 -4 -14 17 -15 -18 -10 -1 -13 -23
right_child=1 3 7 8 6 -7 -8 9 19 -11 -12 13 15 16 -16 -17 18 -19 -20 -21 -22 22 -24
leaf_value=-0.0020993143459334014 0.0059997243213059425 0.010381716585020422 -0.014925767749217809 0.02245478704270492 -0.044066203685689392 -0.0044441982659708373 -0.015660911180326972 0.0023352350152814031 0.00069039881322570807 0.014913491537615054 0.0059842994107454726 -0.009785721120083692 0.023113767486725941 -0.0022616868607718316 -0.00015406435132778575 0.04016446104220138 -0.015201733061506115 -0.01458876175538925 0.011872386389966853 -0.019762534492493593 0.0075611199076950899 -0.012474140366735982 -0.041144180133044439
leaf_weight=6121.9766522422433 556.13350651413202 8016.9286876767874 2071.0796646103263 1711.2565169483423 2078.5937179848552 26408.561724841595 3771.281236294657 5801.3941205590963 13823.816796459258 5166.4222138077021 20292.794252872467 622.13975027948618 1307.6922102794051 12647.155784793198 3299.7329870834947 2134.8883387073874 3842.8034957647324 2915.3752489984035 505.64708374813199 392.56697230041027 2373.5432565510273 386.6710008494556 541.86828368529677
leaf_count=30413 3015 44920 10256 10737 11333 145881 28395 34486 64050 28760 100455 3134 14128 60180 15352 17310 22180 17488 2803 1850 10261 1919 2898
internal_value=2.81078e-05 0.00160485 0.00878288 -0.000303627 -0.0045908 -0.000991026 -0.0257664 0.00362137 0.00446336 0.00826235 0.00726736 -0.00506814 0.0298591 -0.00731203 -0.00585466 0.0337062 -0.00620676 -0.00457285 -0.0120483 0.000122566 0.000600248 -0.0214745 -0.029263
internal_weight=126790 96833.1 20337.3 76495.8 40275.4 34425.5 5849.87 16338.6 36220.4 10967.8 22004.1 29957.2 3998.71 21461.7 5370.81 3442.58 19911 15562.5 4348.45 14216.4 8495.52 1550.68 928.539
internal_count=682204 530928 123307 407621 230529 190801 39728 88854 177092 63246 111192 151276 34453 110602 25608 31438 102651 77668 24983 65900 40674 7951 4817
is_linear=0
shrinkage=0.05


Tree=65
num_leaves=24
num_cat=0
split_feature=19 22 2 7 19 0 8 4 21 4 10 7 15 2 2 8 17 7 24 5 6 2 6
split_gain=418.114 463.939 526.145 676.375 502.474 431.687 312.958 210.873 131.409 124.811 110.077 100.068 189.362 84.4203 80.3091 69.1759 64.0339 48.8126 34.7995 33.8574 32.4779 32.3439 28.46
threshold=0.99985463733646096 -0.033549999999944811 -1.0000000180025095e-35 5.2027438247295485e-06 -0.99450458015614562 -1.0000000180025095e-35 0.99010294890815909 1.5880071213558725e-07 0.76204516077650053 -1.5872990744014712e-07 0.084300555812020048 5.9042459834467014e-05 0.00095695970680512892 1.5454999857666965e-07 -2.0049225454066285e-05 0.49999187652315197 -0.23193767880510444 9.8147975836977516e-08 0.26068163925915716 2.0071812377285879e-05 2.268445547049146e-05 1.5392265240166128e-07 2.6172473493767296e-05
decision_type=2 2 2 2 2 2 2 2 2 2 2 2 2 2 2 2 2 2 2 2 2 2 2
left_child=1 10 3 9 15 -6 7 13 -5 -3 16 12 -12 -2 -13 -4 -1 -8 22 -18 -15 -9 -19
right_child=6 2 4 8 5 -7 17 21 -10 -11 11 14 -14 20 -16 -17 19 18 -20 -21 -22 -23 -24
leaf_value=0.0031917375098792253 -0.044525903513739029 0.0088291211661478183 0.018053849708535488 0.0030942455268440205 0.011914675386505577 -0.0011716184245103389 -0.019049673433888584 -0.017239104495822815 0.016905156547340868 0.034184651067020934 -0.0028603024274321946 0.007257715717661155 -0.013287903763190227 -0.025662319574575501 -0.0072712809975406956 0.045441989851342603 -0.046521230179995932 -0.0057619461691011016 0.013406523013621713 -0.0083611038404219629 0.0072667300502308289 0.0007450894452646112 0.0071815988386124173
leaf_weight=124.15783535689116 1139.9496271386743 581.36521708965302 363.38807433098555 10243.375422492623 7087.6621476411819 56717.648261465132 375.12922334298491 479.24850517511368 2069.26211977005 3006.6341005638242 29651.571230880916 3496.1647911220789 5102.0104201845825 376.25824288278818 1304.1805735230446 652.00079523026943 276.20055133104324 1601.5308380201459 416.55196016281843 75.165976628661156 92.139731526374817 518.91066473722458 575.54524154961109
leaf_count=608 5464 3497 2166 54272 42905 297195 3005 2012 13551 28330 153704 15157 30225 2368 5754 3011 1563 8252 2586 382 437 2362 2589
internal_value=3.7038e-05 0.000655272 0.00283777 0.0109876 0.000838256 0.000282291 -0.0133474 -0.0259832 0.00541808 0.0300849 -0.00374564 -0.00345722 -0.00439195 -0.0371778 0.00330798 0.0357 -0.0276107 -0.00224173 0.00020017 -0.0384655 -0.0191708 -0.00790191 -0.00233437
internal_weight=126326 120751 80721.3 15900.6 64820.7 63805.3 5575.26 2606.51 12312.6 3588 40029.5 39553.9 34753.6 1608.35 4800.35 1015.39 475.524 2968.76 2593.63 351.367 468.398 998.159 2177.08
internal_count=681395 652320 444927 99650 345277 340100 29075 12643 67823 31827 207393 204840 183929 8269 20911 5177 2553 16432 13427 1945 2805 4374 10841
is_linear=0
shrinkage=0.05


Tree=66
num_leaves=24
num_cat=0
split_feature=21 19 9 19 8 15 19 7 7 8 7 7 7 18 1 18 14 18 1 3 18 1 6
split_gain=385.788 279.196 239.38 243.684 231.703 339.849 281.943 281.007 254.305 213.65 207.012 193.975 144.042 91.2898 83.4755 76.561 71.5234 59.1479 47.2626 33.1245 31.1765 29.5621 27.9165
threshold=-0.5828177273033639 -0.999667840994788 0.90036909534485177 0.99985463733646096 0.99999747274353923 0.99882283329244637 0.99985463733646096 1.5508204148085662e-05 1.06372281672639e-07 0.99999747274353923 1.6057293922271737e-05 1.0304756560007192e-07 8.1895385275180883e-06 -5.1769854734708298 4.4685278147937886e-05 -18.599018208778869 1.60309101800088e-07 -2.7620049318172799 -1.550628123681008e-07 1.5430072419775345e-07 -9.3745923936566431 -1.0000000180025095e-35 2.1987353637098607e-05
decision_type=2 2 2 2 2 2 2 2 2 2 2 2 2 2 2 2 2 2 2 2 2 2 2
left_child=4 12 3 9 5 6 8 -7 -1 -3 19 -5 20 -4 -15 21 -9 18 -12 -6 -2 -14 -8
right_child=1 2 13 11 10 7 22 16 -10 -11 17 -13 15 14 -16 -17 -18 -19 -20 -21 -22 -23 -24
leaf_value=0.015877932261369136 0.046449295547778519 0.0026666198735192806 -0.00038424156624712933 -0.034386327246809414 -0.029577513272199651 -0.035001587150359524 -0.044991500733374989 -0.0092218622032635093 -0.0014740284812404705 -0.0032475648267488635 -0.021408746439872558 -0.0061401088768333967 -0.00075844242727761836 0.019730511089166305 0.0043763626228479086 -0.003006299629796096 0.019736779561672805 0.013057359632324151 -0.0056509585630531182 -0.014842207500999944 0.02428970786414298 0.027466516639307201 -0.016905484241178517
leaf_weight=2358.2055073194206 449.27836526930332 62470.186182662845 1249.2891441136599 742.62306682765484 1634.7958067245781 1349.7076709643006 364.24360177665949 2029.9337553232908 20037.914469957352 20208.337901093066 581.89473090320826 3319.6894697621465 113.20960588008165 2886.6899558976293 1279.6405130401254 581.91085375845432 236.2415015399456 349.8391941934824 2596.9503922387958 508.03542805090547 259.35794025659561 500.80944609642029 121.95721992850304
leaf_count=15659 2816 336783 5979 4948 13413 10034 1959 11484 97480 110122 3441 16124 645 14805 6703 3144 1176 1765 14401 4236 2104 2388 575
internal_value=4.56284e-05 0.00166219 0.00127029 0.000633364 -0.00468069 -0.0027168 -0.000465062 -0.0169569 0.000354082 0.00122097 -0.0138513 -0.0113194 0.0206012 0.0114669 0.0150202 0.00998191 -0.00618607 -0.00639902 -0.00854868 -0.0261034 0.0384372 0.0222689 -0.0380548
internal_weight=126231 94061 92156.5 86740.8 32169.7 26498.2 22882.3 3615.88 22396.1 82678.5 5671.52 4062.31 1904.57 5415.62 4166.33 1195.93 2266.18 3528.68 3178.85 2142.83 708.636 614.019 486.201
internal_count=682184 506561 495464 467977 175623 138367 115673 22694 113139 446905 37256 21072 11097 27487 21508 6177 12660 19607 17842 17649 4920 3033 2534
is_linear=0
shrinkage=0.05


Tree=67
num_leaves=24
num_cat=0
split_feature=20 19 19 8 7 3 18 18 2 24 8 18 7 7 7 7 5 2 10 7 18 10 2
split_gain=350.566 322.323 294.09 214.997 379.393 295.513 194.73 186.576 184.759 223.459 190.856 211.282 139.559 104.091 76.5908 73.9258 64.8219 48.5596 44.8685 35.1887 31.8147 29.3438 27.7903
threshold=0.82378735743094467 0.99985463733646096 -0.999667840994788 0.99999747274353923 3.9314540808568787e-06 1.0000000180025095e-35 -18.599018208778869 -18.599018208778869 -1.0000000180025095e-35 -0.72430926176281385 1.0000000180025095e-35 -4.7358486718526178 2.1357408373915713e-05 1.0304756560007192e-07 1.0304756560007192e-07 2.8591747204244944e-05 1.0037620794791543e-07 1.5435433553534497e-07 0.18878864250277824 6.100338391173086e-06 -18.599018208778869 0.57660938760222347 1.5454999857666965e-07
decision_type=2 2 2 2 2 2 2 2 2 2 2 2 2 2 2 2 2 2 2 2 2 2 2
left_child=1 2 6 5 -5 -4 13 14 12 16 15 -12 19 -1 -3 -11 21 -16 -8 -2 -21 -10 -9
right_child=8 7 3 4 -6 -7 18 22 9 10 11 -13 -14 -15 17 -17 -18 -19 -20 20 -22 -23 -24
leaf_value=0.049358120258943067 0.035312066117015969 -0.048878760024053197 0.0018657446274181089 -0.022597122466613117 -0.0030879586979345851 -0.0051979388495479017 -0.024456656587341016 -0.010474284957779859 -0.0088945798911488332 0.028640599883520426 -0.0013002619265302991 0.0089415370977308766 0.0044337989948004418 0.019293084704302667 -0.030834197373972042 0.0073245617617063684 -0.0030936390216232887 -0.010121741342904049 0.0044661789600090995 0.034074421362273954 0.014972762554440812 -0.03750255000032026 0.0031399256931286426
leaf_weight=380.50312415510416 649.11379818245769 376.49527982622385 53311.213537253439 2918.9576827064157 16983.965629056096 20497.8867915757 145.92271234840155 882.25372363254428 115.22909253835678 1071.7773914113641 11308.989237487316 9073.9865997955203 1310.3687418028712 1192.9231160990894 747.54333362728357 658.77482426166534 314.17561465501785 460.37565536051989 1430.4685436561704 306.97242723405361 772.16313951462507 435.34018037468195 648.61787360906601
leaf_count=2437 6274 2290 287536 26481 91247 105400 719 5277 594 7749 52848 47056 7346 5810 3451 3429 1507 2439 8415 1908 5605 2128 3976
internal_value=1.58346e-06 -0.00134381 -0.000834441 -0.00133972 -0.0059514 -9.59655e-05 0.0141881 -0.0171691 0.00517154 0.00363822 0.00461416 0.00325931 0.0167549 0.0266203 -0.0291866 0.0205469 -0.021266 -0.0229739 0.0017581 0.0260781 0.0204641 -0.0315781 -0.00470622
internal_weight=125994 99977.1 96861.8 93712 19902.9 73809.1 3149.82 3115.29 26016.9 22978.3 22113.5 20383 3038.62 1573.43 1584.41 1730.55 864.745 1207.92 1576.39 1728.25 1079.14 550.569 1530.87
internal_count=681922 545478 528045 510664 117728 392936 17381 17433 136444 115311 111082 99904 21133 8247 8180 11178 4229 5890 9134 13787 7513 2722 9253
is_linear=0
shrinkage=0.05


Tree=68
num_leaves=24
num_cat=0
split_feature=1 1 18 1 9 18 1 7 1 1 9 7 0 8 15 0 23 12 23 24 7 24 7
split_gain=360.011 595.23 510.094 431.033 617.333 1192.3 1095.96 218.573 210.117 198.73 152.316 149.522 113.194 120.501 161.81 103.701 94.064 79.0884 77.9828 60.0357 56.3066 47.3318 39.6965
threshold=1.5985942525276189e-07 1.0000000180025095e-35 -9.2630206192495397 -3.117610534175696e-07 0.50000000000013201 -18.599018208778869 -1.0000000180025095e-35 1.1756636786913056e-07 -4.7982726637307842e-05 7.501445404667352e-05 0.56417286275390122 4.284782712919002e-06 -1.6014943948761126e-07 0.99941049958608386 0.99766355140224261 1.603874331124189e-07 0.065969999999956938 0.0097087378625002659 -4.5041050000000764 0.078089262144919735 3.2573658678955381e-05 0.83620837996961084 5.4290655675468567e-05
decision_type=2 2 2 2 2 2 2 2 2 2 2 2 2 2 2 2 2 2 2 2 2 2 2
left_child=1 3 11 8 5 -5 -6 16 18 12 -9 -3 -2 14 -14 -10 -4 22 -1 -15 -13 -19 -11
right_child=9 2 7 4 6 -7 -8 10 15 17 -12 20 13 19 -16 -17 -18 21 -20 -21 -22 -23 -24
leaf_value=0.0091618598956665753 -0.02517532904329034 -0.038310121928291002 -0.028625977530293546 0.022212682000769205 0.012571155315050049 0.0011270266282365916 -0.006993528439795161 -0.0074331835606185328 -0.013346954447727766 0.003920739874288222 0.0038812940095313666 -0.021329632397725506 0.022383026032351927 -0.00046039487269869102 0.006691839442813121 0.028436932461406751 -0.0031241788157496692 -0.0085158330671894784 -0.0034177320369482671 0.011582016442416366 -0.0058356544211818056 -0.044777127782942849 -0.0038476112745227508
leaf_weight=1417.2332694455981 215.39898504316807 1238.4688089750707 1213.2985485717654 9525.8786451146007 9579.4288412109017 22625.007538206875 28296.817544236779 6211.782322011888 7649.7748715132475 4841.7300018519163 5703.5461695641279 2860.1486001983285 3722.6178583428264 2431.0226226225495 2945.9933862537146 149.54436644911766 516.16599550843239 248.54304640740156 9331.670562043786 1799.0514679998159 740.99735926836729 140.59881150722504 2487.4635362625122
leaf_count=6717 875 8813 14163 47205 62360 128630 144037 36484 39735 25292 29169 14478 20303 10571 15161 615 3832 1199 46335 11493 3432 643 10914
internal_value=-9.65154e-05 -0.00121801 -0.00937869 0.000485129 0.00228029 0.00737557 -0.00204481 -0.00443007 -0.0062916 0.00627819 -0.00201709 -0.0233222 0.0105579 0.0112691 0.015456 -0.0125381 -0.0210301 0.000113825 -0.00175726 0.00466312 -0.0181479 -0.021792 0.00128322
internal_weight=125892 107060 18484.4 88575.4 70027.1 32150.9 37876.2 13644.8 18548.2 18832.4 11915.3 4839.61 11114.1 10898.7 6668.61 7799.32 1729.46 7718.34 10748.9 4230.07 3601.15 389.142 7329.19
internal_count=682456 586005 110371 475634 382232 175835 206397 83648 93402 96451 65653 26723 58403 57528 35464 40350 17995 38048 53052 22064 17910 1842 36206
is_linear=0
shrinkage=0.05


Tree=69
num_leaves=24
num_cat=0
split_feature=22 1 15 8 2 7 7 7 1 18 10 7 0 15 8 12 3 18 3 8 7 14 2
split_gain=349.286 472.788 544.334 635.602 787.515 485.812 333.02 228.204 200.678 173.2 141.032 139.556 99.0529 105.058 149.727 96.0235 93.547 97.0256 67.0523 65.6971 62.2537 49.6271 43.546
threshold=0.040305000000029317 1.0000000180025095e-35 0.99766355140224261 0.99999747274353923 1.0000000180025095e-35 1.835216759490645e-06 2.6942702935838237e-05 2.3712499686424015e-06 1.5911082407171764e-07 -18.599018208778869 0.74793458158040105 1.835216759490645e-06 1.603874331124189e-07 0.0016652800884736378 0.99999747274353923 0.083742040964311884 0.00019309596162031542 -5.1404596463949987 -9.6828972554696677e-05 0.97119746644977689 6.3027945209944349e-05 1.60309101800088e-07 4.4137293914836569e-05
decision_type=2 2 2 2 2 2 2 2 2 2 2 2 2 2 2 2 2 2 2 2 2 2 2
left_child=1 2 3 4 -1 19 11 -5 9 -7 12 -4 13 14 -2 20 17 -12 -15 -3 -14 -8 -10
right_child=10 5 6 7 -6 8 21 -9 22 -11 16 -13 15 18 -16 -17 -18 -19 -20 -21 -22 -23 -24
leaf_value=0.0048868155464124596 0.0055364688903705092 -0.037709473671032161 -0.041678345054789734 -0.02799805384562476 -0.02213581828818971 -0.020175888541567717 -0.0030064792137961035 -0.0071092834676644429 0.009569505653839688 -0.005354520932938125 0.0034412367560425969 -0.018642467607033742 0.011853969031477084 0.0094143106465890917 -0.0030180277628794349 -0.035745449293292542 0.00088407821819419779 0.016578100062326098 -0.0079890615480124969 -0.020792985107304613 -0.0013586255773202554 0.019373663273813162 -0.0048051308306376423
leaf_weight=50080.977301795036 13977.678830206394 1372.2052561827004 881.6981613561511 1551.914242900908 2847.5321581065655 2672.5138481706381 2184.7064376622438 8272.1410284265876 2069.8580148667097 7510.0347032546997 2059.0547896847129 2608.2876864373684 4411.9797130227089 634.84641008079052 8064.1328787580132 119.54765243828297 2409.6019610092044 4442.1367662288249 4226.5551904141903 1006.1747778765857 1115.845962792635 277.33724746108055 704.61710350215435
leaf_count=269707 73633 11779 5787 13434 14032 13914 10630 45529 10221 44541 10048 15143 26302 2929 38115 560 11484 23451 19505 11887 5037 1135 3306
internal_value=-2.58969e-05 -0.00187867 -0.0001067 0.00126405 0.00343213 -0.00981596 -0.014555 -0.0104146 -0.00600028 -0.00924823 0.00372937 -0.0244841 0.00220312 0.000938945 0.00240654 0.00822209 0.00930235 0.0124205 -0.0057124 -0.0305785 0.00918645 -0.000469757 0.00591623
internal_weight=125501 84040 68704.6 62752.6 52928.5 15335.4 5952.03 9824.06 12957 10182.5 41461.4 3489.99 32550.6 26903.2 22041.8 5647.37 8910.79 6501.19 4861.4 2378.38 5527.83 2462.04 2774.48
internal_count=682109 471045 375397 342702 283739 95648 32695 58963 71982 58455 211064 20930 166081 134182 111748 31899 44983 33499 22434 23666 31339 11765 13527
is_linear=0
shrinkage=0.05


Tree=70
num_leaves=24
num_cat=0
split_feature=21 0 0 7 4 4 6 15 7 2 2 7 4 18 4 1 13 9 0 1 9 7 2
split_gain=328.188 204.023 359.687 401.525 205.633 875.009 194.192 172.441 245.583 197.141 238.617 226.799 435.122 176.887 148.124 102.064 89.5235 82.8041 82.2779 79.7218 42.3078 29.0207 28.9886
threshold=-0.59207284235700197 -1.6014943948761126e-07 -1.5327534530484852e-07 1.5508204148085662e-05 3.1200301808809177e-07 1.0000000180025095e-35 1.8021172570556653e-05 0.99882283329244637 1.5508204148085662e-05 1.0000000180025095e-35 1.5917221585226573e-07 1.06372281672639e-07 1.0000000180025095e-35 -9.2630206192495397 -1.5872990744014712e-07 1.0000000180025095e-35 0.04370882740865261 0.48905905757807561 1.603874331124189e-07 -6.3182166845976426e-05 0.71750030671607157 8.4903389966955683e-05 -5.4082911020714155e-06
decision_type=2 2 2 2 2 2 2 2 2 2 2 2 2 2 2 2 2 2 2 2 2 2 2
left_child=7 16 3 14 5 -4 -6 9 -9 11 13 12 -1 -11 -3 -13 19 -5 20 21 -10 -2 -21
right_child=1 2 4 17 6 -7 -8 8 18 10 -12 15 -14 -15 -16 -17 -18 -19 -20 22 -22 -23 -24
leaf_value=0.020275163951970158 -0.0054751600514991684 0.0036094605213596331 0.0011232676046373105 -0.0031868693972913332 0.0073927321354799059 -0.021488776642876125 0.00028585989745373623 -0.032225116776615395 -0.011828606528586361 -0.035921206168354959 0.0083916681700401952 -0.0021434529949279232 -0.050257082668207581 -0.010113199727332952 0.025346541436505561 -0.015572646910082415 0.028990320539949838 0.0070274305358211959 0.016074563620104673 -0.01186381668364913 0.011262991884671184 0.0080737322597565914 -0.023544107504263789
leaf_weight=2152.5913304947317 2317.9876879826188 980.93299227207899 30289.795538112521 3305.5270705223083 16179.371637091041 4979.9158786907792 23680.066266685724 1286.7348164506257 1731.626252412796 1181.8320675455034 890.91590298712254 20187.725089199841 241.4145157597959 1518.657131370157 3921.9712608419359 1519.7987608984113 157.76621206849813 4956.2761546000838 383.77637180685997 1762.6161451339722 222.17197237163782 474.28135602176189 767.46027003973722
leaf_count=14954 11885 5488 169610 16047 82178 34287 111725 9963 10092 6984 4106 100783 1845 11706 34597 9188 718 27168 2010 9910 1128 2069 3341
internal_value=-1.4706e-05 0.00146528 0.00204642 0.00966948 0.000710355 -0.00207034 0.00317097 -0.00444625 -0.0146995 -0.00310321 -0.0140286 -0.00147397 0.0131245 -0.0214278 0.0210018 -0.00308524 -0.00789415 0.00294033 -0.00503098 -0.0089989 -0.00919141 -0.00316789 -0.0154246
internal_weight=125091 93774 88293.9 13164.7 75129.1 35269.7 39859.4 31317.2 3624.31 27692.9 3591.41 24101.5 2394.01 2700.49 4902.9 21707.5 5480.11 8261.8 2337.57 5322.35 1953.8 2792.27 2530.08
internal_count=681782 509023 481100 83300 397800 203897 193903 172759 23193 149566 22796 126770 16799 18690 40085 109971 27923 43215 13230 27205 11220 13954 13251
is_linear=0
shrinkage=0.05


Tree=71
num_leaves=24
num_cat=0
split_feature=20 19 18 19 1 7 8 15 7 7 20 0 4 2 7 18 4 17 7 18 4 2 7
split_gain=331.297 231.115 220.779 198.301 190.211 238.068 221.931 274.511 342.748 207.174 181.271 151.234 139.279 132.818 122.711 109.957 72.5567 56.1517 54.6732 52.8973 47.7517 43.8335 38.4531
threshold=-0.64736078519818829 0.99985463733646096 -18.599018208778869 -0.999667840994788 1.0000000180025095e-35 1.5712509147980509e-05 0.99999747274353923 0.002503132831679022 1.0887877229698191e-07 2.0775998510165881e-05 0.82378735743094467 -1.0000000180025095e-35 -1.0000000180025095e-35 1.5454999857666965e-07 1.7306285945897375e-05 -9.2630206192495397 1.5880071213558725e-07 -0.48371840840093167 8.7695490005364399e-06 -18.599018208778869 1.5880071213558725e-07 -1.545547281267545e-07 9.1658218375892002e-08
decision_type=2 2 2 2 2 2 2 2 2 2 2 2 2 2 2 2 2 2 2 2 2 2 2
left_child=4 3 13 15 6 20 7 8 -1 -9 12 -12 -5 16 -8 18 -3 -16 -2 -7 -6 -17 -4
right_child=1 2 22 10 5 19 14 9 -10 -11 11 -13 -14 -15 17 21 -18 -19 -20 -21 -22 -23 -24
leaf_value=0.018765473719297942 0.04402983516520742 -0.039499158850462936 -0.017443557261404227 0.0031079012406453233 -0.030852965437999209 -0.017904322245811823 -0.028036385217456428 -0.03454609469904104 -0.0015730125712767693 -0.0051147288458012093 0.015747200968251562 0.0038745171154004722 -0.0017138160394362554 -0.0050268282137418676 0.022643298135125584 -0.0093051860661370941 -0.014874910543068094 -0.010021003302008676 0.019539810978914367 -0.0014646817951085248 -0.0073477931069934393 0.016247093329132174 0.0023754520857946684
leaf_weight=2301.7934110835195 415.08433581888676 865.51791051775217 270.80051932856441 25498.824584644288 1594.5516964569688 613.94492118060589 1166.4027768373489 1002.7386603057384 20538.146934233606 1480.0831966772676 3094.3012933470309 20099.256367720664 36288.283610869199 787.77244310826063 138.80788028240204 322.19061305373907 463.20092006027699 2013.3847604468465 518.27706673741341 2386.461791858077 252.27235241234303 345.94317403808236 2376.7119032517076
leaf_count=15252 2800 4317 2258 137655 14302 3174 9126 7057 98025 7967 22156 101283 204133 4156 736 2104 1958 11132 2668 13463 1516 2240 12383
internal_value=-0.000129847 0.00142972 -0.00928958 0.00201979 -0.00438383 -0.013542 -0.00283291 -0.00123884 0.000477931 -0.0170214 0.00169099 0.00545991 0.000276006 -0.0213199 -0.014987 0.0194398 -0.030954 -0.0078929 0.0305072 -0.00483992 -0.0276563 0.0039267 0.000334743
internal_weight=124835 91346.2 4764 86582.2 33488.6 4847.23 28641.4 25322.8 22839.9 2482.82 84980.7 23193.6 61787.1 2116.49 3318.6 1601.5 1328.72 2152.19 933.361 3000.41 1846.82 668.134 2647.51
internal_count=681861 500111 25072 475039 181750 32455 149295 128301 113277 15024 465227 123439 341788 10431 20994 9812 6275 11868 5468 16637 15818 4344 14641
is_linear=0
shrinkage=0.05


Tree=72
num_leaves=24
num_cat=0
split_feature=22 2 7 1 18 9 7 2 7 18 7 7 10 8 6 18 2 2 8 18 18 8 2
split_gain=322.105 302.008 764.989 420.808 616.21 1089.16 384.769 231.883 169.027 167.45 150.749 134.939 105.188 102.512 86.6892 86.4184 84.3393 79.6483 76.3154 75.3096 51.0361 44.5563 43.7111
threshold=-0.11211999999995512 -1.0000000180025095e-35 4.0548062694072702e-07 -1.0000000180025095e-35 -7.0075908754416636 0.40025593269207033 7.8268059079661644e-06 -1.5930646934947387e-07 1.1458592926515492e-05 -18.599018208778869 4.0548062694072702e-07 2.9904584162853696e-05 0.24529673384630921 1.0000000180025095e-35 3.5399064835015419e-05 -4.0288377994380484 -1.5968906641461442e-07 -4.9035681894515897e-05 0.025773441516307352 -18.599018208778869 -4.821462454883485 0.038228445302907053 -1.5814279663572958e-07
decision_type=2 2 2 2 2 2 2 2 2 2 2 2 2 2 2 2 2 2 2 2 2 2 2
left_child=11 2 18 6 5 -5 19 14 -9 -8 -6 12 20 15 -4 -14 -15 -13 22 -3 -1 -19 -2
right_child=1 3 7 4 10 -7 9 8 -10 -11 -12 17 13 16 -16 -17 -18 21 -20 -21 -22 -23 -24
leaf_value=-0.007069529601291237 0.034405427829655423 0.042066518556032113 -0.009973652892904538 0.015354178263747981 -0.0064138842064231571 -0.011219863629223515 0.019872314580949998 0.016817383104936103 0.0033390179908475526 -0.00062244460736955427 0.0038397322115034716 0.0020527336937266752 0.0079246799452083062 -0.012916907760050406 0.0026407630307210645 -0.0063542798657562523 -0.0035343838491363115 -0.011261735358384414 0.038713134805474399 0.022227177422377283 -0.023946586866967393 -0.0017308251071677635 0.013507402207241823
leaf_weight=677.06907959654927 402.75580690056086 725.10553622990847 3542.902075201273 4603.7476291619241 3989.7164197564125 23679.646796740592 1293.0235725194216 3251.9797504469752 8166.8860675692558 4323.3085108697414 35132.004867836833 8621.0401546061039 2008.5876885280013 5598.290460832417 2209.7747892141342 2238.259327583015 4191.5634769424796 2171.994103975594 1602.359476134181 1439.4880816340446 1340.254994455725 2818.2902922108769 671.37878488749266
leaf_count=3390 4714 4393 18113 24697 30692 122668 6438 22960 45996 24115 181750 39821 9563 31388 9806 12388 24135 10042 14284 12422 7479 13053 7744
internal_value=2.83661e-05 0.0014482 0.00693378 0 -0.00127108 -0.00689339 0.0110081 0.00305642 0.00718023 0.00410048 0.00279364 -0.00451974 -0.00762456 -0.00608796 -0.00512798 0.000398468 -0.0089018 -0.000856776 0.031787 0.0289081 -0.0182973 -0.00588295 0.0213973
internal_weight=124699 95034.1 19848 75186 67405.1 28283.4 7780.93 17171.5 11418.9 5616.33 39121.7 29665.3 16054 14036.7 5752.68 4246.85 9789.85 13611.3 2676.49 2164.59 2017.32 4990.28 1074.13
internal_count=682051 530792 123617 407175 359807 147365 47368 96875 68956 30553 212442 151259 88343 77474 27919 21951 55523 62916 26742 16815 10869 23095 12458
is_linear=0
shrinkage=0.05


Tree=73
num_leaves=24
num_cat=0
split_feature=21 19 19 1 1 18 7 0 0 1 18 1 8 7 7 3 7 8 12 6 10 7 18
split_gain=299.536 205.188 190.793 173.699 392.633 150.173 131.006 260.29 223.625 209.464 293.626 220.409 113.003 96.2772 87.3699 79.6056 67.5397 48.6944 42.3942 40.4524 30.6808 29.3976 22.3008
threshold=0.40555048735431182 0.99985463733646096 -0.9999999997919613 1.5985942525276189e-07 1.0000000180025095e-35 -9.2630206192495397 3.1969840917886673e-05 -1.0000000180025095e-35 -1.6014943948761126e-07 -1.0000000180025095e-35 -4.6046704357215988 -3.117610534175696e-07 0.49999187652315197 1.640275884823137e-05 5.7787442347944523e-05 1.5964507671384356e-07 1.1390620567408091e-06 0.29154916150967985 0.039230769224058999 2.268445547049146e-05 0.27348493808383006 3.1060342262580505e-05 -5.7779686774586567
decision_type=2 2 2 2 2 2 2 2 2 2 2 2 2 2 2 2 2 2 2 2 2 2 2
left_child=1 2 12 4 -4 15 7 8 -2 11 -11 -9 20 -10 -5 19 -14 -8 22 -3 -1 -7 -19
right_child=6 5 3 14 -6 21 17 9 13 10 -12 -13 16 -15 -16 -17 -18 18 -20 -21 -22 -23 -24
leaf_value=-0.012337124222683966 -0.022991145148643706 -0.036819148336120648 -0.00094243052120530392 0.008264966386858667 -0.01127960815125368 -0.0076118951647405151 -0.0063337426857237493 -0.0223624000133382 0.026659116686754032 -0.0022876144958914701 0.0091949790167165733 0.021060835916270264 0.044743718599491264 0.010995668004814172 -0.002842949025630816 0.0032345202042229899 0.016831384525585077 -0.0016593673181436357 -0.018289443063875369 -0.011306315730955176 0.0065998323461449286 0.010372853854987131 0.0037869155468483288
leaf_weight=287.33692319691181 330.5008597150445 932.89777541533113 57185.721604518592 5981.1918077915907 10942.329438809305 987.09967992454767 3323.5386783778667 328.75396703183651 2212.6458040885627 15953.919416088611 8548.941652700305 2520.9372550025582 293.27832794561982 1772.0619068816304 2512.1111043095589 179.77473200857639 838.69842044636607 3188.2267722561955 276.97046315670013 189.75179778039455 817.78200253844261 292.92703719437122 4570.9212913960218
leaf_count=1474 1875 5332 307731 30751 72226 6423 15847 1623 20003 81373 46025 18251 1954 11321 10876 769 4063 14146 1283 911 4987 1384 21599
internal_value=-1.35721e-05 -0.00179646 -0.00134202 -0.00176245 -0.00260308 -0.0156598 0.00336083 0.00501319 0.0164233 0.00321184 0.00171883 0.0160374 0.0130445 0.0197036 0.00497903 -0.0276001 0.0241336 -0.00124514 0.000859815 -0.0325392 0.00165821 -0.00348252 0.00154855
internal_weight=124468 81440.9 78858.4 76621.4 68128.1 2582.45 43027.4 31667.8 4315.21 27352.6 24502.9 2849.69 2237.1 3984.71 8493.3 1302.42 1131.98 11359.7 8036.12 1122.65 1105.12 1280.03 7759.15
internal_count=682227 448881 434062 421584 379957 14819 233346 180471 33199 147272 127398 19874 12478 31324 41627 7012 6017 52875 37028 6243 6461 7807 35745
is_linear=0
shrinkage=0.05


Tree=74
num_leaves=24
num_cat=0
split_feature=20 19 2 7 7 4 18 10 15 7 8 15 15 8 7 4 18 17 2 7 2 18 18
split_gain=293.067 222.456 172.304 261.96 228.954 329.743 170.36 164.024 186.307 445.024 403.537 150.458 130.43 173.232 146.339 124.678 82.7087 74.3466 65.3126 60.1634 54.5296 51.8395 36.3948
threshold=-0.64736078519818829 0.99985463733646096 1.0000000180025095e-35 1.2580149221108218e-05 1.06372281672639e-07 1.0000000180025095e-35 -18.599018208778869 0.81893710255690533 0.99875078027440245 1.835216759490645e-06 0.99999747274353923 0.33123953090730679 0.0019398660348654217 0.99999747274353923 2.1157933901028462e-05 1.5880071213558725e-07 -9.2630206192495397 -0.21896604719548327 2.0672711960045835e-06 2.0247404993161373e-05 1.5454999857666965e-07 -9.2630206192495397 -4.1317349998725303
decision_type=2 2 2 2 2 2 2 2 2 2 2 2 2 2 2 2 2 2 2 2 2 2 2
left_child=2 7 4 21 5 11 15 8 10 -10 -2 -1 13 -6 -14 20 18 -9 -5 -19 -3 -4 -8
right_child=1 6 3 16 12 -7 22 17 9 -11 -12 -13 14 -15 -16 -17 -18 19 -20 -21 -22 -23 -24
leaf_value=0.020498729582985962 0.0052665647123670148 -0.037369829807054902 -0.042310730550753545 -0.02577166602580018 -0.0010637791895290701 -0.04232089858193426 -0.0048877677063965631 0.0048111594352981332 -0.029854386252577921 -0.00064827818664527168 -0.0035389652349109911 -0.045701645243328037 -0.030808289785709909 -0.013385360896725812 -0.0058934420558358928 -0.0059358965115461366 0.00033527775134235756 0.024873111828162417 0.015342876235332807 0.008809519253604365 -0.013092439168662519 -0.022922366250413551 0.0074830630188964173
leaf_weight=2172.5632774941623 46329.591520104557 837.88810896128416 555.26518315449357 601.09182757884264 20467.471990779042 250.79642901197076 1721.4946565851569 2302.3528113849461 1420.1006149426103 15751.611404195428 18089.302365228534 87.469877053052187 903.48532498627901 3312.8462869375944 1693.7130948379636 913.80899626016617 2209.1573567166924 1264.1483339965343 113.47106516361237 1088.6299851611257 324.28640772774816 941.90464020520449 905.56133790314198
leaf_count=15222 260402 4312 3719 3188 98176 2067 9699 11382 10430 81224 99095 672 6504 20647 9168 4023 12688 7234 478 5508 2066 9404 4872
internal_value=3.4113e-05 0.00150368 -0.00397814 -0.0131689 -0.00257066 0.0118505 -0.00908328 0.00208125 0.00156019 -0.00306711 0.0027938 0.0178962 -0.00394437 -0.0027815 -0.0145795 -0.019781 -0.00445007 0.0112081 -0.0192112 0.0174564 -0.030634 -0.0301632 -0.000619121
internal_weight=124258 90948.8 33309.2 4420.89 28888.3 2510.83 4703.04 86245.7 81590.6 17171.7 64418.9 2260.03 26377.5 23780.3 2597.2 2075.98 2923.72 4655.13 714.563 2352.78 1162.17 1497.17 2627.06
internal_count=682180 500247 181933 29477 152456 17961 24972 475275 451151 91654 359497 15894 134495 118823 15672 10401 16354 24124 3666 12742 6378 13123 14571
is_linear=0
shrinkage=0.05


Tree=75
num_leaves=24
num_cat=0
split_feature=21 0 0 7 14 0 4 14 2 7 1 24 8 14 7 7 2 12 21 2 6 5 7
split_gain=275.585 176.647 379.61 315.903 245.318 256.297 166.125 128.476 125.23 226.676 173.815 189.361 182.072 107.352 102.293 97.1013 77.7393 66.0433 62.4106 48.3226 47.8785 46.8178 46.2868
threshold=0.66099823723654605 1.603874331124189e-07 1.0000000180025095e-35 1.4760329931318505e-05 1.60309101800088e-07 -1.5354810489753842e-07 1.5880071213558725e-07 6.3528361924143913e-05 -1.0000000180025095e-35 1.5712509147980509e-05 -1.0000000180025095e-35 -0.72430926176281385 1.0000000180025095e-35 7.445975522086947e-05 2.0775998510165881e-05 4.4272750387204351e-05 -4.6891129823478645e-07 0.0029806325521357 0.9288000367316892 1.596229957101514e-07 3.960573836816576e-05 1.1402984732698432e-07 8.9194669252722861e-05
decision_type=2 2 2 2 2 2 2 2 2 2 2 2 2 2 2 2 2 2 2 2 2 2 2
left_child=1 2 4 6 5 -1 -4 -6 9 16 14 21 -13 19 -10 -5 -2 -15 -11 20 -3 -12 -21
right_child=8 13 3 15 7 -7 -8 -9 10 18 11 12 -14 17 -16 -17 -18 -19 -20 22 -22 -23 -24
leaf_value=0.0064023057528427149 -0.015878565884811537 0.049676141645910762 -0.025158841704541642 -0.0072161471378125661 -0.013832310237531582 -0.0010288746288312446 -0.0018008513918919737 -0.00081007255227948148 0.028491953665785937 -0.0011534820390497211 -0.027786231194729623 0.020590850706112815 0.0015086717706382098 0.00017523238907913297 0.005033276260342826 0.0047103919948185621 0.028404276987060786 -0.038408983223992006 0.018063949924789633 0.011757825260278441 0.016592551195158699 -0.0015933874183969748 -0.012156813152529859
leaf_weight=14780.464821748435 103.89711500704288 155.00591799616814 3597.9225695878267 6170.2119615152478 4816.4221704229712 53941.337115958333 966.33485886454582 3122.5918397456408 1001.504504442215 2085.093400888145 650.07545287162066 1330.3999059870839 20253.423867441714 1743.2545587047935 868.5379413664341 2356.7235801294446 1688.8783605881035 116.42080748081207 527.65562061220407 2894.3717182278633 375.30937711894512 231.95599126815796 215.7380243241787
leaf_count=84277 518 669 31577 33274 27315 288584 4856 15750 7616 11537 3311 8545 100583 8760 4732 10575 15201 508 3402 17101 1568 1089 962
internal_value=9.21035e-05 -0.0012027 -0.00173583 -0.00960406 -0.000391913 0.000569467 -0.0202176 -0.0087125 0.00438319 0.0121388 0.00297811 0.00175796 0.0026869 0.00749358 0.0176163 -0.0039189 0.0258203 -0.00227623 0.0027365 0.0124843 0.0264223 -0.0209229 0.0100906
internal_weight=123994 95252.1 89752 13091.2 76660.8 68721.8 4564.26 7939.01 28741.4 4405.52 24335.9 22465.9 21583.8 5500.1 1870.04 8526.94 1792.78 1859.68 2612.75 3640.43 530.315 882.031 3110.11
internal_count=682310 525776 496208 80282 415926 372861 36433 43065 156534 30658 125876 113528 109128 29568 12348 43849 15719 9268 14939 20300 2237 4400 18063
is_linear=0
shrinkage=0.05


Tree=76
num_leaves=24
num_cat=0
split_feature=1 1 7 3 3 18 19 5 1 8 18 18 24 15 21 8 7 24 15 15 8 13 1
split_gain=245.216 444.562 251.927 242.322 870.837 630.836 316.516 314.893 212.393 125.697 69.5698 65.5185 72.1606 62.8051 54.9197 42.9983 83.5891 41.1541 55.9112 51.0328 39.2762 38.5843 37.9073
threshold=-1.5961386168328315e-07 -1.5823786281288219e-07 5.4279107074716781e-06 1.5964507671384356e-07 1.0000000180025095e-35 -18.599018208778869 0.99985463733646096 2.4591955956466132e-05 -4.7982726637307842e-05 0.99999747274353923 0.46301675766536238 0.63936394656920725 0.74164189542691028 0.038304338716754975 0.45128711656186865 0.99999747274353923 3.4900036835757658e-05 0.11811948674755635 0.0047846889961897484 0.25527992462284582 0.00096066661511201503 0.0021344741482823963 -1.5888147508746894e-07
decision_type=2 2 2 2 2 2 2 2 2 2 2 2 2 2 2 2 2 2 2 2 2 2 2
left_child=8 2 22 4 6 -6 -3 9 11 -5 -9 12 20 -14 -4 17 -17 18 -10 -19 -1 -13 -2
right_child=1 3 14 7 5 -7 -8 10 15 -11 -12 21 13 -15 -16 16 -18 19 -20 -21 -22 -23 -24
leaf_value=0.0074189301588468834 0.0078376746046178117 0.0016836133979181815 0.0028994015902445219 0.010656468629643645 -0.034615146382090393 -0.0067598181443790928 -0.016930179022317741 -0.00078813647853835417 -0.0047206996467166334 0.0024555496100706108 -0.01600905564244098 0.0079703566350533619 -0.009356192875255109 0.035520564041140699 0.0202032039524019 -0.03232774364672563 -0.0032118867258706246 -0.016601486429424477 -0.020140793887507693 0.019213885131388372 -0.0011570250225299318 0.036705753857959045 0.038961078570860695
leaf_weight=1801.6198237016797 108.53545930609107 52464.668799143285 1493.6227047294378 13077.499393977225 2978.3137083873153 6397.6462811492383 2385.7540164105594 16205.668697118759 3769.7523989006877 7274.2335752472281 785.27478852123022 592.45248003304005 2951.9539750516415 78.104323342442513 660.8086424395442 629.5662329941988 405.77311038970947 2415.633457697928 695.4038902670145 101.9877175539732 5135.4814103469253 144.35013154149055 1159.0340118929744
leaf_count=8010 996 299569 8063 70462 16699 46621 13530 76551 16662 34329 3833 2934 16331 344 4611 4269 1935 14531 4180 505 24777 664 11579
internal_value=-1.43367e-05 0.000925669 0.0186459 0.000328244 -0.00153392 -0.0156142 0.000873316 0.00353105 -0.00528557 0.00772602 -0.0014937 -0.000675398 -0.00174044 -0.00817511 0.00822297 -0.0114377 -0.0209496 -0.0100211 -0.00713129 -0.0151345 0.00107099 0.0136909 0.0363166
internal_weight=123713 104991 3422 101569 64226.4 9375.96 54850.4 37342.7 18722.1 20351.7 16990.9 10704 9967.16 3030.06 2154.43 8018.12 1035.34 6982.78 4465.16 2517.62 6937.1 736.803 1267.57
internal_count=681985 586843 25249 561594 376419 63320 313099 185175 95142 104791 80384 53060 49462 16675 12674 42082 6204 35878 20842 15036 32787 3598 12575
is_linear=0
shrinkage=0.05


Tree=77
num_leaves=24
num_cat=0
split_feature=22 2 7 19 18 9 15 10 9 7 2 2 18 8 6 8 5 8 18 4 2 9 7
split_gain=248.964 399.38 547.223 394.264 433.419 487.733 165.356 125.829 111.742 81.1707 75.4269 119.92 125.706 91.1143 59.3709 58.6345 52.3608 49.8376 43.1539 42.2424 42.0772 40.6246 39.7933
threshold=-0.025809999999995111 -1.0000000180025095e-35 2.5815195784750532e-06 -0.98370785862820032 -6.9749783261890483 0.50000000000001255 0.99894179775661984 0.44183026317037183 0.03356905922302586 3.01978450989434e-05 -7.5610108710932864e-05 -1.5908423467436703e-07 -2.1408489707052323 1.0000000180025095e-35 3.216796403610321e-05 0.12360014261991181 2.6550893563530526e-05 0.00021434182254822926 -1.892430995943484 -1.5872990744014712e-07 -2.3987787851176275e-05 0.56729980293719129 7.8268059079661644e-06
decision_type=2 2 2 2 2 2 2 2 2 2 2 2 2 2 2 2 2 2 2 2 2 2 2
left_child=8 2 15 22 5 -5 -6 -4 16 -9 14 13 -13 -12 17 -2 18 -10 -1 -17 -20 -16 -3
right_child=1 3 7 4 6 -7 -8 9 10 -11 11 12 -14 -15 21 19 -18 -19 20 -21 -22 -23 -24
leaf_value=-0.014946183265972406 0.021291797689337869 0.041439184515947948 -0.0043909596748761713 0.0066700188783805851 0.0055832900908402913 -0.0089006893941328182 -0.0011028442568741122 0.010825297616220999 0.004705959583279933 0.00080610072619043648 -0.0011323777695472718 0.00026458527776187206 -0.011267349078828193 -0.011234117030918126 0.0022641247104674572 0.011311993929431913 -0.0050383507845190977 -0.0080292928132393287 -0.01323765065161172 0.039689510760373498 -0.048911439857970508 0.013770137314044204 0.021495561913265706
leaf_weight=602.64041213691235 1064.1562438346446 472.62196534872055 2890.9497277252376 6585.0188631080091 23544.62650147453 21264.75013577193 15224.463191706687 6207.9365074969828 1100.6438647136092 2999.3115152940154 3207.6282663866878 15609.704672910273 2782.5560023523867 7350.8175570815802 6074.3866615593433 148.42917406186461 660.57229889184237 2530.3931076452136 128.44828977435827 1310.5496010296047 242.3978724963963 876.63887250423431 552.06063483655453
leaf_count=3149 12523 2868 14919 35969 130223 112672 83183 40109 5561 14778 15461 89200 14501 39129 27944 992 3139 14104 781 12462 1372 4054 2708
internal_value=4.47019e-05 0.00163325 0.00912599 1.3376e-05 -0.000460411 -0.00521863 0.00295762 0.00470579 -0.00312954 0.00756292 -0.00259932 -0.0039197 -0.00148084 -0.0081665 0.00101259 0.030298 -0.0159353 -0.00416713 -0.0232989 0.0368254 -0.036706 0.00371949 0.030762
internal_weight=123432 82264.9 14621.3 67643.5 66618.9 27849.8 38769.1 12098.2 41166.8 9207.25 39532.8 28950.7 18392.3 10558.4 10582.1 2523.14 1634.06 3631.04 973.487 1458.98 370.846 6951.03 1024.68
internal_count=681801 463406 95783 367623 362047 148641 213406 69806 218395 54887 209954 158291 103701 54590 51663 25977 8441 19665 5302 13454 2153 31998 5576
is_linear=0
shrinkage=0.05


Tree=78
num_leaves=24
num_cat=0
split_feature=1 1 18 15 3 3 7 7 7 10 1 7 8 15 7 24 7 12 3 23 18 3 18
split_gain=235.211 392.458 386.75 290.921 382.15 697.573 351.238 185.541 178.446 183.12 155.897 118.989 97.6876 130.087 120.09 100.962 75.9992 66.916 58.0973 57.0432 48.4088 47.3714 40.8693
threshold=1.5985942525276189e-07 1.0000000180025095e-35 -18.599018208778869 0.00095695970680512892 -3.0650899596196263e-07 -1.0000000180025095e-35 3.6758546551122592e-06 4.819652469721982e-05 3.9379850658707357e-05 0.61793298063563784 7.501445404667352e-05 5.2027438247295485e-06 0.99999747274353923 0.99792099792133138 4.4272750387204351e-05 0.11811948674755635 2.5273482017022999e-05 0.0097087378625002659 -4.8552619018593637e-06 0.055089999999929057 -5.6062030715863669 1.5462675673205697e-07 -9.3745923936566431
decision_type=2 2 2 2 2 2 2 2 2 2 2 2 2 2 2 2 2 2 2 2 2 2 2
left_child=1 3 11 4 16 -6 19 -8 9 -4 12 -3 13 14 -2 -15 -1 22 -10 -5 -14 -13 -12
right_child=10 2 8 6 5 -7 7 -9 18 -11 17 21 20 15 -16 -17 -18 -19 -20 -21 -22 -23 -24
leaf_value=-0.0054530550723141157 0.024083335794020777 -0.034044269166142747 -0.0099557169045704288 -0.038981045989115684 0.016336388513846622 0.0013292954869452347 -0.0078876053861330082 0.0093912381368184503 0.020373230034761609 0.0038661387246433942 0.013477454056488184 -0.021277075224209081 -0.0053515737413980906 -0.0041152051385281536 0.0039982791673086274 0.013935936065409701 -0.00036817541020283572 -0.020049263021047408 0.0033822494061468075 -0.017686722828216907 0.0066067087662969818 -0.0090610712027286624 -0.00016258746837540859
leaf_weight=14320.9666326195 2852.1571285352111 1177.4715654589236 8022.3837447240949 851.98343377560377 9740.2483013793826 37749.537171974778 6420.6811901256442 2047.3348857462406 818.5671756118536 3414.7060324773192 596.15606697648764 1661.3075525537133 1231.6107519865036 1519.3124776631594 1008.8027118742466 1576.2096308916807 15095.577719844878 397.97322677820921 1305.3096577823162 508.31270608305931 2692.6973393857479 1531.240273475647 6697.3494282886386
leaf_count=71380 16863 8732 57119 6031 72091 209497 34622 9025 4033 18139 2643 8998 5212 6709 4481 9588 69775 1876 5836 2757 15435 7197 33682
internal_value=0.000126742 -0.00079339 -0.00752675 0.000598708 0.00163401 0.00440794 -0.00750065 -0.00370823 -0.00335655 -0.00582861 0.00531202 -0.0204591 0.00916298 0.0127208 0.0188415 0.00507771 -0.00284404 -0.00013606 0.00994613 -0.0310651 0.00285162 -0.0154288 0.000955025
internal_weight=123238 104666 17931 86734.6 76906.3 47489.8 9828.31 8468.02 13561 11437.1 18572.3 4370.02 10880.8 6956.48 3860.96 3095.52 29416.5 7691.48 2123.88 1360.3 3924.31 3192.55 7293.51
internal_count=681721 585232 110054 475178 422743 281588 52435 43647 85127 75258 96489 24927 58288 37641 21344 16297 141155 38201 9869 8788 20647 16195 36325
is_linear=0
shrinkage=0.05


Tree=79
num_leaves=24
num_cat=0
split_feature=22 15 7 8 2 7 2 7 4 21 24 8 14 0 7 0 12 7 24 0 3 14 18
split_gain=236.386 321.827 387.944 339.044 586.675 702.13 457.344 293.592 189.761 136.165 130.514 179.141 131.657 92.6758 73.9723 112.707 68.4248 61.9599 61.2892 73.5279 65.7986 54.1963 52.5374
threshold=0.04217000000002926 0.9987737579691961 1.7489236250439972e-05 0.99953513098700686 1.0000000180025095e-35 1.1390620567408091e-06 1.596229957101514e-07 1.1756636786913056e-07 1.5880071213558725e-07 -0.78566038866173948 -0.13417471673426992 0.48390376365949972 7.445975522086947e-05 -1.5719717438855693e-07 4.4272750387204351e-05 1.603874331124189e-07 0.0022271825401354796 4.1948557704144719e-05 -0.66539619809382156 1.0000000180025095e-35 -1.0000000180025095e-35 1.5937268356248975e-07 -6.3339588229738863
decision_type=2 2 2 2 2 2 2 2 2 2 2 2 2 2 2 2 2 2 2 2 2 2 2
left_child=1 3 8 4 5 -1 -6 -5 21 -9 13 -12 22 17 15 -4 -14 -2 20 -20 -15 -3 -13
right_child=10 2 14 7 6 -7 -8 9 -10 -11 11 12 16 18 -16 -17 -18 -19 19 -21 -22 -23 -24
leaf_value=0.01674825972055553 0.01988876732790448 -0.029296323626859262 -0.0083848686831149138 -0.024358260079777445 -0.024860311285051274 0.0005944445214885577 0.0069029945679505217 -0.014965158808215182 -0.0049046757606396006 -0.0018664906994393226 -0.0090414541271547685 -0.0096342854416127527 0.0019065825297597931 0.0068533637299865767 0.0059002026881829978 0.021407224538302027 -0.031645265902156258 -0.0014645758342128404 0.0028437233048384143 -0.0036877169351686927 -0.012287804183194974 0.021985958148132086 0.013739770397222992
leaf_weight=7955.7267006225884 1074.6105665974319 2899.0840384811163 3575.4900413379073 2067.42459179461 3495.8775776363909 43492.63869100064 1675.0004795193672 2402.7107437290251 1215.2576178908348 11354.219175614417 1417.7964578457177 246.58700717240572 2230.5089626014233 611.38555226847529 2089.1089405491948 346.38654883205891 161.05194643139839 495.33684295415878 19333.02914904803 5542.2579848691821 1674.1894174218178 50.974731273949146 7669.2303460203111
leaf_count=59447 7402 23095 19784 22335 20364 222810 8337 16626 6241 63036 7973 1492 11913 2979 9542 1901 715 2237 95357 25077 7933 304 45345
internal_value=3.44706e-05 -0.00149884 -0.00982408 -0.000329068 0.00147924 0.00309304 -0.0145716 -0.00679883 -0.0215478 -0.00415644 0.00316587 0.00761101 0.00990337 0.00135121 -0.0016948 -0.00574274 -0.000375323 0.0131551 0.000667819 0.00138813 -0.00716389 -0.0283942 0.0130088
internal_weight=123076 82619.9 10176.3 72443.6 56619.2 51448.4 5170.88 15824.4 4165.32 13756.9 40456 11725.2 10307.4 28730.8 6010.99 3921.88 2391.56 1569.95 27160.9 24875.3 2285.57 2950.06 7915.82
internal_count=682245 473822 60867 412955 310958 282257 28701 101997 29640 79662 208423 67438 59465 140985 31227 21685 12628 9639 131346 120434 10912 23399 46837
is_linear=0
shrinkage=0.05


Tree=80
num_leaves=24
num_cat=0
split_feature=0 0 4 4 18 9 8 24 18 5 3 13 0 1 1 18 18 24 24 2 5 8 14
split_gain=235.553 336.325 305.898 891.826 378.168 266.852 186.028 136.217 127.513 126.594 130.517 124.184 85.1188 77.4166 76.2411 48.718 48.0233 47.0298 39.9531 38.2287 47.3939 35.7235 28.661
threshold=-1.6014943948761126e-07 -1.5354810489753842e-07 1.5880071213558725e-07 1.0000000180025095e-35 -18.599018208778869 0.50000000000001255 0.038228445302907053 -0.42847128369727921 -3.9294235524141135 2.4943165012564944e-05 -4.8552619018593637e-06 0.047619047610798236 -1.5824255861218714e-07 -4.514694339707858e-05 -1.5405158837467067e-07 0.8370591950543661 -0.67693924248825199 0.078089262144919735 2.2379112519166857 -4.6891129823478645e-07 6.2861487434288861e-05 0.00041330066531366903 1.5752083629172631e-07
decision_type=2 2 2 2 2 2 2 2 2 2 2 2 2 2 2 2 2 2 2 2 2 2 2
left_child=11 6 3 5 -5 -3 8 -8 12 10 -4 13 -2 16 -9 -11 22 -10 -18 21 -21 -15 -1
right_child=1 2 9 4 -6 -7 7 14 17 15 -12 -13 -14 19 -16 -17 18 -19 -20 20 -22 -23 -24
leaf_value=0.01289203171393221 0.016992113596466352 0.0027828206188249614 -0.0076578478806787103 -0.04018156794149421 -0.012503381387822303 -0.0044951800235464917 0.00035229840846305404 0.011808561843948556 -0.0026916011297990219 -0.00036591703221511545 0.0059145915423534272 0.028509651188821997 0.0038441778792768022 -0.0056094044919878924 0.024270722171532311 -0.017082831952472594 0.0074488594130527582 -0.018449210030119019 -0.0058560564078881244 -0.037792395533677768 -0.010947045318090204 -0.017925221306138311 -0.010637065842426231
leaf_weight=133.85021983087063 1504.6573085747659 24809.222716003656 1914.1604248210788 1906.7943643629551 3502.1152608767152 25576.536472018808 1468.7020089291036 2609.2451451420784 2378.4795870482922 15019.435995399952 23425.317261613905 224.19702754169703 6749.952387727797 1076.932518042624 2332.0797542072833 446.891137778759 1021.5456673130393 589.88408748805523 1255.3700030371547 371.97893080115318 298.52242849767208 1307.931805498898 2806.8339555487037
leaf_count=684 11397 139515 9329 11458 29478 146127 7205 16719 12566 69692 119931 1056 42525 6661 13963 2133 5024 3708 6911 1568 1212 7893 15272
internal_value=-1.52952e-05 0.000582137 -0.000576975 -0.00298318 -0.0222729 -0.00091153 0.00693183 0.0137262 0.003049 0.00271295 0.0048886 -0.00804584 0.00624494 -0.00904375 0.0176986 -0.000851413 -0.00533764 -0.00583501 0.000112342 -0.0153633 -0.0259158 -0.0123752 -0.00955637
internal_weight=122731 114233 96600.5 55794.7 5408.91 50385.8 17633 6410.03 11223 40805.8 25339.5 8497.16 8254.61 8272.97 4941.32 15466.3 5217.6 2968.36 2276.92 3055.37 670.501 2384.86 2940.68
internal_count=682027 635746 527663 326578 40936 285642 108083 37887 70196 201085 129260 46281 53922 45225 30682 71825 27891 16274 11935 17334 2780 14554 15956
is_linear=0
shrinkage=0.05


Tree=81
num_leaves=24
num_cat=0
split_feature=22 9 1 7 1 7 4 7 24 8 15 1 21 24 8 14 13 8 7 15 7 7 1
split_gain=229.987 241.214 509.272 503.616 360.404 641.268 1043.44 422.49 274.145 248.315 169.739 116.467 112.391 100.328 142.72 119.474 106.684 85.8892 157.331 125.053 173.115 90.0411 68.5661
threshold=-0.033549999999944811 0.40025593269207033 1.0000000180025095e-35 6.3023061696769568e-06 -1.0000000180025095e-35 1.1756636786913056e-07 -1.0000000180025095e-35 5.2027438247295485e-06 -0.12555296108995825 0.49999187652315197 0.0051151229733033135 1.5985942525276189e-07 0.89057886550681875 0.13863119266440091 0.3006908787719707 3.10241871430344e-05 0.0052219677148485225 0.99986408058793275 3.1355137007903117e-05 0.0095695970680649989 3.1355137007903117e-05 1.3652680960656694e-05 1.5414410281522353e-07
decision_type=2 2 2 2 2 2 2 2 2 2 2 2 2 2 2 2 2 2 2 2 2 2 2
left_child=13 2 3 10 7 6 -6 -3 -7 -5 -2 -4 -9 17 15 -15 -17 19 22 21 -21 -1 -19
right_child=1 4 11 9 5 8 -8 12 -10 -11 -12 -13 -14 14 -16 16 -18 18 -20 20 -22 -23 -24
leaf_value=0.0063600029508647828 0.031352737599085044 0.026504511543499178 -0.016662239862051391 -0.0019071492778416962 0.041104554813313529 -0.0014186825968034065 -0.022359024526908411 0.0015676469988933996 0.007441623316413775 0.017499337280127342 -0.032460669012183745 0.0058449914905213214 0.018790585374460184 -0.017266586284405746 0.0076940326243525583 -0.0062029910244330508 0.038622602963495338 -0.019894591729074394 0.0025588166896312009 -0.018645763403037564 0.0016495792111931784 -0.0010417134184533227 -0.003947887509126554
leaf_weight=5668.6349601261318 3120.4693225957453 2463.516810502857 2165.0635152794421 4392.2636527195573 721.60563409328461 39646.065702352673 6177.743080355227 8940.8332223892212 11193.156141296029 2635.8609334602952 106.17725295573473 780.69922970235348 1057.6929265931249 3493.10176448524 1261.204728089273 4041.9265426248312 135.23906349390745 2128.1659288853407 2224.368597060442 2093.0229178480804 2106.4116760343313 14914.229819051921 989.08628673478961
leaf_count=30844 23607 25098 14445 24167 5025 194186 46428 50893 64622 13000 719 4242 7734 22110 7457 22320 618 14904 10797 14157 10127 66830 7139
internal_value=-6.12983e-05 0.00142147 0.00762191 0.0128853 0.00025528 -0.0014091 -0.0157106 0.00796602 0.000532189 0.00537335 0.0292325 -0.0106957 0.00339347 -0.00322772 -0.0078814 -0.0104444 -0.00473274 -0.00184735 -0.00759684 -0.00060738 -0.00846861 0.000996937 -0.0148422
internal_weight=122457 83401.1 13200.5 10254.8 70200.6 57738.6 6899.35 12462 50839.2 7028.12 3226.65 2945.76 9998.53 39055.4 8931.47 7670.27 4177.17 30123.9 5341.62 24782.3 4199.43 20582.9 3117.25
internal_count=681469 474166 80180 61493 393986 310261 51453 83725 258808 37167 24326 18687 58627 207303 52505 45048 22938 154798 32840 121958 24284 97674 22043
is_linear=0
shrinkage=0.05


Tree=82
num_leaves=24
num_cat=0
split_feature=21 0 0 7 19 1 15 7 1 7 19 7 7 14 15 3 18 3 0 11 1 18 4
split_gain=196.179 152.054 217.231 157.888 151.31 147.841 108.472 148.43 118.334 120.089 118.801 106.308 96.0842 65.2165 54.1335 51.4571 45.8164 37.3624 36.7445 39.6083 29.2406 27.4538 26.9045
threshold=-0.70025709160424066 -1.6014943948761126e-07 -1.5824255861218714e-07 8.7695490005364399e-06 -0.999667840994788 1.5985942525276189e-07 0.002496882793525505 1.5508204148085662e-05 1.0000000180025095e-35 1.7117380513105781e-05 0.99578443580390663 9.9090156238366631e-08 7.8268059079661644e-06 6.2674419960954646e-05 0.0044543650786504864 -1.588103337724078e-07 -9.2630206192495397 -1.0746189527566228e-05 1.603874331124189e-07 0.97500000000386544 4.332008615826056e-06 -18.599018208778869 -0.00048621108899826732
decision_type=2 2 2 2 2 2 2 2 2 2 2 2 2 2 2 2 2 2 2 2 2 2 2
left_child=6 13 3 15 12 -6 8 -8 10 16 11 -1 -4 17 22 -3 -10 -2 19 -9 -11 -12 -15
right_child=1 2 4 -5 5 -7 7 18 9 20 21 -13 -14 14 -16 -17 -18 -19 -20 -21 -22 -23 -24
leaf_value=0.012536166931484483 -0.0072835670134986409 0.0012431556877857094 0.030317884316360639 0.0071614084374764719 -0.0002252365594944351 0.0049438848326824386 -0.029274389414744219 0.0050608686209660594 -0.03625681552671315 -0.0063303945185395243 -0.032761801931324164 -0.001812682525045607 0.0066641604335354824 0.01090977282058014 0.030070377085924235 0.038497587835320701 -0.015944179925747481 -0.018098481880528979 0.013486801814344982 -0.012420390151152687 0.01318306584909377 -0.011441349799141859 -0.0044942532224895053
leaf_weight=1395.2276796139777 2259.1711957901716 106.67448037490249 669.25429681688547 1691.0607603937387 70325.64810487628 17216.995546035469 952.71762769669294 443.14495354145765 503.97424490749836 1189.7287362888455 331.95628589391708 16944.695585370064 1197.6997251957655 328.73017902672291 134.8886577039957 726.61465925723314 631.18633344769478 1239.9943819716573 232.52608713507652 1190.7074595540762 226.8036590218544 283.16873046755791 1978.8628498613834
leaf_count=10191 13157 827 5257 9720 392449 90550 8295 2526 3635 6999 1845 86390 6337 1489 577 8054 6385 6040 1237 7313 1018 1836 9854
internal_value=7.4765e-07 0.000999549 0.00150065 0.0159597 0.00109202 0.000791406 -0.0040175 -0.0132366 -0.00280771 -0.0129121 -0.001446 -0.000719559 0.0151694 -0.00675101 -0.000477817 0.0337488 -0.0250146 -0.0111256 -0.00502471 -0.00767555 -0.00318835 -0.0230241 -0.00229015
internal_weight=122201 97875.6 91933.9 2524.35 89409.6 87542.6 24325.8 2819.1 21506.7 2551.69 18955 18339.9 1866.95 5941.65 2442.48 833.289 1135.16 3499.17 1866.38 1633.85 1416.53 615.125 2307.59
internal_count=681981 544311 513194 18601 494593 482999 137670 19371 118299 18037 100262 96581 11594 31117 11920 8881 10020 19197 11076 9839 8017 3681 11343
is_linear=0
shrinkage=0.05


Tree=83
num_leaves=24
num_cat=0
split_feature=21 19 10 19 8 18 15 8 2 2 18 6 6 2 3 2 6 18 24 0 3 0 18
split_gain=205.277 150.087 150.12 134.941 151.562 132.718 116.881 164.148 160.933 195.92 148.079 120.882 95.7252 90.6961 89.3181 87.2282 69.1631 52.708 38.9084 34.87 34.1643 33.9878 32.1037
threshold=-0.70025709160424066 -0.999667840994788 0.67119015341826116 0.99985463733646096 0.99999747274353923 -6.2121143271679147 0.00099950049970402312 0.99999747274353923 1.0000000180025095e-35 4.6332040781749134e-07 -3.2761077795567997 1.8251053080230002e-05 9.8257989976239146e-08 -1.0000000180025095e-35 0.00018425268675770215 1.5435433553534497e-07 1.9239236970262735e-05 -5.9894685360740096 -0.70781753090266097 1.587683886583591e-07 -1.5476396431068904e-07 1.5959655286224009e-07 0.07684992380977014
decision_type=2 2 2 2 2 2 2 2 2 2 2 2 2 2 2 2 2 2 2 2 2 2 2
left_child=6 13 3 4 -3 12 7 8 10 -10 -1 19 -4 18 -7 -5 -9 20 -2 -8 -15 22 -13
right_child=1 2 5 15 -6 14 11 16 9 -11 -12 21 -14 17 -16 -17 -18 -19 -20 -21 -22 -23 -24
leaf_value=0.0033228406736779633 0.031992844334504431 0.0012681428305977903 -0.012808649155309139 -0.020265951780242059 -0.004367900531415776 0.0095714762781394722 -0.02707228422618442 -0.018569891221877417 -0.031191490568278066 0.016182807474688417 -0.0075669720035822594 -0.0094920849671565419 0.0016495036368249288 0.016864390579102453 0.00065232113970451096 -0.0014065219362884894 -0.0052816138182970526 0.0015975512280552466 0.0012272562119866027 0.012237361986687303 0.039695001950280841 0.013209678354239866 0.020874911374507202
leaf_weight=12123.779021773487 113.54208007454872 55235.514155685902 1361.5252699106932 1366.6111431568861 15211.759737309068 10594.231784533709 1192.850961394608 2000.1029935665429 841.08073527738452 292.89248621463776 4201.9342314973474 1313.8002542108297 7134.7046749033034 254.23403849452734 3820.5266918167472 1112.3400130309165 1923.561273150146 177.56142319738865 935.16071293875575 57.937434542924166 489.11131699383259 228.83816989511251 91.24552583694458
leaf_count=60561 1117 307567 9297 7629 89568 58152 10058 16980 5289 1398 22315 7855 34509 1453 18662 6665 11119 1041 6045 397 2642 1203 483
internal_value=1.6215e-05 0.00103758 0.000756585 -0.000352561 5.09852e-05 0.00428697 -0.00409973 -0.00282425 -0.000746708 -0.0189439 0.000519116 -0.0135442 -0.000669304 0.0146933 0.00720828 -0.0118134 -0.0120626 0.026127 0.00461753 -0.0252308 0.0319595 -0.00457483 -0.00748959
internal_weight=122075 97806.8 95837.2 72926.2 70447.3 22911 24268 21383.4 17459.7 1133.97 16325.7 2884.67 8496.23 1969.61 14414.8 2478.95 3923.66 920.907 1048.7 1250.79 743.345 1633.88 1405.05
internal_count=682005 544347 532049 411429 397135 120620 137658 117662 89563 6687 82876 19996 43806 12298 76814 14294 28099 5136 7162 10455 4095 9541 8338
is_linear=0
shrinkage=0.05


Tree=84
num_leaves=24
num_cat=0
split_feature=22 9 18 18 2 2 2 7 0 7 3 2 15 11 7 2 9 7 6 18 2 9 8
split_gain=182.469 202.021 554.699 403.749 364.483 503.667 214.95 209.33 195.462 290.183 157.741 130.069 123.797 285.362 239.687 120.492 95.607 94.2391 54.9385 41.0239 34.737 34.2504 42.7965
threshold=-0.11211999999995512 0.40025593269207033 -18.599018208778869 -6.9749783261890483 -1.0000000180025095e-35 1.5917221585226573e-07 1.0000000180025095e-35 5.2027438247295485e-06 1.0000000180025095e-35 6.3023061696769568e-06 -3.0650899596196263e-07 4.6332040781749134e-07 0.99890647980981262 0.93750000000994771 7.793078517254204e-07 -7.5610108710932864e-05 0.092686730848466334 3.3593319190675534e-06 3.216796403610321e-05 -1.8348966436616743 -4.6891129823478645e-07 0.70375622443869301 0.99999747274353923
decision_type=2 2 2 2 2 2 2 2 2 2 2 2 2 2 2 2 2 2 2 2 2 2 2
left_child=15 2 6 4 7 -6 10 -3 9 -4 -2 -8 13 -5 -14 18 19 -10 -1 -17 -21 22 -18
right_child=1 3 8 12 5 -7 11 -9 17 -11 -12 -13 14 -15 -16 16 21 -19 -20 20 -22 -23 -24
leaf_value=-0.0041631383191544557 0.0075397402518053644 0.027614971217302744 0.018023752038136897 0.0018519739957765784 -0.010652402343918352 0.0057455887080803663 -0.02464465264445112 0.0026079477019143368 -0.030979953573248051 -0.0012780716599589826 0.029180991545870533 0.026368595649784068 -0.024053564164871127 0.012921638665027761 0.0010660797295894764 -0.012144051948148195 -0.0042715666549646286 -0.0069859784539366004 0.0033051580775216986 -0.015779634627934688 -0.042970876925078914 0.0075059331603554149 -0.011656065992336463
leaf_weight=3751.8159399852157 1131.3239967077971 1073.1405256092548 2609.87897913903 20733.295976679772 19818.06922705099 6129.5427807867527 397.52610159665346 3780.7155585363507 494.99883444607258 7649.4577575102448 3318.1832584701478 179.86989562213421 1016.5703254975379 8094.2915743887424 14027.982895150781 844.95199828967452 14123.829720463604 2335.6287271901965 7155.3419556170702 222.49467236548662 257.52756754308939 537.35955088213086 2279.2095144465566
leaf_count=20588 4981 10683 21744 118747 111635 28379 2505 21799 5244 41171 19096 830 7603 48510 74817 4298 72817 13364 33034 1358 1385 2843 14913
internal_value=2.65718e-05 0.00111101 0.00584721 -3.81184e-05 -0.00442586 -0.00677841 0.0199617 0.00814688 0.000424239 0.0036342 0.0236855 -0.00870826 0.00304235 0.004961 -0.00063391 -0.00342242 -0.00590539 -0.0112025 0.000735482 -0.0188323 -0.0304956 -0.00489193 -0.00529925
internal_weight=121963 92790.5 18116.9 74673.6 30801.5 25947.6 5026.9 4853.86 13090 10259.3 4449.51 577.396 43872.1 28827.6 15044.6 29172.5 18265.4 2830.63 10907.2 1324.97 480.022 16940.4 16403
internal_count=682344 531108 108935 422173 172496 140014 27412 32482 81523 62915 24077 3335 249677 167257 82420 151236 97614 18608 53622 7041 2743 90573 87730
is_linear=0
shrinkage=0.05


Tree=85
num_leaves=24
num_cat=0
split_feature=10 19 8 15 7 7 7 7 1 18 18 18 2 5 7 8 8 9 8 23 7 6 2
split_gain=182.354 161.163 185.436 404.09 448.836 383.773 242.979 143.127 117.9 85.3614 85.1394 72.9743 63.6538 63.5249 49.9831 43.5278 33.4829 31.9752 33.5065 28.5988 24.0897 18.5583 14.9803
threshold=0.74793458158040105 0.99985463733646096 0.99999747274353923 0.99875078027440245 8.9508392860915688e-06 4.284782712919002e-06 9.7743144619642941e-06 9.9090156238366631e-08 1.5440383727138854e-07 -5.642218113383545 -6.1125054228237419 -9.2630206192495397 1.5425258581558412e-07 2.6550893563530526e-05 8.9194004870049756e-08 0.99999747274353923 0.059586545724933958 0.80988247217996989 0.99999747274353923 2.5780649999999663 3.9882803538714478e-05 1.4188556986959591e-05 1.5347792547970587e-07
decision_type=2 2 2 2 2 2 2 2 2 2 2 2 2 2 2 2 2 2 2 2 2 2 2
left_child=1 2 3 4 -1 -5 8 15 -4 14 -8 12 -9 17 -2 22 -16 -11 -19 -15 -13 -18 -3
right_child=9 7 6 5 -6 -7 10 11 -10 13 -12 20 -14 19 16 -17 21 18 -20 -21 -22 -23 -24
leaf_value=0.0095533213021197008 -0.025631128298947359 -0.047474669380336107 -0.018877250616432167 -0.026664692872436571 0.00018079690550115677 -0.0033105209218387919 -0.0051709478895334811 -0.021574762524314443 -0.0033200657459458473 0.0071470455956505839 0.0018757305325745755 -0.00092232046078594631 -0.0018886481457653995 0.0083208014752290307 0.0177111011799264 -0.014995207101908357 -0.0046731430785294211 0.021791359576202637 0.011181333773107734 -0.0021002276065608346 0.017793751450729711 0.0028241887398359079 -0.026186415690362244
leaf_weight=17188.022660657763 177.69989637285471 292.99028258770704 3530.1227553449571 1996.9547745995224 49723.964208945632 14674.207175653428 7906.7487700879574 994.89201693609357 1861.5326126664877 1700.7056178897619 9356.0503927320242 1489.7111977487803 699.93689536675811 1281.5282372757792 287.09349694475532 262.09260633960366 1319.6417722962797 1305.2800091728568 1756.7596407309175 1349.2267967239022 192.28845097124577 2196.290494851768 129.52420684322715
leaf_count=119058 1308 1649 28742 16413 250764 77724 42137 4836 15824 9572 49002 8440 3782 6263 2038 2576 6755 8263 8613 6463 904 9782 1222
internal_value=1.35022e-05 -0.000608087 -0.00023425 0.000853258 0.00258865 -0.00611116 -0.00424653 -0.0103806 -0.0135101 0.00604071 -0.00135174 -0.00614329 -0.0134595 0.00921832 0.000135942 -0.0311952 0.00135409 0.0126622 0.0157171 0.00297677 0.00123295 7.7222e-06 -0.0411145
internal_weight=121673 110299 106238 83583.1 66912 16671.2 22654.5 4061.44 5391.66 11374.2 17262.8 3376.83 1694.83 7393.5 3980.73 684.607 3803.03 4762.75 3062.04 2630.76 1682 3515.93 422.514
internal_count=682130 623073 599664 463959 369822 94137 135705 23409 44566 59057 91139 17962 8618 39174 19883 5447 18575 26448 16876 12726 9344 16537 2871
is_linear=0
shrinkage=0.05


Tree=86
num_leaves=24
num_cat=0
split_feature=20 3 7 5 2 1 5 18 18 3 5 24 8 15 18 3 18 20 18 8 3 5 17
split_gain=172.215 137.312 721.082 291.706 617.713 381.693 253.085 160.206 135.81 121.213 158.113 104.438 117.659 158.247 146.22 111.189 101.885 93.9008 90.8252 75.6409 69.7986 59.8479 48.2687
threshold=0.82378735743094467 1.0000000180025095e-35 1.1756636786913056e-07 1.0791562953573257e-07 1.0000000180025095e-35 1.0000000180025095e-35 2.3847400615749688e-05 -9.2630206192495397 -9.3745923936566431 1.5430072419775345e-07 2.0410731337214518e-05 -0.72430926176281385 0.99986408058793275 0.99934531524337566 -9.0715244949649207 -1.0000000180025095e-35 -4.0288377994380484 -0.77790693588773829 -6.2373683555615829 0.99999747274353923 1.5895487770478669e-07 1.0791562953573257e-07 -0.24903950318586052
decision_type=2 2 2 2 2 2 2 2 2 2 2 2 2 2 2 2 2 2 2 2 2 2 2
left_child=1 3 8 4 5 -1 19 -6 -3 -4 -11 15 13 14 -13 -2 -15 -8 22 -5 -10 -17 -14
right_child=11 2 9 6 7 -7 17 -9 20 10 -12 12 18 16 -16 21 -18 -19 -20 -21 -22 -23 -24
leaf_value=0.01034405777948069 0.033197778211543759 -0.046136953978475559 -0.018625303930566627 -0.0042334874699992584 -0.03114303199409485 -0.015838563192589264 -0.0017750381262473071 -0.0072815551871895411 -0.02289174696292428 0.0029403826928097211 -0.0047746294676734302 0.0045413051228786602 -0.0025901784708959835 -0.009542769544221898 0.016435479243046884 -0.028262702411339841 0.0055665416793208222 0.0050203381237341688 0.0036319868034710109 -0.011659981497059338 0.04440890748821498 -0.00046328677234696452 -0.015588530469668653
leaf_weight=17812.651489369571 115.92517373710871 888.67710551992059 995.5730425529182 19441.410666376352 1100.3031341210008 1508.0368814989924 9062.9495369717479 1950.9500018246472 1325.7061560228467 13438.251353878528 13125.048151828349 5122.4485651738942 2255.177882861346 1879.7477114796638 5219.4188085496426 555.97191647812724 2738.7181621789932 11571.914915569127 5930.3745212592185 4163.8934420049191 37.83317819237709 297.14612205326557 1044.808168400079
leaf_count=119447 1002 6185 6677 102579 7032 10755 44932 16143 15181 74008 61085 25233 10656 8715 36692 3083 14296 53679 30233 27934 294 1444 5218
internal_value=4.29451e-05 -0.000918267 -0.00373863 0.000343937 0.00499663 0.00829874 -0.00200891 -0.0159026 -0.0309277 -0.00151437 -0.000871524 0.00372671 0.00437194 0.00711069 0.0105467 -0.0123512 -0.00058344 0.00203565 -6.69806e-05 -0.00554458 -0.0209584 -0.0186096 -0.00671405
internal_weight=121583 96423.2 29811.1 66612.1 22371.9 19320.7 44240.2 3051.25 2252.22 27558.9 26563.3 25159.7 24190.7 14960.3 10341.9 969.043 4618.47 20634.9 9230.36 23605.3 1363.54 853.118 3299.99
internal_count=682503 545931 163430 382501 153377 130202 229124 23175 21660 141770 135093 136572 131043 84936 61925 5529 23011 98611 46107 130513 15475 4527 15874
is_linear=0
shrinkage=0.05


Tree=87
num_leaves=24
num_cat=0
split_feature=10 19 21 9 19 24 4 4 15 24 18 2 2 10 17 22 2 5 23 17 24 5 9
split_gain=165.806 154.418 140.813 136.028 93.5401 110.015 92.8831 94.6685 87.7504 76.8599 72.236 62.6394 62.2672 42.6771 34.3449 39.1798 29.5008 25.3815 25.2447 24.3063 21.3515 13.9884 13.8204
threshold=0.78932621133508596 -0.999667840994788 -0.70025709160424066 0.30000000000002763 0.99985463733646096 -0.62315536365891877 1.0000000180025095e-35 1.5880071213558725e-07 0.99875078027440245 -0.74207715206701763 -5.642218113383545 -1.0000000180025095e-35 4.4137293914836569e-05 0.18878864250277824 0.25856525751434728 0.49817000000002842 -1.5395496433256992e-07 5.797693681603478e-08 2.8316049999999273 -0.5286240053797534 -0.70781753090266097 8.9113672425761979e-06 0.40000000000003927
decision_type=2 2 2 2 2 2 2 2 2 2 2 2 2 2 2 2 2 2 2 2 2 2 2
left_child=1 3 6 13 8 -6 9 -8 -4 -3 17 20 14 21 19 -16 -15 -2 -19 -12 -5 -1 -13
right_child=10 2 4 11 5 -7 7 -9 -10 -11 12 22 -14 16 15 -17 -18 18 -20 -21 -22 -23 -24
leaf_value=-0.036328152955615554 -0.017418308758880261 0.015419141300074359 0.0011991621114532938 0.034378095228875125 -0.02829909736594189 -0.0041343541944668079 -0.030923872952651976 -0.0028166007485220814 -0.0028009856026967308 -0.0040931523204944019 -0.0066949764212214232 0.026681857525118719 0.0019346596772115941 -0.0021306959638708114 0.010011194034108656 0.032408856672193787 0.01165954732697079 0.0040529300367076714 -0.010392485401966229 0.012601141189885687 0.0081113363994706044 -0.0075358503718531205 0.041620341414890287
leaf_weight=87.668077625334263 197.95832609757781 515.08793361485004 67023.425006456673 86.781698144972324 547.82961734384298 3299.4293354600668 644.32314165681601 560.00557415187359 17233.152350455523 20998.795937541872 172.51958544179797 438.21698155626655 1505.3488915115595 937.24983928352594 337.54697920754552 472.04172913730145 658.41618432104588 1577.1850432530046 372.02558296173811 2610.3740612752736 633.891024120152 83.134901091456413 263.61056693643332
leaf_count=441 1118 3010 378841 958 3485 18093 6275 3006 94501 118301 923 2440 8158 5250 1926 2654 3778 7738 1719 13485 4271 401 1487
internal_value=-9.39418e-05 -0.000560117 -0.000872385 0.0102839 3.26309e-05 -0.0075895 -0.00438205 -0.0178846 0.000380898 -0.00362436 0.00723947 0.02178 0.0104786 0.00100927 0.0140543 0.0231243 0.00356388 -0.000451181 0.00128549 0.0113992 0.0113676 -0.0225924 0.0324023
internal_weight=121256 114011 110822 3188.97 88103.8 3847.26 22718.2 1204.33 84256.6 21513.9 7245 1422.5 5097.83 1766.47 3592.48 809.589 1595.67 2147.17 1949.21 2782.89 720.673 170.803 701.828
internal_count=682259 644538 625512 19026 494920 21578 130592 9281 473342 121311 37721 9156 27146 9870 18988 4580 9028 10575 9457 14408 5229 842 3927
is_linear=0
shrinkage=0.05


Tree=88
num_leaves=24
num_cat=0
split_feature=0 0 4 4 24 6 7 7 8 14 13 10 2 24 8 8 3 23 14 7 7 16 24
split_gain=165.144 252.71 188.073 797.865 314.014 217.462 213.28 147.623 136.643 84.9586 87.5209 77.2876 63.5575 47.4065 38.0212 35.7311 35.0254 34.5483 30.5095 24.4458 22.5378 21.0533 20.7824
threshold=-1.6014943948761126e-07 -1.5824255861218714e-07 1.5880071213558725e-07 1.0000000180025095e-35 -0.50690017559885969 1.0471345479962885e-07 1.9898696555123722e-05 5.4279107074716781e-06 0.99953513098700686 6.2179957720902911e-05 0.002522072106968701 0.4709468343579663 -4.6891129823478645e-07 0.18569533817987988 0.0008055720894071097 0.015864930411568157 -1.588103337724078e-07 -4.9085850000000573 1.5364410007442679e-07 4.087431116597143e-05 2.2953205807727999e-05 0.069482099995837501 2.3815497353050965
decision_type=2 2 2 2 2 2 2 2 2 2 2 2 2 2 2 2 2 2 2 2 2 2 2
left_child=9 7 3 5 -5 -3 8 16 -4 12 17 -8 14 -14 18 21 -2 -11 -1 -17 -16 -9 -19
right_child=1 2 6 4 -6 -7 11 15 -10 10 -12 -13 13 -15 20 19 -18 22 -20 -21 -22 -23 -24
leaf_value=0.027559663699908133 0.005509522266644056 0.0052629012737479171 0.010090316552176386 -0.037907068140059452 -0.011760504479408887 -0.0017099755976406634 -0.0054328643183594498 0.0046551675768977622 0.00095713276394216351 0.011544104448327389 0.032416019462141628 0.0011759979392917397 -0.012241778637569001 -0.040819706906770802 -0.019899293945669368 0.018610922439265987 0.03599581323183975 -0.00067941676323280201 -0.0048407990146348539 -0.00059519752706478515 -0.009615387359250098 -0.01532404781094427 -0.0093157778442903866
leaf_weight=73.532234743237495 109.13553161174059 14999.46503951028 11568.074247118086 1707.7930639199913 3508.7859105542302 43908.417291056365 5532.9768217653036 1166.6068883687258 6341.6566518209875 381.1290150359273 187.53216654062271 22033.217704184353 298.90918204933405 285.8878877311945 789.02381777018309 834.14404399320483 746.99777717888355 1597.4650001898408 1899.5302540436387 205.8429703861475 1671.5970697700977 146.58762611448765 1235.5576908737421
leaf_count=345 820 111623 66315 11420 29776 228722 26708 6741 31781 1869 819 106908 1240 1222 5387 4888 8635 7676 11730 949 9164 808 6938
internal_value=5.06653e-05 0.00055493 0.000149802 -0.00159437 -0.0203325 6.55321e-05 0.00260929 0.0143801 0.00685709 -0.00670318 -0.000600454 -0.000150623 -0.0108369 -0.0263126 -0.00878363 0.0078957 0.0321373 -0.00254734 -0.00360408 0.0148108 -0.0129285 0.00240124 -0.00445165
internal_weight=121230 112810 109600 64124.5 5216.58 58907.9 45475.9 3209.31 17909.7 8420.16 3401.68 27566.2 5018.48 584.797 4433.68 2353.18 856.133 3214.15 1973.06 1039.99 2460.62 1313.19 2833.02
internal_count=682484 636094 613253 381541 41196 340345 231712 22841 98096 46390 17302 133616 29088 2462 26626 13386 9455 16483 12075 5837 14551 7549 14614
is_linear=0
shrinkage=0.05


Tree=89
num_leaves=24
num_cat=0
split_feature=1 1 7 1 19 22 15 24 8 0 7 8 7 22 21 10 0 16 1 2 8 0 6
split_gain=160.936 325.253 183.429 164.555 155.73 163.064 189.231 120.272 111.153 75.3149 57.2313 51.9693 57.6656 50.078 47.6395 43.2491 37.3607 36.9414 36.9129 29.5719 28.8577 25.7748 21.718
threshold=-1.5929994745533802e-07 -1.5823786281288219e-07 5.4279107074716781e-06 -4.514694339707858e-05 -0.999667840994788 0.036630000000058456 0.00062598109569428275 0.059339082892617037 0.49999187652315197 1.603874331124189e-07 1.2014013295867151e-05 1.0000000180025095e-35 5.6560188713610826e-05 -2.2836849999999864 0.64470255586848013 0.27348493808383006 1.5959655286224009e-07 -0.48560850048346776 -1.5888147508746894e-07 -1.5839827671726423e-07 0.071839762806378174 -1.5872994563181917e-07 6.7037279283237692e-05
decision_type=2 2 2 2 2 2 2 2 2 2 2 2 2 2 2 2 2 2 2 2 2 2 2
left_child=3 2 18 13 8 6 -6 -7 15 11 -10 19 -13 -1 20 -3 17 -15 -2 -5 -4 -16 -18
right_child=1 4 14 9 5 7 -8 -9 10 -11 -12 12 -14 16 21 -17 22 -19 -20 -21 -22 -23 -24
leaf_value=0.0066920506398111578 0.0016376359566588423 -0.017724870503914244 -0.0037387972522151662 -0.0029428806910483732 -0.00048589378458108249 0.0010182388368901606 -0.008658429795197084 0.007631289009954606 0.032047670106240211 0.025703285323710474 0.011784439196556943 -0.015340752355680373 0.00035852100436296734 0.0057265843934561217 0.00024579555225391338 0.0060465205752322938 0.034513114565463569 -0.0037343575047902033 0.035645376293985925 -0.023750825577277701 0.010541653800703873 0.029305379019225915 0.0029144516960301729
leaf_weight=2098.7591857984662 86.962705589830875 243.36880687251687 747.50023935735226 2304.4385338276625 49701.74173457548 30034.406365524977 8258.5914979204535 8915.8914054743946 703.28828401118517 145.00865730643272 698.12734884768724 4489.2416565194726 671.68993785977364 1196.5193565115333 101.19308479502797 866.73586427420378 105.65665435791016 7406.8470995128155 1039.429639916867 182.63138914108276 667.8106140717864 313.09651341289282 111.45440156757832
leaf_count=10198 860 1263 4242 11911 292359 149575 51324 53470 4734 601 3515 25514 2992 5377 812 5784 454 38269 11706 908 3770 2376 458
internal_value=5.6089e-05 0.000835443 0.0171741 -0.00420727 0.00034928 3.05404e-05 -0.00165072 0.00253244 0.0126365 -0.00975645 0.0219881 -0.010436 -0.0132972 -0.000245325 0.0073832 0.000808106 -0.00189773 -0.00241696 0.0330318 -0.00449072 0.00300123 0.0222547 0.0184894
internal_weight=121090 102378 2955.99 18712.2 99422.2 96910.6 57960.3 38950.3 2511.52 7793.01 1401.42 7648 5160.93 10919.2 1829.6 1110.1 8820.48 8603.37 1126.39 2487.07 1415.31 414.29 217.111
internal_count=682472 585790 23766 96682 562024 546728 343683 203045 15296 41926 8249 41325 28506 54756 11200 7047 44558 43646 12566 12819 8012 3188 912
is_linear=0
shrinkage=0.05


Tree=90
num_leaves=24
num_cat=0
split_feature=10 15 14 7 11 14 9 18 18 7 18 7 2 6 2 24 18 7 9 14 24 18 2
split_gain=147.513 138.746 350.174 306.512 205.067 523.933 294.862 332.5 310.896 251.254 133.86 115.458 89.9128 82.53 78.2976 60.5747 60.014 55.276 50.3708 49.4225 48.3903 38.6775 37.6929
threshold=0.67119015341826116 0.99934531524337566 1.60309101800088e-07 3.1355137007903117e-05 0.99908592245395178 1.60309101800088e-07 0.50000000000011846 -18.599018208778869 -18.599018208778869 1.1756636786913056e-07 -7.631414808398894 1.835216759490645e-06 7.794204802813455e-05 1.0857978465188679e-07 -1.0000000180025095e-35 -0.61391471814009191 -2.5018290308337074 7.2835825761634692e-05 0.80000000000007176 7.1531921109647598e-05 -0.25642007457856525 -1.8493779893990667 1.596229957101514e-07
decision_type=2 2 2 2 2 2 2 2 2 2 2 2 2 2 2 2 2 2 2 2 2 2 2
left_child=1 4 3 11 6 9 7 -1 -8 -6 13 -3 18 14 -2 -16 -7 -5 -12 22 -15 -20 -4
right_child=10 2 19 17 5 16 8 -9 -10 -11 12 -13 -14 20 15 -17 -18 -19 21 -21 -22 -23 -24
leaf_value=0.00841687274692564 0.016618186262682352 -0.028984304910758141 0.025130406067385421 -0.0011861512013403646 0.034414428214854645 -0.016323689047964104 -0.011833989196387349 -0.0016757443668111106 -0.0011261125545767477 0.0092863725451831688 0.0050539970224053026 -0.012778019273451123 -0.0011743372621827149 0.0018244139394991709 -0.031889835112937269 -0.0074525985565375916 -0.0040391746816252098 0.014496023413565838 0.0087219634050302464 -0.00025882988831443489 -0.013543327102585516 0.017892911437219546 0.0085269966742918344
leaf_weight=12415.809107739478 170.85917928442359 1341.4468970745802 398.01102550327778 3310.3281873986125 1120.8766006603837 1264.4515431374311 10537.508813034743 23801.023657299578 19001.997559662908 8770.4396548010409 7813.4058175832033 6113.4996438063681 3616.7968923449516 4523.8258694671094 512.08344129100442 504.88125432282686 4645.3435261920094 674.64115483313799 4302.8956818319857 1533.052480623126 575.61784211546183 1574.5834786184132 2408.6949511170387
leaf_count=65113 1750 12361 1703 15816 9200 7290 54704 141628 116887 44436 43374 36237 18502 21320 2764 3447 25693 2937 22763 7995 2914 8660 14957
internal_value=1.90449e-05 -0.000840701 -0.00513203 -0.00971937 -1.02506e-05 0.00510391 -0.00123937 0.00178433 -0.0049466 0.0121408 0.00356577 -0.0157018 0.00583553 -0.00268154 -0.0145391 -0.0198011 -0.00667303 0.00147347 0.00768763 0.00695827 8.41159e-05 0.011185 0.0108995
internal_weight=120932 97337.1 15779.7 11439.9 81557.5 15801.1 65756.3 36216.8 29539.5 9891.32 23594.9 7454.95 17307.7 6287.27 1187.82 1016.96 5909.8 3984.97 13690.9 4339.76 5099.44 5877.48 2806.71
internal_count=682451 556957 92006 67351 464951 86619 378332 206741 171591 53636 125494 48598 93299 32195 7961 6211 32983 18753 74797 24655 24234 31423 16660
is_linear=0
shrinkage=0.05


Tree=91
num_leaves=24
num_cat=0
split_feature=21 19 7 10 18 7 3 7 6 3 3 24 8 6 4 18 3 4 18 18 7 20 1
split_gain=148.69 115.731 120.898 110.038 146.615 140.851 109.086 579.61 159.473 106.936 147.378 129.665 80.8203 86.1699 75.6416 75.5104 74.1302 62.6652 57.24 55.2855 53.6255 41.0769 38.5779
threshold=0.66099823723654605 0.99985463733646096 6.100338391173086e-06 0.38382703530362017 -5.6062030715863669 9.9090156238366631e-08 1.0000000180025095e-35 1.1756636786913056e-07 1.2334159282910435e-07 -1.0000000180025095e-35 -1.588103337724078e-07 -0.67908694502645861 0.99975962472115809 5.2115718931798837e-05 -1.5348642801171761e-07 -6.2373683555615829 3.0092580631801984e-06 -0.00037649273048323545 -8.7726059968408983 -18.599018208778869 4.1397002473844335e-05 -0.4112523125861039 -1.5329800717722716e-07
decision_type=2 2 2 2 2 2 2 2 2 2 2 2 2 2 2 2 2 2 2 2 2 2 2
left_child=1 3 18 4 5 -1 8 -8 -5 10 -2 14 13 -13 -11 -14 -16 -6 -3 22 21 -4 -12
right_child=9 2 20 6 17 -7 7 -9 -10 11 19 12 15 -15 16 -17 -18 -19 -20 -21 -22 -23 -24
leaf_value=0.019539232874545769 -0.0011690744935291973 -0.035843092142887646 -0.018579588604191004 0.0069837557478641373 0.00076533577204912083 -0.0011838723903839739 -0.030300412111444963 -0.0002303432794463945 8.0865764603686523e-05 0.032578932976172724 0.018211652546639492 0.0064158338817867956 -0.0065300383398215148 -0.0073985769313371979 -0.027022369821649191 0.0028196452883281907 0.00030524706205871274 -0.0092963943306227995 -0.0093866892758323935 0.015565274874528193 0.016322372937697179 -0.0024488314430724297 0.045777042138219294
leaf_weight=910.70829896256328 1181.6739073507488 554.67367656901479 555.1187973767519 11300.122284021229 1850.413511864841 8064.9305900447071 1714.5283863954246 24137.00401334092 32223.106720305979 79.107666380703449 214.21262958273292 13557.020406156778 3463.5527536943555 1229.3670337274671 709.89816140383482 5727.6398522779346 380.33782110363245 9412.8957235105336 326.92406404018402 1145.577148873359 276.88609723746777 1359.3235124126077 327.80847848206758
leaf_count=7477 6217 3971 3269 89069 8812 41754 16337 123232 167632 516 2041 76629 17441 5569 3972 29563 1827 52732 2835 10906 1284 7091 1882
internal_value=3.65111e-05 -0.000928281 -0.0104663 -0.000600933 -0.00384461 0.000922114 0.000345366 -0.00222704 0.00187345 0.00322837 0.0123704 0.00218416 0.00297763 0.0052661 -0.0140591 -0.000703742 -0.0175012 -0.0076431 -0.0260813 0.021844 -0.00416381 -0.00714328 0.0349991
internal_weight=120703 92686.6 3072.93 89613.7 20238.9 8975.64 69374.8 25851.5 43523.2 28016.2 2869.27 25146.9 23977.6 14786.4 1169.34 9191.19 1090.24 11263.3 881.598 1687.6 2191.33 1914.44 542.021
internal_count=682058 525495 18450 507045 110775 49231 396270 139569 256701 156563 21046 135517 129202 82198 6315 47004 5799 61544 6806 14829 11644 10360 3923
is_linear=0
shrinkage=0.05


Tree=92
num_leaves=24
num_cat=0
split_feature=9 0 0 7 14 9 14 18 7 11 0 18 1 17 7 1 24 22 14 23 7 0 1
split_gain=136.033 126.179 287.267 172.371 165.747 200.954 116.57 105.942 99.932 88.0463 58.1748 57.5191 55.476 44.3261 41.9955 64.3945 38.417 30.3749 22.8975 17.1775 20.7994 15.5351 15.0135
threshold=0.90036909534485177 1.603874331124189e-07 1.0000000180025095e-35 4.0548062694072702e-07 1.60309101800088e-07 0.50000000000013201 7.7156400211003529e-05 -0.56654977502080317 3.9379850658707357e-05 0.99800099900131967 1.5404545372632586e-07 -5.3073586201216019 4.4685278147937886e-05 0.17959316219548302 6.3027945209944349e-05 1.5676543974052495e-07 0.98600973201912756 0.44943000000002448 1.5333002147065873e-07 2.9690199999999587 1.0150119298696187e-05 9.2205663746014479e-05 4.1452512460793407e-05
decision_type=2 2 2 2 2 2 2 2 2 2 2 2 2 2 2 2 2 2 2 2 2 2 2
left_child=1 2 4 10 5 -1 14 -6 -5 -8 -4 19 13 18 15 -3 -11 -15 -13 20 -2 -14 -16
right_child=11 6 3 8 7 -7 9 -9 -10 16 -12 12 21 17 22 -17 -18 -19 -20 -21 -22 -23 -24
leaf_value=0.00353229662843265 -0.01231495085713091 0.041334027828718423 -0.03613315727330943 -0.0073510273245208967 -0.01075167748154047 -0.0013743645235382615 -0.032581245415405836 0.0011928404798190965 0.0024473998868139992 -0.013727587271496393 -0.015836705425173785 0.0058322276808169191 0.0047378662433255952 0.0057985199872755194 0.008001713200518526 0.01134694182234082 0.0035327732291584369 0.029441932786558375 0.016223471383021743 -0.016993857491094888 0.0041639126703849477 -0.0084918159210506505 -0.0058287511556975357
leaf_weight=40211.784545831382 242.25566116720438 186.64602066576481 507.68378989771008 11414.703066017479 5218.4542791545391 43371.255557887256 226.1020025908947 2879.1628579050303 3368.3473377674818 398.4870962202549 1177.8456433005631 1185.5589073263109 974.02551548182964 175.45734534412622 345.37332573533058 3715.0575342550874 1650.7465762272477 626.48461814969778 965.54307017475367 156.15866270661354 883.90214295685291 285.08371040225029 448.90902577340603
leaf_count=223763 1577 776 5770 65655 29760 245144 1011 15223 15222 1798 12677 5351 5327 1029 1531 24045 9004 3547 5807 679 4102 1500 2047
internal_value=1.94237e-05 -0.000347434 -0.000767793 -0.0068475 0.000324374 0.000986197 0.00617142 -0.00650486 -0.00511807 -0.00311363 -0.0219886 0.0077041 0.0105258 0.0142708 0.0106708 0.0128032 0.000163832 0.0243025 0.0105095 -0.00156262 0.00059905 0.00172976 0.000183786
internal_weight=120615 115121 108149 16468.6 91680.7 83583 6971.32 8097.62 14783.1 2275.34 1685.53 5494.47 4212.15 2953.04 4695.99 3901.7 2049.23 801.942 2151.1 1282.32 1126.16 1259.11 794.282
internal_count=682345 653426 613214 99324 513890 468907 40212 44983 80877 11813 18447 28919 22561 15734 28399 24821 10802 4576 11158 6358 5679 6827 3578
is_linear=0
shrinkage=0.05


Tree=93
num_leaves=24
num_cat=0
split_feature=22 2 7 18 9 1 1 15 7 8 10 9 1 2 1 24 8 8 23 5 0 18 1
split_gain=139.562 179.876 416.997 198.074 537.634 544.88 532.794 110.198 209.121 202.441 103.593 76.6375 75.0162 66.2543 68.1842 124.117 71.3882 52.3149 46.4423 40.814 40.3706 34.2675 33.7684
threshold=-0.027669999999943198 -1.0000000180025095e-35 1.4986159460229806e-06 -6.9749783261890483 0.49989680869034436 -1.0000000180025095e-35 1.0000000180025095e-35 0.9991624784746389 7.793078517254204e-07 0.99999747274353923 0.44367481050994778 0.03356905922302586 -1.5405158837467067e-07 -7.8887395738469466e-05 -1.5961386168328315e-07 3.3346521244939091 1.0000000180025095e-35 0.0084791492053757061 -2.2689100000000626 2.6949798774818166e-05 -2.3805180573432945e-06 -1.5942291544463612 -1.5447355394826443e-07
decision_type=2 2 2 2 2 2 2 2 2 2 2 2 2 2 2 2 2 2 2 2 2 2 2
left_child=11 2 17 4 6 -6 -3 9 -9 -5 -4 19 -12 18 16 -16 -15 -2 -13 21 -20 -1 -19
right_child=1 3 10 7 5 -7 -8 8 -10 -11 12 13 -14 14 15 -17 -18 22 20 -21 -22 -23 -24
leaf_value=-0.013403755627949486 0.01673812429238173 0.018554096583895768 -0.0052959536707082745 0.009877775998036558 0.018055184437896745 -0.0096059563511100912 -0.011782954398197961 -0.022529870817510761 0.00065974917369881602 0.00049843022643735217 0.0014849570588964863 0.0060665948209160207 0.010642233683038642 -0.0002067488034677253 -0.001405531001238423 -0.035215567095734097 -0.011018772488990025 0.021071912493764337 -0.0062437116317121989 -0.0033916461567842326 0.0018831249197127067 -0.03406074969753032 0.038913451910718988
leaf_weight=667.8739005215466 756.0953221321106 4662.4171198457479 3001.4704878814518 10089.097135674208 1959.759062949568 19252.697521727532 2096.5364956147969 1043.8332598470151 13800.833279807121 13385.697130229324 5224.5304058343172 3539.5644240677357 3911.3695777691901 2251.8068707510829 20845.205740530044 273.04848711937666 4745.8416968286037 394.16640855371952 2375.9465622752905 640.88820233941078 4273.0879596099257 289.35485135391355 878.89348247647285
leaf_count=3608 10578 25118 15774 60443 12227 102923 13420 8610 74665 72266 33849 17076 22615 11744 116609 1889 26785 5430 13033 3074 20016 1743 8245
internal_value=-4.29459e-05 0.00115604 0.00626971 6.30018e-05 -0.00313576 -0.00704872 0.00914251 0.00239812 -0.000973355 0.00453024 0.00275977 -0.00246057 0.0054075 -0.00201246 -0.00326425 -0.00184621 -0.00754129 0.0272385 0.00144138 -0.0131822 -0.00102115 -0.0197112 0.033435
internal_weight=120360 80457.4 14166.5 66290.9 27971.4 21212.5 6758.95 38319.5 14844.7 23474.8 12137.4 39902.6 9135.9 38304.5 28115.9 21118.3 6997.65 2029.16 10188.6 1598.12 6649.03 957.229 1273.06
internal_count=681740 466163 96491 369672 153688 115150 38538 215984 83275 132709 72238 215577 56464 207152 157027 118498 38529 24253 50125 8425 33049 5351 13675
is_linear=0
shrinkage=0.05


Tree=94
num_leaves=24
num_cat=0
split_feature=22 2 7 24 3 4 6 8 7 7 24 2 10 10 7 3 7 22 10 7 8 3 3
split_gain=123.985 180.922 313.158 226.435 654.853 448.848 237.846 196.618 175.079 172.388 76.1708 110.028 82.4186 72.3688 73.3974 60.331 75.8944 59.5945 64.1859 55.7179 55.0783 54.1696 44.7131
threshold=-0.019799999999942374 -1.0000000180025095e-35 1.1756636786913056e-07 -0.65408398595576245 -1.0000000180025095e-35 -1.0000000180025095e-35 1.2334159282910435e-07 1.0000000180025095e-35 2.0692628194764672e-06 1.0446984016658036e-07 -0.66539619809382156 1.0000000180025095e-35 0.084300555812020048 0.44367481050994778 2.1357408373915713e-05 1.0000000180025095e-35 1.1458592926515492e-05 -2.5412049999999824 0.38922354233136841 1.7676971851415947e-05 0.0011255636440127669 -1.5867477376474423e-07 -0.00014701731212873878
decision_type=2 2 2 2 2 2 2 2 2 2 2 2 2 2 2 2 2 2 2 2 2 2 2
left_child=10 2 20 4 6 -6 -3 8 -5 -9 11 15 22 -4 -15 16 -1 21 -19 -17 -2 -14 -12
right_child=1 3 13 7 5 -7 -8 9 -10 -11 12 -13 17 14 -16 19 -18 18 -20 -21 -22 -23 -24
leaf_value=0.028121911217252202 0.014716006733315665 0.047777875510925126 -0.0034500584629073012 0.029740502657887597 0.024651627345096544 -0.023840170179697747 0.0003384523772370491 -0.0093132422710867253 0.0059636752126061903 0.00090575709839925975 0.0069976256429463025 -0.019471140044726276 0.0077642193971355564 0.010307882337232137 0.0012378486570944669 -0.040707499422242964 0.0064117760544263342 -0.0059067341621243507 -0.0014813011095004061 0.0031565364766731881 0.033428998682630079 -0.0082681220301907173 -0.0330037299202149
leaf_weight=658.56306879967451 630.76850053295493 566.32414419203997 2791.2505056858063 909.6696629524231 541.45152613520622 3925.9187798425555 494.22101932018995 4507.9372704960406 5155.0799364186823 48596.028455257416 87.262227840721607 352.74067057669163 2388.0902827493846 4458.7665953747928 4465.2962772026658 89.237888846546412 1036.8846077471972 12614.649093775079 23389.262492693961 348.70444779098034 1070.6294600069523 673.81028303876519 332.59287319146097
leaf_count=4086 9275 3487 14738 8832 2590 22269 2166 38608 31471 251467 441 2067 11716 32024 23783 566 4724 68266 130120 1510 12185 3262 1966
internal_value=2.60647e-05 0.00120377 0.00648742 0.000107815 -0.00956778 -0.0179534 0.0257177 0.00101215 0.00953948 3.78653e-05 -0.0021656 0.00631925 -0.00270025 0.00357369 0.0057714 0.0106001 0.0148708 -0.00246259 -0.00303222 -0.00591454 0.0265198 0.00423137 -0.0246843
internal_weight=120085 78113.3 13416.7 64696.6 5527.92 4467.37 1060.55 59168.7 6064.75 53104 41971.8 2486.13 39485.7 11715.3 8924.06 2133.39 1695.45 39065.8 36003.9 437.942 1701.4 3061.9 419.855
internal_count=681619 452895 92005 360890 30512 24859 5653 330378 40303 290075 228724 12953 215771 70545 55807 10886 8810 213364 198386 2076 21460 14978 2407
is_linear=0
shrinkage=0.05


Tree=95
num_leaves=24
num_cat=0
split_feature=20 3 7 7 4 1 0 3 7 7 2 4 21 6 18 8 7 15 8 3 9 1 7
split_gain=129.099 107.531 527.298 228.718 830.526 348.87 128.027 97.1543 137.968 120.865 217.936 161.221 88.6015 87.557 79.8902 68.0247 47.7326 121.152 40.5837 40.2869 35.7333 34.8072 28.1306
threshold=-0.64736078519818829 -1.0000000180025095e-35 1.1756636786913056e-07 1.0211774977007158e-07 -1.0000000180025095e-35 -1.0000000180025095e-35 -1.592409804018757e-07 1.0000000180025095e-35 2.5815195784750532e-06 1.06372281672639e-07 1.0000000180025095e-35 1.0000000180025095e-35 0.91040235790734159 3.1756612577274664e-05 -18.599018208778869 0.051717582273502039 2.6469524029767686e-05 0.0007328692808726225 0.1099057972719643 -1.5807125297584432e-07 0.71750030671607157 -1.5337477510257711e-07 5.5472480468414952e-05
decision_type=2 2 2 2 2 2 2 2 2 2 2 2 2 2 2 2 2 2 2 2 2 2 2
left_child=7 2 14 4 18 -6 22 9 -9 10 11 -1 15 -8 21 -4 17 -11 -3 -16 -18 -2 -5
right_child=1 3 12 6 5 -7 13 8 -10 16 -12 -13 -14 -15 19 -17 20 -19 -20 -21 -22 -23 -24
leaf_value=0.017839378075995876 0.026606275103538871 0.021526094564963134 -0.0027940168425427962 -0.016690290077880282 0.030643034187309456 -0.019211116303623002 0.0027138890212934849 -0.035332759246162831 -0.0059087909672148765 -0.0032421267735977875 -0.035974096977146888 -0.042026257992720167 0.022982620197705465 -0.0016927412391316921 0.033388342023513949 0.0031874213437405397 -0.0011115780371111761 -0.018790739083443652 0.042854371607492378 0.014584235110841157 0.0099233129327142289 0.049753982163198679 -0.004739066870409832
leaf_weight=1939.8815475478768 263.56875394284725 378.39771044254303 7159.6458923853934 1114.0791413486004 373.67280289903283 5355.1851762458682 39669.557311680168 514.65280457958579 1748.4130796790123 14606.624477677047 237.93627357110381 117.46021411940455 474.25528745353222 15743.743798017502 426.12661283835769 14130.548316806555 10825.021285250783 1368.7627247907221 573.37239252775908 876.64951695129275 784.92185585200787 467.23722008988261 887.48029321432114
leaf_count=14754 3198 4149 39654 5810 3786 42938 222691 6042 10651 79289 2774 1006 3796 73568 5591 73408 52662 10838 4317 10384 3802 3087 3818
internal_value=6.79073e-05 0.00105956 0.00392955 -6.04253e-06 -0.00876078 -0.0159489 0.00101282 -0.00264342 -0.0126277 -0.00188628 0.00913255 0.0143815 0.0016531 0.00146179 0.0282652 0.00117562 -0.00280389 -0.00457682 0.034443 0.0207805 -0.000363523 0.0415079 -0.0114037
internal_weight=120037 87893.5 23798 64095.5 6680.63 5728.86 57414.9 32143.7 2263.07 29880.6 2295.28 2057.34 21764.4 55413.3 2033.58 21290.2 27585.3 15975.4 951.77 1302.78 11609.9 730.806 2001.56
internal_count=682013 500195 139118 361077 55190 46724 305887 181818 16693 165125 18534 15760 116858 296259 22260 113062 146591 90127 8466 15975 56464 6285 9628
is_linear=0
shrinkage=0.05


Tree=96
num_leaves=24
num_cat=0
split_feature=1 1 18 4 4 24 6 24 18 22 1 15 6 9 1 19 22 1 12 5 9 18 12
split_gain=116.164 244.903 143.338 134.969 805.668 266.078 214.312 184.422 128.445 123.025 85.8796 81.0613 65.2687 59.0681 54.414 33.4621 29.9549 29.8064 27.4268 26.4714 20.4646 14.8959 13.7461
threshold=1.5941155417920075e-07 1.5835154787424702e-07 -18.599018208778869 -1.592452543164313e-07 -1.5348642801171761e-07 -0.65408398595576245 1.7838285255704445e-05 -0.78222994794996725 -2.7944254302040084 2.5401700000000464 1.5880111448041137e-07 0.0015885633535923918 1.1363036703221571e-07 0.78535895342708428 7.501445404667352e-05 0.90783807943019446 0.1379100000000347 2.6496638305673063e-06 0.0023405508306812979 8.3996451004001804e-05 0.70000000000004248 0.8370591950543661 0.0045714345432093769
decision_type=2 2 2 2 2 2 2 2 2 2 2 2 2 2 2 2 2 2 2 2 2 2 2
left_child=1 3 17 6 5 -5 11 -6 10 14 12 -1 -3 -8 18 22 -10 -2 -4 -16 -19 -17 -11
right_child=2 8 9 4 7 -7 13 -9 16 15 -12 -13 -14 -15 19 21 -18 20 -20 -21 -22 -23 -24
leaf_value=-0.0057183157234899709 -0.0053467089913321652 -0.037401272151345803 0.005355000491542603 0.039996160689923316 -0.012150006723549595 0.013539673853515921 -0.00033029830243379223 6.6047610275341776e-05 -0.0068228635593225381 -0.015187867708209672 -0.0062772770116082139 -0.017246231901494154 -0.016289189500270838 0.008606680624878139 0.0011162389096020823 -0.0024291097149642515 0.025968312665722415 0.022335536680922589 0.016803392238930057 -0.0090447967792787777 0.011610874322142743 -0.014288772429932557 -0.034734531326994424
leaf_weight=15271.276826735586 148.09963063150644 768.95499899610877 8372.5371618643403 1233.4451312087476 3303.5546030849218 4142.3966630958021 23783.389637380838 47259.342504901811 106.62192446365952 533.84404686838388 725.39215521141887 1693.5949547961354 709.57974090799689 2002.675659507513 4712.6881768405437 1206.9905122742057 194.03253876417875 1078.9538123607635 557.17575601488352 739.79557149112225 774.5763735473156 338.18662399053574 109.41830942779779
leaf_count=82967 694 8570 46432 9343 20139 36837 117757 276113 715 2440 4200 12233 4190 9611 24784 6214 903 5025 3496 3182 3600 1810 480
internal_value=-0.000116953 -0.000784112 0.0035176 -0.000392048 0.00122435 0.0196235 -0.00250714 -0.000732445 -0.0162182 0.00198967 -0.0204004 -0.00687133 -0.0273082 0.000364212 0.0036707 -0.00904887 0.0143547 0.0161496 0.00607349 -0.000264309 0.0178738 -0.00504313 -0.0186178
internal_weight=119767 101194 18572.3 98689.7 55938.7 5375.84 42750.9 50562.9 2504.58 16570.6 2203.93 16964.9 1478.53 25786.1 14382.2 2188.44 300.654 2001.63 8929.71 5452.48 1853.53 1545.18 643.262
internal_count=681735 583578 98157 565000 342432 46180 222568 296252 18578 88838 16960 95200 12760 127368 77894 10944 1618 9319 49928 27966 8625 8024 2920
is_linear=0
shrinkage=0.05


Tree=97
num_leaves=24
num_cat=0
split_feature=9 0 15 11 0 7 9 4 18 7 7 1 18 2 12 22 17 2 0 7 1 22 17
split_gain=131.419 124.154 274.349 212.385 444.428 211.744 172.769 111.478 98.0929 88.3273 58.4484 68.4801 52.1769 51.2705 46.2098 45.7757 32.0357 24.6721 23.8604 18.7347 16.9188 13.223 12.9949
threshold=0.90036909534485177 1.603874331124189e-07 0.99841268241522119 0.99908592245395178 -1.6014943948761126e-07 1.7489236250439972e-05 0.50000000000013201 1.5880071213558725e-07 0.46301675766536238 5.2337908309375959e-05 4.7413491788712572e-05 1.5941155417920075e-07 -4.7055433128136182 1.4663592093455692e-05 0.015504807695456323 0.49817000000002842 0.13366053832458305 1.5748205051124844e-07 5.9661047688841513e-05 1.5508204148085662e-05 0.00015339860672192176 2.5401700000000464 -0.20535595813827182
decision_type=2 2 2 2 2 2 2 2 2 2 2 2 2 2 2 2 2 2 2 2 2 2 2
left_child=1 2 3 6 -5 7 -1 -4 10 -7 11 -3 21 15 17 19 -17 -10 22 -14 -12 -2 -15
right_child=12 8 5 4 -6 9 -8 -9 14 -11 20 -13 13 18 -16 16 -18 -19 -20 -21 -22 -23 -24
leaf_value=0.0015327513015271112 0.00092779438580124969 0.049990649796197315 -0.020616995746183617 -0.0053932206980424344 0.011148677252617535 -0.0052058843213202881 -0.0032374877299277886 -0.0055116908798468339 0.017984276936537147 0.0069347229852612787 0.0046926514655495051 0.010970310900886904 0.0010999319266563512 0.0020641456959561827 -0.036647200406069384 0.015904654222631241 0.03375071453572117 -0.0078595760395132452 -0.0050127605770710114 0.015287342530654634 -0.0051109253084010023 -0.018605538081079207 0.01160886890661425
leaf_weight=36855.660910952836 1437.7541547343135 114.19006069004536 3387.4990599807352 6355.2060946896672 11236.751327365637 6565.6100530251861 39132.399260699749 1914.1255537755787 104.41798870265484 1938.7412606179714 1495.2662714421749 3765.3468755111098 464.29221573844552 580.62276316434145 127.69504350423813 601.20558062195778 441.77540734782815 696.1001363620162 460.97352903336287 466.80130298435688 621.04875767230988 90.180184751749039 932.41378477215767
leaf_count=212972 7217 475 27884 35617 63553 33732 221970 9148 444 8525 7078 24978 2695 2865 560 3058 2376 3763 2547 2225 2876 391 5564
internal_value=3.25849e-05 -0.000329912 -0.000748419 0.000222296 0.00517259 -0.00732758 -0.000923785 -0.0151684 0.00615837 -0.00243662 0.00850041 0.0121453 0.00759785 0.0106328 -0.00895051 0.0163284 0.0235186 -0.00444591 0.00492372 0.00823563 0.00181125 -0.000244629 0.00795697
internal_weight=119786 114310 107386 93580 17592 13806 75988.1 5301.62 6924.07 8504.35 5995.85 3879.54 5476.02 3948.08 928.213 1974.07 1042.98 800.518 1974.01 931.094 2116.32 1527.93 1513.04
internal_count=682513 653575 613401 534112 99170 79289 434942 37032 40174 42257 35407 25453 28938 21330 4767 10354 5434 4207 10976 4920 9954 7608 8429
is_linear=0
shrinkage=0.05


Tree=98
num_leaves=24
num_cat=0
split_feature=9 19 19 10 18 7 9 2 7 18 14 17 9 3 22 14 18 17 22 23 10 10 7
split_gain=114.542 112.667 92.8333 91.9633 111.398 104.004 91.7414 72.476 55.3577 48.5282 43.7518 37.2615 32.9795 29.8926 25.3952 20.5567 17.0496 16.979 16.1993 14.89 12.7245 15.1734 10.2919
threshold=0.90036909534485177 1.0000000000010847 -0.999667840994788 0.4219352267954023 -8.2744392796023085 1.06372281672639e-07 0.30000000000002763 -1.0000000180025095e-35 9.9090156238366631e-08 -4.7682776969546561 3.1386759296205874e-05 0.17959316219548302 0.00423902823451417 1.5402602127068124e-07 0.4253350000000482 1.5613290041000793e-07 -18.599018208778869 -0.38930689547431369 2.5401700000000464 0.86383999999994454 0.70829819438868069 0.63499202730784654 8.9508392860915688e-06
decision_type=2 2 2 2 2 2 2 2 2 2 2 2 2 2 2 2 2 2 2 2 2 2 2
left_child=1 2 6 5 -5 -4 12 -8 16 18 11 15 -1 17 -13 -11 -3 -10 20 -15 21 -2 -22
right_child=9 8 3 4 -6 -7 7 -9 13 10 -12 14 -14 19 -16 -17 -18 -19 -20 -21 22 -23 -24
leaf_value=-0.017431624360048237 0.0038142633495848368 -0.041336726078771285 0.0072030989583220326 -0.0024307808526401655 0.0015781941971259529 -0.0039232882478599787 0.0067465111482341734 0.030047518730909318 0.0067958176066336452 0.0054634743549553519 -0.0015350672016994265 0.0032447313605976471 0.0033678726316689975 0.0033457936835467588 0.025257811712268853 0.014960162250616011 -0.016005783692238908 -0.020280329506932052 -0.02096511784793809 -0.016648587646509269 -0.0072944436324046767 -0.013258869361656218 0.0067170225956702106
leaf_weight=215.72197267413139 236.34792975336313 205.44688545539975 2292.1877531316131 24769.169213712215 57665.444612659514 24835.846517674625 683.14844636246562 654.54830389469862 64.150537941604853 1503.2066121399403 691.83524335175753 162.1915076225996 1525.8273030407727 439.79217854514718 706.47331509739161 922.35169177502394 104.35073778405786 501.5336532741785 89.941720709204674 115.9524582773447 156.77943469956517 284.73311021178961 747.6713243201375
leaf_count=1119 1259 1672 20172 135399 337494 131670 5172 3875 395 7002 4013 958 8798 2379 4001 5567 1246 3108 387 497 970 1496 3439
internal_value=-5.40423e-05 -0.000393983 -0.000216686 -0.000457434 0.000373525 -0.00298252 0.0083425 0.0181795 -0.0143245 0.00699122 0.00988558 0.0122851 0.000771576 -0.00911751 0.0211703 0.00908613 -0.0329778 -0.0171879 -0.00062133 -0.000861678 0.000686301 -0.00552044 0.00427199
internal_weight=119575 114073 112642 109563 82434.6 27128 3079.25 1337.7 1431.23 5501.53 3986.06 3294.22 1741.55 1121.43 868.665 2425.56 309.798 565.684 1515.47 555.745 1425.53 521.081 904.451
internal_count=682088 652996 643699 624735 472893 151842 18964 9047 9297 29092 21541 17528 9917 6379 4959 12569 2918 3503 7551 2876 7164 2755 4409
is_linear=0
shrinkage=0.05


Tree=99
num_leaves=24
num_cat=0
split_feature=10 15 7 8 7 9 7 14 7 2 4 18 2 7 7 2 0 10 2 14 17 16 24
split_gain=117.387 113.439 233.079 228.747 238.234 480.902 216.288 152.921 140.551 132.344 123.986 87.4528 87.1922 81.0258 78.3195 90.0489 57.9711 44.6788 38.2896 54.3637 33.0107 32.2945 31.4214
threshold=0.67119015341826116 0.9987737579691961 1.835216759490645e-06 0.99999747274353923 1.0877568745192217e-05 0.59619934060209012 1.7117380513105781e-05 1.60309101800088e-07 4.819652469721982e-05 4.6332040781749134e-07 1.544878243109338e-07 -7.631414808398894 4.4137293914836569e-05 5.2337908309375959e-05 2.5815195784750532e-06 -1.0000000180025095e-35 2.0042511914120101e-05 0.92192364841547569 1.5454999857666965e-07 1.5811019109693419e-07 0.25856525751434728 -0.27824244174885399 -0.83102663398003118
decision_type=2 2 2 2 2 2 2 2 2 2 2 2 2 2 2 2 2 2 2 2 2 2 2
left_child=1 3 18 4 5 -1 10 8 -4 -6 -5 14 17 -8 15 -2 -9 -13 -3 -20 -19 -16 -17
right_child=11 2 7 6 9 -7 13 16 -10 -11 -12 12 -14 -15 21 22 -18 20 19 -21 -22 -23 -24
leaf_value=0.010531075202387351 0.029072505056241801 -0.030473147227503695 -0.0091432539794291511 -0.016993726824862464 -0.0016831434976947116 -0.0086355686160288891 -0.0021871762602358579 0.015647839701903941 0.0059202227408280432 0.006205023953952598 -0.0041620841530991123 0.0063275738492326516 -0.00061851499839153787 0.0098346550635324062 0.0020010783300602221 -0.04013246800027153 0.0018644543161419832 0.011344023701966743 0.0094146709002903423 -0.029981551170401684 0.030358107097893834 -0.0079861297992734719 -0.016182250510300106
leaf_weight=14402.44990799576 91.235736854374409 923.74168092757463 8039.7560156770051 4270.3783713020384 37698.726082533598 4232.9035377018154 8632.425277158618 984.46721187978983 1915.96218662709 6188.2781163305044 3370.7194221802056 11164.276611112058 4861.504434607923 1671.1747549623251 4509.8296124972403 197.23558651655912 3373.4676361531019 812.33999303355813 168.51878182776272 178.35237879306078 319.07368770986795 984.36270168051124 460.70043974369764
leaf_count=100026 1147 8777 46388 38624 189369 30055 45257 5999 8549 31538 21648 61393 25630 7473 21895 1159 18949 4424 1774 2014 1872 4878 3186
internal_value=2.97837e-05 -0.000743838 -0.00464805 1.23346e-05 0.00144062 0.00617676 -0.00496337 -0.00282408 -0.0062432 -0.000570528 -0.0113365 0.00320524 0.00504903 -0.000235301 -0.00186081 -0.0170038 0.00498505 0.00729003 -0.0251546 -0.0108833 0.0167548 0.000208563 -0.0234695
internal_weight=119452 96051.3 15584.3 80467.1 62522.4 18635.4 17944.7 14313.7 9955.72 43887 7641.1 23400.6 17157.2 10303.6 6243.36 749.172 4357.93 12295.7 1270.61 346.871 1131.41 5494.19 657.936
internal_count=682024 556440 92450 463990 350988 130081 113002 79885 54937 220907 60272 125584 93319 52730 32265 5492 24948 67689 12565 3788 6296 26773 4345
is_linear=0
shrinkage=0.05


Tree=100
num_leaves=24
num_cat=0
split_feature=1 1 7 1 4 4 18 7 8 4 8 8 0 11 2 8 18 4 18 24 14 24 16
split_gain=109.392 271.613 160.992 125.46 122.66 522.776 353.232 205.031 113.816 110.536 97.7828 70.0049 78.3818 58.7962 39.2772 37.8679 35.9877 35.7165 34.8679 36.8801 32.0042 27.3378 26.974
threshold=-1.5929994745533802e-07 -1.5823786281288219e-07 5.4279107074716781e-06 -7.9091984670043289e-05 1.5880071213558725e-07 1.0000000180025095e-35 -18.599018208778869 2.4632605618676885e-05 0.99953513098700686 -1.592452543164313e-07 0.41071893359113559 1.0000000180025095e-35 1.603874331124189e-07 0.99794026558016669 -3.6991818248566229e-06 0.065485472612634529 -4.5770688739484191 -1.5872990744014712e-07 0.63936394656920725 3.5859539639185063 4.4139395714156022e-05 -0.5448892979656812 1.9761489652081019
decision_type=2 2 2 2 2 2 2 2 2 2 2 2 2 2 2 2 2 2 2 2 2 2 2
left_child=3 2 17 18 5 9 -7 8 -6 -3 -9 14 13 -13 22 16 -4 -2 19 21 -14 -1 -5
right_child=1 4 15 11 7 6 -8 10 -10 -11 -12 12 20 -15 -16 -17 -18 -19 -20 -21 -22 -23 -24
leaf_value=0.008979779466736738 0.010367992706388955 -0.0014244160938340189 0.0068610882217786263 -0.0004017618211031908 0.0082182336781931927 -0.035126159385740215 -0.0070080785804494412 -0.0069407539349449531 0.00077234260419681853 0.0035448379761761429 0.00079394264893909773 -0.01444124768479235 0.040028051466047432 -0.00546774210431673 -0.013674054093619279 0.0142781337257054 -0.014164157469272659 0.035852938646898362 0.012619776602862211 -0.013043609235722183 0.0016426242286578492 5.8676717091217805e-05 0.014894464612720171
leaf_weight=1022.7119684517384 166.58115608990192 33291.983566589653 599.49216907471418 2639.8249279633164 14516.278871566057 1716.2036441490054 3197.3988705798984 5628.6144326254725 7941.7341100536287 16854.39226074703 14892.799573905766 4047.5497161000967 102.29735422134399 3334.8209185563028 514.57503846660256 886.25710676237941 305.59144143760204 862.39544367417693 648.52129387110472 465.90561977028847 114.24664385616779 5309.5594697296619 321.45792157948017
leaf_count=4402 1431 171110 3885 13259 83211 11417 29425 28280 39827 128111 70755 22453 426 18536 2652 5537 1707 11043 3104 2748 475 26538 2110
internal_value=7.46112e-05 0.000723264 0.0160158 -0.00345709 0.000282972 -0.0012795 -0.0168404 0.0022847 0.0055857 0.000245745 -0.00132776 -0.00683114 -0.0095192 -0.0103909 -0.000950967 0.0069439 -0.000247918 0.0317601 0.00156062 0.000501483 0.0199995 0.00150268 0.00126594
internal_weight=119381 100860 2820.32 18521.5 98039.4 55060 4913.6 42979.4 22458 50146.4 20521.4 11074.8 7598.91 7382.37 3475.86 1791.34 905.084 1028.98 7446.7 6798.18 216.544 6332.27 2961.28
internal_count=682442 585739 23603 96703 562136 340063 40842 222073 123038 299221 99035 59911 41890 40989 18021 11129 5592 12474 36792 33688 901 30940 15369
is_linear=0
shrinkage=0.05


Tree=101
num_leaves=24
num_cat=0
split_feature=21 6 8 15 18 3 1 1 19 2 7 18 18 16 0 19 8 9 18 13 2 12 18
split_gain=100.332 93.2933 88.5685 127.882 176.918 76.2425 87.1043 233.961 90.4963 87.5195 81.1671 63.4449 51.5802 54.8446 45.2632 38.2443 32.635 30.029 22.5193 21.7403 21.6662 21.7693 19.8655
threshold=0.66099823723654605 5.2115718931798837e-05 0.99975962472115809 0.99938366665359646 -9.1626852725285648 -0.00023615501015594728 1.5911082407171764e-07 1.5835154787424702e-07 0.99985463733646096 8.8575239688637466e-05 1.3280781585372862e-05 -4.1887651921288613 -6.2373683555615829 -0.28807312835662641 -1.6014943948761126e-07 0.96386361897093165 0.69701587371951879 0.68735268936819283 0.46301675766536238 0.0005383646006155903 -4.1052606127855988e-05 0.046274366920210148 -4.821462454883485
decision_type=2 2 2 2 2 2 2 2 2 2 2 2 2 2 2 2 2 2 2 2 2 2 2
left_child=5 2 3 4 -2 16 7 8 -7 14 -9 -5 13 -4 -8 -11 18 -14 22 -20 -3 -22 -1
right_child=1 20 12 11 -6 6 9 10 -10 15 -12 -13 17 -15 -16 -17 -18 -19 19 -21 21 -23 -24
leaf_value=0.004346816585764501 0.0025015773726669546 0.0065274806917185058 -0.00031786408102315428 -0.0085811045818240082 0.014601396208226336 -0.0010741942841994135 -0.022606927978766463 -0.030746998912211748 -0.010634604151146665 -0.0053638869937776201 -0.0065650693046571925 0.003476299273914778 -0.0031234772307938818 -0.013208587076582576 0.0075741470507614721 0.0037272111638141365 0.0083852240801870117 0.0048476510767986565 0.0046281547338631384 0.029508334496025065 -0.0082791298751185554 -0.031324109523223141 -0.0019498494489038317
leaf_weight=2199.3939039483666 6265.9721280448139 229.78312972187996 2166.4597621113062 1867.4517864063382 5835.539505507797 68223.734825698659 124.8982612490654 910.91750003397465 2566.6398121900856 3122.3536443561316 562.8827526345849 2617.6797635406256 1675.9262717552483 1331.6243173405528 5967.380204513669 1834.6694575473666 2677.5505990833044 3989.4527931362391 257.39895340055227 132.4985042437911 1617.0496174246073 108.02060420811176 2903.4805898889899
leaf_count=9619 32963 997 10714 9256 44236 401244 512 9834 15876 15025 3246 14042 9057 7169 32132 9215 12730 20460 1196 588 7338 483 14192
internal_value=5.05298e-05 0.00268658 0.0034863 0.00566568 0.00833816 -0.000747757 -0.00119985 -0.00183208 -0.00142119 0.00293415 -0.0215361 -0.00154445 -0.000458391 -0.00523118 0.00694737 -0.00199798 0.00386081 0.00248849 0.00165215 0.0132034 -0.00783792 -0.00975966 0.000763742
internal_weight=119189 27705 25750.1 16586.6 12101.5 91483.8 83313.5 72264.2 70790.4 11049.3 1473.8 4485.13 9163.46 3498.08 6092.28 4957.02 8170.32 5665.38 5492.77 389.897 1954.85 1725.07 5102.87
internal_count=682124 156715 147897 100497 77199 525409 487084 430200 417120 56884 13080 23298 47400 17883 32644 24240 38325 29517 25595 1784 8818 7821 23811
is_linear=0
shrinkage=0.05


Tree=102
num_leaves=24
num_cat=0
split_feature=10 0 15 24 11 14 4 7 18 7 2 18 2 2 7 22 5 6 10 6 1 21 20
split_gain=100.057 80.8688 224.928 218.907 183.95 387.3 108.872 106.294 77.2448 61.3068 56.1935 52.785 47.7393 39.7367 30.6328 22.9051 30.1684 20.9888 19.3403 19.1091 16.1498 15.4457 14.387
threshold=0.74793458158040105 1.5959655286224009e-07 0.99312706660227545 -0.37592974806627638 0.99908592245395178 1.60309101800088e-07 -1.592452543164313e-07 4.284782712919002e-06 1.6100737028394698 6.3027945209944349e-05 1.5917221585226573e-07 -5.8413233695499862 4.6332040781749134e-07 4.1306923457717921e-05 8.9194004870049756e-08 1.6102800000000477 1.6500981098342712e-06 8.298457601151693e-05 0.86291660736194331 2.6796507047980285e-05 0.00015339860672192176 0.73992550974446636 0.97320842512400929
decision_type=2 2 2 2 2 2 2 2 2 2 2 2 2 2 2 2 2 2 2 2 2 2 2
left_child=1 2 4 12 6 -6 -1 -5 9 10 -3 14 -4 15 -2 17 -17 -13 -16 -15 -11 -20 -21
right_child=11 8 3 7 5 -7 -8 -9 -10 20 -12 13 -14 19 18 16 -18 -19 21 22 -22 -23 -24
leaf_value=-0.0034869694759934 -0.022121776007370895 0.024162865958850602 0.0061075842677290881 -0.022813703661583733 0.010385590406630452 -0.0054118137206304161 0.00047795632758468201 -0.0088939570471925512 -0.026220463086910808 0.00087514949698863295 0.0065446421498546684 0.0079035870025366464 -0.0054457198145679469 0.0077791909562389076 0.0019257502907532532 0.044869357326716534 0.011959089832023609 0.032716691773507105 0.0022851805223459455 -0.004681478586023924 -0.0097293252490772437 -0.015898440145508931 0.0061732114995959259
leaf_weight=29342.09916960448 154.92372049018741 501.96849925071001 2773.5525444746017 1709.4427245855331 10714.696338810027 6079.6299965083599 42224.544394224882 6953.141714207828 193.82590609788895 948.97410956025124 4506.7757426127791 4737.5054464377463 1316.8675169050694 777.42178551107645 3062.2636217214167 98.579325035214424 236.15270332992077 85.161040633916855 190.59375656023622 1149.0237062424421 574.51725573837757 295.98761923238635 413.2640271410346
leaf_count=149640 1227 2269 14692 15742 60366 34378 264870 39210 919 4264 28684 25473 5426 4909 15213 512 1285 369 891 5652 2556 1416 2206
internal_value=-0.000117983 -0.000585228 -0.00093844 -0.0071453 -4.24156e-05 0.00466659 -0.00114763 -0.011646 0.00472263 0.00564929 0.00832025 0.00437943 0.00238605 0.00679148 -0.00050269 0.00924269 0.021875 0.00835617 0.000451605 0.00138287 -0.00312809 -0.00878549 -0.00180272
internal_weight=119041 107840 101114 12753 88361 16794.3 71566.6 8662.58 6726.06 6532.24 5008.74 11200.9 4090.42 7497.11 3703.77 5157.4 334.732 4822.67 3548.84 2339.71 1523.49 486.581 1562.29
internal_count=682169 623016 584324 75070 509254 94744 414510 54952 38692 37773 30953 59153 20118 40406 18747 27639 1797 25842 17520 12767 6820 2307 7858
is_linear=0
shrinkage=0.05


Tree=103
num_leaves=24
num_cat=0
split_feature=10 8 19 15 7 7 7 24 17 24 4 24 2 7 18 2 8 17 1 7 9 7 18
split_gain=88.2206 105.456 191.324 203.503 279.205 230.745 186.254 101.116 86.9299 100.475 85.1597 68.3384 66.1348 48.7545 43.3952 64.7913 43.8645 44.7279 41.1982 41.5998 37.5086 27.6367 26.111
threshold=0.67119015341826116 0.99999747274353923 0.99985463733646096 0.9991624784746389 1.1390620567408091e-06 2.1357408373915713e-05 8.9508392860915688e-06 1.4411533842900235 -0.35350666351991483 -0.14201064300690733 1.544878243109338e-07 -0.78222994794996725 1.5387919116705009e-07 5.0556103580442768e-05 -6.081391648278248 4.9053959982892088e-05 0.49349090812027235 -0.15714388732235829 -1.536575924276917e-07 9.9090156238366631e-08 0.80988247217996989 4.0594801555369316e-06 -0.67693924248825199
decision_type=2 2 2 2 2 2 2 2 2 2 2 2 2 2 2 2 2 2 2 2 2 2 2
left_child=1 2 3 4 -1 -5 7 10 13 -10 -3 18 21 -8 16 20 -13 -18 -2 -20 -16 -4 -17
right_child=11 6 12 5 -6 -7 8 -9 9 -11 -12 14 -14 -15 15 22 17 -19 19 -21 -22 -23 -24
leaf_value=0.010601913423069763 0.016689854333454261 -0.020932876212388117 -0.038773409313053162 -0.012655329131885471 0.0005003761448268085 0.00047831341574466912 0.0020196288608320657 0.014322202000938256 -0.0059646166727275914 0.005655522518387076 -0.0063115546840884955 0.0096576833875058696 -0.0052462395402150218 0.015116573945196886 0.004623451620938435 0.0018954291461979224 -0.00036183747194084285 -0.0271053407631499 -0.034936766488599905 -0.0079514101677271472 0.01085171729280643 -0.019800775535818035 -0.0075049455354587432
leaf_weight=7855.1470308825374 107.05498562194407 2450.9486780911684 293.62245259433985 5672.8328705579042 52879.41937180236 8141.1298851370811 2971.5076783522964 315.05874686688185 8803.7312126457691 2356.3906650096178 1682.4609728939831 1122.8209081217647 658.71605687588453 932.76812241971493 6009.9940332099795 3099.8969782665372 7216.768538441509 157.82158964127302 207.71433134004474 455.37519247084856 4053.428912833333 583.8898007646203 967.55960910022259
leaf_count=65481 910 25237 1883 41098 276460 41130 16135 2666 48256 14024 12863 7850 4322 4150 33249 16444 35826 895 1272 2281 21802 2887 5315
internal_value=3.36238e-05 -0.000639877 0.000201084 0.00056129 0.00180725 -0.00491583 -0.0039189 -0.012906 -0.00126334 -0.00351007 -0.0149886 0.00278534 -0.0172534 0.00515603 0.00328439 0.00498217 0.000459929 -0.00094204 -0.0118416 -0.0164918 0.00713428 -0.0262286 -0.000342077
internal_weight=118996 95597.6 76084.8 74548.5 60734.6 13814 19512.9 4448.47 15064.4 11160.1 4133.41 23398.4 1536.23 3904.28 22628.3 14130.9 8497.41 7374.59 770.145 663.09 10063.4 877.512 4067.46
internal_count=682436 556592 433261 424169 341941 82228 123331 40766 82565 62280 38100 125844 9092 20285 121381 76810 44571 36721 4463 3553 55051 4770 21759
is_linear=0
shrinkage=0.05


Tree=104
num_leaves=24
num_cat=0
split_feature=20 1 24 7 8 15 2 3 7 24 4 2 4 0 0 5 5 24 1 7 7 3 1
split_gain=97.1738 95.6501 101.271 97.2572 93.4035 102.508 92.8812 75.8848 535.752 249.367 416.92 249.541 209.859 123.714 124.67 113.679 190.638 87.0388 63.9167 54.6034 50.9712 48.0826 43.0126
threshold=-0.77045009286583255 1.0000000180025095e-35 -0.67908694502645861 1.7117380513105781e-05 0.99999747274353923 0.00095695970680512892 1.0000000180025095e-35 -1.0000000180025095e-35 4.0548062694072702e-07 -0.65408398595576245 -1.0000000180025095e-35 -1.0000000180025095e-35 -1.592452543164313e-07 -1.6014943948761126e-07 -1.0000000180025095e-35 8.8489039519381163e-08 1.6197597443664403e-05 -0.63336541578740535 -1.5329800717722716e-07 1.7306285945897375e-05 2.9095910281297593e-05 1.5402602127068124e-07 -1.5447355394826443e-07
decision_type=2 2 2 2 2 2 2 2 2 2 2 2 2 2 2 2 2 2 2 2 2 2 2
left_child=1 2 6 21 5 -4 -1 8 17 10 12 -12 -9 20 -15 18 -17 -2 -10 -6 -11 -3 -19
right_child=7 3 4 -5 19 -7 -8 9 15 13 11 -13 -14 14 -16 16 -18 22 -20 -21 -22 -23 -24
leaf_value=0.019993118230044599 0.042721491458717925 -0.027267430044624525 5.3472109194735596e-05 -0.0038559041444189432 -0.023094698430257604 -0.01271183125039224 -0.035216263722128882 -0.005503968499345869 0.0030531966994206479 -0.031499870922824517 0.014199751995493526 -0.020840327585396723 0.041652574698110137 0.0076075647961405708 0.00030115221933234087 -0.0050740352497877957 0.0038444355322394819 0.0077496819441059813 0.022406203085369489 -0.0064990075557381987 -0.0085212409435437408 -0.0039411195514285902 0.025864095492601241
leaf_weight=812.06199841760099 611.18051374517381 949.01367418654263 16754.970697615296 1915.8519168794155 734.37897954508662 1733.4748330824077 82.161723621189594 436.87909542024136 804.29202065989375 287.40672750771046 579.00679224357009 4066.9866992346942 509.45033716782928 6581.0283932164311 51631.966367829591 10464.675954535604 14013.49681032449 472.37325686588883 909.97217812389135 1527.8473209738731 1480.4811815172434 289.42815837450325 1091.6991182230413
leaf_count=4543 5724 9309 84447 11372 6679 11899 547 1912 6958 1532 3352 23348 3525 46952 288565 61347 66725 7115 5419 9001 6756 3218 11671
internal_value=-1.03023e-05 -0.00279412 -0.00160795 -0.0109259 -0.00231869 -0.00114438 0.0148476 0.00072458 0.00288508 -0.000210058 -0.0103062 -0.0164682 0.0199115 0.000731486 0.00112747 0.000903779 3.13883e-05 0.026717 0.0133433 -0.0119043 -0.0122911 -0.0218352 0.0204133
internal_weight=118740 24799.2 21644.9 3154.29 20750.7 18488.4 894.224 93940.9 28367.7 65573.2 5592.32 4645.99 946.329 59980.9 58213 26192.4 24478.2 2175.25 1714.26 2262.23 1767.89 1238.44 1564.07
internal_count=681916 141015 117116 23899 112026 96346 5090 540901 164959 375942 32137 26700 5437 343805 335517 140449 128072 24510 12377 15680 8288 12527 18786
is_linear=0
shrinkage=0.05


Tree=105
num_leaves=24
num_cat=0
split_feature=22 19 1 1 7 2 2 8 1 24 8 1 7 8 0 7 11 7 2 8 20 22 7
split_gain=85.9407 110.529 94.6149 193.444 140.323 109.094 84.1097 73.311 66.7746 47.596 88.2115 87.4294 45.9489 61.9303 59.1684 43.1819 39.1422 28.4954 27.6251 55.2585 25.3005 23.8545 22.2926
threshold=-0.11211999999995512 -0.99261152167236921 -3.117610534175696e-07 -1.5823786281288219e-07 5.4279107074716781e-06 -1.0000000180025095e-35 -4.9035681894515897e-05 0.040381891204287028 -3.2046904235194511e-05 -0.048833590227240702 0.14354457916177879 -4.7803690303993554e-06 5.32787853078245e-05 1.0000000180025095e-35 1.603874331124189e-07 1.0675457773201661e-05 0.9991083283642862 4.3606175290938498e-05 -1.5435607547686911e-07 0.99999747274353923 -0.91298055664687461 -0.7513849999999711 1.8577648155000251e-05
decision_type=2 2 2 2 2 2 2 2 2 2 2 2 2 2 2 2 2 2 2 2 2 2 2
left_child=6 7 8 4 -4 -5 12 22 -3 18 11 -11 13 16 -15 -9 -1 -10 19 -8 -20 -14 -2
right_child=1 2 3 5 -6 -7 9 15 17 10 -12 -13 21 14 -16 -17 -18 -19 20 -21 -22 -23 -24
leaf_value=0.0096751789922856647 0.0070452225082330514 -0.00020417412267137718 0.030450621649573014 0.0046827240612521189 0.0061155464709291268 -0.00032912070850821718 -0.0039311705067668207 0.028691121256943172 -0.017575493058864085 -0.0040955173645124306 0.0044575717460361161 -0.021946882046849442 0.0082181425846413105 -0.0043635715231299006 0.030435012840374105 0.010744028569107122 -0.0021893622807310016 -0.0033055133079288208 -0.0070849260125417594 -0.019051448501750771 0.00080609926522558347 -0.0002124519174312715 -0.0081068793308851309
leaf_weight=1738.6509885713458 654.29155385866761 1674.921043522656 879.51586003601551 12903.745350919664 1812.5585248284042 68419.307153042406 4819.0674199983478 628.66380112431943 1386.8416843935847 1224.3813580088317 827.78163456171751 1563.0345176272094 2427.2507494688034 6908.5620546340942 122.34378206729889 726.43269999697804 1155.3601686134934 470.29014803469181 1297.2856550179422 689.56328266113997 4650.8173376005143 1279.8960764408112 383.12509593367577
leaf_count=7175 5174 7837 11428 86200 11592 388073 23276 4940 7687 7936 5135 9309 10549 37588 534 3884 7179 2102 7555 4839 24670 5649 2032
internal_value=9.5441e-05 0.000855711 0.000565759 0.00090291 0.0140845 0.000466156 -0.00228647 0.0114542 -0.00744842 -0.00486031 -0.00986164 -0.014116 0.00055915 -0.00121469 -0.00374885 0.0191038 0.0049386 -0.013972 -0.00328024 -0.00583104 -0.000915902 0.00530758 0.00143981
internal_weight=118644 89939.7 87547.2 84015.1 2692.07 81323.1 28704 2392.51 3532.05 15071.9 3615.2 2787.42 13632.1 9924.92 7030.91 1355.1 2894.01 1857.13 11456.7 5508.63 5948.1 3707.15 1037.42
internal_count=682343 530949 514919 497293 23020 474273 151394 16030 17626 82720 22380 17245 68674 52476 38122 8824 14354 9789 60340 28115 32225 16198 7206
is_linear=0
shrinkage=0.05


Tree=106
num_leaves=24
num_cat=0
split_feature=20 3 7 4 4 5 4 18 3 3 5 24 3 3 9 8 15 7 18 6 8 18 18
split_gain=97.2018 106.484 419.673 146.851 449.885 233.648 169.547 136.218 87.341 82.9549 117.51 64.5656 92.0854 62.1392 61.8442 61.3274 111.225 110.942 70.3206 60.7529 53.4022 48.8579 48.4006
threshold=0.79007513210909763 1.0000000180025095e-35 1.1756636786913056e-07 -1.592452543164313e-07 -1.5827219890240937e-07 2.0410731337214518e-05 1.0000000180025095e-35 -18.599018208778869 -1.588103337724078e-07 1.5430072419775345e-07 2.2565225864404025e-05 -0.65408398595576245 -1.536275657798569e-07 1.5895487770478669e-07 0.72285461217265945 0.99953513098700686 0.99890647980981262 2.8591747204244944e-05 -4.0288377994380484 9.2716237390497641e-08 0.99999747274353923 -6.2373683555615829 -9.2630206192495397
decision_type=2 2 2 2 2 2 2 2 2 2 2 2 2 2 2 2 2 2 2 2 2 2 2
left_child=1 3 7 5 8 20 -6 -3 -5 22 -11 12 -2 -9 -7 16 17 -13 -18 -14 -1 -17 -4
right_child=11 2 9 4 6 14 -8 13 -10 10 -12 15 19 -15 -16 21 18 -19 -20 -21 -22 -23 -24
leaf_value=-0.0042186942402468123 0.029961928932673732 -0.042253946364307855 -0.034075376101293985 -0.013316711026768386 0.0063421007065080056 0.0013581494070337412 -0.0021093367619949423 -0.017113558640422504 0.036944807126633505 0.0022066505122393643 -0.0047201339140316148 0.011613881209511708 -0.024527017524930833 0.047571501850125625 0.010104567025671257 -0.0044782262620553159 -0.0080977203621630696 0.00070406539203591841 0.004129197533782168 -0.0028840925171630502 -0.011397842324751037 0.0028350373832806892 -0.0089140379741217413
leaf_weight=16471.100142743438 147.24494115635753 759.54706136509776 268.28711370006204 92.505684167146683 11301.075799802318 17211.763756945729 12490.994791083038 1128.6133274380118 1120.8884172942489 13069.972250092775 11514.982949383557 7282.3076915610582 533.66985224932432 36.464865449815989 2288.5075747966766 3516.9300492405891 2030.1741922535002 3428.1794849708676 2788.7017607241869 824.66831312701106 3074.6576284840703 6503.9834814481437 663.42453457415104
leaf_count=86565 1405 5817 1611 805 88096 84747 73272 14887 11180 73140 53546 48752 3192 293 10946 17276 9596 17572 14751 4246 21715 33806 4923
internal_value=9.16668e-05 -0.000686866 -0.00329281 0.000429577 0.00342117 -0.00148622 0.00190503 -0.025795 0.0330933 -0.00159347 -0.0010376 0.00272441 -0.00733021 -0.0150067 0.0023858 0.00331762 0.00528521 0.00812315 -0.00102214 -0.0114145 -0.00534932 0.000267501 -0.0162221
internal_weight=118549 91492.8 27441.3 64051.5 25005.5 39046 23792.1 1924.63 1213.39 25516.7 24585 27055.9 1505.58 1165.08 19500.3 25550.3 15529.4 10710.5 4818.88 1358.34 19545.8 10020.9 931.712
internal_count=682139 531543 154217 377326 173353 203973 161368 20997 11985 133220 126686 150596 8843 15180 95693 141753 90671 66324 24347 7438 108280 51082 6534
is_linear=0
shrinkage=0.05


Tree=107
num_leaves=21
num_cat=0
split_feature=10 19 1 1 4 1 4 5 22 0 8 16 4 10 17 2 8 20 22 5
split_gain=87.8669 81.0277 81.7082 197.163 110.46 110.155 94.4061 48.1964 45.2659 43.0126 39.2223 37.9349 26.3724 16.8152 17.1988 15.533 11.9751 11.0484 5.5484 3.29495
threshold=0.084300555812020048 1.0000000000010847 -1.5929994745533802e-07 -1.5835949707110328e-07 -1.5872990744014712e-07 -4.7982726637307842e-05 3.1200301808809177e-07 2.1463271867691043e-05 -3.9973299999999665 1.603874331124189e-07 0.99999747274353923 -0.37768997393834131 1.544878243109338e-07 0.54721349523545271 -0.2476243823124796 1.5392265240166128e-07 0.0025220051965862697 -0.10282307484205895 -1.0618299999999541 8.1874869673473168e-08
decision_type=2 2 2 2 2 2 2 2 2 2 2 2 2 2 2 2 2 2 2 2
left_child=7 2 5 4 -4 8 -5 11 -2 -7 12 -1 17 19 -15 -14 18 -3 -13 -12
right_child=1 10 3 6 -6 9 -8 -9 -10 -11 13 16 15 14 -16 -17 -18 -19 -20 -21
leaf_value=-0.0045566721671717247 0.010970901114409938 -0.036060726501648648 0.0018624900158659221 -0.0010457233709364481 0.02331526562426095 -0.0079339144304558587 0.0021197029789217876 0.0074610288758802995 -0.00060135394379295405 0.018913082632888292 -0.0078112669113247109 -0.056772035734175476 -0.016170636595475778 0.010235683329998352 -0.0084632434073826646 0.0045791691192753571 -0.02328841842038009 -0.019705669635058074 -0.036274744505071572 -0.025533834327390249
leaf_weight=101.40279100462794 925.4703743159771 196.51736521907151 1012.2372664045542 53809.840811712667 1474.7508739139885 7695.4684982933104 41888.311984285712 107.19472032040358 9501.7651171684265 150.19204841554165 45.999514620751143 97.539167689159513 274.06123807281256 276.8905107229948 217.84739736095071 132.3807812910527 76.940342623740435 243.48344769515097 80.194280775263906 71.595927063375711
leaf_count=568 4388 1365 5975 334681 15830 42522 217358 538 48298 629 452 560 1426 1814 1537 903 579 1663 432 586
internal_value=-0.00010257 -1.69604e-05 0.000129787 0.000701187 0.0145942 -0.00293997 0.000339788 -0.0217883 0.00042717 -0.00741465 -0.0117198 -0.0306001 -0.0186811 -0.00205932 0.00199102 -0.00941072 -0.040834 -0.0271518 -0.0480579 -0.0188897
internal_weight=118380 117917 116458 98185.1 2486.99 18272.9 95698.2 463.271 10427.2 7845.66 1458.78 356.077 846.443 612.333 494.738 406.442 254.674 440.001 177.733 117.595
internal_count=682104 679427 669681 573844 21805 95837 552039 2677 52686 43151 9746 2139 5357 4389 3351 2329 1571 3028 992 1038
is_linear=0
shrinkage=0.05


Tree=108
num_leaves=24
num_cat=0
split_feature=10 8 15 7 8 9 7 7 24 2 4 17 18 2 6 24 18 2 24 9 24 14 1
split_gain=93.3027 89.222 166.848 211.257 207.206 242.729 190.962 158.095 102.344 98.5091 87.1953 71.6999 65.1369 77.3533 61.2565 59.5795 54.0985 48.2204 41.1969 37.4113 35.5911 29.273 28.2904
threshold=0.66675160739750905 0.99999747274353923 0.9991624784746389 1.7117380513105781e-05 0.50000813881563966 0.59978135153057444 2.5033519021245699e-05 1.4394277669368844e-05 0.65465367077325454 1.5435433553534497e-07 1.5880071213558725e-07 -0.47849872512110536 -7.631414808398894 7.794204802813455e-05 9.8257989976239146e-08 -0.14201064300690733 -3.9951329489978407 -1.0000000180025095e-35 -0.49462450122017215 0.78535895342708428 -0.24053460940687749 1.5333002147065873e-07 4.332008615826056e-06
decision_type=2 2 2 2 2 2 2 2 2 2 2 2 2 2 2 2 2 2 2 2 2 2 2
left_child=1 2 4 9 5 -1 -6 8 10 -4 -3 -9 14 19 17 -13 -5 -2 -19 -14 22 -21 -16
right_child=12 7 3 16 6 -7 -8 11 -10 -11 -12 15 13 -15 20 -17 -18 18 -20 21 -22 -23 -24
leaf_value=0.0016697160426487377 0.014104947748244175 -0.016782995341613781 -0.020289667683108741 -0.0052705372542783784 0.018864681239217723 -0.006835200330125607 0.0010410553539735325 0.012563591136182675 0.0074727550905612844 -0.0050740722875382768 -0.0036905010341444127 -0.0033166799731011937 0.0033402854166394557 -0.0022163781272408131 -0.00021499777856216282 0.0062288910802757863 0.0025120703044835299 -0.025499958860764685 -0.0030896662137255299 0.0057630132470512015 -0.012372312241450266 0.012336589378509089 0.0089998537791740919
leaf_weight=45317.174692604691 141.14228327199817 3852.7174519971013 2602.9754201434553 3841.5148986503482 2974.8781048096716 10292.949819728732 3036.542696967721 951.69550151377916 723.4148961789906 1802.5673897173256 1901.4791149422526 9637.6453284993768 7013.7715996578336 3687.3950996175408 3938.9171497728676 1966.3165597394109 5326.0909055396914 553.304140008986 326.98570379242301 4062.6214272230864 489.24798433855176 2916.9279096852988 1053.9171506389976
leaf_count=256293 1632 38574 20575 20066 19049 59604 14238 4634 6255 13244 9638 50865 39809 19026 19057 11504 27426 3225 2448 19544 2572 18461 5003
internal_value=-0.000119667 -0.000830757 -5.65874e-05 -0.0050746 0.00104876 9.5251e-05 0.00986562 -0.00388868 -0.0102317 -0.0140703 -0.0124602 -0.000614712 0.00265055 0.00422428 -0.00162704 -0.00169794 -0.00074898 -0.0128564 -0.0172071 0.00592189 0.000468253 0.00851374 0.00173195
internal_weight=118412 94228 75194.7 13573.1 61621.5 55610.1 6011.42 19033.3 6477.61 4405.54 5754.2 12555.7 24184.2 17680.7 6503.51 11604 9167.61 1021.43 880.29 13993.3 5482.08 6979.55 4992.83
internal_count=682742 551965 430495 81311 349184 315897 33287 121470 54467 33819 48212 67003 130777 96840 33937 62369 47492 7305 5673 77814 26632 38005 24060
is_linear=0
shrinkage=0.05


Tree=109
num_leaves=24
num_cat=0
split_feature=22 19 24 2 7 7 15 7 0 2 18 2 2 24 20 18 0 1 19 7 22 23 0
split_gain=82.4602 109.409 112.211 113.814 175.988 167.094 96.0423 192.029 118.215 57.4179 60.2671 96.5443 61.2666 70.2303 50.4986 48.872 48.5531 47.2197 37.4592 33.9685 30.9114 29.9872 25.7256
threshold=-0.024179999999990778 -0.96102391524242636 -0.17896478835888155 -1.0000000180025095e-35 7.3888978302272095e-06 1.0304756560007192e-07 0.9987737579691961 3.6758546551122592e-06 -1.6014943948761126e-07 -7.8887395738469466e-05 -2.52566614820168 -1.5908423467436703e-07 -3.6991818248566229e-06 3.5859539639185063 0.52136686940676336 -18.599018208778869 1.0000000180025095e-35 1.0000000180025095e-35 -0.93929899270701511 7.8268059079661644e-06 -1.5109499999999871 -3.3837300000000536 1.5891702442871749e-07
decision_type=2 2 2 2 2 2 2 2 2 2 2 2 2 2 2 2 2 2 2 2 2 2 2
left_child=9 15 3 4 -3 -5 8 -8 -4 18 11 14 22 -14 -11 17 -13 19 21 -2 -20 -1 -12
right_child=1 2 6 5 -6 -7 7 -9 -10 10 12 16 13 -15 -16 -17 -18 -19 20 -21 -22 -23 -24
leaf_value=0.0046220357032557644 0.032235176862226489 0.018426125786510986 -0.008638414041609201 -0.011382085437283715 0.001198835160493898 -0.00062939560393432924 -0.017832653206539088 0.0030879576162956284 0.0090206711133772651 -0.0052549704885425028 -0.0024366194957086153 0.0019481522659714002 -0.009366057966628304 -0.037496832716977742 -0.022787106909563922 0.0034327162082645117 -0.005606323130643345 -0.023273906534371374 0.010019544967159729 0.014193206067638056 0.0017546975784466447 -0.0039917493892123544 0.020280626653716792
leaf_weight=1362.6002200096846 440.60802011750638 1814.9774954970926 1054.1821081340313 3945.1599453445524 8058.9195598624647 42699.068513847888 1273.2802027538419 7838.5334629118443 9235.8460019640625 7441.4156566113234 2647.5993864759803 12183.957341015339 3856.4266900327057 233.90822194516659 433.22014836221933 873.30041727051139 2574.4788978472352 60.520301885902882 1591.1019905880094 654.55289103835821 3914.3105767741799 3888.2347776666284 128.7514369264245
leaf_count=6681 3715 18748 5127 30743 45633 218054 11033 47003 70306 38713 16074 70027 20719 1519 2003 6646 18320 395 7342 3617 19257 19984 565
internal_value=-2.32964e-05 0.000925697 0.000619231 -0.000506974 0.00436908 -0.00153941 0.00389987 0.000160702 0.00720974 -0.00186094 -0.00300118 -0.00175576 -0.00710375 -0.0109935 -0.00622567 0.0123786 0.000629421 0.0191167 0.00126577 0.021502 0.00414697 -0.0017546 -0.00136748
internal_weight=118205 77948.9 75920 56518.1 9873.9 46644.2 19401.8 9111.81 10290 40256 29499.8 22633.1 6866.69 4090.33 7874.64 2028.98 14758.4 1155.68 10756.2 1095.16 5505.41 5250.83 2776.35
internal_count=682224 461020 446647 313178 64381 248797 133469 58036 75433 221204 167940 129063 38877 22238 40716 14373 88347 7727 53264 7332 26599 26665 16639
is_linear=0
shrinkage=0.05


Tree=110
num_leaves=24
num_cat=0
split_feature=10 18 7 3 8 7 18 9 7 8 8 24 24 7 3 4 24 4 18 10 8 7 22
split_gain=90.0482 101.37 92.3459 101.097 85.3016 173.714 138.225 338.577 250.108 207.716 161.513 96.2432 93.7607 102.606 79.4549 75.9293 102.35 56.2786 54.2697 50.8002 36.7722 48.5255 33.6908
threshold=0.36382843469281584 -4.7358486718526178 9.9090156238366631e-08 1.0000000180025095e-35 1.0000000180025095e-35 8.9508392860915688e-06 -6.0260581347324758 0.49989680869034436 2.5815195784750532e-06 0.51485652433321516 0.30958663631174316 -0.17896478835888155 -0.15500069009022402 4.7413491788712572e-05 -7.9232386251959486e-07 -1.5429762889596074e-07 3.1086279985293284 -0.00037649273048323545 -3.9294235524141135 0.084300555812020048 0.96948683467512586 5.7787442347944523e-05 -0.7513849999999711
decision_type=2 2 2 2 2 2 2 2 2 2 2 2 2 2 2 2 2 2 2 2 2 2 2
left_child=1 2 3 -1 5 15 7 9 -9 -6 18 -12 13 -7 -14 -2 -17 22 -8 -19 -4 -22 -3
right_child=4 17 20 -5 6 12 10 8 -10 -11 11 -13 14 -15 -16 16 -18 19 -20 -21 21 -23 -24
leaf_value=0.023826250135857298 0.0055167148408747594 0.0091320572960890186 5.6246066333090003e-06 -0.03257083341656284 0.0082956431414257445 0.0054392332307842788 0.0015861037599412973 -0.01547291223733584 -0.0030077394771177335 -0.007334058696196074 0.0012387035406648049 0.0067166509698941244 -7.5758669579137824e-05 -0.0077395837290205787 -0.018135587057961474 0.021488954633937601 -0.050451506749956979 -0.027418048391637379 -0.0059231831444076502 -0.0082599310403338247 -0.014083906246466209 0.025725462318842249 -0.0061503290550973793
leaf_weight=661.90634504891932 1728.2820600531995 728.04431971907616 7200.7981540560722 88.434948198497295 9541.338570959866 8610.0019767805934 3625.5002452656627 4835.4365418963134 23956.328758239746 2732.9044366329908 18062.472062401474 14422.449077384546 1464.3057899847627 1780.554417848587 1041.3940317258239 2012.9426778182387 48.801928773522377 364.87562745809555 7141.6400675773621 6317.4092786349356 851.82388840988278 82.176199808716774 710.52820026874542
leaf_count=5457 15229 3486 36032 1231 53212 49820 21416 40103 122615 18183 92355 90775 8420 8059 6195 21643 384 2192 39179 35761 6249 385 3471
internal_value=1.91684e-05 -0.00334659 0.000343605 0.0171037 0.000585961 0.00385206 -6.0406e-05 -0.00213803 -0.00510231 0.0048146 0.0019121 0.00367119 0.00108525 0.00317934 -0.00759208 0.0132598 0.0197364 -0.00738378 -0.00339437 -0.00931467 -0.00120553 -0.0105285 0.00158237
internal_weight=118010 17006 8885.14 750.341 101004 16686.3 84318.1 41066 28791.8 12274.2 43252.1 32484.9 12896.3 10390.6 2505.7 3790.03 2061.74 8120.86 10767.1 6682.28 8134.8 934 1438.57
internal_count=681852 94264 49354 6688 587588 109750 477838 234113 162718 71395 243725 183130 72494 57879 14615 37256 22027 44910 60595 37953 42666 6634 6957
is_linear=0
shrinkage=0.05


Tree=111
num_leaves=24
num_cat=0
split_feature=22 19 24 3 4 3 22 23 3 9 3 24 8 8 9 5 1 1 17 21 22 23 7
split_gain=76.1996 111.387 88.0068 411.996 377.943 245.32 69.773 76.9441 52.0547 51.5608 48.4647 50.0577 93.7746 71.8874 35.9284 32.5401 31.2621 22.7777 23.5318 20.307 20.1788 19.2472 15.1783
threshold=-0.019799999999942374 -0.98040612441539599 -0.66539619809382156 -1.0000000180025095e-35 -1.0000000180025095e-35 -1.588103337724078e-07 2.8999900000000611 0.09294499999993594 9.4562940953224501e-06 0.03356905922302586 -0.00037593217942433194 0.098726578086993214 0.30958663631174316 0.99953513098700686 0.40000000000003927 2.6550893563530526e-05 -1.5405158837467067e-07 -4.7982726637307842e-05 -0.36789019626464409 0.019669424974046518 -0.66897499999997934 -4.5041050000000764 1.8577648155000251e-05
decision_type=2 2 2 2 2 2 2 2 2 2 2 2 2 2 2 2 2 2 2 2 2 2 2
left_child=9 14 3 5 -5 -3 7 -4 -8 15 19 13 -13 -12 16 17 -2 -1 -19 20 -11 -17 -18
right_child=1 2 6 4 -6 -7 8 -9 -10 10 11 12 -14 -15 -16 21 22 18 -20 -21 -22 -23 -24
leaf_value=0.0036113106255842341 -0.01609900217949228 -0.0036685013619360434 -0.00037609751450714109 0.022492678471784849 -0.018835848972209406 0.037733267193484868 0.0060163569421158823 0.0030362068021523823 -0.010368984416444245 0.011089395436318747 0.00026060433041518051 -0.007730898417277342 0.0071782044234026086 -0.0061369670983391711 0.028618899090188301 0.013336842156114984 0.017398832321416365 0.0032009550943624602 -0.02263337925124621 -0.0056414541734630223 0.00031679319360630894 -0.0067893876063362937 0.0041438020935141793
leaf_weight=121.4774493612349 100.71941274777055 681.26342527940869 30703.092917438596 646.17472302168608 3777.9385942146182 750.34205191396177 625.17734439484775 35754.792557818815 2133.5574588030577 1324.7981559038162 24245.758623756468 6666.5569154471159 1250.8533235006034 5359.712336730212 350.76470585912466 154.7931749522686 641.08249176852405 99.477957598865032 721.16061132214963 339.94839429855347 648.14878810197115 487.61838166415691 329.18695253133774
leaf_count=746 892 3113 198994 3885 22791 6389 2985 193987 10491 5977 124766 42100 8249 35098 2855 742 4916 492 4177 1504 2988 2362 1754
internal_value=-3.43323e-05 0.00090093 0.000638091 -0.00524648 -0.0127909 0.0180501 0.00113613 0.00145971 -0.0066523 -0.00176163 -0.00140937 -0.00184254 -0.00537359 -0.000897766 0.0147556 -0.0106017 0.0101656 -0.0165094 -0.0194955 0.0056116 0.00755684 -0.00190574 0.0129247
internal_weight=117914 76494.1 75072.3 5855.72 4424.11 1431.61 69216.6 66457.9 2758.73 41420.3 39835.8 37522.9 7917.41 29605.5 1421.75 1584.53 1070.99 942.116 820.639 2312.9 1972.95 642.412 970.269
internal_count=682253 453052 442635 36178 26676 9502 406457 392981 13476 229201 220682 210213 50349 159864 10417 8519 7562 5415 4669 10469 8965 3104 6670
is_linear=0
shrinkage=0.05


Tree=112
num_leaves=24
num_cat=0
split_feature=1 1 18 18 22 7 7 0 0 3 3 18 7 24 8 24 1 1 7 23 5 22 19
split_gain=71.6052 159.848 118.348 116.762 93.2122 74.9866 73.4885 72.7245 125.168 90.7031 324.178 132.85 88.787 69.5247 54.705 47.2969 38.856 26.4604 24.8427 20.3031 22.7935 19.8004 19.2114
threshold=1.5941155417920075e-07 1.5835154787424702e-07 -18.599018208778869 -2.7944254302040084 2.8999900000000611 1.1756636786913056e-07 2.0775998510165881e-05 1.0000000180025095e-35 1.5435437106248176e-07 -3.0650899596196263e-07 -1.5769325045766888e-07 -18.599018208778869 4.0548062694072702e-07 1.2254547467938461 0.00021434182254822926 -0.67908694502645861 1.5880111448041137e-07 2.6496638305673063e-06 3.2573658678955381e-05 10.601544999999948 4.419539259862503e-05 1.5068200000000398 0.86087687038005967
decision_type=2 2 2 2 2 2 2 2 2 2 2 2 2 2 2 2 2 2 2 2 2 2 2
left_child=1 7 17 5 6 16 14 9 12 11 -11 -1 -9 -10 -4 -8 -3 -2 -7 22 -21 -19 -6
right_child=2 3 4 -5 19 18 15 8 13 10 -12 -13 -14 -15 -16 -17 -18 21 -20 20 -22 -23 -24
leaf_value=-0.0078716840795853525 -0.0057758992438627036 -0.036291148446577902 0.027874078954069955 0.015913658183193815 -0.017733538709345364 -0.014236612111332035 -0.012149459966481648 -0.030025136875043962 -0.0017140085794843112 0.02024944314156011 0.000944336778797243 6.7851947895738692e-05 -0.0082308955624949623 0.020604336377005206 0.0069980981039488984 0.0016793026560636829 0.013786607334789062 0.018602324263378722 0.0033065657811870439 -0.040727856299523954 -0.012102699035019268 0.0049029945175937222 -0.0034172987779686349
leaf_weight=6668.0655857995152 146.67429963499308 533.50284406729043 342.93284221366048 300.4436900485307 291.70731933414936 1275.9466685913503 657.11776957660913 587.11819260008633 10546.39195032604 2273.3404906578362 49146.296522431076 25073.475136838853 2280.4728796184063 358.86476035229862 3546.870919175446 9975.4304860904813 40.593886282294989 1510.9611418098211 238.32163418084383 92.099829133599997 282.08926183730364 322.83534210920334 1174.420927491039
leaf_count=30589 689 7163 2993 1645 1309 8067 2806 7327 62757 21071 298685 127574 13970 2455 22198 51773 451 7153 1151 526 1244 1469 6071
internal_value=0.000158943 -0.000371095 0.00302894 -0.0131432 0.00163052 -0.0173371 0.00297447 -5.60278e-05 -0.00342108 0.000501288 0.0017987 -0.00160027 -0.0127127 -0.000975466 0.00885323 0.000822057 -0.0327059 0.0145669 -0.0114716 -0.00896392 -0.0193406 0.0162013 -0.0062894
internal_weight=117666 99322.8 18343.1 2388.81 16362.7 2088.37 14522.4 96934 13772.8 83161.2 51419.6 31741.5 2867.59 10905.3 3889.8 10632.5 574.097 1980.47 1514.27 1840.32 374.189 1833.8 1466.13
internal_count=681136 582905 98231 18477 88920 16832 79770 564428 86509 477919 319756 158163 21297 65212 25191 54579 7614 9311 9218 9150 1770 8622 7380
is_linear=0
shrinkage=0.05


Tree=113
num_leaves=24
num_cat=0
split_feature=19 9 19 10 8 2 3 17 8 5 18 3 0 2 17 23 3 5 4 6 17 14 22
split_gain=71.4573 69.1916 70.0924 64.6488 68.0683 62.8791 43.0699 36.1088 35.4041 34.1338 27.1748 27.0848 20.9483 17.1349 15.1239 14.4857 13.6017 12.4332 11.5341 10.7953 9.63327 9.00598 8.52186
threshold=1.0000000000010847 0.03356905922302586 -0.999667840994788 0.74793458158040105 0.99999747274353923 -1.0000000180025095e-35 -1.5410616605038283e-07 -0.83650929230613025 0.99999747274353923 2.6550893563530526e-05 -4.821462454883485 1.5402602127068124e-07 -1.7667482320682378e-05 1.5435433553534497e-07 -0.2476243823124796 -3.3837300000000536 5.5300354901532962e-05 8.1684359740793678e-08 1.5378999584925171e-07 1.6906587394287921e-05 -0.23047322075683699 1.5485660509474608e-07 -0.42830999999996905
decision_type=2 2 2 2 2 2 2 2 2 2 2 2 2 2 2 2 2 2 2 2 2 2 2
left_child=1 9 5 4 -4 16 -7 -5 11 10 22 13 -12 -2 17 -11 -3 -10 -16 -19 -13 -17 -1
right_child=8 2 3 7 -6 6 -8 -9 14 15 12 20 -14 -15 18 21 -18 19 -20 -21 -22 -23 -24
leaf_value=0.010582696988195389 -0.031900211274310503 0.0027320008043622596 0.00027870421034941292 -0.023588620615025528 -0.0028001781116315269 0.00574773008157354 0.024953494252067322 0.0039161391078986725 0.017963366064290102 0.0092127199161926698 0.0025807976341711532 -0.0028392164280782893 -0.024234140816796153 -0.0091537102101698804 -0.021423062016489858 0.0010185849551204178 -0.015307918218833351 -0.011737778176311345 -0.00087208110135000611 0.010862094596186764 -0.020676348874715596 -0.013341219842469275 -0.0085454666814891635
leaf_weight=84.799324657768011 335.82891525141895 1463.1985762380064 77596.592453140765 118.64371272176504 23351.363292926922 516.52087415754795 676.2608553878963 10819.148499466479 118.60147888958454 215.01653979718685 81.488314971327782 267.99966325424612 632.75422313064337 113.27435107156634 129.2651839479804 204.74602522701025 110.47434115409851 122.03954808041453 143.75079273805022 89.982501111924648 104.42577596195042 229.84489845484495 174.5791940651834
leaf_count=393 2093 9933 444052 729 143740 3088 4106 57446 954 1034 613 1600 3628 984 1099 872 654 907 950 451 654 1232 964
internal_value=-0.000125089 1.13558e-05 0.000156612 -3.78077e-05 -0.000433497 0.00801583 0.0166644 0.00361308 -0.0112451 -0.0102329 -0.0161463 -0.0179885 -0.0211692 -0.0262401 -0.00203029 -0.00134006 0.00144457 0.00513969 -0.0107056 -0.00211112 -0.00793772 -0.00659085 -0.00223959
internal_weight=117701 116275 114652 111886 100948 2766.45 1192.78 10937.8 1425.17 1623.23 973.621 821.529 714.243 449.103 603.64 649.607 1573.67 330.624 273.016 212.022 372.425 434.591 259.379
internal_count=682176 672484 663748 645967 587792 17781 7194 58175 9692 8736 5598 5331 4241 3077 4361 3138 10587 2312 2049 1358 2254 2104 1357
is_linear=0
shrinkage=0.05


Tree=114
num_leaves=24
num_cat=0
split_feature=10 18 19 18 2 2 10 2 8 2 18 4 7 18 3 10 4 8 7 7 24 24 3
split_gain=69.5719 88.089 70.7235 80.4182 212.748 287.556 94.8684 85.1112 74.7012 69.0027 60.4947 47.0208 44.0946 28.4799 26.29 25.3179 28.4082 21.2262 18.4472 18.2478 22.402 15.9368 15.1747
threshold=0.30116412734170511 -6.1777970280049539 -0.999667840994788 -8.2744392796023085 1.596229957101514e-07 1.0000000180025095e-35 0.527319329559784 5.1767245283329551e-05 0.99999747274353923 -1.0000000180025095e-35 -9.1626852725285648 -0.00048621108899826732 1.0014880395593076e-07 -5.9894685360740096 -1.5476396431068904e-07 0.084300555812020048 -0.00018509310229752882 0.88141389694660954 2.8121381224646524e-05 1.1257707898885387e-05 -0.16595124916688223 -0.26477953080948524 -0.00010005300459692278
decision_type=2 2 2 2 2 2 2 2 2 2 2 2 2 2 2 2 2 2 2 2 2 2 2
left_child=1 12 9 4 5 -4 8 -8 -5 19 -6 -3 -1 14 -11 16 -13 21 -19 20 -2 -14 -21
right_child=2 11 3 6 10 -7 7 -9 -10 13 -12 15 17 -15 -16 -17 -18 18 -20 22 -22 -23 -24
leaf_value=0.023100030839607363 0.015429402279152481 0.0046682209039814598 -0.0011741504669471523 0.00015927661345317928 0.010666507429585336 -0.014409909917875675 0.0036805363107362946 -0.0017220886723087036 -0.0058899851305467413 0.011685821098612196 -0.0034452004368755729 0.0041395530588373792 0.00077808700009998676 0.0016493286668553733 0.030849440702054493 -0.0084403512559872561 -0.028333896299172209 -0.022894283522977548 0.0022258939030662304 0.0078886033324567281 -0.010364604306078424 0.012413780745708614 -0.0065642873773427597
leaf_weight=240.64672615192831 370.88606950081885 662.38623537123203 20837.333823945373 25785.335542725399 3730.2806720286608 5108.3955474514514 34514.91381363757 9238.9246343001723 6360.2897977400571 295.09576038271189 951.80437692254782 84.432930782437325 2148.8843612000346 185.32756150141358 471.91412221267819 4768.1917423121631 317.26076512597501 163.21047523245215 129.87868597358465 251.44249405711889 106.94106116145849 339.2668444365263 638.07906572893262
leaf_count=2041 3558 3085 115980 151106 17116 33115 205624 48166 42993 1840 4539 457 10147 1158 2914 26538 1942 1439 709 1203 1103 1825 3704
internal_value=-6.78507e-06 -0.00426849 0.000339909 0.000151706 -0.00201077 -0.00378121 0.00102443 0.00253959 -0.00103776 0.00897308 0.00779648 -0.00785766 0.00265761 0.0192917 0.0235326 -0.00946467 -0.0215091 0.000871703 -0.011806 0.00176502 0.00962696 0.00237535 -0.00246473
internal_weight=117701 8854.16 108847 106527 30627.8 25945.7 75899.5 43753.8 32145.6 2319.69 4682.09 5832.27 3021.89 952.337 767.01 5169.89 401.694 2781.24 293.089 1367.35 477.827 2488.15 889.522
internal_count=682302 48183 634119 618639 170750 149095 447889 253790 194099 15480 21655 32022 16161 5912 4754 28937 2399 14120 2148 9568 4661 11972 4907
is_linear=0
shrinkage=0.05


Tree=115
num_leaves=24
num_cat=0
split_feature=10 19 2 14 8 15 8 7 7 24 2 8 24 3 9 2 24 3 7 3 23 20 7
split_gain=58.7067 68.6619 77.2302 57.5246 155.796 303.206 122.187 154.194 149.725 39.3634 37.8017 35.3484 33.842 31.0062 30.6119 22.2454 17.0651 14.2385 13.8613 13.8208 9.58078 9.92846 5.85734
threshold=0.30966885011526563 -0.999667840994788 -1.0000000180025095e-35 1.534067261015322e-07 0.040381891204287028 0.99875078027440245 1.0000000180025095e-35 3.9314540808568787e-06 3.0770914883065775e-05 -0.99209473766677481 -0.00025977168276547497 0.18391325288658053 -0.16054876959142581 1.0000000180025095e-35 0.30000000000002763 -1.5420200494276057e-07 -0.70781753090266097 -2.2127371058999753e-05 2.6469524029767686e-05 -1.5476396431068904e-07 -6.0852200000000183 -0.67398667795135681 4.0594801555369316e-06
decision_type=2 2 2 2 2 2 2 2 2 2 2 2 2 2 2 2 2 2 2 2 2 2 2
left_child=9 2 16 6 13 -6 7 -3 -8 -1 20 12 -12 -5 19 -13 22 -18 -16 -4 -11 -22 -2
right_child=1 3 14 4 5 -7 8 -9 -10 10 11 15 -14 -15 18 -17 17 -19 -20 -21 21 -23 -24
leaf_value=0.025434138799322027 0.031750092167549891 0.014899248460013989 -0.0028400015852294465 -0.0020597557668765995 0.0092304242093153282 -0.00075848840742208108 -0.0034155455982859111 0.0011258981773927367 0.0029314192054576329 0.022660126312468609 -0.004129831469435046 -0.0048358048786197681 -0.012082276363556592 -0.0084431681466113802 0.031100127849505124 0.0033644063456366746 0.0060225183408995093 -0.004881433202710876 0.006332024751119489 0.016645862646280717 -0.00072678197731222466 0.019409957077525082 0.0058074837191635642
leaf_weight=113.51014252379537 55.882175700739026 2387.9020548909903 142.5827587172389 5864.4187619015574 13101.468162622303 18075.56043397449 37403.359568236396 13579.85720327124 12360.398115299642 122.58843532204628 3851.6076171305031 1544.332904715091 2053.3100542034954 2817.2643516901881 464.26832867413759 1775.7095411457121 520.04352190345526 699.85574235580862 66.20339147746563 245.16769795119762 186.3957529142499 88.72715075314045 37.418157484382391
leaf_count=701 896 26644 838 34582 77665 103869 222363 77743 56322 543 19062 8099 12875 14563 3104 10670 2526 5538 337 1500 893 392 321
internal_value=0.000138723 0.000474547 0.00915018 0.000290989 0.00178966 0.0034393 -0.000617734 0.00318756 -0.00183892 -0.00357913 -0.00392711 -0.00457891 -0.00689913 -0.00413326 0.0202577 -0.000449069 0.00136074 -0.000226733 0.0280538 0.00948993 0.0111262 0.00584249 0.0217385
internal_weight=117558 107822 2231.42 105590 39858.7 31177 65731.5 15967.8 49763.8 9736.18 9622.67 9224.96 5904.92 8681.68 918.222 3320.04 1313.2 1219.9 530.472 387.75 397.711 275.123 93.3003
internal_count=682046 628811 15060 613751 230679 181534 383072 104387 278685 53235 52534 50706 31937 49145 5779 18769 9281 8064 3441 2338 1828 1285 1217
is_linear=0
shrinkage=0.05


Tree=116
num_leaves=24
num_cat=0
split_feature=0 0 7 18 15 4 4 6 4 8 8 2 6 5 0 11 2 8 24 8 18 7 7
split_gain=57.5456 127.187 109.028 82.7536 75.2325 73.2456 436.138 178.125 141.257 70.3747 47.212 41.1316 44.8908 41.0912 32.1091 29.4688 32.5731 28.8055 23.0365 21.9201 24.6085 21.8574 20.4356
threshold=-1.6014943948761126e-07 -1.5824255861218714e-07 5.4279107074716781e-06 -0.9412880850411699 0.02439024390741663 1.5880071213558725e-07 1.583869115862058e-07 1.8494504209361637e-05 1.0000000180025095e-35 0.99953513098700686 0.95331977810708568 -4.6891129823478645e-07 4.8406536215440394e-05 7.3937964245099653e-05 -1.5882698001234982e-07 0.4948934357830565 -5.4082911020714155e-06 0.71435093840266473 2.8959334290031356 0.065485472612634529 -4.1436399035465952 2.8591747204244944e-05 4.087431116597143e-05
decision_type=2 2 2 2 2 2 2 2 2 2 2 2 2 2 2 2 2 2 2 2 2 2 2
left_child=3 2 14 15 11 6 8 9 -3 -7 -8 18 -13 -9 -2 17 21 -1 -5 20 -4 -17 -21
right_child=1 5 19 4 -6 7 10 13 -10 -11 -12 12 -14 -15 -16 16 -18 -19 -20 22 -22 -23 -24
leaf_value=0.024855601543986472 -0.00017882016111114645 3.2179222171063351e-05 0.0057653553728560956 0.0052295445951462492 0.031764148548434894 0.0075894389455330507 -0.044811794325922909 -0.00046341554432480095 -0.0099428381215186379 0.0011545658595766412 -0.022221282409625967 -0.040170946780541873 -0.0035511172833793975 -0.0071613143440231036 0.031528723022732567 -0.012277356355848297 -0.020084226005337779 -0.012634109838976303 -0.0036450570439614822 0.015313320680099661 -0.0083800357703178504 -0.0044762994567009847 -0.0038411618558219993
leaf_weight=124.46758546680212 91.158441804349422 56883.231021525338 962.93321092426777 1872.9620842039585 193.11242251843214 11911.51849816367 521.31377720460296 23679.642761476338 3783.2324380334467 6608.6445499584079 430.0487243719399 123.36039079725742 254.15960204601288 2533.3649121522903 622.76155309937894 1520.4956660866737 615.55225571990013 84.31789430975914 1196.3610772117972 679.29904089868069 449.14987948536873 2205.7915071025491 173.64641383290291
leaf_count=575 965 339943 5900 10159 874 69916 4505 117620 31826 33529 4721 537 1050 10992 8505 10738 2952 508 7203 4274 2331 12001 825
internal_value=-1.68245e-05 0.000285998 0.0104722 -0.00405867 0.00155938 4.38373e-07 -0.00111753 0.00154047 -0.0005901 0.00529389 -0.0346734 -0.00014886 -0.015679 -0.00111142 0.0274839 -0.00855224 -0.0094359 0.00971546 0.00176865 0.00508851 0.00125702 -0.00766571 0.0114081
internal_weight=117521 109330 2978.95 8190.58 3639.96 106351 61617.8 44733.2 60666.5 18520.2 951.363 3446.84 377.52 26213 713.92 4550.62 4341.84 208.785 3069.32 2265.03 1412.08 3726.29 852.945
internal_count=682449 635852 22800 46597 19823 613052 380995 232057 371769 103445 9226 18949 1587 128612 9470 26774 25691 1083 17362 13330 8231 22739 5099
is_linear=0
shrinkage=0.05


Tree=117
num_leaves=24
num_cat=0
split_feature=10 19 3 6 18 4 4 6 6 18 4 2 2 10 16 3 1 3 3 18 10 8 24
split_gain=65.9676 53.264 53.0263 351.553 281.652 123.349 416.341 125.665 111.594 40.7464 50.6543 32.67 26.9627 20.5144 24.3849 17.9143 16.1795 15.9332 15.2885 15.6341 14.7266 13.9125 10.1022
threshold=0.24529673384630921 1.0000000000023415 1.0000000180025095e-35 1.1363036703221571e-07 -9.2630206192495397 -1.592452543164313e-07 -1.0000000180025095e-35 1.8494504209361637e-05 2.4247691789003201e-05 -6.3919465684632 -0.0002363745097540004 1.537266962614581e-07 1.5823389443170302e-07 0.084300555812020048 -0.3587073377306661 -0.00051327671840262201 1.5330689073778106e-07 1.5602437386519344e-07 1.5402602127068124e-07 -7.3777909076518133 0.55233889229678101 0.51485652433321516 -0.36074591673757445
decision_type=2 2 2 2 2 2 2 2 2 2 2 2 2 2 2 2 2 2 2 2 2 2 2
left_child=9 2 5 4 -4 7 -7 -2 -5 16 15 18 20 14 -12 -11 21 -15 19 -3 -13 22 -1
right_child=1 11 3 8 -6 6 -8 -9 -10 10 13 12 -14 17 -16 -17 -18 -19 -20 -21 -22 -23 -24
leaf_value=0.0022537658044243371 -0.004087711173327473 -0.0285681163184624 -0.031717464332989082 0.0031627629943021887 -0.0050802606081580678 0.01691686305894621 0.0010054891180066739 0.0018855063667595933 -0.0019230827429031799 0.014154304001085097 -0.0017130873034931179 -0.0046815799100160937 -0.018038643445947234 -0.012457348471981097 -0.031962611583722676 -0.0027907782303462441 -0.014386541934222015 0.0033061554191296384 -0.0088021191195027174 -0.001412717506219661 0.020374812984805354 -0.01542618524116553 0.013150462591648471
leaf_weight=674.51072269305587 14762.780030354857 315.45965527556837 1517.2781454157084 20962.249791862443 2865.8986209854484 5024.0620850790292 22593.705765048042 21811.869706138968 22212.546074308455 188.68266287446022 90.303410613909364 94.104803245514631 119.8474495485425 1677.530356189236 258.56508203968406 854.59601509571075 131.87015962041914 175.85767658613622 299.82203041762114 64.353615202009678 149.71510191820562 82.478066727519035 310.43263649195433
leaf_count=3132 84255 2058 10792 116503 27483 46720 149106 108534 106768 853 517 810 1203 9454 1616 4397 994 977 1724 467 996 542 1537
internal_value=0.000100891 0.000336421 0.00044154 -0.000823755 -0.0143124 0.00137903 0.00390119 -0.000525444 0.000546116 -0.00587234 -0.00878128 -0.0108977 0.00118491 -0.0130774 -0.0242013 0.000290268 0.00199721 -0.010957 -0.0173548 -0.0240116 0.0107243 0.00404906 0.00571292
internal_weight=117239 112794 111750 47558 4383.18 64192.4 27617.8 36574.6 43174.8 4444.83 3245.54 1043.3 363.667 2202.26 348.868 1043.28 1199.29 1853.39 679.635 379.813 243.82 1067.42 984.943
internal_count=681438 657419 650161 261546 38275 388615 195826 192789 223271 24019 17814 7258 3009 12564 2133 5250 6205 10431 4249 2525 1806 5211 4669
is_linear=0
shrinkage=0.05


Tree=118
num_leaves=24
num_cat=0
split_feature=0 0 7 4 4 6 4 8 18 1 1 22 11 8 0 1 2 20 24 2 14 16 6
split_gain=59.5344 125.108 96.5901 74.3767 403.503 161.674 111.162 77.7717 60.7987 51.3916 48.079 46.8062 34.3568 30.871 26.505 22.7271 20.4046 16.3289 14.8796 24.1136 13.5781 13.4891 12.4287
threshold=-1.6014943948761126e-07 -1.5824255861218714e-07 1.1756636786913056e-07 1.5880071213558725e-07 1.583869115862058e-07 1.7377875353053161e-05 1.0000000180025095e-35 0.99953513098700686 1.1251260061609807 -2.0076419013470567e-05 -1.5385370399911833e-07 0.085900000000039098 0.94576949092196327 0.00041330066531366903 -1.5882698001234982e-07 -1.5867978397920976e-07 -1.5968906641461442e-07 0.54189702011769125 -0.14201064300690733 -4.6891129823478645e-07 4.6068800409863449e-07 -0.080753363646204043 3.4971839067801521e-05
decision_type=2 2 2 2 2 2 2 2 2 2 2 2 2 2 2 2 2 2 2 2 2 2 2
left_child=8 2 15 4 6 7 -3 -5 9 12 -7 -6 21 -14 16 -2 -4 -16 20 -20 -11 -1 -10
right_child=1 3 14 5 11 10 -8 -9 22 18 -12 -13 13 -15 17 -17 -18 -19 19 -21 -22 -23 -24
leaf_value=0.0060581982800606065 0 -0.00014711230115723568 0.010962977715167944 0.0077849301934922984 -0.038398533248114701 -0.0053170042494844055 -0.0090385220528924459 0.00077218513595063735 0.02593547939843447 0.013375201575441821 9.0815837209915344e-05 -0.005494099937489387 0.00043236190057534274 -0.0069601884442775097 0.0083806464690099891 0.034239627584067123 -0.0024513150300628393 0.022272501969138672 -0.010951072091834777 -0.025743163884536138 -0.010700410935248752 0.030206964817462763 0.0079245381952444457
leaf_weight=163.90993501991034 54.75125665217638 56835.913105698302 402.61714871972799 11066.040021218359 798.8191571123898 5033.0470372624695 3745.0783549267799 6153.8513472527266 138.75099175423384 88.127654641866684 22363.911954797804 126.20520056784153 2358.2391894198954 3513.024882465601 822.80285558477044 440.05023468099535 944.27320055291057 286.32853618822992 898.43382783979177 401.06601568311453 165.04530088603497 89.124787501990795 313.46536290645599
leaf_count=839 978 339921 1704 65367 8466 26168 31877 31222 818 446 108867 750 14047 19896 4858 6494 6029 2655 6123 1680 703 423 1390
internal_value=-9.60009e-05 0.000211631 0.0103633 -7.07852e-05 -0.00119821 0.00148328 -0.000697136 0.00527947 -0.00422331 -0.00527426 -0.000902778 -0.0339362 -0.00321108 -0.00399093 0.00628773 0.0304759 0.00156513 0.012005 -0.0133944 -0.0155528 -0.00226112 0.0147537 0.0135516
internal_weight=117203 109074 2950.82 106123 61506 44616.9 60581 17219.9 8129.19 7676.97 27397 925.024 6124.3 5871.26 2456.02 494.801 1346.89 1109.13 1552.67 1299.5 253.173 253.035 452.216
internal_count=681721 635356 22718 612638 381014 231624 371798 96589 46365 44157 135035 9216 35205 33943 15246 7472 7733 7513 8952 7803 1149 1262 2208
is_linear=0
shrinkage=0.05


Tree=119
num_leaves=24
num_cat=0
split_feature=10 15 7 11 7 14 8 2 2 8 24 22 22 17 18 4 2 17 24 6 14 17 6
split_gain=51.0337 51.7043 158.625 130.863 290.817 157.641 85.3254 82.2257 213.095 150.457 75.5878 51.2026 49.945 49.6776 48.7196 34.5626 29.0723 26.6126 25.135 18.323 12.5465 8.76726 14.2722
threshold=0.80983205133447966 0.99875078027440245 4.284782712919002e-06 0.99896800715701994 1.1756636786913056e-07 1.60309101800088e-07 0.7686367173852966 1.5917221585226573e-07 1.5837370526128328e-07 0.99999747274353923 -0.39170506408185751 0.036630000000058456 -0.12562499999994373 -0.51955856825218893 -6.1125054228237419 1.5880071213558725e-07 4.6686814981988796e-05 0.68101917969871339 2.7067657321251199 5.3142967298412112e-05 1.6815112744649504e-05 -0.83650929230613025 3.2543521852719468e-05
decision_type=2 2 2 2 2 2 2 2 2 2 2 2 2 2 2 2 2 2 2 2 2 2 2
left_child=1 3 11 7 12 -6 10 8 -1 -9 -4 15 -5 21 -8 -3 17 19 -13 -15 -19 -2 -23
right_child=13 2 6 4 5 -7 14 9 -10 -11 -12 18 -14 16 -16 -17 -18 20 -20 -21 -22 22 -24
leaf_value=-0.00091768458149411609 -0.025569809160530994 -0.025185103741512501 0.0019779507475469016 0.0022912666810430515 0.0064054417780208652 -0.0037888771261038847 -0.012423912003508671 0.0078018554656113393 -0.020259718470735183 -0.003640129251550531 -0.0086368522037536671 -0.0094179899241405903 0.033738013387911922 0.0060745181403546802 0.0027216647007588662 -0.00027132328929532767 0 0.024785234781324383 0.016285404973980174 0.023413931186430158 0.0024369986325027942 -0.0011632372009848229 -0.022297410753426773
leaf_weight=61614.480929462239 83.513089204207063 1116.2060310170054 2501.9109268411994 147.00797240436077 9936.2085931263864 6129.8013884723186 560.10893388837576 7085.4287281185389 1455.733256155625 4829.5277353711426 5077.3472820185125 448.70828902721405 921.70779647491872 3097.1323804948479 9567.0217116102576 159.51821490004659 1407.8769054859877 327.64219973608851 118.53292363882065 158.84527924656868 78.786448180675507 260.23700095713139 113.77982996404171
leaf_count=367868 506 12637 12173 957 53360 35153 3007 37712 12250 20357 29500 2951 9455 16460 53353 954 7587 1931 837 700 540 1413 500
internal_value=-7.66675e-06 -0.000239885 -0.00257525 0.000255709 0.00419779 0.00251562 -0.00112104 -0.000645111 -0.00136483 0.00316379 -0.00513265 -0.0165276 0.0294294 0.00468094 0.00188122 -0.0220791 0.00610631 0.00845264 -0.00399978 0.00693582 0.0204984 -0.0110617 -0.00769017
internal_weight=117197 111669 19549.4 92119.9 17134.7 16066 17706.4 74985.2 63070.2 11915 7579.26 1842.97 1068.72 5527.81 10127.1 1275.72 5070.28 3662.41 567.241 3255.98 406.429 457.53 374.017
internal_count=682161 652524 115412 537112 98925 88513 98033 438187 380118 58069 41673 17379 10412 29637 56360 13591 27218 19631 3788 17160 2471 2419 1913
is_linear=0
shrinkage=0.05


Tree=120
num_leaves=24
num_cat=0
split_feature=21 8 1 15 2 7 7 3 9 15 7 11 17 0 7 10 21 14 17 2 2 9 2
split_gain=60.0936 62.0702 74.7519 81.1767 114.128 75.902 72.6941 54.9975 45.7259 55.2262 141.924 92.0045 40.4831 38.7015 38.6934 34.0731 31.6432 26.2647 25.8711 22.0019 29.5605 21.2767 20.9517
threshold=-0.79182691221627854 0.99999747274353923 1.0000000180025095e-35 0.00062598109569428275 1.0000000180025095e-35 1.7117380513105781e-05 1.3102765920328303e-05 0.00040122058108504893 0.80988247217996989 0.99919610823342608 1.835216759490645e-06 0.99815157116413367 -0.14081043741061508 9.5745808764036169e-05 1.6948526895194993e-05 0.8967980767891901 -0.73824858946665761 1.5368143098482653e-07 -0.28441382281380861 1.5399206798605294e-07 1.5823389443170302e-07 0.527084997352678 -1.0000000180025095e-35
decision_type=2 2 2 2 2 2 2 2 2 2 2 2 2 2 2 2 2 2 2 2 2 2 2
left_child=1 2 3 4 -1 17 19 8 9 11 -11 -2 16 -14 -5 -9 -10 -4 22 -3 -21 -20 -8
right_child=7 6 5 14 -6 -7 18 15 12 10 -12 -13 13 -15 -16 -17 -18 -19 21 20 -22 -23 -24
leaf_value=0.001771928569737839 2.3771307381618954e-05 -0.028727881873081854 -0.035092005124061118 -0.025782129023511621 -0.025912509688102783 -0.0021949637191448611 -0.0081091279150538806 -0.0073197006708407694 0.027353094553208796 -0.019372748658457603 -0.0010506580463991928 0.0046392732117909816 0.0095859932358995162 -0.0086876399471343992 -0.0064413938352999751 0.023544010358862524 0.001172011136101964 -0.012967322817630146 -0.017965215572660238 0.003086140495853647 -0.037045012435358807 -0.0039042879683500262 0.0085838862988575331
leaf_weight=11823.692872112617 57473.341542394832 516.63755783811212 346.36646327376366 386.96875826269388 382.36039615049958 737.83755929768085 300.19912105798721 2775.4720469787717 115.30204885452986 1142.369367737323 13849.695726975799 13293.465864367783 3357.1151488330215 315.27096445858479 780.63136877864599 90.417874366044998 7274.8982874397188 225.23859190009534 445.79789227247238 146.27566344663501 64.558631403371692 680.7492086365819 494.97506777197123
leaf_count=60845 341993 5609 2881 3737 2191 4499 2044 12457 646 11505 75835 77482 20029 1743 4902 428 37250 2724 3082 1738 928 4200 3190
internal_value=2.25894e-05 -0.00269455 -0.00142257 -0.000305042 0.000900188 -0.0128145 -0.00973616 0.000495103 0.000697258 0.000306895 -0.0024495 0.000890965 0.00372235 0.00801198 -0.0128887 -0.00632848 0.00158846 -0.0264582 -0.00462646 -0.0231776 -0.00941139 -0.00949489 0.00227103
internal_weight=117020 17332.3 14683.1 13373.7 12206.1 1309.44 2649.19 99687.3 96821.5 85758.9 14992.1 70766.8 11062.6 3672.39 1167.6 2865.89 7390.2 571.605 1921.72 727.472 210.834 1126.55 795.174
internal_count=681938 102570 81779 71675 63036 10104 20791 579368 566483 506815 87340 419475 59668 21772 8639 12885 37896 5605 12516 8275 2666 7282 5234
is_linear=0
shrinkage=0.05


Tree=121
num_leaves=24
num_cat=0
split_feature=9 0 15 7 11 7 10 9 14 2 11 2 7 12 24 18 1 18 18 22 6 2 7
split_gain=58.415 53.2298 119.338 164.645 152.124 294.036 98.4882 94.1936 86.5121 64.6047 60.8102 47.8333 37.2393 37.1766 28.755 23.5709 25.1946 36.9384 19.9046 14.7783 12.7781 9.1982 7.71835
threshold=0.03356905922302586 1.603874331124189e-07 0.0010147136045161314 4.6717110349656482e-05 0.99962705712696176 1.0497928309185486e-05 0.63247173469487994 0.50000000000013201 7.7156400211003529e-05 1.596229957101514e-07 0.99620491992087989 1.596229957101514e-07 3.226231075660917e-05 0.0027435306874546545 0.69746449916070319 -4.821462454883485 -4.7803690303993554e-06 -1.892430995943484 1.0000000180025095e-35 -0.42830999999996905 6.7037279283237692e-05 -1.0000000180025095e-35 4.7691362618302684e-06
decision_type=2 2 2 2 2 2 2 2 2 2 2 2 2 2 2 2 2 2 2 2 2 2 2
left_child=15 2 4 6 7 -6 -4 -2 11 -5 20 12 -3 -13 -12 19 18 21 -17 -1 -10 -18 -19
right_child=1 8 3 9 5 -7 -8 -9 10 -11 14 13 -14 -15 -16 16 17 22 -20 -21 -22 -23 -24
leaf_value=0.0109651057080885 0.001555963331771527 0.047724889435828331 -0.0099064323081124103 0.011393839128500172 0.018499151432527765 0.0016919865562837776 -0.00026878340434889576 -0.0019956937066310985 -0.041737337277910375 -0.0036522811001027215 -0.014844072139967161 0.0047606200309975918 0.015151716894395279 0.020154410448359892 0.001177220586492219 -0.0094541522072464565 -0.018322348345366207 -0.020708952281560999 0.016689639828140493 -0.0080724739201603665 -0.016929279282755803 -0.0012917877645038838 -0.04073759593350007
leaf_weight=192.66590568423271 34443.395414348692 107.811359629035 8240.6824784688652 2014.3631423935294 3208.0039497539401 13752.342547871172 3909.2242365702987 40753.225038340315 98.793802462518215 1102.2248159497976 321.95706641674042 4347.4055778086185 462.41390092670918 429.78249447792768 2063.3925014659762 536.3550332300365 145.11686413362622 77.882894324138761 82.210977159440517 211.90928550064564 118.95068223774433 174.15156549401581 173.99557173624635
leaf_count=855 204570 475 55283 9273 25891 73987 19216 233181 459 4516 1439 28603 1998 2922 11278 3118 717 518 482 1121 492 961 883
internal_value=7.83522e-05 0.000209822 -8.23393e-05 -0.00417662 0.00059593 0.00487312 -0.00680649 -0.000368812 0.00415702 0.00607204 -0.00331539 0.00779536 0.0214643 0.00615443 -0.000993746 -0.00942091 -0.0129614 -0.0205218 -0.00592884 0.000990604 -0.0284852 -0.00911411 -0.0347762
internal_weight=116968 115374 107423 15266.5 92157 16960.3 12149.9 75196.6 7950.51 3116.59 2603.09 5347.41 570.225 4777.19 2385.35 1594.29 1189.71 571.147 618.566 404.575 217.744 319.268 251.878
internal_count=682238 673583 625917 88288 537629 99878 74499 437751 47666 13789 13668 33998 2473 31525 12717 8655 6679 3079 3600 1976 951 1678 1401
is_linear=0
shrinkage=0.05


Tree=122
num_leaves=24
num_cat=0
split_feature=21 23 5 3 1 1 1 5 18 4 18 24 3 15 11 8 18 6 21 3 13 1 21
split_gain=52.2372 59.865 66.7902 46.4231 48.2792 125.078 97.1761 70.9176 57.7579 51.1652 37.6519 36.8375 61.5625 39.9551 78.1879 32.561 25.9912 22.2365 19.6132 18.5672 18.5233 17.4742 15.309
threshold=0.66099823723654605 2.3625899999999507 3.7048002421515527e-06 -0.00023615501015594728 1.5985942525276189e-07 1.5835154787424702e-07 1.5880111448041137e-07 7.9989122488841006e-05 -9.1626852725285648 -1.592452543164313e-07 -0.72142320675617 -0.85982805154023723 -1.0000000180025095e-35 0.99938366665359646 0.96000000000640295 0.98718309405556226 -5.6766548725639838 1.0324149283143287e-07 -0.66093328467102652 -0.00071634401350539878 0.016530054642125456 9.4305851501275146e-06 0.97677118451045064
decision_type=2 2 2 2 2 2 2 2 2 2 2 2 2 2 2 2 2 2 2 2 2 2 2
left_child=3 11 10 15 5 9 -7 8 -6 -5 22 12 -2 14 -13 19 -15 -14 -17 -1 -21 -20 -3
right_child=1 2 -4 4 7 6 -8 -9 -10 -11 -12 13 17 16 -16 18 -18 -19 21 20 -22 -23 -24
leaf_value=0.012141632240611679 0.02578116484040693 0.0031574772865709828 -0.0040837868141415093 -0.0023898368888653435 0.014254595614767981 -0.024383682984631574 -0.00096518459967483085 -0.0092917089087571261 0.0022430432227868208 0.00032556166040757784 0.043933128951977499 0.0034540512392071242 -0.023747171137800345 -0.0088227761203869947 0.014330144738489606 0.0018326751792182997 0.0011664483313541215 0.0078488320454091626 0.016000171604554716 -3.6178631030228035e-05 0.011684043762773971 0.0014632559880697964 0.020576302506954917
leaf_weight=373.06482255458832 94.674832606688142 463.03926518186927 5682.7533427029848 34801.330913037062 1137.9572805985808 1032.3496475927532 775.8968458250165 1179.8017071187496 8227.3969450034201 34582.665176156908 80.413772763684392 14212.571766652167 339.31785970926285 809.51145451888442 1868.837418243289 635.99107653647661 3292.2794965207577 65.26534378901124 918.59613601118326 5591.3767576739192 356.69582082331181 268.14433433115482 172.36165105551481
leaf_count=1593 921 2820 28912 187504 5302 10912 4599 5054 44431 230225 442 81791 2153 4216 14349 3407 19271 390 4305 26157 1699 1214 1069
internal_value=3.14535e-05 0.00195645 -0.0022691 -0.000548518 -0.000907266 -0.001375 -0.01435 0.00224966 0.0037058 -0.00103637 0.0121017 0.00326405 -0.0101245 0.00359645 0.00471991 0.00305084 -0.000807102 -0.0186244 0.00893513 0.001351 0.000669514 0.0127277 0.00794017
internal_weight=116962 27081 6398.57 89881.3 81737.4 71192.2 1808.25 10545.2 9365.35 69384 715.815 20682.5 499.258 20183.2 16081.4 8143.87 4101.79 404.583 1822.73 6321.14 5948.07 1186.74 635.401
internal_count=682736 156334 33243 526402 488027 433240 15511 54787 49733 417729 4331 123091 3464 119627 96140 38375 23487 2543 8926 29449 27856 5519 3889
is_linear=0
shrinkage=0.05


Tree=123
num_leaves=24
num_cat=0
split_feature=1 1 7 1 9 19 18 18 4 8 7 8 7 18 18 2 21 2 18 1 11 21 19
split_gain=52.8627 196.235 93.4328 84.3898 71.6391 57.5534 56.5596 56.5436 52.1583 42.0349 50.9416 39.9081 45.2375 38.4947 30.5199 29.5523 29.4218 26.7393 20.6639 18.1832 18.1154 18.0263 15.5502
threshold=-1.5899868976987361e-07 -1.5835949707110328e-07 1.1390620567408091e-06 -4.7982726637307842e-05 0.060892120328724632 -0.999667840994788 -18.599018208778869 -1.892430995943484 1.5880071213558725e-07 0.99999747274353923 3.9379850658707357e-05 1.0000000180025095e-35 5.32787853078245e-05 0.63936394656920725 -8.9109221140142463 -1.5895724025938304e-07 0.42358668423894702 -1.5877322923074641e-07 -2.7620049318172799 -3.117610534175696e-07 0.99928315375335364 0.23691768849258232 -0.96102391524242636
decision_type=2 2 2 2 2 2 2 2 2 2 2 2 2 2 2 2 2 2 2 2 2 2 2
left_child=3 2 -2 11 7 6 -6 -3 -7 14 18 20 13 -13 19 -16 21 -18 -11 -5 22 -4 -1
right_child=1 4 16 9 5 8 -8 -9 -10 10 -12 12 -14 -15 15 -17 17 -19 -20 -21 -22 -23 -24
leaf_value=0.015803850430428007 0.03206753224983646 -0.0055803761862940364 0.0057346212737618548 -0.014275188080684823 0.015309415442547601 -0.00091644286077298756 -0.00085309639371955622 -0.032008910710717889 0.0014656460746364057 -0.027978612062060489 8.0435830236340368e-05 -0.005253875793328474 0.0039637212330749056 0.012614610722615778 -0.0021825405077549481 -0.013760040657698897 -0.0055561850299963057 0.026544595081329517 0.00072059600305282351 0.0014185140739751945 0.0021144448464917604 -0.018989568679147206 0.0045522433578794276
leaf_weight=625.05519282817841 632.90689210966229 709.66260099038482 803.4442536085844 1120.9916633665562 1250.3608107566833 51239.990219492465 951.99061252176762 282.14510360360146 41661.928955830634 536.53540734574199 315.93778070807457 4615.7079182565212 2694.7076801359653 320.4369297772646 5424.8200610354543 612.02255483716726 80.728675587102771 311.28961370512843 70.493727877736092 219.78159588575363 1522.7275326550007 79.129538707435131 609.34094078838825
leaf_count=2603 9638 3763 4837 5228 8194 325437 6545 1532 217774 4204 1525 25554 11690 1666 30970 3193 664 2862 397 1331 8793 574 2501
internal_value=5.23557e-05 0.000517128 0.016389 -0.00238446 0.000201687 0.000341284 0.00832629 -0.013153 0.000151761 -0.00614257 -0.0161948 0.000618612 -0.00124389 -0.00408827 -0.00488027 -0.00336128 0.0085617 0.0199267 -0.0246462 -0.0117006 0.00577242 0.00347433 0.0102701
internal_weight=116692 98003.6 1907.5 18688.6 96096.1 95104.3 2202.35 991.808 92901.9 8300.58 922.967 10388 7630.85 4936.14 7377.62 6036.84 1274.59 392.018 607.029 1340.77 2757.12 882.574 1234.4
internal_count=681475 581820 18575 99655 563245 557950 14739 5295 543211 46848 6126 52807 38910 27220 40722 34163 8937 3526 4601 6559 13897 5411 5104
is_linear=0
shrinkage=0.05


Tree=124
num_leaves=24
num_cat=0
split_feature=10 19 2 8 7 2 7 2 8 17 18 24 6 2 17 0 22 24 7 18 10 6 22
split_gain=54.1479 61.0821 70.0155 56.2156 117.757 91.8951 84.8036 491.173 74.5594 57.5625 54.4416 50.3203 34.789 37.4179 29.5152 28.4785 27.8066 24.5032 24.2918 18.666 14.9731 14.8095 14.0639
threshold=0.67119015341826116 0.99985463733646096 1.5454999857666965e-07 0.99999747274353923 3.0770914883065775e-05 -1.0000000180025095e-35 1.1390620567408091e-06 1.0000000180025095e-35 0.86667983000488935 -0.36567675245361214 -18.599018208778869 -0.56902419335618126 9.8257989976239146e-08 -1.5378213369388047e-07 -0.53974899590031555 0.00010423567346862229 0.19490500000004565 -0.15500069009022402 9.5997987540859643e-08 -7.8116997020915937 0.56706243956347613 2.9105484273161953e-05 1.2448950000000634
decision_type=2 2 2 2 2 2 2 2 2 2 2 2 2 2 2 2 2 2 2 2 2 2 2
left_child=1 3 10 6 5 -5 7 -1 -8 -6 18 12 13 -2 -13 17 -14 -16 -3 -15 -4 -18 -17
right_child=11 2 20 4 9 -7 8 -9 -10 -11 -12 14 16 19 15 22 21 -19 -20 -21 -22 -23 -24
leaf_value=0.0098717342550439513 0.017464376285544585 -0.038687219689937019 -0.0048735958691404528 -0.017957798949951285 0.01011845472984579 -0.0040929706392114516 -0.0009050990860832508 -0.025193749944873868 0.0043342698912643002 -0.00043491503856599726 -0.0038652653053500258 -0.0074193528875966617 0.005194892470026153 -0.023455840748707123 0.0025928947485264198 0.0032067554822659281 0.0016288921951787883 0.0065413328162096246 -0.018466635728738402 -0.0011516198910327675 0.0064864049571017914 -0.010252065662629947 -0.013542938875776407
leaf_weight=7262.7823274284601 79.729870622977614 191.3702756613493 527.42183935455978 1346.4321152418852 1904.8794756531715 10556.55553753674 57077.240433143452 1155.8139507118613 7704.9453536048532 4004.7272452712059 652.25828428938985 646.43495052680373 977.60932053253055 446.03267643041909 13455.892186097801 189.85359787940979 395.18714762665331 5555.9472970422357 700.76747355423868 119.51750682666898 639.2055308483541 771.19033990055323 360.66476005315781
leaf_count=65479 981 1532 3838 10379 8921 75659 305522 11989 41477 19774 4444 3472 4845 2740 68801 1032 2067 35507 3772 722 3925 3349 1830
internal_value=3.17603e-05 -0.000501666 -0.00789476 -0.000281224 -0.00280016 -0.00566449 0.000331722 0.00505206 -0.000281757 0.00296824 -0.0148717 0.00220571 -0.00408683 -0.0142466 0.00307479 0.00342255 -0.00101625 0.0037476 -0.0228865 -0.0187718 0.00134682 -0.00622643 -0.00776684
internal_weight=116722 93724.4 2711.02 91013.4 17812.6 11903 73200.8 8418.6 64782.2 5909.61 1544.4 22998.1 2789.27 645.28 20208.8 19562.4 2143.99 19011.8 892.138 565.55 1166.63 1166.38 550.518
internal_count=682057 556711 17511 539200 114733 86038 424467 77468 346999 28695 9748 125346 14704 4443 110642 107170 10261 104308 5304 3462 7763 5416 2862
is_linear=0
shrinkage=0.05


Tree=125
num_leaves=24
num_cat=0
split_feature=20 3 7 6 4 18 5 5 3 18 18 3 10 8 2 18 2 23 3 7 23 6 7
split_gain=47.5842 62.4882 332.554 110.547 455.563 271.019 137.823 103.657 157.443 91.6887 80.5509 56.4377 54.6266 52.1575 49.8454 130.495 65.5326 59.3546 70.0813 78.0329 49.6347 50.5083 38.3746
threshold=-0.77790693588773829 -1.0000000180025095e-35 4.0548062694072702e-07 9.7460048348395467e-08 -1.0000000180025095e-35 -9.2630206192495397 2.9505251679056027e-05 1.6197597443664403e-05 -1.588103337724078e-07 -18.599018208778869 -9.2630206192495397 1.5895487770478669e-07 0.56209349551390309 0.98941367982966322 1.0000000180025095e-35 -9.2630206192495397 2.0672711960045835e-06 -0.45029500000005679 1.0000000180025095e-35 1.1390620567408091e-06 -3.3837300000000536 1.0997135593785847e-07 1.2390074539896845e-05
decision_type=2 2 2 2 2 2 2 2 2 2 2 2 2 2 2 2 2 2 2 2 2 2 2
left_child=14 2 9 4 10 -6 11 8 -4 -2 -3 -5 -8 -9 17 16 -16 20 19 -19 21 -1 -17
right_child=1 3 7 6 5 -7 12 13 -10 -11 -12 -13 -14 -15 15 22 -18 18 -20 -21 -22 -23 -24
leaf_value=-0.029418895127299446 0.036394105697336525 0.035502718655323749 -0.0067746157858465331 -0.00017957341181877297 -0.020911318040629723 -0.0025995539819605356 -0.0072479158225298261 0.0020123797327054054 0.0049989704015610207 0.01408258467516731 0.011215673279170807 0.0037860844068314152 -0.0011751639234160044 0.0087628127118695078 -0.029472590504957458 -0.01300894418543504 0.02442237590201661 0.018669289181588885 -0.022073805525029345 0.0018882286396485187 -0.0038315428363082937 0.0036030153944023122 0.0032114652956134466
leaf_weight=117.46489799022675 719.83768983744085 575.57146422564983 7603.9062708318233 14646.81573368609 3224.8030270617455 5409.2491184920073 5577.2624613717198 10117.948596321046 4528.9293307811022 1288.2044492140412 844.14480406790972 23143.241928800941 11023.417693570256 3990.5755819454789 733.26542154885828 496.51781798154116 59.505646452307701 922.12555421516299 232.9884127844125 2772.5967339761555 13506.634092919528 3757.6964700855315 1355.2858419939876
leaf_count=754 6968 4147 41590 93169 21113 46155 26222 47687 33077 17837 8407 124903 52213 19831 5160 6671 256 7834 1949 15488 73126 18894 8673
internal_value=3.65109e-05 0.000549925 0.00251065 -0.000309536 -0.00512572 -0.0094428 0.000580769 0.00100899 -0.00237928 0.0221115 0.0211016 0.002249 -0.00321633 0.00392306 -0.00194989 -0.00842197 -0.0253696 -0.00114574 0.00440357 0.00608562 -0.00240035 0.0025861 -0.0011443
internal_weight=116648 92693.9 28249.4 64444.5 10053.8 8634.05 54390.7 26241.4 12132.8 2008.04 1419.72 37790.1 16600.7 14108.5 23954.1 2644.57 792.771 21309.5 3927.71 3694.72 17381.8 3875.16 1851.8
internal_count=682124 543319 166990 376329 79822 67268 296507 142185 74667 24805 12554 218072 78435 67518 138805 20760 5416 118045 25271 23322 92774 19648 15344
is_linear=0
shrinkage=0.05


Tree=126
num_leaves=24
num_cat=0
split_feature=0 0 7 14 12 0 0 17 10 14 0 9 14 0 2 13 2 2 18 12 17 12 7
split_gain=51.0156 82.169 85.565 78.032 68.8288 63.5873 103.058 61.1401 58.0269 55.7893 105.625 83.0129 75.5287 72.2307 56.6479 52.046 36.7562 29.6775 29.5621 28.0739 27.9768 29.1747 27.3253
threshold=1.603874331124189e-07 1.0000000180025095e-35 3.9314540808568787e-06 4.9505583568533924e-05 0.0036968703027871063 1.5445503986910583e-07 1.5821573207119857e-07 -0.29793825284267123 0.5906415901425226 1.60309101800088e-07 -1.5824255861218714e-07 0.50000000000013201 3.2295503804011091e-05 -1.5872994563181917e-07 -4.6891129823478645e-07 0.0047169811330387149 1.596229957101514e-07 1.2654780326748495e-05 -1.8147108491101618 0.003891050583035184 -0.18902513838633936 0.0012492197255976618 3.1673252573067848e-05
decision_type=2 2 2 2 2 2 2 2 2 2 2 2 2 2 2 2 2 2 2 2 2 2 2
left_child=1 9 5 16 20 18 -7 17 -9 10 13 -12 14 -1 -11 -14 22 -4 -3 -18 -5 -22 -2
right_child=3 2 7 4 -6 6 -8 8 -10 12 11 -13 15 -15 -16 -17 19 -19 -20 -21 21 -23 -24
leaf_value=0.0031576326351695442 0.04633862412201617 -0.026587953459777332 0.0039728593827185223 -0.014108507098172072 -0.029974689412783931 0.0062355208502766612 -0.021561634806425548 -0.0081658436349173417 0.00024212481791368895 -0.0075305055773944463 0.0020846505602018779 -0.001128686759040654 -0.0010014889493531857 0.018326759678574455 -0.029478964118704182 0.02374239655306944 0.0056372666224383146 -0.0040096787637678138 0.010432926093700836 0.020647761489077255 0.00022371332157374209 0.017314230025527257 0.015658316899741433
leaf_weight=1854.7833401020616 92.671039313077927 744.95336580276489 4293.5337668843567 306.21099528670311 196.25133187323809 747.14476553164423 598.96356281079352 5138.4834306053817 3413.4183198735118 2644.1527088545263 37204.01961498335 43709.428223986179 4644.220542140305 1360.9008444435894 329.50585792213678 220.70009309798479 3364.1461174115539 1594.9898054301739 56.886966031044722 342.17252776771784 2998.1935145631433 270.46974160522223 334.50054070353508
leaf_count=11220 414 8890 24420 1441 851 7366 7137 31615 16417 17122 212132 249907 25374 13162 1434 966 22523 6573 475 2389 16954 1612 1453
internal_value=2.43199e-05 -0.000258053 -0.00349687 0.00390193 -0.0012979 -0.0128036 -0.00614301 -0.00211061 -0.00481002 0.000326147 0.000702126 0.00034876 -0.00370764 0.00958627 -0.00998243 0.000129301 0.00864546 0.0018092 -0.0239358 0.00703479 0.000290866 0.00164914 0.0225107
internal_weight=116461 108556 16588.4 7904.62 3771.13 2147.95 1346.11 14440.4 8551.9 91967.7 84129.1 80913.4 7838.58 3215.68 2973.66 4864.92 4133.49 5888.52 801.84 3706.32 3574.87 3268.66 427.172
internal_count=681847 634210 102893 47637 20858 23868 14503 79025 48032 531317 486421 462039 44896 24382 18556 26340 26779 30993 9365 24912 20007 18566 1867
is_linear=0
shrinkage=0.05


Tree=127
num_leaves=21
num_cat=0
split_feature=3 0 15 7 11 7 2 9 12 2 14 2 7 23 7 12 9 2 2 5
split_gain=48.6889 51.8955 98.4646 175.938 133.744 239.745 78.8222 77.2124 64.583 48.9755 40.5656 27.6934 17.7646 14.9987 17.4065 13.3449 9.42024 21.3049 7.63697 3.958
threshold=0.00040122058108504893 1.603874331124189e-07 0.00080742847220433543 4.6717110349656482e-05 0.99886363049372762 4.0548062694072702e-07 1.5917221585226573e-07 0.72855043570520428 0.16970913862464057 1.596229957101514e-07 2.9066979759425208e-05 1.596229957101514e-07 6.3027945209944349e-05 1.3440849999999762 7.2835825761634692e-05 0.041280850149732158 0.87500000000009337 0.00015386082624502254 0.00036245946982838012 9.4484568880609976e-05
decision_type=2 2 2 2 2 2 2 2 2 2 2 2 2 2 2 2 2 2 2 2
left_child=1 2 4 7 6 -6 -1 -4 10 -5 11 -3 -12 14 -2 16 18 -18 -15 -17
right_child=13 8 3 9 5 -7 -8 -9 -10 -11 12 -13 -14 15 -16 19 17 -19 -20 -21
leaf_value=-0.0011535362553410122 -0.028228342182413532 0.024942512995485271 -0.0087605589918164656 0.011484742860403466 0.027087466872806977 0.0028905263315341435 0.0033728524340508521 0.00068389731688445372 -0.035297056328126429 -0.0028963672685054227 0.0036654233942431109 0.0080849796952634258 -0.0040210218305899263 -0.0071563988334285332 -0.003316844370929307 -0.02517324515402632 0.021300646680978991 -0.0040020890692519396 0.0011521964545856674 -0.010261840882794367
leaf_weight=63248.989930618554 159.31653219461441 272.64549611508846 9282.2035182490945 2008.6177472099662 1092.1573131643236 15927.983365420252 11340.517559573054 2820.2155862078071 99.479145638644695 837.39753180742264 3352.8366550058126 2239.9361897408962 966.42883774638176 1619.8006122931838 125.97435115277767 95.530417770147324 109.07733596861362 329.08363854885101 331.61048568785191 93.268325373530388
leaf_count=381818 733 1199 61500 9262 11477 89660 54916 13896 475 3436 21481 15530 4403 7273 538 431 502 1538 1450 390
internal_value=-5.63854e-05 0.000106097 -0.000166584 -0.00392895 0.000447359 0.0044465 -0.000465209 -0.00655956 0.00429769 0.0072525 0.00488512 0.0099346 0.00194337 -0.00649303 -0.0173454 -0.00527779 -0.00425489 0.00235367 -0.00574219 -0.0180179
internal_weight=116353 113489 106558 14948.4 91609.6 17020.1 74589.5 12102.4 6931.33 2846.02 6831.85 2512.58 4319.27 2863.66 285.291 2578.37 2389.57 438.161 1951.41 188.799
internal_count=681908 669053 625965 88094 537871 101137 436734 75396 43088 12698 42613 16729 25884 12855 1271 11584 10763 2040 8723 821
is_linear=0
shrinkage=0.05


Tree=128
num_leaves=24
num_cat=0
split_feature=10 18 2 3 18 2 18 9 2 2 2 2 2 18 2 8 15 18 9 2 2 18 24
split_gain=51.8664 109.613 111.282 135.196 121.401 92.1533 82.2321 272.826 224.86 135.663 81.8388 72.1256 65.9047 59.7252 56.5298 48.2571 116.555 96.2691 43.7645 37.1845 33.5053 30.9692 29.6127
threshold=0.41755489358613895 -6.3007145092000609 1.0000000180025095e-35 -1.588103337724078e-07 -18.599018208778869 1.5917221585226573e-07 -8.2744392796023085 0.49989680869034436 1.5917221585226573e-07 -1.0000000180025095e-35 -5.4082911020714155e-06 1.0000000180025095e-35 7.4483474634234894e-05 -18.599018208778869 -4.9035681894515897e-05 0.99999747274353923 0.99766355140224261 -5.9163587952990619 0.69882329074037608 -1.0000000180025095e-35 -1.577005370734241e-07 -0.2274277153308035 -0.5448892979656812
decision_type=2 2 2 2 2 2 2 2 2 2 2 2 2 2 2 2 2 2 2 2 2 2 2
left_child=1 2 3 -1 -5 13 7 10 9 -9 -2 -12 15 -4 21 16 -8 -17 -10 20 -16 -3 -14
right_child=6 14 5 4 -6 -7 12 8 18 -11 11 -13 22 -15 19 17 -18 -19 -20 -21 -22 -23 -24
leaf_value=-0.00077310098122356267 -0.0046015505441402028 -0.0017297160266863771 -0.026341866074971073 0.020161406220428099 0.0018707328058272456 0.0080219785618091434 0.0053470687733510628 0.0017252964471288043 0.011364387631928307 -0.010442125289913728 0.010857393424210935 -0.0025419776797548539 -0.009550459223166375 -0.0054781754411375901 -0.0068563856648137002 -0.0044169802577027359 -0.00080923893528374942 0.0029371826538288699 0.00070465808668477409 -0.0042251829302313746 -0.016043677687446481 0.0093499560420312738 -0.0012624104570650154
leaf_weight=5433.1220499612391 1507.7174707390368 4014.9665761776268 687.67075531184673 1952.5042145550251 1695.0952987093478 564.25443431735039 23253.806591155007 2854.6964213978499 1751.1289983317256 11573.018663955852 5290.5742668379098 1237.961637288332 1249.7095730304718 686.52646632120013 2816.0717938393354 7122.5375700928271 11482.719163093716 11851.896660836414 2139.0867556482553 7025.2794639151543 1538.4407492317259 746.1533888541162 7779.3305334299803
leaf_count=25830 6947 21114 4703 11106 12977 2685 151280 19194 8300 66177 33072 7253 5461 6339 16387 44803 65827 67000 9701 42555 8456 3881 40741
internal_value=-2.77785e-05 -0.00194053 0.00190332 0.00422544 0.0116685 -0.00896523 0.000555292 -0.00178829 -0.00515789 -0.0080344 0.00589115 0.0083158 0.00153983 -0.0159454 -0.00456489 0.0022043 0.00331193 0.000176172 0.00550765 -0.00647856 -0.0101093 8.81562e-06 -0.00241197
internal_weight=116254 27160.1 11019.2 9080.72 3647.6 1938.45 89094.2 26354.2 18317.9 14427.7 8036.25 6528.54 62740 1374.2 16140.9 53711 34736.5 18974.4 3890.22 11379.8 4354.51 4761.12 9029.04
internal_count=681789 156033 63640 49913 24083 13727 525756 150644 103372 85371 47272 40325 375112 11042 92393 328910 217107 111803 18001 67398 24843 24995 46202
is_linear=0
shrinkage=0.05


Tree=129
num_leaves=24
num_cat=0
split_feature=1 1 1 4 9 4 4 6 18 18 8 6 8 7 7 23 2 15 18 7 24 16 23
split_gain=51.4248 189.02 79.4348 76.4217 60.1047 50.1142 304.561 142.906 37.1638 35.1769 34.0497 46.35 32.2537 33.8001 31.2596 27.2683 24.0433 23.3536 27.0014 25.982 19.0786 29.0061 16.9479
threshold=-1.5888147508746894e-07 -1.5835949707110328e-07 -4.7982726637307842e-05 -1.5872990744014712e-07 0.060892120328724632 1.5880071213558725e-07 1.583869115862058e-07 1.7377875353053161e-05 -9.3745923936566431 -1.892430995943484 0.99999747274353923 4.3550982253390544e-05 0.0001274747643548496 6.6497223116889151e-05 2.3148642428956074e-05 -4.5041050000000764 -2.1697680983479014e-05 0.0041928905461900787 -9.0715244949649207 3.8942604749066858e-05 0.47006116292134204 1.5481602489344199 2.171019999999928
decision_type=2 2 2 2 2 2 2 2 2 2 2 2 2 2 2 2 2 2 2 2 2 2 2
left_child=2 3 12 -2 9 6 -6 -7 -5 -3 17 16 20 15 -10 -14 -12 18 -4 -19 22 -22 -1
right_child=1 4 10 8 5 7 -8 -9 14 -11 11 -13 13 -15 -16 -17 -18 19 -20 -21 21 -23 -24
leaf_value=0.010272380961653844 0.0025509187132007928 -0.0061793126094014938 -0.010110587086053889 0.038425073598239295 -0.00026289628762125292 0.0051270562731057217 -0.030083802314141712 -0.00081833261778391621 0.022748342340799976 -0.027180435608626603 -0.014428166110463964 0.0032582419550101398 0.0059764311492847685 0.0049337044282818932 -0.0071276104245648038 -0.0043208768299512037 -0.034093845061298568 -0.020155684289711685 -0.0022566199526680869 -0.0030031330490973059 -0.0062784835939320889 0.0086087374678381397 -0.0087250635403116478
leaf_weight=1440.8505756705999 575.01521636918187 709.67478596046567 1377.3948691356927 354.27807674184442 51668.866446634755 16833.242160968482 868.63192394189537 25286.745240982622 608.47420642152429 276.8193812277168 419.11810707300901 250.35549110174179 733.39969872310758 1727.25386030972 100.9738915450871 5102.8560476563871 252.05944427102804 492.32202006131411 5319.4882866293192 401.82318751513958 710.055528819561 603.27708840370178 126.01162701845169
leaf_count=6315 3407 3753 6907 3832 327758 95472 9166 125846 9134 1511 3117 1184 3672 7401 653 27550 1898 4132 29454 1916 4108 3530 544
internal_value=-3.07475e-05 0.000433457 -0.00241309 0.0172606 0.000144737 0.000272869 -0.000757164 0.00155775 0.0251878 -0.0121206 -0.00599758 -0.0150678 0.000508715 -0.00120557 0.0184811 -0.00302443 -0.0219004 -0.00489215 -0.00387528 -0.0124769 0.00500995 0.000558826 0.00873219
internal_weight=116239 97282.7 18956.3 1638.74 95644 94657.5 52537.5 42120 1063.73 986.494 8512.56 921.533 10443.7 7563.51 709.448 5836.26 671.178 7591.03 6696.88 894.145 2880.19 1313.33 1566.86
internal_count=682260 580532 101728 17026 563506 558242 336924 221318 13619 5264 48608 6199 53120 38623 9787 31222 5015 42409 36361 6048 14497 7638 6859
is_linear=0
shrinkage=0.05


Tree=130
num_leaves=24
num_cat=0
split_feature=23 20 3 7 18 24 2 5 5 8 15 2 18 10 2 16 2 5 21 7 21 7 10
split_gain=45.5975 47.8926 72.7284 255.547 116.67 90.897 224.931 73.3421 63.8055 46.7511 62.8467 90.7252 55.8433 35.8863 26.1468 25.7203 22.5377 20.9987 15.4959 13.3161 11.9735 10.9078 8.66386
threshold=10.601544999999948 0.82378735743094467 1.0000000180025095e-35 1.0446984016658036e-07 -18.599018208778869 -0.67908694502645861 1.0000000180025095e-35 1.4658460145670918e-05 2.4591955956466132e-05 0.99975962472115809 0.99934531524337566 1.596229957101514e-07 -4.0288377994380484 0.52080526730451238 1.4663592093455692e-05 -0.29807265192469795 1.5739125824865144e-07 4.419539259862503e-05 0.86236774357260659 1.2390074539896845e-05 0.65308320175344436 7.8077099125973358e-05 0.65497972827722761
decision_type=2 2 2 2 2 2 2 2 2 2 2 2 2 2 2 2 2 2 2 2 2 2 2
left_child=1 2 5 4 -4 6 -1 -5 -7 10 11 -3 -12 19 -15 18 20 -18 22 -11 -17 -19 -2
right_child=15 9 3 7 -6 8 -8 -9 -10 13 12 -13 -14 14 -16 16 17 21 -20 -21 -22 -23 -24
leaf_value=0.012200892844248546 -0.021661511575728012 0.0026034710084022472 -0.037957528504133538 0.0016152650362886317 -0.010780716800496047 -0.0011542040424722864 -0.016498700678455016 -0.0036863106239208043 0.0023892766529851773 -0.025250323892959531 -0.0078245254628060631 0.012613282354961841 0.0036663107116852302 0.0021473448574810864 -0.0035657759913500218 -0.0079615060571657705 -0.028636254859172122 0.0017004715671285397 -0.038445111293727949 -0.0078524762368065108 0.012751289211451753 -0.015309948455732737 -0.0032295060075730238
leaf_weight=3897.55720692873 165.39479609578848 6579.9243217892945 656.38916546478868 11632.839909942821 994.60942113213241 40063.865056602284 825.66064786724746 14845.708262711763 18600.227377295494 165.50427177920938 1818.7245634831488 3451.4465182237327 2519.3518812134862 5466.3581326995045 3157.9176450669765 103.19362622499466 128.08758926391602 226.38815176486969 91.998833801597357 333.03810103982687 205.40027881786227 158.4863188713789 105.39521353691816
leaf_count=24824 727 43906 5660 69762 14254 261214 5359 71511 90633 1047 8634 20782 13573 27142 16641 468 692 1021 441 1680 988 670 467
internal_value=-1.58484e-05 8.47041e-05 -0.000432211 -0.00254803 -0.0216213 0.000506701 0.00717803 -0.00135703 -3.05682e-05 0.00209849 0.00387559 0.00604983 -0.00115142 -0.000700345 5.44722e-05 -0.00976817 -0.00484092 -0.0112511 -0.0208248 -0.013716 0.00580218 -0.00533421 -0.0145821
internal_weight=116193 115009 91516.9 28129.5 1651 63387.3 4723.22 26478.5 58664.1 23492.3 14369.4 10031.4 4338.08 9122.82 8624.28 1184.34 821.556 512.962 362.789 498.542 308.594 384.874 270.79
internal_count=682096 676622 543217 161187 19914 382030 30183 141273 351847 133405 86895 64688 22207 46510 43783 5474 3839 2383 1635 2727 1456 1691 1194
is_linear=0
shrinkage=0.05


Tree=131
num_leaves=24
num_cat=0
split_feature=22 9 7 0 24 4 3 4 8 0 7 24 8 2 2 24 8 2 19 0 2 7 8
split_gain=44.7247 75.2015 126.58 159.183 80.802 280.311 205.779 205.081 71.7895 68.6003 105.975 82.9508 57.5662 54.7319 48.6214 42.1188 83.6526 37.7462 36.7195 35.9818 60.0496 32.5347 28.7585
threshold=-0.017259999999946596 0.40025593269207033 6.100338391173086e-06 1.0000000180025095e-35 -0.66539619809382156 -1.0000000180025095e-35 -1.0000000180025095e-35 -4.6730205838230171e-07 0.49349090812027235 -1.5327534530484852e-07 1.5129310074186357e-05 1.0000000180025095e-35 0.50000813881563966 1.0000000180025095e-35 -7.5610108710932864e-05 -0.074743509276266121 0.29154916150967985 -1.2574676204302191e-05 -0.93929899270701511 1.0000000180025095e-35 1.5415996568179938e-07 2.6703781855435871e-05 0.0001274747643548496
decision_type=2 2 2 2 2 2 2 2 2 2 2 2 2 2 2 2 2 2 2 2 2 2 2
left_child=14 2 3 13 5 7 -7 -3 -4 10 -6 -11 -10 -2 18 19 17 -17 22 21 -21 -16 -1
right_child=1 4 8 -5 9 6 -8 -9 12 11 -12 -13 -14 -15 15 16 -18 -19 -20 20 -22 -23 -24
leaf_value=0.0035290366632173263 0.021028195362962798 -0.0040427466726780251 -0.0031367963670845345 -0.018786571399915505 0.012113475955691094 0.020664991922107429 -0.01706285840426577 0.037768405751455361 0.012385292662344092 -0.0012291717109706897 0.00066446392597180283 0.003791812622962291 -0.00081236768692488257 -0.012803312283513019 0.00084056076649420227 -0.0037573452589590231 0.0050516068380489949 -0.012445798623726642 0.0042586387620420843 -0.010870278247396149 0.002609642149805207 -0.0032867448600840824 -0.0041807095822485058
leaf_weight=1843.2698076292872 2083.1119397077709 641.71673416346312 4012.5907688364387 315.33016633614898 3048.2440226804465 404.05349140428007 3298.3701597880572 537.30528750643134 1934.4569657184184 40203.879801286384 5994.8463648818433 10339.627452861518 1439.5958217903972 125.34666485711932 13090.320978639647 2121.4453124031425 1356.1486374866217 3056.6011387258768 5634.2407876178622 2322.1812447793782 1280.012543130666 7512.9578131660819 3507.4561252482235
leaf_count=9028 19547 2828 22976 3784 31755 2805 20514 4765 10287 213824 34564 70588 8076 1251 75032 14000 9870 21011 27371 16541 8238 35045 18389
internal_value=-0.000102543 0.000632419 0.00468691 0.0143496 8.93422e-06 -0.00617419 -0.0129353 0.0150389 0.00138179 0.000515742 0.00452607 -0.000201826 0.00675566 0.0190959 -0.00141278 -0.00243312 -0.00599499 -0.00888993 0.00144196 -0.00147098 -0.00608011 -0.000664386 -0.00152352
internal_weight=116103 74378.5 9910.43 2523.79 64468 4881.45 3702.42 1179.02 7386.64 59586.6 9043.09 50543.5 3374.05 2208.46 41724.6 30739.7 6534.2 5178.05 10985 24205.5 3602.19 20603.3 5350.73
internal_count=682089 447564 65921 24582 381643 30912 23319 7593 41339 350731 66319 284412 18363 20798 234525 179737 44881 35011 54788 134856 24779 110077 27417
is_linear=0
shrinkage=0.05


Tree=132
num_leaves=24
num_cat=0
split_feature=10 18 7 1 18 1 1 1 19 7 1 15 8 7 18 1 23 8 6 16 1 8 24
split_gain=49.4959 85.6762 68.0623 111.012 57.3375 238.329 207.833 190.457 188.618 67.6725 65.8268 89.7389 269.658 102.003 59.7536 100.883 39.6286 39.0751 43.1935 40.7785 37.0036 40.5314 26.2151
threshold=0.38382703530362017 -5.7337275451536147 9.9090156238366631e-08 1.0000000180025095e-35 -9.2630206192495397 -1.0000000180025095e-35 2.6496638305673063e-06 -1.2611944404383733e-06 -0.99620768541831095 1.2760524843427531e-05 -1.5434588895857357e-07 0.99860529714728574 0.99999747274353923 1.835216759490645e-06 -9.1626852725285648 -1.5823786281288219e-07 -2.1675750000000762 0.82148434014455263 1.6699094007919586e-05 -0.23814634982491101 -4.514694339707858e-05 0.23483450738857783 3.1086279985293284
decision_type=2 2 2 2 2 2 2 2 2 2 2 2 2 2 2 2 2 2 2 2 2 2 2
left_child=1 2 3 -1 5 7 8 -2 -7 -9 14 12 -12 -13 15 -6 -16 19 -19 -4 -3 22 -22
right_child=4 20 17 -5 10 6 -8 9 -10 -11 11 13 -14 -15 16 -17 -18 18 -20 -21 21 -23 -24
leaf_value=0.023165725444776773 -0.0089199450229191096 -8.5055723226655733e-05 0.00018657972729812329 -0.029836337886686184 0.0070422391932189674 0.015465172697205237 0.011557198257764287 0.02148852936100842 -0.00778496743116868 0.0077747978102005889 0.008565635254968158 -0.014849406951866484 -0.00013744348463192105 4.0171825573252121e-05 0.0045549324258008549 -0.055216717459646861 -0.0020764484916103751 -0.021253263573965033 -0.0008305942219539134 0.0136431077700168 -0.0083266377167905779 -0.0014057621551978748 -0.027070579693247967
leaf_weight=670.91435219347477 1259.4600741453469 2733.4095599353313 6380.7801081035286 113.94846082106233 124.44403369911015 925.16820980235934 1791.4761008173227 1561.3411151673645 14751.170335516334 2131.7172251194715 14810.346922870725 1237.4718332923949 22296.722745774314 15967.363639697433 2619.8941026069224 133.16095397248864 15995.490923618898 423.02388356998563 664.21552713215351 615.57601559534669 6060.2080200724304 2530.5562040470541 191.21220947243273
leaf_count=5757 5882 14661 32053 1829 655 6045 8658 14154 77127 12119 95796 11831 129458 87855 13124 851 102832 3869 3962 3300 33758 15217 1346
internal_value=-8.62322e-05 -0.00232303 0.00137018 0.0154081 0.000390658 -0.00182143 -0.00456654 0.00785767 -0.0064107 0.0135825 0.00106843 0.00195242 0.00333631 -0.00103208 -0.00147513 -0.0252988 -0.0011425 3.09861e-06 -0.00880569 0.00137483 -0.00516749 -0.00674846 -0.00890923
internal_weight=115989 20383.8 8868.46 784.863 95605.2 22420.3 17467.8 4952.52 15676.3 3693.06 73184.9 54311.9 37107.1 17204.8 18873 257.605 18615.4 8083.6 1087.24 6996.36 11515.4 8781.98 6251.42
internal_count=682139 115752 50770 7586 566387 123985 91830 32155 83172 26273 442402 324940 225254 99686 117462 1506 115956 43184 7831 35353 64982 50321 35104
is_linear=0
shrinkage=0.05


Tree=133
num_leaves=24
num_cat=0
split_feature=9 18 23 19 18 2 20 3 4 23 10 4 2 7 23 7 4 19 3 6 20 2 6
split_gain=41.3988 68.5848 42.0472 42.3039 65.1616 71.7211 40.7991 81.2502 40.2518 34.9079 18.2761 26.3327 18.0023 17.6108 16.8462 15.3662 22.4335 20.5708 18.4555 12.8992 12.7026 11.4018 9.77297
threshold=0.16363912571132636 -5.6766548725639838 10.601544999999948 0.99985463733646096 -18.599018208778869 1.5387919116705009e-07 0.79707146020186304 1.0000000180025095e-35 -0.00037649273048323545 2.3625899999999507 0.084300555812020048 -0.00018509310229752882 -1.5403080233511443e-07 3.9882803538714478e-05 -0.32458000000006054 2.5977854649294236e-05 0.00084784534716852999 0.9722626622894045 0.00060311172460458817 2.7932755596318301e-05 -0.92471132893726893 -1.5854782819957333e-07 8.298457601151693e-05
decision_type=2 2 2 2 2 2 2 2 2 2 2 2 2 2 2 2 2 2 2 2 2 2 2
left_child=1 12 3 6 5 -5 7 -2 22 -8 11 -10 -1 -6 20 17 18 -4 -17 -16 -14 -12 -3
right_child=2 8 15 4 13 -7 9 -9 10 -11 21 -13 14 -15 19 16 -18 -19 -20 -21 -22 -23 -24
leaf_value=0.00024893779255313235 0.0010654238874606909 0.0016314291359523178 -0.038301451204757926 -0.018752379990991656 -0.00056266881954892916 0.00019380115584403932 0.0036020281522395042 -0.0023670106629021335 0.0077831352710793951 -0.00078134417421902354 -0.0060242377699531767 -0.026913832706518977 0.011085282610214069 0.012682327844982619 0.020726850367181797 -0.0051774071800177865 -0.019195767000399617 -0.0058775410135979665 0.018470230275103517 -0.0035130898219394358 -0.010937210946678129 -0.012185301025698786 0.019786893596464298
leaf_weight=1204.8736553527415 56000.476028131321 521.41340723633766 96.046764992177486 1214.6255406010896 2468.4761301558465 846.49524829350412 16583.81235143356 24907.526579460129 66.101900957524776 6251.6474172733724 1903.0719590075314 289.4924527425319 134.38718209415674 277.29780311137438 339.71471172757447 594.34642200917006 256.58454173803329 100.18122274801135 93.726880133152008 64.3475731164217 123.90885629318655 1254.0026246085763 84.672138661146164
leaf_count=5859 340124 2587 506 6870 15108 5504 98381 142941 368 33005 10507 1819 689 1300 2280 2727 1094 539 408 312 638 7103 362
internal_value=1.44021e-06 -0.0040469 0.000222479 0.000322964 -0.0042615 -0.0109762 0.000535508 8.65481e-06 -0.00764972 0.00240181 -0.00970262 -0.0204425 0.00389723 0.000781391 0.0105055 -0.0093177 -0.0066372 -0.0219995 -0.00190477 0.016856 0.000498658 -0.00847918 0.00423277
internal_weight=115677 5985.99 109691 108550 4806.89 2061.12 103743 80908 4118.75 22835.5 3512.67 355.594 1867.23 2745.77 662.358 1140.89 944.658 196.228 688.073 404.062 258.296 3157.07 606.086
internal_count=681031 32524 648507 643233 28782 12374 614451 483065 22746 131386 19797 2187 9778 16408 3919 5274 4229 1045 3135 2592 1327 17610 2949
is_linear=0
shrinkage=0.05


Tree=134
num_leaves=24
num_cat=0
split_feature=9 22 1 1 7 18 7 4 3 5 22 7 22 9 23 21 5 22 20 19 6 6 20
split_gain=46.3166 51.3363 60.3218 116.106 80.4469 78.7059 48.3527 43.278 33.3017 24.9545 58.6374 31.5673 32.6794 22.2255 19.05 17.4324 14.8455 14.1334 15.3168 12.0591 18.1052 14.1523 12.0149
threshold=0.90036909534485177 2.2880250000000451 1.5985942525276189e-07 1.5835154787424702e-07 6.3023061696769568e-06 -18.599018208778869 2.5521300220098075e-05 -1.5872990744014712e-07 1.5964507671384356e-07 2.0332371598446427e-06 1.7385000000000146 3.7172909465737159e-05 0.52808500000003999 0.71235572110075196 0.0090699999999579537 0.29417237309041666 2.9075259985668226e-05 7.7803900000000512 0.27595090876913037 0.97410783960548741 4.5503697541082317e-05 7.9607409695907515e-05 -0.12847235398473991
decision_type=2 2 2 2 2 2 2 2 2 2 2 2 2 2 2 2 2 2 2 2 2 2 2
left_child=1 2 3 7 -5 13 -7 -1 15 10 11 12 -2 -4 22 -3 -17 18 -16 20 -10 -21 -11
right_child=9 8 5 4 -6 6 -8 -9 19 14 -12 -13 -14 -15 17 16 -18 -19 -20 21 -22 -23 -24
leaf_value=-0.0014358916734872895 4.8360494572207228e-05 -0.00538131304214405 0.017446532889089275 -0.02439191432930235 -0.0049631958659653308 0.0059498460824923757 -0.00077717378499714751 0.00074905729119696467 -0.020601489706360929 0.0071847378604124219 0.050140913370792434 0.039259586423993645 0.016964291674540419 0.0054447686244569618 -0.010199387943081693 0.018387659025926397 -0.0011248804916398816 -0.019232590268036972 0.0025212150833185854 -0.0071990425065524208 -0.0082508682390154669 0.012754404347950225 0.025385119152586497
leaf_weight=41042.340040171519 852.47010382637382 345.61925195530057 1083.2142904102802 790.0014768037945 1635.108258113265 4142.1748403608799 7511.8519280254841 50602.553622354753 456.73936459794641 448.93898769468069 84.244447451084852 72.414470106363297 427.74860675632954 604.49528126418591 254.77435278147459 223.30497079901397 170.61623971164227 82.139247670769691 3005.757821764797 1039.5808029286563 861.79760880768299 95.170243829488754 113.14784494042397
leaf_count=219659 5206 1563 5277 10072 9319 26901 37808 326368 2403 2202 443 340 2430 2925 1226 1209 757 399 16091 5442 3716 414 543
internal_value=-3.51661e-05 -0.000254858 -6.90335e-05 -0.000515331 -0.0113092 0.00307696 0.00161398 -0.000229408 -0.00650076 0.00451126 0.0101416 0.00757636 0.00572188 0.0131623 0.00243398 0.0027888 0.00996071 0.000997422 0.00152007 -0.00930312 -0.0125576 -0.00550168 0.0109343
internal_weight=115946 110605 107412 94070 2425.11 13341.7 11654 91644.9 3192.83 5341.64 1436.88 1352.63 1280.22 1687.71 3904.76 739.54 393.921 3342.67 3260.53 2453.29 1318.54 1134.75 562.087
internal_count=682713 653833 638329 565418 19391 72911 64709 546027 15504 28880 8419 7976 7636 8202 20461 3529 1966 17716 17317 11975 6119 5856 2745
is_linear=0
shrinkage=0.05


Tree=135
num_leaves=24
num_cat=0
split_feature=9 23 21 0 0 2 22 24 3 7 12 21 7 3 6 2 2 9 24 17 23 3 7
split_gain=39.637 44.084 59.4783 45.8664 108.718 34.6974 44.2265 34.6503 66.6424 37.9112 31.2678 25.15 28.0374 21.6863 23.0548 19.808 18.631 18.324 17.8958 14.3709 13.6815 10.9573 17.9533
threshold=0.90036909534485177 2.8316049999999273 0.56870509364279553 1.5901624905723113e-07 1.5833764432926503e-07 5.7478933195298518e-06 1.6102800000000477 -0.92015753819616475 -1.536275657798569e-07 2.8591747204244944e-05 0.028571428566973905 0.10801838047153693 9.7743144619642941e-06 1.5708279654802484e-07 7.0826150834730678e-07 -0.0001213426463495537 1.5748205051124844e-07 0.24288428827313421 -0.36518240939406021 0.28922553450737976 10.601544999999948 0.00010485843240815031 1.03191378782421e-05
decision_type=2 2 2 2 2 2 2 2 2 2 2 2 2 2 2 2 2 2 2 2 2 2 2
left_child=1 2 3 4 -1 6 11 8 -4 -9 -5 12 -2 14 -3 -15 -13 -16 -17 -8 21 22 -7
right_child=5 13 7 10 -6 20 19 9 -10 -11 -12 16 -14 15 17 18 -18 -19 -20 -21 -22 -23 -24
leaf_value=-0.00059324318749438745 -0.0062026578449860259 0.022911006725226005 0.026413665189402226 0.0051709280556073113 -0.017399511342727169 0.0099952550417743615 0.018881759036279602 0.0037491744350436093 -0.020455179242771165 -0.0009180872818225057 -0.024061972483332073 0.0013163889873909404 0.020219111132210466 0.0094258219965557086 -0.019404842001688797 -0.0084714999312572158 0.015754989476826568 0.0029490430536552267 -0.0031298276962815168 0.046601017442579482 -0.016246773259056709 0.003793977850761967 -0.0059961650818755735
leaf_weight=73608.664713669568 123.60642117634416 126.70963483303785 92.941971302032471 4154.0090736709535 973.05521097779274 217.97558676823974 115.52961585856974 17596.667378235608 376.56716107949615 5776.9150236845016 91.526495844125748 1519.9212404564023 509.33501276373863 234.57581137120724 102.57281769067049 2645.1113080717623 260.24787509068847 741.0904145129025 3867.2706288695335 83.874886529520154 116.96543611958623 1542.5994400307536 865.15422928333282
leaf_count=437934 912 931 923 23701 9422 1531 571 111569 2522 28820 449 8211 2540 1009 495 12171 1341 3546 19524 426 590 8187 4672
internal_value=6.65052e-05 -0.000137283 0.000136644 -0.00052518 -0.000813039 0.00426664 0.0083881 0.00232476 -0.0110939 0.00259544 0.00452851 0.00650065 0.0150481 -0.00378131 0.00319945 -0.0047867 0.00344533 0.000185874 -0.00530214 0.030913 0.000335733 0.00108812 -0.00276086
internal_weight=115743 110388 102670 78827.3 74581.7 5355.21 2612.52 23843.1 469.509 23373.6 4245.54 2413.11 632.941 7717.33 970.373 6746.96 1780.17 843.663 6512.38 199.405 2742.69 2625.73 1083.13
internal_count=681997 653016 615340 471506 447356 28981 14001 143834 3445 140389 24150 13004 3452 37676 4972 32704 9552 4041 31695 997 14980 14390 6203
is_linear=0
shrinkage=0.05


Tree=136
num_leaves=24
num_cat=0
split_feature=9 22 1 1 22 18 19 0 2 2 22 17 6 2 19 3 6 23 23 14 17 17 3
split_gain=38.6207 43.8368 56.2835 137.492 54.6178 50.1147 45.2367 39.575 34.7307 33.637 31.6352 23.9401 15.351 17.0857 14.9373 28.1667 17.4201 14.6828 14.044 13.9774 14.9177 14.7778 12.3093
threshold=0.90036909534485177 2.5401700000000464 1.5911082407171764e-07 1.5835154787424702e-07 0.017345000000041761 -8.3996571258798536 0.996461297495572 -1.6014943948761126e-07 1.5876828829419767e-07 9.2598295591272989e-06 0.44943000000002448 0.15528590135168116 1.2793225714048166e-05 1.5415996568179938e-07 0.86087687038005967 0.00033417230096244316 1.4612040272367991e-05 1.8487449999999379 2.9690199999999587 7.9656469696062166e-05 -0.20535595813827182 -0.38675975999440015 -9.3170947919496414e-05
decision_type=2 2 2 2 2 2 2 2 2 2 2 2 2 2 2 2 2 2 2 2 2 2 2
left_child=1 2 3 6 -5 22 -1 -7 -3 10 12 18 13 -2 15 -10 -16 -14 -12 20 21 -11 -4
right_child=9 8 5 4 -6 7 -8 -9 14 19 11 -13 17 -15 16 -17 -18 -19 -20 -21 -22 -23 -24
leaf_value=4.1441408459987695e-07 -0.0050603014328765503 0.0066421101247754188 0.021803579842363072 -0.019848439168049459 -0.00076792262564326537 -0.015484190614076266 -0.0050225736986389182 0.0019934149740926483 -0.025619534157522075 0.0052263146339575203 0.014617543145128174 0.023945171125286178 0.01170315484137701 0.011369969705625871 -0.021451586387342871 -0.0040791004264369426 -0.0047742605230030105 -0.0088808322801235667 0.00022359614390458828 -0.0092950122542548082 0.0058505191058294045 -0.0062048393483732714 0.0083377873597916281
leaf_weight=86948.133522403426 648.37735626287758 429.15916122868657 183.20522282272577 1266.743372015655 533.47460308670998 331.3560237288475 4723.8782270308584 11360.972954429686 322.84941422939301 432.21937589347363 416.31559386663139 416.72309320792556 618.67574913799763 207.04442724213004 172.32544441521168 287.69132600724697 1588.7921826988459 98.904363594949245 286.16368583962321 342.08920925855637 1062.9368761628866 807.61731164902449 2260.9368042498827
leaf_count=518450 3933 2090 791 12869 3355 1365 27745 63940 1471 1989 2048 2263 2946 1237 1016 1215 7711 450 1555 1816 6679 3916 11193
internal_value=-4.26028e-05 -0.000243482 -8.26444e-05 -0.000527405 -0.014204 0.00285748 -0.000258471 0.00149512 -0.00641668 0.00411064 0.00804284 0.0144627 0.00345934 -0.00106048 -0.00878542 -0.0155241 -0.00643146 0.00884231 0.00877837 0.000103119 0.00150828 -0.0022138 0.00936619
internal_weight=115747 110410 107609 93472.2 1800.22 14136.5 91672 11692.3 2800.82 5337.07 2692.2 1119.2 1573 855.422 2371.66 610.541 1761.12 717.58 702.479 2644.86 2302.77 1239.84 2444.14
internal_count=682043 653211 639708 562419 16224 77289 546195 65305 13503 28832 14432 5866 8566 5170 11413 2686 8727 3396 3603 14400 12584 5905 11984
is_linear=0
shrinkage=0.05


Tree=137
num_leaves=24
num_cat=0
split_feature=22 19 24 3 4 3 24 24 8 8 4 5 24 5 1 7 18 5 1 1 1 7 13
split_gain=40.0242 52.9068 60.9199 252.241 219.461 175.222 50.0856 42.6 67.648 50.3345 42.5785 50.1477 37.8643 120.025 33.7363 43.8809 35.6712 31.2493 61.1684 26.8987 37.0249 25.1663 21.7263
threshold=-0.017259999999946596 -0.89608298803797926 -0.66539619809382156 -1.0000000180025095e-35 -1.0000000180025095e-35 -1.588103337724078e-07 -0.66539619809382156 -0.12555296108995825 1.0000000180025095e-35 0.25008043758043763 1.0000000180025095e-35 1.6756032973870951e-07 3.5859539639185063 1.253627287907938e-07 1.0000000180025095e-35 1.0083745457409423e-07 -18.599018208778869 1.0591861858031289e-07 1.0000000180025095e-35 -9.927628059003267e-05 -1.5434588895857357e-07 2.6469524029767686e-05 0.010101010099376891
decision_type=2 2 2 2 2 2 2 2 2 2 2 2 2 2 2 2 2 2 2 2 2 2 2
left_child=6 14 3 5 -5 -3 10 8 -4 -9 17 -12 19 -14 15 -2 -17 18 -1 -8 -21 -16 -15
right_child=1 2 7 4 -6 -7 12 9 -10 -11 11 -13 13 22 21 16 -18 -19 -20 20 -22 -23 -24
leaf_value=0.023988808403234186 0.024026186410184627 -0.0031068983200744785 0.0043759281203049564 0.017355760805441971 -0.015549816258698236 0.033692354759970053 0.0022945019165856039 -0.0033318503735518834 -0.00064071912961674235 0.0043512510382329667 -0.029865268204597558 0.0022640105084760424 -0.043249904707669339 -0.0050020107304782381 -0.015411799021159465 0.013188846371326383 -0.0010661176056779452 0.0046638602599506874 -0.023254068508752886 -0.0038141790974005434 -0.000438287525400368 0.020255163554171611 0.024479030470929492
leaf_weight=583.19993300177157 442.77112660370767 673.03350796177983 7984.8713652789593 590.9966044165194 3485.6683558300138 619.89618036337197 4419.2354745045304 2534.4521388113499 42360.46356250532 13350.200408712029 151.40968997590244 580.8066855892539 222.36047575809062 1128.6563602164388 234.19237925671041 922.16294685378671 834.04712637513876 1079.9557216018438 75.888050569221377 13999.412816226482 19352.053405038081 60.614670306444168 64.136366367340088
leaf_count=3919 5060 3081 56050 3683 21985 5833 21752 21207 224931 92177 1237 2527 1607 7133 2054 5603 5517 5217 641 78043 112112 329 332
internal_value=4.3699e-06 0.000701556 0.000452021 -0.00466897 -0.0107721 0.0145575 -0.00123553 0.000867409 0.000154974 0.00312481 0.00566499 -0.00443621 -0.00167111 -0.00969561 0.00785788 0.00998803 0.00642262 0.00992113 0.0184878 -0.00136983 -0.00185563 -0.00797447 -0.00337431
internal_weight=115750 74093.4 71599.6 5369.59 4076.66 1292.93 41657.1 66230 50345.3 15884.7 2471.26 732.216 39185.9 1415.15 2493.79 2198.98 1756.21 1739.04 659.088 37770.7 33351.5 294.807 1192.79
internal_count=682030 447510 428947 34582 25668 8914 234520 394365 280981 113384 13541 3764 220979 9072 18563 16180 11120 9777 4560 211907 190155 2383 7465
is_linear=0
shrinkage=0.05


Tree=138
num_leaves=24
num_cat=0
split_feature=0 0 0 18 6 14 14 9 18 18 8 2 24 13 3 14 3 2 24 2 9 21 24
split_gain=35.6901 70.447 63.1061 47.6274 36.9968 33.8752 33.6913 69.6584 237.77 222.546 49.8691 55.0525 34.1735 31.3841 27.4151 26.4035 23.6901 20.6162 19.8305 21.6136 16.3649 16.2406 15.6644
threshold=-1.6014943948761126e-07 -1.5824255861218714e-07 -1.5872994563181917e-07 -0.67693924248825199 3.2794582308597232e-07 1.60309101800088e-07 1.5337026949161999e-07 0.50000000000013201 -9.2630206192495397 -18.599018208778869 0.021567981199028381 5.1767245283329551e-05 -0.16054876959142581 0.02439024390741663 -6.9293298690098473e-06 2.7674499462354108e-05 1.5602437386519344e-07 -4.6891129823478645e-07 2.2379112519166857 -3.6991818248566229e-06 0.23619129854752624 0.72530119290587802 -0.44904969289280833
decision_type=2 2 2 2 2 2 2 2 2 2 2 2 2 2 2 2 2 2 2 2 2 2 2
left_child=3 2 14 5 20 -1 7 9 -9 -3 12 -12 -8 18 22 17 -17 -7 19 -5 -4 -6 -2
right_child=1 6 4 13 21 15 10 8 -10 -11 11 -13 -14 -15 -16 16 -18 -19 -20 -21 -22 -23 -24
leaf_value=0.0098546035456582234 -0.0039831739472722845 0.0063197927570178064 -0.0085449580734187347 0.0074313992504138589 0.0057046015136657108 -0.010258459934066008 -0.0011002540667633194 -0.0074705352331305951 0.00075082408687646141 -0.0022935040151380159 0.0030337103875947421 -0.0018617426666271181 -0.011814007442672234 0.021694246038042993 -0.0048227486395169784 -0.0019050729129520168 -0.012950873962428073 -0.028079933475719288 -0.0038721009405961945 -0.0078710497711483758 0.028167001510333002 0.024556304675749215 0.013479283598567744
leaf_weight=301.86680197715759 174.91955444216728 12218.560954883695 31.214464297518134 1169.6322299689054 667.35387950018048 1674.9689858779311 2335.720227740705 13536.893699059263 25092.716609420255 19408.582913093269 23443.93377192691 7603.0504606775939 1091.5747003136203 180.59888703003526 879.8591449316591 2214.7415017783642 620.5962523445487 179.2414558082819 1424.9050052948296 285.31074887514114 502.22135555557907 136.782784614712 469.34230084717274
leaf_count=1603 750 67876 346 6132 3656 11129 12082 73703 147630 121811 141039 41710 7346 800 6677 13253 2965 781 8329 1243 7870 1421 2083
internal_value=-0.000106244 0.000134028 0.00787118 -0.00331673 0.0157886 -0.00632715 -7.74824e-05 -0.000705718 -0.00213028 0.00103411 0.00120265 0.00183467 -0.00451888 0.0015924 0.000907969 -0.0073736 -0.00433196 -0.0120123 0.000315877 0.00442051 0.0259855 0.00897043 0.00873277
internal_weight=115645 107593 2861.69 8051.86 1337.57 4991.41 104731 70256.8 38629.6 31627.1 34474.3 31047 3427.29 3060.45 1524.12 4689.55 2835.34 1854.21 2879.85 1454.94 533.436 804.137 644.262
internal_count=682235 636000 22803 46235 13293 29731 613197 411020 221333 189687 202177 182749 19428 16504 9510 28128 16218 11910 15704 7375 8216 5077 2833
is_linear=0
shrinkage=0.05


Tree=139
num_leaves=24
num_cat=0
split_feature=10 18 1 3 2 2 3 7 7 2 1 18 5 5 9 5 5 18 16 18 2 1 7
split_gain=47.4896 92.0742 186.375 207.45 181.798 81.7316 75.005 177.951 172.314 362.069 263.933 89.823 67.837 93.7933 57.8529 50.6509 76.6806 46.0822 39.7854 37.3871 37.2208 37.0262 32.062
threshold=0.56850831322842044 -9.2630206192495397 -1.0000000180025095e-35 1.5964507671384356e-07 -1.0000000180025095e-35 -1.5410849396602086e-07 1.0000000180025095e-35 1.1756636786913056e-07 1.1756636786913056e-07 1.0000000180025095e-35 1.0000000180025095e-35 -9.3745923936566431 3.39665428344576e-05 1.1878466396517765e-07 0.59978135153057444 8.0564493380089631e-08 2.0410731337214518e-05 -18.599018208778869 -0.9449261280449387 -18.599018208778869 7.4483474634234894e-05 1.5408051012855142e-07 2.3351535680117018e-05
decision_type=2 2 2 2 2 2 2 2 2 2 2 2 2 2 2 2 2 2 2 2 2 2 2
left_child=6 2 5 4 -4 -2 8 11 9 10 -1 -8 13 -9 -5 17 -17 -10 -3 -11 -20 -13 -7
right_child=1 18 3 14 -6 22 7 12 15 19 -12 21 -14 -15 -16 16 -18 -19 20 -21 -22 -23 -24
leaf_value=0.016115211264081844 0.0025880097700672899 -0.020838920200518266 0.013312738268459022 0.011401563928839944 -0.017614198102862921 0.032314966492820507 -0.038869121598371831 -0.0081156221952867081 0.012509507082919924 -0.038630416740631522 -0.030762950001005471 -0.01826476817763319 -0.0071802014111171202 0.0022966760731025168 -0.0018806946377036542 -0.0033833693823048386 0.0009818328331402163 0.00028065201530829575 0.0031492038383649627 -0.015328650292802891 -0.00093543019826061345 0.0063846128374378183 0.010098906097253866
leaf_weight=4671.0797915700823 1010.6719470843673 182.75274141505361 541.44420365616679 1180.0529062002897 3796.7278387676924 469.89751721918583 481.02641792967916 2851.8784036375582 1269.7779059037566 286.86561764031649 318.98420535773039 514.72254451923072 4988.7185927480459 8929.3513704165816 2672.5822191610932 22218.040808092803 18380.305929023772 1956.4356133043766 31175.300934805535 440.77688628435135 6789.1880668774247 214.48338631354272 252.53267754614353
leaf_count=43792 7527 1152 3145 5333 21066 3373 4552 20074 7156 2609 3586 7228 23214 49204 11875 131292 90562 12819 186086 6380 34843 4025 1290
internal_value=-1.12519e-05 0.00118979 -0.00309986 -0.00625239 -0.0137487 0.0117864 -0.000866392 -0.0036324 0.000137468 0.00829974 0.0131065 -0.0221331 -0.00229448 -0.000224351 0.00219014 -0.000927664 -0.00140701 0.00510002 0.00230597 -0.0246027 0.00241861 -0.0110101 0.0246053
internal_weight=115594 48071.2 9923.91 8190.81 4338.17 1733.1 67522.4 17980.2 49542.3 5717.71 4990.06 1210.23 16769.9 11781.2 3852.64 43824.6 40598.3 3226.21 38147.2 727.643 37964.5 729.206 722.43
internal_count=682183 275690 53609 41419 24211 12190 406493 108297 298196 56367 47378 15805 92492 69278 17208 241829 221854 19975 222081 8989 220929 11253 4663
is_linear=0
shrinkage=0.05


Tree=140
num_leaves=24
num_cat=0
split_feature=23 21 4 0 15 13 8 10 14 9 8 24 2 2 5 19 1 5 19 24 9 5 8
split_gain=36.2281 37.1027 44.6768 40.4874 46.7586 34.4513 31.3209 60.4009 52.733 86.8916 53.1806 34.5825 30.9407 69.8827 25.4548 19.2825 16.8432 19.4099 17.6745 15.4422 10.3997 10.1821 7.20433
threshold=10.601544999999948 -0.59207284235700197 -0.00022269233372629313 -1.6014943948761126e-07 0.99875078027440245 0.047619047610798236 1.0000000180025095e-35 0.18878864250277824 1.5354836444749499e-07 0.40025593269207033 0.056873743939347417 0.098726578086993214 3.2497447357116023e-05 1.5332719982552592e-07 2.0332371598446427e-06 0.9382344928329065 1.5338808978526688e-07 4.419539259862503e-05 0.92475514024669969 -0.30308211197979201 0.60000000000004283 2.8618726974759931e-05 0.0098288283325187221
decision_type=2 2 2 2 2 2 2 2 2 2 2 2 2 2 2 2 2 2 2 2 2 2 2
left_child=1 6 12 5 -5 -4 7 14 9 -8 -10 -9 13 -3 -1 -14 19 21 20 22 -19 -18 -2
right_child=16 2 3 4 -6 -7 8 11 10 -11 -12 -13 15 -15 -16 -17 17 18 -20 -21 -22 -23 -24
leaf_value=-0.027559570208868723 -0.021665089488567244 0.0038579162360177833 -0.0055329725245750281 0.0011880088875875704 -0.0018621438652588131 0.026139448205590235 0.0016578647617656326 0.0042563574888165303 -0.0047876171395334968 -0.0075601415133385004 0.0033435821409388577 -0.0042106916831073198 -0.0080985575605575059 0.020210812319062538 -0.0065777603581470244 0.0049427047788734666 -0.015568250009577204 -0.026703943612386954 0.0029763296034531466 0.0074281919967830595 -0.0076012751551308381 -0.040729162264789988 -0.0046499611583055321
leaf_weight=207.10439221933484 85.576314471662045 4835.2221235185862 3652.1024733036757 59154.384430318139 15950.583035342395 85.922181338071823 3726.7284853104502 5847.3644670173526 3119.0142443384975 8129.4385261442512 5650.7769139986485 1516.8862758167088 702.02082116156816 753.99655387550592 477.54118441790342 472.2620088532567 83.861493557691574 134.36934427917004 189.49592667818069 236.3557445500046 156.00285674631596 84.976829461753368 224.42615209147334
leaf_count=1077 408 22642 20326 359295 92167 402 22449 30860 19234 52641 34089 10113 3120 3653 2298 2178 459 578 857 1117 663 417 1004
internal_value=9.77613e-06 0.000100456 0.000621912 0.000287241 0.000540127 -0.00479002 -0.00145607 0.0011886 -0.00248836 -0.00466245 0.000450684 0.00251097 0.00452124 0.00607129 -0.0129938 -0.00285001 -0.00864326 -0.0140799 -0.00886688 -0.00215127 -0.0165803 -0.0285896 -0.00947179
internal_weight=115476 114281 85606.5 78843 75105 3738.02 28674.9 8048.9 20626 11856.2 8769.79 7364.25 6763.5 5589.22 684.646 1174.28 1195.06 648.706 479.868 546.358 290.372 168.838 310.002
internal_count=682047 676544 503783 472190 451462 20728 172761 44348 128413 75090 53323 40973 31593 26295 3375 5298 5503 2974 2098 2529 1241 876 1412
is_linear=0
shrinkage=0.05


Tree=141
num_leaves=24
num_cat=0
split_feature=9 4 8 7 4 8 15 15 7 8 1 4 24 14 10 4 10 10 17 16 21 17 2
split_gain=38.7383 35.8926 42.4796 98.5248 99.3724 77.0629 136.473 85.2335 51.6798 25.1502 32.0504 24.9005 25.0361 22.7188 23.9647 21.9802 19.5279 18.4 15.5914 13.6683 12.3091 10.9891 9.77218
threshold=0.16363912571132636 0.00041047356128487428 0.99999747274353923 1.4760329931318505e-05 1.544878243109338e-07 0.7686367173852966 0.0019762923041887017 0.9991624784746389 4.4272750387204351e-05 0.97725234402515959 -6.2240020711534769e-05 -0.00051281261934033029 -0.17504259502673425 1.8081639767087724e-05 0.26771688392303067 0.00027036243197198223 0.30966885011526563 0.51754189980352161 -0.074904439416641419 -0.43002789546575021 0.95390321648081822 0.47357527545997924 1.0884885291773118e-05
decision_type=2 2 2 2 2 2 2 2 2 2 2 2 2 2 2 2 2 2 2 2 2 2 2
left_child=11 2 5 4 -4 6 -2 -7 -5 10 -3 16 15 14 -14 18 -1 -12 -13 22 -21 -15 -11
right_child=1 9 3 8 -6 7 -8 -9 -10 19 17 12 13 21 -16 -17 -18 -19 -20 20 -22 -23 -24
leaf_value=0.016114054597185047 0.001204690720137122 0.0074903699830327422 -0.010490789984100076 -0.00043232156470839441 -0.00042881641272860904 0.0097142967826398981 -0.0056418775891728607 0.0013899286620272285 0.0062248185021509623 0.015167290510313042 -0.01443354425667133 0.00014721801420553579 -0.021560377469810831 -0.008528895154370433 -0.0070619447910553459 -0.015803585886935662 -0.0062813314763213949 -0.0056506537131170969 -0.01001532994031497 -0.0034846812773890266 0.0084860041908243478 0.0029800266985912345 0.0017170775777931063
leaf_weight=261.59275662899017 54719.590928554535 380.56889514625072 4740.8122940789908 13849.7104306072 5086.8711054380983 4910.9098896393552 8393.0159259662032 8226.733407555148 3690.1713540107012 230.21714696288109 792.22326099127531 2877.3310586735606 537.98747383244336 428.62087506428361 612.87788886204362 276.91679631918669 152.54943165183067 2433.5920426398516 432.23404265008867 1437.1444941088557 250.30527424812317 397.80644699931145 326.44872787594795
leaf_count=1201 325882 1641 43593 74427 31917 31158 51763 46489 17024 1001 3627 14516 3452 2578 4054 1246 691 11353 2299 6850 1247 2525 1403
internal_value=-1.64319e-05 0.000197588 0.000412792 -0.00127691 -0.0052843 0.00101934 0.000293972 0.004503 0.000968522 -0.00361185 -0.00619683 -0.00393518 -0.00481673 -0.00933205 -0.0138694 -0.00232215 0.00786215 -0.00781679 -0.00118376 0.000541905 -0.00169812 -0.00298914 0.00732294
internal_weight=115446 109468 103618 27367.6 9827.68 76250.3 63112.6 13137.6 17539.9 5850.5 3606.38 5977.92 5563.77 1977.29 1150.87 3586.48 414.142 3225.82 3309.57 2244.12 1687.45 826.427 556.666
internal_count=681937 649375 622253 166961 75510 455292 377645 77647 91451 27122 16621 32562 30670 12609 7506 18061 1892 14980 16815 10501 8097 5103 2404
is_linear=0
shrinkage=0.05


Tree=142
num_leaves=24
num_cat=0
split_feature=4 8 21 8 15 2 14 3 4 24 1 22 9 18 18 24 2 13 1 1 14 17 17
split_gain=36.6616 44.2181 33.7808 49.5617 72.2227 72.0456 41.7171 40.8235 37.9877 32.7932 31.3435 65.0116 57.4934 433.75 170.387 50.9169 29.667 17.3339 15.5907 27.1923 14.5554 9.60334 7.02127
threshold=0.00060716317317055523 0.98223362775585987 0.64470255586848013 0.99975962472115809 0.99860529714728574 1.596229957101514e-07 1.5884751673608983e-07 1.8716598472856564e-05 9.2625492854381277e-05 2.2379112519166857 -1.5447355394826443e-07 -1.9148499999999511 0.49989680869034436 -9.2630206192495397 -18.599018208778869 -0.8054772284426398 -3.6991818248566229e-06 0.57999812988684474 -1.5899868976987361e-07 -1.0000000180025095e-35 0.00012641102539870611 0.060452022765366785 -0.43788731832896038
decision_type=2 2 2 2 2 2 2 2 2 2 2 2 2 2 2 2 2 2 2 2 2 2 2
left_child=2 17 10 4 5 -4 -6 9 -9 -5 11 16 14 -14 -12 -13 -1 18 21 -20 22 -2 -3
right_child=1 20 3 7 6 -7 -8 8 -10 -11 12 15 13 -15 -16 -17 -18 -19 19 -21 -22 -23 -24
leaf_value=0.0060569028850808344 -0.007634344663237029 0.016516778420802802 0.0031901667524780776 0.0017129441727137019 -0.0048268966681121427 0.012002498794749253 0.0056174224110395144 -0.011422748503148884 -0.0015983089544751084 0.023073111409102672 0.00942697341426698 0.012207478351869534 -0.010651123395946309 0.002290913744121055 -0.00019172066046767075 -0.002914776340424835 -0.013798324317973535 0.0083956760124745313 -0.03528644967160794 -0.011803573715290314 -0.010306811674197034 0.009958107770130592 0.0038800570175514838
leaf_weight=3152.4687464386225 303.33765986561775 133.29429359734058 9118.6285298820585 3807.8172329328954 3362.8116877377033 3110.9073042161763 1333.3589244633913 1289.0994103252888 4146.6627293676138 186.68183666467667 6184.9523773342371 568.06587480381131 8594.5184106212109 26218.212062112987 17992.243630645797 23521.534470383078 198.06063376367092 113.14359660446644 138.38089559227228 1083.3651128262281 160.84335067868233 101.92541438341141 609.64178647100925
leaf_count=15814 1304 564 62157 21943 16461 19442 8321 6224 20062 1127 33830 4559 47530 159530 114197 138282 1010 471 683 4771 729 455 2789
internal_value=8.81795e-05 -0.00572945 0.0002247 0.00179166 0.00341001 0.00543382 -0.0018593 -0.00111259 -0.00393245 0.0027235 -0.0002531 -0.00164914 0.000396241 -0.000904483 0.00226928 -0.00255698 0.00487417 -0.0103861 -0.011704 -0.0145208 0.00323416 -0.00317032 0.00619225
internal_weight=115430 2643.93 112786 26356 16925.7 12229.5 4696.17 9430.26 5435.76 3994.5 86430.1 27440.1 58989.9 34812.7 24177.2 24089.6 3350.53 1740.15 1627.01 1221.75 903.779 405.263 742.936
internal_count=682255 11766 670489 155737 106381 81599 24782 49356 26286 23070 514752 159665 355087 207060 148027 142841 16824 7684 7213 5454 4082 1759 3353
is_linear=0
shrinkage=0.05


Tree=143
num_leaves=24
num_cat=0
split_feature=10 24 2 4 3 7 7 4 1 5 1 3 5 24 24 5 1 5 23 1 2 2 2
split_gain=35.3253 85.5337 107.348 70.4935 50.5165 238.333 157.192 410.723 199.044 67.0187 70.1424 59.7566 80.5652 59.378 50.3811 48.0813 47.7692 42.6569 50.5673 42.3718 42.0113 36.2924 36.2266
threshold=0.41755489358613895 -0.78222994794996725 1.0000000180025095e-35 1.0000000180025095e-35 -1.0000000180025095e-35 1.0014880395593076e-07 1.0304756560007192e-07 -1.5374359474407126e-07 -1.0000000180025095e-35 3.5480100943846908e-05 -3.117610534175696e-07 -1.5436863254336683e-07 1.2983742216754178e-05 -0.59779925447050053 3.8857241378015184 1.07795146110223e-07 -1.0000000180025095e-35 8.0564493380089631e-08 -0.35802500000006748 -1.5472283720896482e-07 -4.6728920503724673e-05 -1.5395496433256992e-07 1.0000000180025095e-35
decision_type=2 2 2 2 2 2 2 2 2 2 2 2 2 2 2 2 2 2 2 2 2 2 2
left_child=1 2 3 15 5 13 7 19 -9 10 -8 12 -7 -2 -15 -1 -13 18 -3 -6 -19 -22 -20
right_child=4 17 -4 -5 6 11 9 8 -10 -11 -12 16 -14 14 -16 -17 -18 20 22 -21 21 -23 -24
leaf_value=0.034870567289735123 0.038346447826113669 -0.0087002377199275078 -0.020348285376701154 -0.02222919710475078 0.0085210652007270595 -0.0026618253343087903 -0.013429374732577968 0.022100986346148942 -0.015186991480058101 -0.002591343066394526 0.001911488902857166 0.0020764164570109714 0.0030460601018293542 0.017702352983543855 -0.047973234659463709 0.0081070082861595654 0.024796242385214697 0.00085257104958370552 0.012998237205451728 0.03559127524857654 -0.0068676641042708202 -0.0021285815043136105 -0.0068421726913666494
leaf_weight=482.49837060272694 413.15826890617609 510.70529401302338 196.21885528974235 84.459889708086848 204.8355837315321 9939.5307828858495 756.93786313384771 383.64103708788753 4998.1140710450709 12145.166400790215 40755.895408537239 449.77575824782252 16344.648142702878 963.06158110126853 28.19539650529623 259.86540291272104 476.41529651731253 6488.7849839739501 1269.3226202111691 506.68214513547719 6364.975941054523 11073.901989042759 279.22459526360035
leaf_count=3342 4790 3227 1551 481 3056 64039 3782 4459 46176 56506 234997 4227 81883 13825 270 1282 3332 33377 8509 4684 35140 66461 2866
internal_value=0.000154428 -0.00142792 0.0127383 0.0206265 0.000638167 0.00236562 -0.000189074 -0.0077981 -0.0125207 0.000675153 0.00163101 0.00132793 0.000887358 0.0224366 0.0157364 0.0255556 0.0137967 -0.00198674 0.00491454 0.0278509 -0.00258125 -0.00385916 0.0094133
internal_weight=115376 27010 1023.04 826.824 88366.1 28614.8 59751.3 6093.27 5381.76 53658 41512.8 27210.4 26284.2 1404.42 991.257 742.364 926.191 25986.9 2059.25 711.518 23927.7 17438.9 1548.55
internal_count=682262 156236 6656 5105 526026 172366 353660 58375 50635 295285 238779 153481 145922 18885 14095 4624 7559 149580 14602 7740 134978 101601 11375
is_linear=0
shrinkage=0.05


Tree=144
num_leaves=24
num_cat=0
split_feature=10 15 7 2 8 17 7 9 24 7 21 18 1 1 2 2 23 18 17 2 24 2 17
split_gain=35.797 38.9199 126.502 102.524 60.6653 119.524 117.393 247.702 103.255 68.2811 68.1375 37.6171 62.6661 83.4482 49.0114 46.7404 34.5838 32.1942 52.5307 30.0806 28.3984 26.1656 21.2017
threshold=0.66675160739750905 0.99926887025686184 1.6948526895194993e-05 1.5425258581558412e-07 0.99975962472115809 -0.29342014935479316 1.3652680960656694e-05 0.59619934060209012 2.3815497353050965 3.1060342262580505e-05 0.89057886550681875 -9.2630206192495397 -1.0000000180025095e-35 1.5526287988620882e-07 7.794204802813455e-05 -1.0000000180025095e-35 0.058549999999967302 -3.9951329489978407 -0.28150437773038711 -1.5410849396602086e-07 -0.47909803282753077 1.5823389443170302e-07 -0.55180962842916059
decision_type=2 2 2 2 2 2 2 2 2 2 2 2 2 2 2 2 2 2 2 2 2 2 2
left_child=1 4 3 16 6 9 7 -1 -7 -6 -8 12 19 15 22 -14 -3 18 -4 -2 -19 -5 -13
right_child=11 2 17 21 5 8 10 -9 -10 -11 -12 14 13 -15 -16 -17 -18 20 -20 -21 -22 -23 -24
leaf_value=0.006749415436665177 0.0031809034424840222 -0.02090433171304696 0.00094519319653165411 0.0056430143279642964 -0.001704064717591396 -0.0069021910057642522 -0.0012815170850977557 -0.0065541215209136451 0.031657755115525037 0.0082048441214252685 0.0083874880789007299 -0.0049164531198053751 0.014122189381385097 0.0059597316711423277 -0.0022881100254510938 -0.012811289741421365 -0.0078016953410363701 0.0110247314760447 -0.011222422281906015 0.027174704696614232 0.0011465464989620937 -0.0060640683442098487 0.0042935802866532523
leaf_weight=16092.080832162872 317.79643885418773 1647.5591699462384 2522.043218806386 774.89612832479179 4319.1098285000771 9566.9249321799725 37233.611616253853 4468.8433102630079 174.83010068908334 2906.5871738493443 1913.7261027358472 649.64604414999485 172.72119119390845 1114.649301962927 3987.5687613338232 2089.7667846567929 731.88131124526262 834.28654742985964 1365.5144033953547 221.17994070611894 5617.1239243894815 1235.0466749649495 15145.378228256479
leaf_count=116148 2471 15663 13093 6502 32035 64449 186935 33990 1279 13709 11311 3679 939 5566 20528 9915 4445 3803 7609 1439 30901 9152 86036
internal_value=4.53197e-05 -0.000403626 -0.00275755 -0.00986727 4.85251e-05 -0.0025895 0.000798326 0.00385734 -0.00620331 0.00228234 -0.000808314 0.00177697 -0.00269869 -0.00522792 0.00266339 -0.0107423 -0.0168862 0.000261707 -0.003331 0.0131006 0.00242777 -0.00154701 0.00391388
internal_weight=115103 91404.1 14728.4 4389.38 76675.7 16967.5 59708.3 20560.9 9741.76 7225.7 39147.3 23698.7 3916.11 3377.14 19782.6 2262.49 2379.44 10339 3887.56 538.976 6451.41 2009.94 15795
internal_count=681597 551024 91168 35762 459856 111472 348384 150138 65728 45744 198246 130573 20330 16420 110243 10854 20108 55406 20702 3910 34704 15654 89715
is_linear=0
shrinkage=0.05


Tree=145
num_leaves=24
num_cat=0
split_feature=10 16 0 0 15 7 11 7 0 16 7 2 7 1 15 1 1 17 3 10 1 0 10
split_gain=36.2038 36.2815 33.7882 100.532 57.7105 108.975 69.4637 48.3892 40.2367 26.2651 26.1122 25.9838 28.4238 32.1152 25.0333 23.2437 21.5803 19.6284 17.6436 16.7294 13.9234 11.5609 8.18082
threshold=0.66575439855122698 -0.9449261280449387 1.5933845176618891e-07 1.5833764432926503e-07 0.00095695970680512892 2.0588367354480443e-05 0.99962705712696176 2.3148642428956074e-05 1.587683886583591e-07 1.4274960816916253 3.1969840917886673e-05 7.794204802813455e-05 8.901580777541108e-08 -1.5329800717722716e-07 0.98399897593120123 1.5985942525276189e-07 4.332008615826056e-06 -0.28150437773038711 -1.5807125297584432e-07 0.92192364841547569 9.6963297580465748e-05 4.0517701795472767e-05 0.8780001824950997
decision_type=2 2 2 2 2 2 2 2 2 2 2 2 2 2 2 2 2 2 2 2 2 2 2
left_child=2 22 3 4 6 -6 -1 8 -5 10 18 12 13 -3 -11 -16 -13 -9 -4 -14 -18 -12 -2
right_child=1 11 9 7 5 -7 -8 17 -10 14 21 16 19 -15 15 -17 20 -19 -20 -21 -22 -23 -24
leaf_value=-0.00078972617925644046 -0.011509793957265148 0.021160283668981161 0.023984564543086118 -0.025816812724022059 -0.010040625432517415 0.00017919006919733506 0.0030540217247627087 0.010343224818773337 -0.0039265999383432922 -0.025981130078339257 0.0062107522673208624 -0.0084599169159033007 0.002674618855467333 -0.0095774101291648643 0.028178210468212724 -0.0017375955828400913 0.0039395980747751322 -0.010387453964703147 0.0087088637368830397 0.0090644039394317429 -0.0024309021741632099 -0.00064858836081771692 -0.032430648822290319
leaf_weight=58793.029382223263 144.36197762750089 93.480842590332031 235.14224759489298 738.5953576695174 4358.6838709097356 6488.9466850571334 14689.022359220311 226.88712710142136 294.89137766510248 99.929932147264481 1210.7256263270974 908.77332551777363 17524.71151717566 771.85857634618878 66.069956250488758 1403.7924137413502 1446.7729944512248 225.84374914318323 971.86549835652113 1087.2881424482912 2100.0971352458 1241.7287663370371 71.048422530293465
leaf_count=353349 938 1800 1437 8267 34035 33398 85093 1160 2130 461 6216 4055 95497 5835 285 8873 7889 1205 6980 6248 10734 6063 402
internal_value=-5.69104e-05 0.0016641 -0.000513466 -0.000751312 -0.000523897 -0.00392786 -2.12328e-05 -0.0136337 -0.0195952 0.0033876 0.00570791 0.00184886 0.00263689 -0.00620998 -0.00201863 -0.000353028 -0.00159445 0 0.0117237 0.0030491 0.00016698 0.00273799 -0.0186679
internal_weight=115194 24148.4 91045.2 85815.9 84329.7 10847.6 73482.1 1486.22 1033.49 5229.25 3659.46 23933 19477.3 865.339 1569.79 1469.86 4455.64 452.731 1207.01 18612 3546.87 2452.45 215.41
internal_count=682350 133398 548952 518637 505875 67433 438442 12762 10397 30315 20696 132058 109380 7635 9619 9158 22678 2365 8417 101745 18623 12279 1340
is_linear=0
shrinkage=0.05


Tree=146
num_leaves=24
num_cat=0
split_feature=15 11 1 7 18 17 3 8 2 7 2 8 7 2 18 4 7 3 24 24 22 10 7
split_gain=30.8337 98.231 233.591 177.323 93.6906 91.0692 81.9521 54.725 51.5135 49.545 48.7061 137.681 135.359 134.637 78.3237 50.6313 36.8884 35.6498 35.6287 32.6891 29.8997 27.8293 27.1448
threshold=0.99900149750428813 0.99887892376658816 -1.0000000180025095e-35 1.8929129932362007e-05 -3.9951329489978407 -0.22617493913332196 -1.5436863254336683e-07 0.15987423981449181 2.0672711960045835e-06 4.3606175290938498e-05 1.5917221585226573e-07 0.99999747274353923 5.6560188713610826e-05 1.5837370526128328e-07 -18.599018208778869 -1.5872990744014712e-07 4.1397002473844335e-05 3.2829645727261443e-05 -0.021400832165373543 -0.37158204613390183 2.5401700000000464 0.51924635554371246 1.9718362819219486e-05
decision_type=2 2 2 2 2 2 2 2 2 2 2 2 2 2 2 2 2 2 2 2 2 2 2
left_child=1 10 17 6 5 19 -4 16 18 -5 13 12 -12 15 -15 -1 -6 21 -9 -2 -13 -3 -19
right_child=4 2 3 9 7 -7 -8 8 -10 -11 11 20 -14 14 -16 -17 -18 22 -20 -21 -22 -23 -24
leaf_value=-0.002285534225443202 0.0013291952050242047 -0.0010938770722308561 0.010881794028700003 0.0093075109620365595 -0.011488204070363163 -0.014963397065732784 0.029942984387596884 0.0032075341759089759 -0.00049608042571344093 -0.003316207135628193 0.010088027357083919 -0.0023510072586009618 -0.0074002710436990513 -0.030514883683267442 -0.0066491271129677509 0.00058569032723021898 0.004347089676374683 0.0088005354939068928 0.012922293717782019 -0.0061181017950390632 -0.015023426996175804 0.0044494141677690188 -0.0090018323401728911
leaf_weight=27245.998459221795 2613.8710353989154 6351.0207082573324 933.635692903772 2055.2798122465611 1326.4335662582889 2101.2090559396893 1438.9712506681681 2716.2290106862783 6666.2225251719356 1247.1581302583218 5991.8147670067847 5200.6428885944188 1355.0680978298187 569.40422786027193 868.57207964360714 35169.508713597432 506.7937316223979 244.79920688271523 1447.5748649388552 3370.8698130529374 509.64668216556311 3515.3440499296412 1619.4119539558887
leaf_count=143197 12887 36829 5700 10646 9660 15266 10022 13998 39906 5569 34148 22239 5903 4609 8027 233749 2331 2022 8307 21767 2148 24583 8475
internal_value=-6.36764e-05 0.000320187 0.00371194 0.0120378 -0.00180865 -0.00601261 0.0224599 0.000875871 0.00222882 0.00453956 -0.000447411 0.00233475 0.00686065 -0.00101646 -0.0161321 -0.000667627 -0.00710786 -0.000316897 0.00659072 -0.00286526 -0.00348777 0.000881169 -0.00665451
internal_weight=115065 94316.3 17405.6 5675.04 20749.2 8085.95 2372.61 12663.3 10830 3302.44 76910.7 13057.2 7346.88 63853.5 1437.98 62415.5 1833.23 11730.6 4163.8 5984.74 5710.29 9866.36 1864.21
internal_count=681988 557866 103846 31937 124122 49920 15722 74202 62211 16215 454020 64438 40051 389582 12636 376946 11991 71909 22305 34654 24387 61412 10497
is_linear=0
shrinkage=0.05


Tree=147
num_leaves=24
num_cat=0
split_feature=10 18 16 4 3 3 18 5 4 4 5 5 22 2 5 1 1 3 23 16 17 14 22
split_gain=31.1827 46.2875 40.2813 38.5606 34.7515 210.386 97.7062 87.5665 58.2887 366.749 144.997 25.7502 26.3654 19.4917 19.1137 19.2238 16.4785 12.7393 17.4748 12.4329 11.0963 13.0075 8.66438
threshold=0.30966885011526563 -5.9163587952990619 -0.9449261280449387 -0.00051281261934033029 1.0000000180025095e-35 1.5430072419775345e-07 -18.599018208778869 2.4591955956466132e-05 -1.5872990744014712e-07 -1.5827219890240937e-07 1.2048370769063626e-05 9.7538981610260208e-08 -0.31729499999995153 1.0000000180025095e-35 6.8394082690330804e-06 -1.5329800717722716e-07 -1.5382227580573724e-07 9.291387685905762e-07 -0.19737000000005278 2.5362436489374844 0.68101917969871339 1.5742579855124907e-07 0.017345000000041761
decision_type=2 2 2 2 2 2 2 2 2 2 2 2 2 2 2 2 2 2 2 2 2 2 2
left_child=1 11 16 20 8 6 -6 -7 10 -10 -4 12 -1 -14 15 -5 -2 18 -13 -16 21 -3 -18
right_child=2 3 4 14 5 7 -8 -9 9 -11 -12 17 13 -15 19 -17 22 -19 -20 -21 -22 -23 -24
leaf_value=-0.019096090250329521 0.0036090114211514562 0.010849630596389638 -0.00451126126861001 -0.019345768854926414 -0.034939588602059 0.0017593835094867867 -0.0097646773867516544 -0.0027154759210108841 0.035126004308793944 0.0016803102662154416 0.0022650325398252359 0.00014538421413940372 0.017195884887305068 -0.0071033399270063781 -0.0055955093384903636 -0.0077506479199139543 -0.035106207048673385 0.012952861017526693 -0.012974893923827233 0.0056823129765143417 0.019965634946087978 -0.005246090553625217 -0.015842311943402406
leaf_weight=66.995153516530991 76.188349420204759 256.00932562351227 12968.424901276827 507.37124975398183 556.40399771369994 25522.194496627897 1255.1525258626789 19121.16130143404 845.91119895223528 24625.606069168076 20169.110358066857 2364.6255209222436 535.15365389548242 96.049086302518845 3466.271199144423 1227.2973911594599 91.255511337891221 165.60910074412823 282.1994861010462 260.88519182056189 118.56627466529608 242.26322668790817 180.27128113992512
leaf_count=415 575 1120 75987 3146 4139 151919 12016 92171 10818 177228 102511 11782 3554 1078 18391 8036 559 815 1686 1560 554 1180 986
internal_value=-0.000118871 -0.00284836 0.000129433 -0.00548787 0.000185867 -0.000835457 -0.0175297 -0.000157164 0.000995478 0.00279391 -0.000386842 0.00172106 0.0103011 0.0134797 -0.00682672 -0.0111633 -0.0168116 -0.000413003 -0.00126033 -0.00480214 0.00634262 0.00302411 -0.0225442
internal_weight=115001 9589.3 105412 6078.66 105064 46454.9 1811.56 44643.4 58609.1 25471.5 33137.5 3510.63 698.198 631.203 5461.83 1734.67 347.715 2812.43 2646.83 3727.16 616.839 498.273 271.527
internal_count=682226 53317 628909 33987 626789 260245 16155 244090 366544 188046 178498 19330 5047 4632 31133 11182 2120 14283 13468 19951 2854 2300 1545
is_linear=0
shrinkage=0.05


Tree=148
num_leaves=24
num_cat=0
split_feature=10 18 2 2 2 7 7 19 4 4 18 7 2 7 7 9 23 24 7 2 14 7 17
split_gain=30.1008 81.3394 112.206 187.575 124.847 81.907 45.4837 43.8507 43.9271 222.407 151.045 149.28 279.393 114.824 59.304 32.9424 32.6508 34.0723 28.1383 44.6043 25.1567 24.2449 27.8084
threshold=0.56850831322842044 -9.2630206192495397 -1.0000000180025095e-35 1.5876828829419767e-07 -1.5877322923074641e-07 2.5815195784750532e-06 2.0980515723944258e-05 0.99985463733646096 1.0000000180025095e-35 1.5880071213558725e-07 -18.599018208778869 1.1756636786913056e-07 1.0000000180025095e-35 2.0588367354480443e-05 1.9343304044428053e-05 0.71235572110075196 0.77611499999994915 -0.17079444791040246 1.0446984016658036e-07 -1.0000000180025095e-35 4.21052295516959e-05 9.5722386866818602e-06 -0.2728631440501908
decision_type=2 2 2 2 2 2 2 2 2 2 2 2 2 2 2 2 2 2 2 2 2 2 2
left_child=7 2 4 5 -2 -4 -6 8 11 10 -10 12 -1 -11 -13 -5 18 -18 19 -3 -19 -9 -23
right_child=1 16 3 15 6 -7 -8 21 9 13 -12 14 -14 -15 -16 -17 17 20 -20 -21 -22 22 -24
leaf_value=0.012430664482204068 -0.0087765472513747483 0.013759150006130177 -0.021684723455885159 0.011480749925779394 0.024963226885764186 -0.0072541353061639849 0.0039881149530318358 -0.020096061695165701 -0.035452323416596446 0.0044869557579123396 -0.007808437200552196 -0.0030110780133076761 -0.022752949748273969 -0.0035495089472105442 0.00095692233091122401 -0.00061535752156671969 -0.0012253038096705863 0.0064877780973938218 0.0039219390632627121 -0.0057147125438881501 -0.00045411531168253048 0.0057029005301148846 -0.014421130369465554
leaf_weight=4747.2104929238558 691.37994157895446 355.0997064076364 1265.9030646234751 1342.0634412094951 778.69481321237981 4409.9860834926367 388.58199274539948 411.04357563890517 757.10929666087031 7040.7790791727602 1422.0798279382288 15642.717320982367 638.38845854345709 12045.927682466805 23648.012961696833 966.78493165969849 10869.134787006304 3174.8016690928489 19760.226062286645 1662.1911509763449 2212.4714791849256 329.64766597375274 353.84492083266377
leaf_count=46847 3457 6235 8725 6463 6993 21193 2340 3919 6053 42322 17020 97972 8332 59845 119581 4519 53631 19374 113911 16765 12227 1891 2155
internal_value=7.58576e-05 0.00103343 -0.00301701 -0.00559297 0.00804064 -0.01048 0.0180037 -0.000607971 -0.000442976 -0.00231337 -0.0174387 0.000447283 0.00825231 -0.000584565 -0.000622793 0.00641743 0.00208194 0.000385912 0.00334761 -0.00227406 0.00363681 -0.0105249 -0.00471972
internal_weight=114914 47877.3 9843.39 7984.74 1858.66 5675.89 1167.28 67036.8 65942.2 21265.9 2179.19 44676.3 5385.6 19086.7 39290.7 2308.85 38033.9 16256.4 21777.5 2017.29 5387.27 1094.54 683.493
internal_count=681770 275833 53690 40900 12790 29918 9333 405937 397972 125240 23073 272732 55179 102167 217553 10982 222143 85232 136911 23000 31601 7965 4046
is_linear=0
shrinkage=0.05


Tree=149
num_leaves=23
num_cat=0
split_feature=23 0 0 10 15 11 7 18 7 15 7 24 2 7 18 10 24 21 10 1 21 17
split_gain=26.6107 34.1905 72.105 62.4091 46.8829 83.2894 80.4707 46.5345 39.8819 32.4173 22.4698 23.7604 20.4697 20.4502 16.4173 14.9706 12.7229 11.6153 13.7744 11.1305 8.48214 13.1898
threshold=10.601544999999948 1.5901624905723113e-07 1.5833764432926503e-07 0.57827192545618133 0.99882283329244637 0.99962705712696176 4.819652469721982e-05 -0.066251988411684656 2.0775998510165881e-05 0.8367828371904743 6.4643397518654872e-05 -0.20936663576108519 1.5425258581558412e-07 2.5755128381251613e-05 -2.7620049318172799 0.38655199797288314 -0.48681755192773885 0.65308320175344436 0.61005264549023697 0.00015908524183760878 0.4606806162011699 -0.22037214923409662
decision_type=2 2 2 2 2 2 2 2 2 2 2 2 2 2 2 2 2 2 2 2 2 2
left_child=1 2 4 8 5 -1 -6 10 -4 -9 11 -3 16 -14 -5 -11 -2 -18 -19 -12 -15 -22
right_child=12 7 3 14 6 -7 -8 9 -10 15 19 -13 13 20 -16 -17 17 18 -20 -21 21 -23
leaf_value=-0.00039237339007502188 -0.014455856642334947 -0.00090913843167594237 -0.026556576091019735 -0.0042183330652805669 -0.0046722402909639155 0.0035000887355304969 0.0056241377460104804 -0.035873315080089362 -0.0025618571113962202 0.010616410577669539 0.0018840415768740647 0.0077616735942930186 -0.031672483796181566 0.0050187096329543926 0.013313911406056722 -0.0045011886180560149 -0.0055432264875119874 0.02547018141504306 -0.00050471423471908224 -0.0085500779418915662 -0.022489209655946814 -0.0058728316809067331
leaf_weight=73570.98356179893 98.461313128471375 951.99778549745679 621.26928036101162 549.17742854729295 10807.211238125339 16897.428282146342 2299.524046741426 75.670401271432638 241.10201076418161 182.52862637490034 857.57963059842587 4603.6483933925629 115.34672356396914 92.281544238328934 174.21386633813381 1448.9469436258078 133.83507709205151 106.94404952228069 95.187334358692169 361.57733930647373 175.45057003945112 375.83775658905506
leaf_count=433514 437 4887 7301 3623 66903 101648 10097 329 1354 912 3935 31474 609 397 825 8207 609 528 460 1619 766 1687
internal_value=-6.41003e-05 1.39159e-05 -0.000232367 -0.0108068 -7.02156e-05 0.000334655 -0.00286482 0.0030673 -0.0198754 -0.00430522 0.00492653 0.00627518 -0.00748541 -0.01243 2.21202e-05 -0.00279585 0.00115839 0.0058077 0.0133285 -0.00121535 -0.00888599 -0.0112323
internal_weight=114836 113643 105161 1585.76 103575 90468.4 13106.7 8481.95 862.371 1707.15 6774.8 5555.65 1193.34 758.917 723.391 1631.48 434.428 335.966 202.131 1219.16 643.57 551.288
internal_count=682121 676628 625265 13103 612162 535162 77000 51363 8655 9448 41915 36361 5493 3459 4448 9119 2034 1597 988 5554 2850 2453
is_linear=0
shrinkage=0.05


Tree=150
num_leaves=24
num_cat=0
split_feature=10 24 2 7 3 7 24 2 24 5 5 2 9 5 15 10 24 18 8 7 14 2 7
split_gain=29.0957 56.5934 56.0273 44.8304 33.1167 193.644 92.521 176.395 71.7455 62.6985 96.3627 60.8505 60.6136 46.3965 60.0932 43.3063 40.0617 28.3969 36.6513 33.2673 33.1706 29.3007 27.4167
threshold=0.36382843469281584 -0.70781753090266097 1.0000000180025095e-35 7.8268059079661644e-06 -1.0000000180025095e-35 9.8147975836977516e-08 -0.85982805154023723 -1.0000000180025095e-35 -0.45889012254486355 8.8489039519381163e-08 1.2983742216754178e-05 -1.5403080233511443e-07 0.40220683120857154 3.39665428344576e-05 0.99990875912413546 0.54558091748672433 3.5859539639185063 -4.7682776969546561 0.96780150288428091 2.8121381224646524e-05 1.5427340813867678e-07 -6.8364257295172579e-05 9.8147975836977516e-08
decision_type=2 2 2 2 2 2 2 2 2 2 2 2 2 2 2 2 2 2 2 2 2 2 2
left_child=1 2 3 -1 5 8 7 -6 -2 11 -11 -7 -9 14 -8 -15 -10 18 22 -20 21 -19 -3
right_child=4 17 -4 -5 6 9 13 12 16 10 -12 -13 -14 15 -16 -17 -18 20 19 -21 -22 -23 -24
leaf_value=0.032666329903133888 0.033317817921505066 0.013110241966603778 -0.016016311743723484 0.0068257155951481048 0.024230722778923589 -0.00032893915829688091 0.0017799572646561555 0.0056505000185521487 0.012932541289885392 -0.0033343893399574564 0.0024251787517635065 0.0182212204981845 -0.019485098570480697 -0.0071363122028846931 -0.0025570660853645832 -0.00073179343247844586 -0.037160555998233147 0.0036406704528193371 -0.018273733382864144 0.0014396559180396944 -0.0020014145384927534 -0.01056384926576827 8.623472659018421e-06
leaf_weight=266.6474569812417 559.24225925281644 422.75150132551789 160.76870283298194 452.90083702281117 317.80533115193248 794.08624581992626 37543.976158797741 279.14069032669067 927.31535931304097 11295.885925911367 20327.833741012961 993.65214900672436 1656.4549466744065 3631.613503113389 10142.4729563687 9657.5176624208689 39.758421335369349 418.09406017139554 509.58309433422983 366.69193480908871 4743.5409677494317 2688.6412968346849 6678.1667269915342
leaf_count=1895 6601 4234 1115 2132 2678 6948 236655 1878 13538 71837 102024 7067 11252 16931 64752 45245 388 1930 5099 2006 27571 14867 33779
internal_value=0.000115661 -0.00181299 0.0105107 0.0164726 0.000443995 0.00167941 -0.000238596 -0.0101833 0.0190838 0.000883089 0.000367642 0.00998757 -0.0158555 0.000129159 0.000857339 -0.00248319 0.0107955 -0.00249999 -0.000398103 -0.0100342 -0.00463457 -0.00864953 0.000792801
internal_weight=114875 16707.8 880.317 719.548 98166.8 34937.8 63229 2253.4 1526.32 33411.5 31623.7 1787.74 1935.6 60975.6 47686.4 13289.1 967.074 15827.5 7977.19 876.275 7850.28 3106.74 7100.92
internal_count=682422 94628 5142 4027 587794 208403 379391 15808 20527 187876 173861 14015 13130 363583 301407 62176 13926 89486 45118 7105 44368 16797 38013
is_linear=0
shrinkage=0.05


Tree=151
num_leaves=24
num_cat=0
split_feature=1 9 18 2 1 18 1 2 1 2 0 18 15 1 21 8 8 7 24 1 8 18 24
split_gain=34.2717 71.3387 360.437 270.787 251.986 171.184 630.925 152.941 125.678 66.2319 68.6412 56.5527 63.2368 51.2877 53.0807 50.4933 44.5479 81.6833 43.0801 36.8588 28.3046 27.5397 25.9248
threshold=-1.5447355394826443e-07 0.50000000000004263 -18.599018208778869 1.5896954685956646e-07 -1.0000000180025095e-35 -9.3745923936566431 1.0000000180025095e-35 1.0000000180025095e-35 7.8847461981723665e-07 4.9053959982892088e-05 -1.5354810489753842e-07 -1.9795962073580669 0.99885451861547991 -1.5527950303351187e-07 0.91040235790734159 0.74664498710734628 0.99999747274353923 4.4272750387204351e-05 -0.15500069009022402 2.6496638305673063e-06 0.15424886024241483 0.46301675766536238 -0.034760500569880108
decision_type=2 2 2 2 2 2 2 2 2 2 2 2 2 2 2 2 2 2 2 2 2 2 2
left_child=13 5 3 4 -3 6 7 -2 -8 10 -4 12 -7 14 16 -13 18 -18 -1 -5 22 -11 -15
right_child=1 2 9 19 -6 11 8 -9 -10 21 -12 15 -14 20 -16 -17 17 -19 -20 -21 -22 -23 -24
leaf_value=0.00080850035405184294 0.018613385414602026 0.025625162758922588 0.0098787036544341136 -0.00095137521807161878 -0.014363674155864535 0.0026851043578399853 -0.020990535790079458 -0.0097049171803073875 0.015366541333552891 -0.0010101774700941302 0.0020445573806390171 -0.011357884742300831 -0.0043607841300643494 -0.012920044170614632 0.011598036559114282 0.0023018265940783419 -0.015921489392069613 0.0048581858287782059 -0.0033832888185528725 0.010946443009811596 -0.0024393239955529857 -0.010861456063367561 -0.041430475063418182
leaf_weight=17126.936503525823 5839.6938496753573 411.25389651954174 3109.9996873289347 1158.8408299908042 8484.7580526173115 15059.363221533597 1713.0484112557024 517.71207483671606 274.29655857384205 10107.28343642503 27606.426494956017 1824.1745240110904 4036.0191293247044 845.14391374588013 826.82632884383202 1072.8815856724977 1296.4655270464718 742.17826440930367 9542.1437803581357 1480.281279861927 716.05912564136088 761.25191494077444 86.989174257963896
leaf_count=96091 31156 3138 22692 5064 46501 96414 10910 2523 1375 52593 165798 9685 28191 4968 7720 5929 9173 3400 62209 7248 4327 3837 618
internal_value=5.85518e-05 0.000587032 -0.000517632 -0.00833699 -0.0125091 0.00252136 0.00861783 0.0163042 -0.0159596 0.00165154 0.00283851 0.00020733 0.00119532 -0.00135566 -0.000876109 -0.00629939 -0.00123634 -0.00835675 -0.000691267 0.00572344 -0.00993435 -0.00170251 -0.0156691
internal_weight=114640 83457.3 53120.1 11535.1 8896.01 30337.2 8344.75 6357.41 1987.34 41585 30716.4 21992.4 19095.4 31182.7 29534.6 2897.06 28707.7 2038.64 26669.1 2639.12 1648.19 10868.5 932.133
internal_count=681560 493054 306871 61951 49639 186183 45964 33679 12285 244920 188490 140219 124605 188506 178593 15614 170873 12573 158300 12312 9913 56430 5586
is_linear=0
shrinkage=0.05


Tree=152
num_leaves=24
num_cat=0
split_feature=10 0 0 7 2 5 14 15 9 18 18 6 7 18 8 6 7 21 0 8 10 14 3
split_gain=34.4298 30.5661 64.3104 54.4957 36.5165 36.832 31.6195 127.719 60.1712 30.8481 27.0367 26.3962 22.8016 32.9535 20.1858 17.9665 17.9397 17.0689 15.7429 14.3783 13.5337 13.5292 11.7014
threshold=0.24529673384630921 -1.592409804018757e-07 -1.5824255861218714e-07 1.1756636786913056e-07 -1.5833076361104756e-07 6.6694553483420102e-05 1.5337026949161999e-07 0.99875078027440245 0.40025593269207033 0.63936394656920725 -4.2168512941408069 2.4247691789003201e-05 2.6942702935838237e-05 -6.4471758467157079 1.0000000180025095e-35 8.9014437007244847e-08 2.1565988125899003e-05 0.30365410186425901 -1.5882698001234982e-07 0.068745946822308709 0.16945846240356996 6.542612576522543e-05 -1.5541387288209305e-07
decision_type=2 2 2 2 2 2 2 2 2 2 2 2 2 2 2 2 2 2 2 2 2 2 2
left_child=12 4 3 18 9 10 8 -8 -4 14 -6 -11 13 16 -2 20 -1 -14 -3 -5 -15 -7 -17
right_child=1 2 6 19 5 21 7 -9 -10 11 -12 -13 17 15 -16 22 -18 -19 -20 -21 -22 -23 -24
leaf_value=0.0051210757187180262 0.0012300102877369884 -0.010090443926328243 0.0021210737243142217 0.0017581994327670004 -0.00085844961632286292 -0.0086530564990284827 0.0053669528498475737 -0.00100908368928661 -0.0012707743675143849 0.027504084286237025 -0.024668268061976816 0.0035114294717744077 0.0013419732460637906 -0.042146403977938125 -0.0047279379717204365 -0.011944917560578151 -0.014414466515956929 -0.015624632345819685 0.028492000209224124 0.011359565214627909 -0.013385531977973049 0.0090804865837689642 -0.002001624812739891
leaf_weight=605.9003350418061 2219.2692452445626 27.307344872504473 17757.66459259484 1096.3314350061119 158.30992522463202 217.12855638563633 13003.601678321138 19824.876765402965 49567.302065579221 142.84213813394308 488.34910755604506 556.94353450834751 1702.2320990934968 75.620239401236176 3944.5031703785062 1198.7888570632786 143.64140409976244 160.35377045720816 367.72342051565647 605.30905322358012 93.951553929597139 209.22307534515858 395.53245244640857
leaf_count=3547 13500 420 107345 7296 937 923 76598 117766 292162 895 2272 2639 8223 486 23136 7068 712 756 6892 4273 686 861 2603
internal_value=2.09679e-05 0.000193785 0.000425858 0.00908827 -0.00279484 -0.0113644 0.000244287 0.00151653 -0.000376028 -0.00145148 -0.0188677 0.00848043 -0.00432747 -0.00743253 -0.00258226 -0.0111614 0.00134225 -0.000131227 0.0257749 0.00518587 -0.0265823 3.93988e-05 -0.00948683
internal_weight=114563 110187 102250 2096.67 7936.57 1073.01 100153 32828.5 67325 6863.56 646.659 699.786 4376.02 2513.43 6163.77 1763.89 749.542 1862.59 395.031 1701.64 169.572 426.352 1594.32
internal_count=681996 657915 612752 18881 45163 4993 593871 194364 399507 40170 3209 3534 24081 15102 36636 10843 4259 8979 7312 11569 1172 1784 9671
is_linear=0
shrinkage=0.05


Tree=153
num_leaves=24
num_cat=0
split_feature=10 24 2 4 6 4 18 2 1 6 19 18 1 7 7 4 1 2 1 2 1 8 15
split_gain=32.1351 63.9139 80.0378 63.6083 40.5972 111.314 94.3167 99.0788 59.8764 36.1094 32.3457 32.0674 59.8889 62.425 51.3397 29.0954 29.5461 59.6881 41.2506 28.3387 27.6546 26.6088 26.0022
threshold=0.4219352267954023 -0.83102663398003118 1.0000000180025095e-35 1.0000000180025095e-35 8.4082901556298878e-08 -1.5374359474407126e-07 -9.2630206192495397 -1.5361892824472531e-07 -1.5420200494276057e-07 6.3109565506204469e-06 -0.9785109083190614 -5.7337275451536147 1.0000000180025095e-35 9.9090156238366631e-08 1.4050495718273638e-05 0.0003958267415402617 -3.117610534175696e-07 -1.0727219741823999e-05 -1.5841461120658093e-07 -4.6728920503724673e-05 -1.0000000180025095e-35 0.99274968033165634 0.99990875912413546
decision_type=2 2 2 2 2 2 2 2 2 2 2 2 2 2 2 2 2 2 2 2 2 2 2
left_child=1 2 3 9 5 8 7 -7 -2 -1 -10 12 13 -3 -14 16 17 -6 -18 -13 -21 -17 -8
right_child=4 11 -4 -5 15 6 22 -9 10 -11 -12 19 14 -15 -16 21 18 -19 -20 20 -22 -23 -24
leaf_value=0.030944408517626826 -0.0031325722231060459 0.015899681144748865 -0.019659519486061455 -0.026163654427232414 -0.0001818555025389128 0.017432467039653586 0.0017796611100466043 -0.019573113867444772 5.2388225487724664e-05 -0.00027361422073670706 0.03268685725052544 -0.00021241984393362723 -0.01906911331287792 0.0005405736373801346 -0.0022843610537940347 -0.0050678282413445901 0.008703195963595171 -0.012703278754151637 0.0011544916281006137 -0.0085183442394384523 -0.0030495699116314984 0.0020153796440883043 -0.010289844273887237
leaf_weight=483.18196934834123 302.36060476209968 711.33917310275137 157.06918609142303 65.898177437484264 7946.117972202599 201.68630367144942 2111.2372271884233 1632.4110925216228 97.25956904515624 114.05226543545723 349.35580954700708 4641.1603729575872 668.12292855791748 9129.076677724719 1427.702642083168 3875.4782891497016 1860.0738059468567 1079.3997273333371 64826.801383008249 3515.0063800234348 6771.0733488760889 2012.2770476862788 563.62663321197033
leaf_count=3480 4413 7037 1359 397 42458 2166 19166 11008 996 492 3093 24674 7304 47171 8362 17992 15887 5552 384204 20631 40637 9391 4326
internal_value=-8.64084e-06 -0.00149206 0.0122394 0.0198388 0.000464127 -0.00379332 -0.00676001 -0.0154865 0.0140304 0.0249934 0.0256231 -0.00191238 1.91215e-05 0.00165436 -0.00765059 0.000738604 0.00100196 -0.00168238 0.00136537 -0.003457 -0.00492016 -0.00264627 -0.000767452
internal_weight=114542 27683.7 820.202 663.132 86858.1 5257.94 4508.96 1834.1 748.976 597.234 446.615 26863.5 11936.2 9840.42 2095.83 81600.1 75712.4 9025.52 66686.9 14927.2 10286.1 5887.76 2674.86
internal_count=682196 161544 5728 4369 520652 45168 36666 13174 8502 3972 4089 155816 69874 54208 15666 475484 448101 48010 400091 85942 61268 27383 23492
is_linear=0
shrinkage=0.05


Tree=154
num_leaves=24
num_cat=0
split_feature=22 9 18 1 1 18 1 1 1 1 0 3 1 18 1 9 3 22 24 14 19 16 11
split_gain=30.1719 45.6433 183.396 313.793 247.089 154.12 440.459 108.337 91.982 85.6441 82.6941 75.4226 39.0212 35.9185 35.8359 34.8645 30.078 42.1749 41.7581 35.1795 33.3336 22.3573 21.2459
threshold=-0.11211999999995512 0.50000000000013201 -18.599018208778869 -1.0000000180025095e-35 2.6496638305673063e-06 -18.599018208778869 1.0000000180025095e-35 -1.5447355394826443e-07 1.5985942525276189e-07 -1.5420200494276057e-07 1.0000000180025095e-35 -1.5436863254336683e-07 7.501445404667352e-05 -1.8493779893990667 -1.57077368889702e-07 0.70782415573293767 -2.447989454168464e-05 -0.63049499999996017 0.78765182182011728 1.5380119660826197e-07 -0.91065261526421137 3.5575668114842984 0.98999999999978183
decision_type=2 2 2 2 2 2 2 2 2 2 2 2 2 2 2 2 2 2 2 2 2 2 2
left_child=15 5 3 11 -5 6 7 -2 -8 14 -11 -3 13 -4 -7 16 17 20 21 -20 -1 -18 -14
right_child=1 2 12 4 -6 9 8 -9 -10 10 -12 -13 22 -15 -16 -17 18 -19 19 -21 -22 -23 -24
leaf_value=-0.00015053091376016024 0.0018037451678873978 0.0022695159789645173 0.0011394039220786816 -0.012577612352034889 0.0098614331534169833 -0.0022903447003889692 -0.018841721520434396 0.016694160600295466 0.013946020714313263 0.0041508690964912175 -0.0035285517733695034 0.022302723420185112 -0.0070221081561969356 0.0057687487683785654 -0.01064241632634963 0.009428035655558142 -0.0028217486871026107 -0.003095409076500048 -0.02634707351375833 -0.0075116043010031788 0.0063062825264382175 0.014565683791587573 -0.0005639522666706021
leaf_weight=6114.6904170233756 1579.2792688664049 890.81864382140338 34063.134648878127 8581.5308100506663 1429.6418204605579 3127.9500611033291 1559.385470977053 5410.0871926415712 246.19580782204866 10600.731505725533 5234.6798754408956 994.79138220846653 1902.5437306463718 4777.1031253514811 2181.0799570530653 724.5940655618906 9025.3551602326334 7561.2748888097703 311.79643081128597 1202.8334443643689 2966.5433360040188 186.70147726219147 3850.5869194120169
leaf_count=32541 11294 5808 212166 46072 7015 21164 10386 29599 1259 70633 36974 7067 8698 27148 14657 3828 49506 40357 1941 7449 14508 1104 21089
internal_value=4.2076e-05 0.00050482 -0.000331604 -0.0058468 -0.00937138 0.00208308 0.00764466 0.0133318 -0.0143578 -0.0002305 0.00161186 0.0128535 0.00113984 0.00170918 -0.00572524 -0.00138129 -0.00166832 -0.000337151 -0.00373272 -0.0114219 0.00195907 -0.00246573 -0.00270221
internal_weight=114523 86429.5 56490.2 11896.8 10011.2 29939.4 8794.95 6989.37 1805.58 21144.4 15835.4 1885.61 44593.4 38840.2 5309.03 28093.8 27369.2 16642.5 10726.7 1514.63 9081.23 9212.06 5753.13
internal_count=682263 531029 335063 65962 53087 195966 52538 40893 11645 143428 107607 12875 269101 239314 35821 151234 147406 87406 60000 9390 47049 50610 29787
is_linear=0
shrinkage=0.05


Tree=155
num_leaves=24
num_cat=0
split_feature=1 1 7 9 18 2 18 1 18 22 10 7 3 2 18 3 18 4 2 18 10 18 5
split_gain=28.7116 60.4562 102.909 61.2499 304.122 231.861 228.252 517.253 65.7793 44.818 46.5182 53.1513 41.1115 48.7693 37.9313 35.9939 34.8457 26.3692 24.6229 24.5439 19.7105 19.1381 18.4859
threshold=-1.5434588895857357e-07 -1.5378213369388047e-07 1.3102765920328303e-05 0.40025593269207033 -9.2630206192495397 1.596229957101514e-07 -18.599018208778869 1.0000000180025095e-35 -9.1626852725285648 -1.9148499999999511 0.54721349523545271 8.9508392860915688e-06 -1.5838797740030938e-07 -1.5435607547686911e-07 -4.1436399035465952 -1.588103337724078e-07 -1.9795962073580669 1.7460544725622642e-06 -4.6891129823478645e-07 -7.6735309637198643 0.59415920724675797 -9.2630206192495397 3.1249402852025568e-05
decision_type=2 2 2 2 2 2 2 2 2 2 2 2 2 2 2 2 2 2 2 2 2 2 2
left_child=9 2 14 6 5 -5 7 -3 -6 18 12 17 15 -14 -2 -11 -8 -12 22 -4 -16 -13 -1
right_child=1 3 19 4 8 -7 16 -9 -10 10 11 21 13 -15 20 -17 -18 -19 -20 -21 -22 -23 -24
leaf_value=0.010927375024513212 0.02476027822535375 0.020727777650919724 0.0081374037585784671 -0.0098464231773852679 0.017026617366501018 0.0057809545502186255 0.00049445388416663526 -0.020749855076483567 0.0012094718842106823 -0.0023835623191188668 0.0065161955399245727 0.0048095976560957685 -0.012153417033097171 -0.0022042808158976544 -0.0044861372152628981 0.017051372257100673 -0.0069769260553901565 0.024000121394309595 -0.013764736705012227 -0.008576741447370282 0.029760474094114232 -0.0018036583929826819 0.0026319696305756521
leaf_weight=934.55343601107597 822.33618770167232 3709.1426018215716 331.59905149042606 11974.779318217188 664.76531893014908 2958.3322715982795 12023.881960570812 940.71745634451509 46741.544140422717 13404.168963355944 1110.4788344409317 1310.6715227104723 2558.0605424977839 2378.7254753634334 201.79402174800634 240.51023512892425 1791.1973008243367 267.00578726828098 183.10537382215261 640.60481544584036 50.909255042672157 6559.5035681128502 2389.9444218426943
leaf_count=5454 8911 20369 1921 66364 3914 13770 77993 6006 276087 70782 13895 7752 18378 16382 1566 3745 9623 2933 888 3618 675 38726 11156
internal_value=-5.11863e-05 0.000436371 0.0089176 0.000221215 -0.000527934 -0.00674986 0.00275047 0.01233 0.00143209 -0.00134035 -0.00201183 0.000885331 -0.00345391 -0.0073634 0.019564 -0.00203817 -0.000474757 0.00993871 0.00398383 -0.00286575 0.00257302 -0.000700733 0.00497057
internal_weight=114188 82851.6 2047.24 80804.4 62339.4 14933.1 18464.9 4649.86 47406.3 31336.7 27829.1 9247.66 18581.5 4936.79 1075.04 13644.7 13815.1 1377.48 3507.6 972.204 252.703 7870.18 3324.5
internal_count=680908 490817 16691 474126 360135 80134 113991 26375 280001 190091 172593 63306 109287 34760 11152 74527 87616 16828 17498 5539 2241 46478 16610
is_linear=0
shrinkage=0.05


Tree=156
num_leaves=24
num_cat=0
split_feature=10 18 3 3 18 1 5 5 23 1 0 8 7 18 8 18 24 18 18 4 18 8 6
split_gain=29.235 48.2115 85.2054 182.156 112.43 52.364 48.287 46.2594 73.1601 41.7492 37.7987 55.3797 89.2333 75.8656 35.6717 35.5718 23.4202 22.4143 27.9309 22.2782 26.2926 29.6418 22.1362
threshold=0.41296562190425795 -8.1989047732428944 1.5964507671384356e-07 1.0000000180025095e-35 -18.599018208778869 -1.0000000180025095e-35 9.5322922533062057e-06 8.2024368191552152e-08 -0.43103500000005507 1.0000000180025095e-35 -1.592409804018757e-07 0.99999747274353923 2.5521300220098075e-05 -6.2373683555615829 0.044622721971192957 -9.3745923936566431 -0.25855254094215224 -0.72142320675617 -5.7587680384469975 -0.00037649273048323545 -5.6062030715863669 0.96948683467512586 3.6243761632685378e-05
decision_type=2 2 2 2 2 2 2 2 2 2 2 2 2 2 2 2 2 2 2 2 2 2 2
left_child=7 2 3 5 -5 -2 16 8 -1 14 17 12 -12 -13 -10 -8 -4 18 -3 22 21 -21 -9
right_child=1 10 6 4 -6 -7 15 19 9 -11 11 13 -14 -15 -16 -17 -18 -19 -20 20 -22 -23 -24
leaf_value=-0.011101959921736744 0.0035083894766072482 0.011901285081898293 0.010661988362544096 -0.020859262138681913 0.0024162624807890845 -0.0030798499903159061 0.0027587576452506378 -0.0068788309606471936 0.004104051586034471 -0.0078885276068745725 0.0052208404132234607 -0.0048338217891255968 0.00018568868309933875 0.0015942663384038943 0.018171230833569627 -0.0053732260520754603 -0.0047987435959071668 0.0013214014623023265 -0.0065922166367737055 0.00028445218056532954 -0.0044465978897540752 -0.0081787633649799511 0.0037463953246954194
leaf_weight=571.27346180938184 4303.4154141359031 216.83820592239499 2056.1667553409934 2089.4768602624536 688.98709505237639 10066.530765375122 4763.2492740154266 602.43902805447578 817.34539020061493 310.56266285292804 18669.160497526638 6597.470214817673 16646.420384898782 15072.490969402716 1009.5932711996138 1871.3728963509202 276.3997743204236 2041.42632920295 3045.9975412599742 8037.9591614138335 10714.664327972569 1185.2782574370503 2588.6067322641611
leaf_count=3627 30593 1241 10302 14481 6292 59871 22384 3186 6113 3530 138786 40803 82365 85082 6444 9142 1430 10743 17511 44097 62169 9493 11925
internal_value=6.24256e-05 0.000494879 -0.00130825 -0.00337348 -0.0150882 -0.00110629 0.00264052 -0.00141697 0.00476226 0.00901092 0.00125096 0.00162681 0.00284775 -0.000362815 0.0118919 0.000463355 0.00882527 -0.00278509 -0.00535513 -0.00214123 -0.00276211 -0.000804151 0.00173584
internal_weight=114243 88405.4 26115.6 17148.4 2778.46 14369.9 8967.19 25837.7 2708.77 2137.5 62289.8 56985.5 35315.6 21670 1826.94 6634.62 2332.57 5304.26 3262.84 23128.9 19937.9 9223.24 3191.05
internal_count=681610 531026 154495 111237 20773 90464 43258 150584 19714 16087 376531 347036 221151 125885 12557 31526 11732 29495 18752 130870 115759 53590 15111
is_linear=0
shrinkage=0.05


Tree=157
num_leaves=24
num_cat=0
split_feature=2 2 6 24 8 6 2 18 2 21 24 22 3 24 3 6 6 18 19 19 8 5 23
split_gain=28.4647 102.431 67.9903 58.6137 67.9702 69.6749 52.1511 188.116 88.2956 50.7995 50.0128 44.5774 47.2853 139.463 136.416 39.9229 38.0406 37.8866 33.3967 32.1584 27.3124 23.081 20.4937
threshold=1.5435433553534497e-07 1.0000000180025095e-35 1.1363036703221571e-07 -0.65408398595576245 1.0000000180025095e-35 1.9467253519788348e-05 1.5837370526128328e-07 -18.599018208778869 1.5866924840679533e-07 -0.89979220584614283 3.1086279985293284 1.6102800000000477 1.0000000180025095e-35 -0.66539619809382156 1.5964507671384356e-07 1.1597807744470262e-07 2.9426317223755343e-05 -9.2630206192495397 0.99863663245158185 0.76527257680867744 0.0015135560754246889 3.7048002421515527e-06 0.74781499999992385
decision_type=2 2 2 2 2 2 2 2 2 2 2 2 2 2 2 2 2 2 2 2 2 2 2
left_child=1 11 10 15 5 -5 7 -6 -8 -4 22 12 13 -1 -14 18 -17 -11 -2 -7 -18 -13 -3
right_child=3 2 9 4 6 19 8 -9 -10 17 -12 21 14 -15 -16 16 20 -19 -20 -21 -22 -23 -24
leaf_value=0.0090719385272602735 -0.023926448425345255 -0.0232008121434336 -0.030106556867735085 0.024466033532509299 -0.0092517328069690041 -0.00310266339535324 -0.015618190922534518 0.0085952042833699113 0.00048076010864357796 -0.014453059445780457 0.038523799993469873 0.02587081784174421 -0.009769130303400278 -0.00027058776869658303 5.0998121717321466e-06 0.012383336049445824 -0.021083435433290346 0.0031763331753806644 0.010167499399166845 0.010773649455386981 -0.0030742995111942622 0.0063747240457145086 0.0047321318814659589
leaf_weight=4324.7706220624968 451.40336466673762 1002.0619710600004 164.0526001509279 609.89141234010458 1917.1311728172004 734.00743049383163 884.92821786180139 6399.7416869588196 21433.599372556433 400.13332529738545 34.173758998513222 212.4032988473773 4754.8926228592172 52020.104326928966 14300.099564440548 326.37819177657366 260.16746987402439 1256.046617878601 83.957128578796983 962.85056941211224 1079.152636796236 530.79229709133506 69.28587643802166
leaf_count=29422 4274 12423 1461 5345 10732 3759 8903 41196 112914 2157 316 1266 33918 316383 73310 1758 1149 7284 1094 5635 4538 2446 456
internal_value=1.21835e-05 -0.000514013 -0.00969157 0.00119618 0.00172425 0.00999759 0.00110052 0.00447945 -0.000158681 -0.00374011 -0.0194616 -0.00016106 -0.000281387 0.000446709 -0.00243442 -0.00669938 -0.00286908 -0.00109221 -0.0185525 0.00477166 -0.00660258 0.0120078 -0.0213842
internal_weight=114212 79068.8 2925.75 35143.2 32942.1 2306.75 30635.4 8316.87 22318.5 1820.23 1105.52 76143.1 75399.9 56344.9 19055 2201.06 1665.7 1656.18 535.36 1696.86 1339.32 743.196 1071.35
internal_count=682139 480842 24097 201297 188484 14739 173745 51928 121817 10902 13195 456745 453033 345805 107228 12813 7445 9441 5368 9394 5687 3712 12879
is_linear=0
shrinkage=0.05


Tree=158
num_leaves=24
num_cat=0
split_feature=1 1 6 21 22 22 14 2 6 8 24 0 8 0 2 6 0 6 8 1 21 14 17
split_gain=29.8565 54.1164 60.9191 48.3352 45.7846 44.9988 41.4285 65.0422 54.1679 122.963 40.6041 37.6484 40.6478 36.8981 35.4911 34.9403 30.3278 28.7187 25.053 19.3222 17.7825 20.0152 17.4845
threshold=-1.5434588895857357e-07 -1.536575924276917e-07 1.0718545561190109e-05 0.9288000367316892 -1.9148499999999511 -0.15804999999998268 1.5337026949161999e-07 3.1126397278313796e-05 1.4188556986959591e-05 1.0000000180025095e-35 -0.062659331448037162 1.603874331124189e-07 0.99986408058793275 1.5334600966809833e-07 -4.6891129823478645e-07 5.9001309782871474e-05 1.5959655286224009e-07 2.4507228619421647e-05 0.046852168358684464 -1.5536086284129166e-07 -0.84178708402091462 1.5385169243023417e-07 0.013397606912256351
decision_type=2 2 2 2 2 2 2 2 2 2 2 2 2 2 2 2 2 2 2 2 2 2 2
left_child=3 2 5 4 14 22 8 13 9 -3 -10 12 -6 -8 17 -13 -9 -1 -7 -5 -4 -22 -2
right_child=1 6 20 19 11 18 7 16 10 -11 -12 15 -14 -15 -16 -17 -18 -19 -20 -21 21 -23 -24
leaf_value=0.013713749593070125 0.0063659480049179295 0.0050857719741515981 0.010604051689771318 0.014237050325452406 -0.0021250111934955221 0.010823615027973976 0.00520642208177673 -0.0049262396654737063 0.00071294714590629076 -0.0037563347804054474 0.015496449869093222 0.034753029919958399 -0.010278943141984877 0.00032010665270924095 -0.018025900622076093 0.00073369571473202934 0.00079679315703715115 0.0023887867558809377 0.025623878494771324 -0.012109024380060091 -6.4571750359783344e-05 -0.017812329567863643 -0.023421683917329277
leaf_weight=711.66339109092951 105.28295199200511 4766.5757574420422 246.21662598848343 639.93974432721734 25149.770740594715 556.92848768644035 11629.888407693245 3919.1586814709008 25800.129540935159 22402.679938907735 471.03756824880838 127.19724889099598 1625.9917534999549 5788.7349223122001 177.08709716796875 182.47976185381413 5647.0272504389286 2610.4210856929421 600.32087520696223 76.318287955597043 616.88945705071092 212.23089235275984 89.223503857851028
leaf_count=4271 650 36240 1172 6178 154176 6331 67144 18564 125031 149395 2120 541 10398 39006 866 767 34544 12319 6351 633 3599 1215 517
internal_value=-0.00010782 0.000389153 0.00774197 -0.00142339 -0.00172452 0.0147994 0.000167009 0.00176396 -0.000639317 -0.00220463 0.000979363 -0.00242 -0.00262109 0.00358306 0.00365572 0.0148562 -0.00154789 0.00482314 0.0185365 0.011397 -0.00113596 -0.00464543 -0.00737202
internal_weight=114153 82852.3 2427.09 31300.9 30584.6 1351.76 80425.2 26984.8 53440.4 27169.3 26271.2 27085.4 26775.8 17418.6 3499.17 309.677 9566.19 3322.08 1157.25 716.258 1075.34 829.12 194.506
internal_count=682028 491879 19835 190149 183338 13849 472044 159258 312786 185635 127151 165882 164574 106150 17456 1308 53108 16590 12682 6811 5986 4814 1167
is_linear=0
shrinkage=0.05


Tree=159
num_leaves=24
num_cat=0
split_feature=10 24 23 6 0 24 8 8 2 6 24 2 7 8 2 24 20 9 22 8 8 2 24
split_gain=27.9053 44.109 27.3745 28.5016 21.1457 46.7103 86.3683 51.3667 29.4916 27.0313 18.8298 18.7651 18.0927 15.1176 35.8627 52.3215 22.3993 16.244 15.2741 14.9376 13.8248 5.54627 2.11079
threshold=0.36382843469281584 -0.92015753819616475 -3.8713000000000575 2.8837778059451682e-06 -1.592409804018757e-07 -0.062659331448037162 0.021567981199028381 0.49999187652315197 -1.5968906641461442e-07 5.0182540206539652e-05 -0.15500069009022402 8.4592160987106993e-05 1.1831098842472531e-05 0.054331066569650345 -1.5844134271247865e-07 2.0022517389562924 -0.77790693588773829 0.50000000000011846 3.3268650000000517 0.00031002678849327206 1.0000000180025095e-35 0.00015772104095024278 -1.0873869704465644
decision_type=2 2 2 2 2 2 2 2 2 2 2 2 2 2 2 2 2 2 2 2 2 2 2
left_child=1 12 3 -2 8 7 -7 -6 10 -10 -4 20 22 14 19 -16 17 -15 -18 -3 -5 -13 -1
right_child=2 13 4 11 5 6 -8 -9 9 -11 -12 21 -14 16 15 -17 18 -19 -20 -21 -22 -23 -24
leaf_value=0.020576567531672352 -0.022192547743552518 0.0016907912335180294 0.0082474354379818236 0.013966633741331211 0.0019316043751135764 -0.0068417693050782206 0.0042794832322090443 -0.0010200927023303269 -0.017282649164965389 -0.0017613887994479636 -0.0021240018361018283 -0.014303605249639112 -0.00045372683069907853 -0.0018751049060776019 -0.0059071115420406247 -0.039216030170904664 0.0028925088048613106 -0.01109865241882845 -0.01802275140770207 -0.0046290234472218632 0.0050601456450686984 0 0.032655780334607941
leaf_weight=98.630354950204492 93.596091130748391 2839.964293224737 487.65926707535982 528.81859284639359 20475.149898665026 2004.4446594137698 13429.546657211147 52597.193867312744 599.89326433464885 527.76179809868336 4110.0265802666545 132.75092732161283 91.334566880017519 3586.7695000823587 4320.9331679372117 119.35502290539443 3359.6394006572664 549.37172157131135 87.58803866058588 1391.2411380819976 2491.1953992471099 135.72100365161896 88.178540447726846
leaf_count=808 690 14357 2343 2443 126700 17980 97704 296279 3379 2239 24701 591 461 21331 24459 761 19434 3502 406 8178 12306 591 701
internal_value=-1.8606e-05 -0.00191811 0.000303098 0.0047215 0.000144367 0.000334942 0.00283412 -0.000192917 -0.00279989 -0.0100388 -0.00101975 0.00550207 0.0177521 -0.00225715 -0.00368298 -0.00682083 -0.000625527 -0.00310618 0.0023495 -0.000387219 0.00662958 -0.00711793 0.0265903
internal_weight=114147 16533 97613.8 3382.08 94231.7 88506.3 15434 73072.3 5725.34 1127.66 4597.69 3288.49 278.143 16254.9 8671.49 4440.29 7583.37 4136.14 3447.23 4231.21 3020.01 268.472 186.809
internal_count=682344 94398 587946 16621 571325 538663 115684 422979 32662 5618 27044 15931 1970 92428 47755 25220 44673 24833 19840 22535 14749 1182 1509
is_linear=0
shrinkage=0.05


Tree=160
num_leaves=24
num_cat=0
split_feature=9 18 8 7 24 4 17 19 15 7 18 7 17 4 18 7 14 4 17 6 1 18 8
split_gain=23.9058 45.9428 25.5869 80.9739 88.0682 65.4981 57.9703 51.2349 46.4223 113.586 248.293 84.3103 66.4091 54.2971 42.9864 29.8279 25.6779 21.8513 17.7837 15.2953 12.635 28.3236 11.1927
threshold=0.14814078590182309 -4.6772035331505739 0.99999747274353923 8.9508392860915688e-06 1.2929352770229086 1.5417752852187053e-07 -0.36151474138751016 -0.92777453259691789 0.99909049549158435 1.8929129932362007e-05 -9.0715244949649207 6.9355411820753449e-06 -0.41464924248669111 1.539842662268143e-07 -3.9951329489978407 5.0556103580442768e-05 1.6007202664488138e-05 -0.00022269233372629313 -0.15714388732235829 5.1133745179503186e-05 -4.7803690303993554e-06 -1.6332440433883544 1.0000000180025095e-35
decision_type=2 2 2 2 2 2 2 2 2 2 2 2 2 2 2 2 2 2 2 2 2 2 2
left_child=1 18 8 4 5 -4 15 -8 9 10 -2 13 -11 -10 -13 -5 -6 19 -1 -3 22 -22 -19
right_child=2 17 3 6 16 -7 7 -9 11 12 -12 14 -14 -15 -16 -17 -18 20 -20 -21 21 -23 -24
leaf_value=0.0012339529516293703 -0.0013321950810097659 -0.0052800686117857633 -0.013341229576629577 0.0025494139812578193 0.017996304939073744 -0.0025600388424270011 -0.011700042863704348 -0.00061881444006597821 -0.017527128403402727 -0.0059125769332664469 0.0079914731318259154 -0.0036206058762854724 9.4111520229029635e-05 -0.0022196922873344068 0.0017855385280438657 0.011327657614772474 -0.012855530664849978 0.00051346272646737238 0.025545375671092219 0.008350579926094023 -0.0084841944933239013 -0.024974906256625393 -0.010289296065039298
leaf_weight=2151.3942068368196 14060.679974743165 624.79783667623997 2945.4325965885073 4206.5082576461136 440.20864186063409 2703.3735977355391 1114.3953947462142 15920.513483785093 1290.2673996631056 5483.6750120595098 14503.832718188874 6306.3729780130088 28538.477594666183 1052.712747881189 8812.4102976061404 1256.5923755913973 77.903194591403008 423.50177930295467 75.997954018414021 304.34397675096989 927.27294832374901 363.1370311351493 547.62240062654018
leaf_count=11276 89492 3512 30184 21710 3509 19267 7496 85449 12651 25892 115722 33853 146067 8326 47046 5477 673 2502 514 1363 5216 1997 3400
internal_value=-0.000179222 -0.00342004 -1.76003e-05 -0.00129945 -0.00637426 -0.00818525 9.18301e-05 -0.00134531 0.000441381 0.00107744 0.00340202 -0.00183795 -0.000874187 -0.0106593 -0.000469332 0.00457286 0.0133162 -0.00726554 0.00208787 -0.000801581 -0.00991597 -0.0131602 -0.00558176
internal_weight=114131 5418.07 108713 28664.9 6166.92 5648.81 22498 17034.9 80048.4 62586.7 28564.5 17461.8 34022.2 2342.98 15118.8 5463.1 518.112 3190.68 2227.39 929.142 2261.53 1290.41 971.124
internal_count=682594 29780 652814 173765 53633 49451 120132 92945 479049 377173 205214 101876 171959 20977 80899 27187 4182 17990 11790 4875 13115 7213 5902
is_linear=0
shrinkage=0.05


Tree=161
num_leaves=24
num_cat=0
split_feature=10 24 4 3 2 3 7 24 4 2 3 7 4 24 7 4 7 0 2 2 2 2 1
split_gain=29.5345 77.0031 140.131 103.059 61.8899 33.4317 125.79 115.607 192.482 94.3501 47.4191 46.9664 82.6954 39.1875 30.7795 28.1131 26.971 116.362 84.7261 28.9925 53.5308 26.3896 20.4879
threshold=0.4709468343579663 -0.8054772284426398 1.0000000180025095e-35 1.0000000180025095e-35 1.0000000180025095e-35 -1.0000000180025095e-35 9.655431572042366e-08 -0.83102663398003118 -1.0000000180025095e-35 -1.0000000180025095e-35 -1.5436863254336683e-07 9.1658218375892002e-08 -1.5374359474407126e-07 -0.45222385980283109 2.0247404993161373e-05 7.6512693400587764e-05 4.0548062694072702e-07 1.5327700175760131e-07 1.0000000180025095e-35 -5.19722259735289e-05 -1.5395496433256992e-07 7.794204802813455e-05 -1.0000000180025095e-35
decision_type=2 2 2 2 2 2 2 2 2 2 2 2 2 2 2 2 2 2 2 2 2 2 2
left_child=1 2 3 4 -1 6 13 8 -7 -10 14 12 -9 -2 -8 -4 17 18 -3 -18 -21 -13 -12
right_child=5 16 15 -5 -6 7 10 11 9 -11 22 21 -14 -15 -16 -17 19 -19 -20 20 -22 -23 -24
leaf_value=0.026711618475282146 0.034239990412465358 0.009894952496976115 -0.033444928795516894 -0.029523785027798 -0.013841484688576988 0.029330616553617905 -0.0016507141849571067 0.021598377136433058 0.019612212524378836 -0.022131228988539711 0.005817157690682865 0.0012859507854207689 -0.0090098957881406035 0.01244910030430034 0.0024962251355872831 0.0021792626365336092 0.00069384434517094228 -0.021620994635459884 -0.019571647672035911 -0.0057261908965986225 -0.0010510657136405042 -0.0017617309786945581 0.022607227331465848
leaf_weight=937.65056781563908 333.76083513256162 2372.5607646163553 180.19601378310472 102.22169931977987 103.15209088474512 240.96219408884645 6941.3782257549465 241.44443728588521 147.18763326853514 1492.4079300016165 377.87721414677799 39927.481023328379 2358.5846499893814 548.55032439064234 12578.255968146026 78.862229749560356 8323.9237999096513 412.51134763751179 269.9160458529368 9400.585359049961 17567.340892767534 8636.7528451606631 353.21570267155766
leaf_count=6548 4428 22788 1812 821 679 1822 47074 3112 1064 10429 3965 229939 23039 8965 63495 333 42710 7219 3925 51540 99370 44158 2688
internal_value=2.60261e-05 -0.00107365 0.0104266 0.0179534 0.0226688 0.00061538 0.002297 -5.45439e-05 -0.0122232 -0.0183615 0.00149051 0.000393083 -0.00615121 0.0207566 0.00102126 -0.0226475 -0.00149479 0.00301021 0.00687067 -0.00188505 -0.00268123 0.000743792 0.0139754
internal_weight=113927 39748.9 1402.08 1143.02 1040.8 74177.9 21133 53044.8 1880.56 1639.6 20250.7 51164.3 2600.03 882.311 19519.6 259.058 38346.8 3054.99 2642.48 35291.9 26967.9 48564.2 731.093
internal_count=681923 237745 10193 8048 7227 444178 130615 313563 13315 11493 117222 300248 26151 13393 110569 2145 227552 33932 26713 193620 150910 274097 6653
is_linear=0
shrinkage=0.05


Tree=162
num_leaves=24
num_cat=0
split_feature=23 6 21 8 6 16 7 10 21 10 18 23 6 1 20 22 21 7 7 3 6 4 22
split_gain=30.745 46.2365 38.2033 29.6244 36.8783 32.1551 28.0514 26.723 23.8656 24.0014 23.8544 23.8537 55.7247 27.8037 19.8241 19.1342 17.8523 17.6203 15.7434 13.9694 13.2381 12.0058 9.83432
threshold=2.8316049999999273 7.0826150834730678e-07 0.66099823723654605 0.99731521062811324 7.0970925776177463e-08 -0.3587073377306661 1.5877235685372688e-05 0.78267150196072566 -0.021106023254275161 0.54558091748672433 -6.2373683555615829 -3.3837300000000536 1.0997135593785847e-07 -1.5447355394826443e-07 0.45806753687919122 0.061000000000019657 -0.33523493766695162 4.8985583695222337e-05 8.37042295562845e-06 -1.5337139824822541e-07 1.1690048236551916e-05 0.00084784534716852999 1.6102800000000477
decision_type=2 2 2 2 2 2 2 2 2 2 2 2 2 2 2 2 2 2 2 2 2 2 2
left_child=2 18 7 4 19 15 -6 11 -3 21 -7 12 -1 -13 -11 -5 17 -9 22 -4 -18 -10 -2
right_child=1 8 3 5 6 10 -8 16 9 14 -12 13 -14 -15 -16 -17 20 -19 -20 -21 -22 -23 -24
leaf_value=-0.029682828261887052 0.014740399730167107 0.0086643503952984393 0.0056260610127867481 0.010884091976697619 0.0068462753751491736 -0.0067032800230394391 0.002098767812850154 0.0094601487758239743 -0.007519097972965222 0.0093806560044615555 9.862768521069293e-05 -0.0020092290918212077 0.0032672798815935461 7.754760818195187e-05 -0.0030588721293417225 0.00096366579279446836 -0.003103450573831048 0.035852061246876447 -0.0022152659217687001 -0.016402193736134465 0.0058465105374246621 -0.022400430925486253 0.036699421698988662
leaf_weight=128.95553152449429 145.78891464229673 391.79267626255751 92.475154073908925 876.04713617637753 5493.7554511893541 1845.290710888803 7187.8086419217288 351.59889814071357 1947.402409940958 336.08736717328429 4260.1050514476374 23085.087632928044 6331.0180419683456 51707.96577642113 6049.0237916465849 1092.4905950706452 601.07367694750428 76.19324092566967 84.45339022949338 305.3068785816431 1308.5565405711532 144.8740057349205 82.14974869415164
leaf_count=953 1066 1832 1278 4640 41752 10103 40512 1915 9579 1487 23766 138668 31270 324151 30199 4972 3766 347 498 2061 6486 622 505
internal_value=7.41533e-05 -0.00269976 0.000317402 0.00221553 0.00368549 -0.000165439 0.00415658 -0.000162917 -0.0033675 -0.00392606 -0.00195788 -0.000314659 0.00259976 -0.000566512 -0.00240059 0.0053876 0.00510556 0.0143174 0.0161429 -0.0112661 0.00302651 -0.00857231 0.0229266
internal_weight=113925 9181.57 104744 21153.3 13079.3 8073.93 12681.6 83590.4 8869.18 8477.39 6105.4 81253 6459.97 74793.1 6385.11 1968.54 2337.42 427.792 312.392 397.782 1909.63 2092.28 227.939
internal_count=682428 45788 636640 129084 85603 43481 82264 507556 43719 41887 33869 495042 32223 462819 31686 9612 12514 2262 2069 3339 10252 10201 1571
is_linear=0
shrinkage=0.05


Tree=163
num_leaves=24
num_cat=0
split_feature=15 7 4 11 7 1 2 1 7 2 2 11 10 10 4 4 6 2 8 4 20 14 7
split_gain=23.4666 86.5628 70.0124 60.3615 161.614 91.2333 55.9961 52.2815 93.2146 46.0043 37.7889 35.9085 33.8119 30.744 30.4662 234.164 118.583 69.4421 44.5328 43.4469 27.664 27.5901 78.8644
threshold=0.9991624784746389 1.2014013295867151e-05 1.539842662268143e-07 0.99906759886509777 1.0497928309185486e-05 -1.0000000180025095e-35 1.5392265240166128e-07 -1.5385370399911833e-07 4.3606175290938498e-05 -1.5427858457428553e-07 -1.0727219741823999e-05 0.99750000000040029 0.76590114351988636 0.43468233849637 -1.592452543164313e-07 -1.5827219890240937e-07 1.4188556986959591e-05 -1.5877322923074641e-07 1.0000000180025095e-35 -1.5348642801171761e-07 0.44708441480500383 1.60309101800088e-07 7.2835825761634692e-05
decision_type=2 2 2 2 2 2 2 2 2 2 2 2 2 2 2 2 2 2 2 2 2 2 2
left_child=3 2 6 14 5 13 20 10 -9 -7 -6 -3 -4 -5 16 17 18 -16 -1 -17 -2 22 -13
right_child=1 11 12 4 7 9 -8 8 -10 -11 -12 21 -14 -15 15 19 -18 -19 -20 -21 -22 -23 -24
leaf_value=-0.0013814872321783094 -0.025820103031700244 0.0045367173169595506 -0.0046945088837647905 -0.0043986404623011762 0.00091784235423977834 0.0082918095004615548 -0.001125304248739414 0.0099637821862969683 -0.0060489667393660495 0.028872035558341454 -0.0057425084061622916 -0.0046314445562240713 0.012021721160831687 0.010283059979975383 -0.019132743577368799 0.0062062509318380268 0.00065809595962119287 0.03000748931699547 -0.0085406158255128834 -0.00033887831910818815 -0.010894455491848427 0.0015513218430116553 0.014649713726207795
leaf_weight=3320.1416243202984 866.12702378816903 3584.1029121726751 1912.3814006559551 520.69276598840952 6470.9979768246412 379.3885590583086 519.52586584538221 3119.654190402478 1280.161140486598 978.90669423155487 3171.4114740528166 6783.9388356283307 357.21623213589191 1120.2622555578128 77.274160547181964 2694.4351872261614 20523.567030109465 824.38459443114698 6295.3492136225104 42473.937120581977 492.65340602956712 5517.5699168592691 573.26484160870314
leaf_count=16688 9197 18040 14065 3797 34951 3200 5326 17107 5752 7019 18990 36212 2223 12150 831 25201 101514 10295 38713 261645 3329 33241 2458
internal_value=1.15265e-05 -0.00151533 -0.00796878 0.000349015 0.00303899 0.0135708 -0.0151044 0.000787554 0.00530298 0.023148 -0.00127298 0.000111509 -0.00205304 0.00562167 -0.000252501 0.000556011 -0.0014885 0.0257575 -0.00606995 5.1706e-05 -0.0204361 -0.00112051 -0.00312483
internal_weight=113857 20606.8 4147.9 93250.6 17041.5 2999.25 1878.31 14042.2 4399.82 1358.3 9642.41 16458.9 2269.6 1640.96 76209.1 46070 30139.1 901.659 9615.49 45168.4 1358.78 12874.8 7357.2
internal_count=681944 124091 34140 557853 102966 26166 17852 76800 22859 10219 53941 89951 16288 15947 454887 297972 156915 11126 55401 286846 12526 71911 38670
is_linear=0
shrinkage=0.05


Tree=164
num_leaves=24
num_cat=0
split_feature=9 15 7 11 7 3 4 8 0 15 2 11 14 19 8 17 14 18 7 5 7 5 5
split_gain=30.6579 22.3127 83.3613 63.7322 148.591 86.736 63.4461 51.2457 38.7392 55.1225 34.1468 33.3199 36.5915 21.1437 18.093 17.8276 20.0007 16.1429 14.2161 12.9432 11.5741 9.68102 8.05792
threshold=0.97927318873139779 0.99860529714728574 6.9355411820753449e-06 0.99810245996043867 1.1643451422436409e-05 -1.5436863254336683e-07 1.539842662268143e-07 0.049201523943791993 6.4576016720607768e-05 0.36648237139183909 1.5392265240166128e-07 0.99791775060733945 1.60309101800088e-07 -0.98040612441539599 0.98622616442112576 -0.1433891728568806 5.9972311281956016e-05 -4.386436423790907 6.7188564598005485e-06 2.0332371598446427e-06 1.1390620567408091e-06 4.1286775364372091e-05 8.808665674492553e-08
decision_type=2 2 2 2 2 2 2 2 2 2 2 2 2 2 2 2 2 2 2 2 2 2 2
left_child=1 3 6 8 5 -5 10 -6 9 -1 -3 13 -13 -4 -10 18 20 -8 -2 -20 22 -22 -17
right_child=15 2 11 4 7 -7 17 -9 14 -11 -12 12 -14 -15 -16 16 -18 -19 19 -21 21 -23 -24
leaf_value=-0.00041615502325339192 -0.0095945914086675785 -0.023002854100787482 -0.019511833863380141 0.0046877577818114843 -0.0025135329951056621 0.02099702468804605 -0.008334348334495284 0.003532735823788553 -0.032847578130697712 0.015501264441055713 -0.00390259078047404 -0.0036672163153746587 0.0016233831580692009 0.0043258824323088923 -0.0040659100979511921 0.01256751693818064 -0.0043458377730347126 0.0037263420644414592 0.013358962384317712 0.0012135195441965374 0.0079505943250798555 0.022931479818771579 0.035204842954940217
leaf_weight=72955.304516081698 237.14069259725511 925.14934365823865 93.374092623591423 1681.4655482228845 6430.6911743953824 1584.906885785982 504.73949250020087 7695.7126554772258 131.09747752547264 545.97982553392649 315.12684454768896 8124.5562784206122 5463.6753461360931 3744.8335635624826 94.395145885646343 79.96371278911829 214.25419399142265 610.77517390809953 271.2203451488167 1121.6059671938419 780.0846256185323 124.90917134284973 84.566755287349224
leaf_count=438427 1512 9377 641 13186 35622 14491 4414 40922 595 3497 3736 44007 33244 19108 484 448 1251 4721 1375 5351 4704 630 568
internal_value=8.35559e-05 -4.94571e-05 -0.00157151 0.000280956 0.00300333 0.0126109 -0.0103952 0.000780003 -0.000361271 -0.000297431 -0.018168 -0.000377344 -0.00153963 0.00373481 -0.0209627 0.00514452 0.0095476 -0.00173146 0.00166609 0.00359791 0.0123384 0.0100698 0.0245159
internal_weight=113816 110902 19782.2 91119.6 17392.8 3266.37 2355.79 14126.4 73726.8 73501.3 1240.28 17426.4 13588.2 3838.21 225.493 2913.75 1283.78 1115.51 1629.97 1392.83 1069.52 904.994 164.53
internal_count=682311 666472 119248 547224 104221 27677 22248 76544 443003 441924 13113 97000 77251 19749 1079 15839 7601 9135 8238 6726 6350 5334 1016
is_linear=0
shrinkage=0.05


Tree=165
num_leaves=24
num_cat=0
split_feature=1 9 18 1 1 18 1 2 1 2 0 18 0 2 18 2 18 9 7 24 18 21 0
split_gain=27.9174 44.2848 243.805 204.347 196.392 169.789 483.609 140.51 98.5558 56.6034 49.2817 41.4697 55.7259 37.1564 111.514 169.807 65.4865 59.7389 49.9615 40.9114 37.3569 34.0019 29.9824
threshold=-1.5434588895857357e-07 0.49989680869034436 -18.599018208778869 2.6496638305673063e-06 -1.0000000180025095e-35 -18.599018208778869 1.0000000180025095e-35 1.0000000180025095e-35 1.5985942525276189e-07 4.9053959982892088e-05 -1.5354810489753842e-07 -2.5018290308337074 1.0000000180025095e-35 -1.0727219741823999e-05 -9.3745923936566431 -1.5331284952679877e-07 -9.1626852725285648 0.40000000000000829 3.1355137007903117e-05 -0.30899189846273684 -9.2630206192495397 -0.88004501671319524 1.603874331124189e-07
decision_type=2 2 2 2 2 2 2 2 2 2 2 2 2 2 2 2 2 2 2 2 2 2 2
left_child=13 5 3 4 -3 6 7 -2 -8 10 -4 12 -7 22 15 19 20 -18 -17 -15 -16 -13 -1
right_child=1 2 9 -5 -6 11 8 -9 -10 -11 -12 21 -14 14 16 18 17 -19 -20 -21 -22 -23 -24
leaf_value=-9.9935128404255139e-06 0.018132307026958252 0.023952950558531912 0.008494955401519658 0.010601943524516058 -0.010510859684028689 0.0025776415481711789 -0.01995921018141094 -0.010731584393907602 0.014273018135830881 -0.0016765441607004159 0.0018513330002008057 -0.01680669484380052 -0.0037976044178410582 -0.01072145911384453 -0.0016380942393886787 0.021371473832225645 -0.011261195541132737 -0.0027839081954236346 -0.00057358665563181181 0.0071973067352064327 -0.04443187711236328 -0.0030297452539211557 0.014692202780951812
leaf_weight=16596.188722234219 5107.5133175393566 429.05006671138108 3101.3191773034632 1501.2708641141653 10113.188918447122 12641.404193630442 1423.8212056607008 458.041738525033 244.97351355850697 10865.575487587601 27851.125985156745 515.52849918138236 4700.2771931197494 1235.8981256177649 74.009618705138564 1242.461626842618 2795.1607555169612 8103.9485401604325 326.95771680027246 426.99078060872853 164.94665115326643 3352.7817339748144 352.15663516521454
leaf_count=87809 27915 3403 23143 7408 54802 80451 9431 2232 1232 56536 168218 2935 34888 10493 565 7774 17458 59450 1554 2966 1073 18176 1496
internal_value=-1.81615e-05 0.000465253 -0.000377506 -0.00664537 -0.00910349 0.00206117 0.00867455 0.0157529 -0.01492 0.00142774 0.00251767 -0.000194904 0.000849172 -0.00128869 -0.00315884 0.0050143 -0.00553164 -0.0049601 0.0168016 -0.00611422 -0.0313221 -0.00487482 0.000296895
internal_weight=113625 82305.9 53861.5 12043.5 10542.2 28444.3 7234.35 5565.56 1668.79 41818 30952.4 21210 17341.7 31318.7 14370.4 3232.31 11138.1 10899.1 1569.42 1662.89 238.956 3868.31 16948.3
internal_count=681408 490770 313510 65613 58205 177260 40810 30147 10663 247897 191361 136450 115339 190638 101333 22787 78546 76908 9328 13459 1638 21111 89305
is_linear=0
shrinkage=0.05


Tree=166
num_leaves=24
num_cat=0
split_feature=22 23 19 1 1 7 7 17 23 18 5 3 5 2 8 17 1 3 19 7 17 21 18
split_gain=21.0299 32.9004 29.5139 25.4247 24.3547 29.8641 25.5291 23.3417 24.0317 47.4657 30.5781 20.9102 76.1722 31.6545 28.2286 27.6729 20.6731 19.6555 19.5654 18.6071 16.5228 16.4342 16.067
threshold=-0.011594999999956673 0.33118499999994305 -0.8209213788609987 -8.3190008886901965e-05 1.0000000180025095e-35 1.2191213474402014e-05 2.8195673548355857e-06 -0.58195039341174315 0.025859999999964908 -18.599018208778869 2.4591955956466132e-05 9.4562940953224501e-06 1.1146867520133517e-05 -4.6728920503724673e-05 1.0000000180025095e-35 -0.16340026627156901 -1.559411026974544e-07 1.5825381538547847e-07 -0.99999999996584377 9.4717387233212219e-05 0.56910803712478353 -0.57400354186418456 -9.2630206192495397
decision_type=2 2 2 2 2 2 2 2 2 2 2 2 2 2 2 2 2 2 2 2 2 2 2
left_child=1 11 4 19 5 22 -6 21 9 -9 -10 13 -13 14 -1 -14 20 -15 -7 -3 -5 -4 -2
right_child=2 3 7 16 6 18 -8 8 10 -11 -12 12 15 17 -16 -17 -18 -19 -20 -21 -22 -23 -24
leaf_value=0.0052865817860681058 0.019525077869316669 0.00050395265728604189 0.012931721916852905 -0.011935550762990651 -0.033572003479595172 -0.0091001860938176287 0.00055623122963249934 -0.0045128419891782437 0.0021044118098403025 0.00055429479380604736 -0.00069723688215529744 0.014296641766994557 0.0021728957140212824 -0.0016208287883222588 -0.00016607156609611937 -0.008788666514731475 -0.0035477713577955769 -0.010656718684966961 0.0061252218811844589 0.020684940898494077 0.0063429771329268888 -0.0069280387326824885 0.0069130296533285928
leaf_weight=3267.9106921479106 571.87215345259756 729.15362770110369 109.77215734496713 1441.0268891900778 68.275416454300284 287.78126253932714 247.25134025141597 6410.735749701038 28324.155090812594 16541.344421757385 14837.701618608087 1091.7864190787077 1753.3936803340912 20977.587136549875 8653.449849743396 854.61385996639729 3762.6668582912534 617.95133320149034 773.47898772358894 133.58340476453304 133.61913555115461 1533.0157552100718 459.63528526388109
leaf_count=16056 5177 3400 760 7588 1036 1751 1611 39307 177165 113921 72237 5859 8278 134209 45978 4320 18928 4952 4407 571 782 8791 4857
internal_value=-4.20586e-05 -0.000906976 0.000493074 -0.00427863 0.00593018 0.00788351 -0.00697782 0.000299579 0.000446009 -0.000861057 0.00114119 -0.000344947 0.00322094 -0.000738889 0.00132884 -0.00142115 -0.00556612 -0.00188058 0.0019825 0.00367511 -0.0103752 -0.00558385 0.0139343
internal_weight=113582 43416.7 70165 6200.05 2408.29 2092.77 315.527 67756.7 66113.9 22952.1 43161.9 37216.7 3699.79 33516.9 11921.4 2608.01 5337.31 21595.5 1061.26 862.737 1574.65 1642.79 1031.51
internal_count=681941 250921 431020 31269 18839 16192 2647 412181 402630 153228 249402 219652 18457 201195 62034 12598 27298 139161 6158 3971 8370 9551 10034
is_linear=0
shrinkage=0.05


Tree=167
num_leaves=24
num_cat=0
split_feature=4 8 2 2 7 24 8 7 24 2 18 2 0 0 9 24 1 15 20 19 16 16 4
split_gain=22.9568 33.03 29.9788 81.5203 65.4855 52.9543 50.1622 91.8155 65.4471 61.2412 163.786 132.531 46.7208 67.6077 58.8646 36.5149 25.8588 23.249 23.2875 21.6716 16.203 11.9359 11.5346
threshold=0.00045049226433491191 0.97273512482999747 1.5435433553534497e-07 1.0000000180025095e-35 1.0150119298696187e-05 2.7067657321251199 1.0000000180025095e-35 3.5259225466111949e-05 -0.12555296108995825 1.5823389443170302e-07 -18.599018208778869 1.5876828829419767e-07 1.0000000180025095e-35 1.5933845176618891e-07 0.59978135153057444 -0.58275683788385202 -6.3182166845976426e-05 0.99919610823342608 0.93740739289016795 -0.61726751921097245 -0.35326631732192931 -0.43002789546575021 0.00047083899734268192
decision_type=2 2 2 2 2 2 2 2 2 2 2 2 2 2 2 2 2 2 2 2 2 2 2
left_child=2 16 3 12 5 -5 7 8 -4 10 -8 -11 14 -14 -1 -9 -2 18 -18 -6 -19 -3 -23
right_child=1 21 6 4 19 -7 9 15 -10 11 -12 -13 13 -15 -16 -17 17 20 -20 -21 -22 22 -24
leaf_value=0.0013829979753057116 0.0058315683252904357 0.0086368526759844806 0.019916691957577795 -0.018280107383248305 -0.013275216812784776 0.039384275532826696 -0.0074604031846584725 -0.017961822398793757 -0.036719395299275433 -0.015049171592345612 0.0086717026663902432 0.00058759546210904298 -0.0051346645204125808 0.0090474281619706571 -0.001916275998298225 0.0033230597983028086 -0.013258170840375194 0.0064510339054517285 0.0016756038061956056 0.0018224926498095076 -0.0076320415643276436 -0.013877297442721558 0.0011111886161846503
leaf_weight=46730.659679128788 380.84142160415649 491.98343729227781 1216.0859891213477 1321.7142460299656 297.32184471562505 39.169921316206455 2106.4750104658306 281.06412602961063 51.387650266289711 1453.3205271018669 6197.508458500728 19666.385057024658 7441.3066798727959 945.2236070856452 19019.753950267099 696.93029852956533 1677.4792022705078 388.97701485455036 307.91122633963823 1151.3566380403936 425.45876302570105 140.49013555049896 1290.7399022951722
leaf_count=278276 1645 2117 9609 14720 2026 390 12899 1267 273 14659 39976 104190 49991 4403 116672 3429 7704 1662 1540 6563 1927 699 6086
internal_value=4.20586e-05 -0.00323442 0.000196124 -0.000336738 -0.00869366 -0.0165613 0.00149092 0.00869117 0.0175623 0.000940705 0.00457805 -0.000489511 -1.97427e-05 -0.00353387 0.000428505 -0.00281304 -0.00636106 -0.00802431 -0.0109402 -0.00128669 -0.000900471 0.00193514 -0.000373911
internal_weight=113720 5103.88 108616 76946.5 2809.56 1360.88 31669.2 2245.47 1267.47 29423.7 8303.98 21119.7 74136.9 8386.53 65750.4 977.994 3180.67 2799.83 1985.39 1448.68 814.436 1923.21 1431.23
internal_count=682723 23380 659343 473041 23699 15110 186302 14578 9882 171724 52875 118849 449342 54394 394948 4696 14478 12833 9244 8589 3589 8902 6785
is_linear=0
shrinkage=0.05


Tree=168
num_leaves=24
num_cat=0
split_feature=1 22 9 18 3 18 1 1 3 1 18 2 18 7 1 22 19 7 24 18 9 24 23
split_gain=27.9167 42.3348 37.2873 222.902 163.204 158.272 421.204 151.261 122.013 92.0615 62.7136 49.1915 44.4392 46.3786 35.9204 34.8725 34.5214 41.2977 28.6062 24.7364 24.46 23.1639 20.6558
threshold=-1.5434588895857357e-07 -2.2836849999999864 0.49989680869034436 -9.2630206192495397 1.5895487770478669e-07 -18.599018208778869 1.0000000180025095e-35 -1.0000000180025095e-35 -4.8552619018593637e-06 1.5985942525276189e-07 -9.1626852725285648 5.1767245283329551e-05 -2.52566614820168 1.5129310074186357e-05 -1.5527950303351187e-07 -1.7666199999999834 0.81341745973819879 4.0384902549475374e-05 -0.34162445848150608 -4.5157867292995455 0.55679408809613007 -0.95420078538519892 0.058549999999967302
decision_type=2 2 2 2 2 2 2 2 2 2 2 2 2 2 2 2 2 2 2 2 2 2 2
left_child=1 -1 5 4 7 6 8 -4 -2 -8 20 -12 13 -7 16 -14 21 -18 -6 -16 -5 -3 -21
right_child=2 14 3 10 18 12 9 -9 -10 -11 11 -13 15 -15 19 -17 17 -19 -20 22 -22 -23 -24
leaf_value=0.0046272282671288292 0.0027341071318201034 0.014466691948679425 0.021510316551538736 -0.0063711346164217449 0.0042067559838186407 0.0040231242350902306 -0.018639456460687896 -0.011922614916784938 0.019470588739142786 0.014426304670926753 0.0022999812124789593 -0.0016782443689218785 -0.019032674300123786 -0.0012462725773472419 -0.0048353238708056532 -0.0033978437970146598 0.0070966235957310277 -0.0084768331977527183 -0.0041743161518673286 -0.010462432074682245 0.021747816602607165 -0.0020871237417182725 -0.031297774760060869
leaf_weight=2806.1477231793106 1489.088125616312 211.18460524175316 352.22051442041993 89.834773624315858 3057.9217819049954 7061.2882411777973 1411.3163689468056 7581.3268647072837 4065.6532476199791 245.64657732099295 30387.977995265275 10436.891388248652 395.0190570410341 10210.898654438555 1337.8169503603131 3544.7967666564509 2161.215516326949 527.93686997890472 1523.4770624861121 357.19244529679418 511.06346563622355 23696.936962158419 179.94264534674585
leaf_count=13837 6307 2179 3003 627 13946 61110 9451 45316 23992 1238 187361 54379 1988 54009 8406 19546 18232 2639 6944 1928 2902 141991 1204
internal_value=4.20274e-05 -0.00122956 0.000524999 -0.000247186 -0.00609447 0.00199049 0.00838828 -0.0104326 0.0149875 -0.0137229 0.0015194 0.00128279 -0.000184989 0.000907911 -0.00180725 -0.00497557 -0.00133516 0.00403334 0.00141806 -0.00849296 0.0175285 -0.00193949 -0.0175418
internal_weight=113643 31278.4 82364.4 53940.7 12514.9 28423.7 7211.7 7933.55 5554.74 1656.96 41425.8 40824.9 21212 17272.2 28472.2 3939.82 26597.3 2689.15 4581.4 1874.95 600.898 23908.1 537.135
internal_count=682535 190416 492119 314478 69209 177641 40988 48319 30299 10689 245269 241740 136653 115119 176579 21534 165041 20871 20890 11538 3529 144170 3132
is_linear=0
shrinkage=0.05


Tree=169
num_leaves=24
num_cat=0
split_feature=2 2 9 18 1 18 1 2 2 2 7 2 22 7 2 6 22 19 19 8 18 18 0
split_gain=22.2778 69.1294 47.4936 194.148 383.06 90.9248 396.876 211.716 54.3461 52.5758 50.2583 49.6853 49.1125 39.8141 38.5667 33.7326 33.0147 48.9854 42.0441 43.2038 31.5464 30.3134 26.4137
threshold=-1.5435607547686911e-07 -1.5526463936765819e-07 0.40025593269207033 -18.599018208778869 1.0000000180025095e-35 -9.2630206192495397 -1.0000000180025095e-35 1.596229957101514e-07 3.4779462688483427e-05 1.5425258581558412e-07 4.1397002473844335e-05 1.0000000180025095e-35 -1.6315149999999492 1.5129310074186357e-05 1.5399206798605294e-07 1.2117361718732354e-05 -0.63049499999996017 -0.25549825072234728 -0.88537558121586335 1.0000000180025095e-35 -18.599018208778869 -18.599018208778869 1.5933845176618891e-07
decision_type=2 2 2 2 2 2 2 2 2 2 2 2 2 2 2 2 2 2 2 2 2 2 2
left_child=1 16 3 4 11 6 10 -8 9 -7 -4 -2 15 -14 -6 -5 18 22 19 -1 -3 -19 -18
right_child=2 20 5 12 14 8 7 -9 -10 -11 -12 -13 13 -15 -16 -17 17 21 -20 -21 -22 -23 -24
leaf_value=0.0050448218077446382 0.023969644775480858 0.0013185641177264034 0.021561865576002273 -0.036437382048922239 -0.02665674067339005 0.00060920572547160578 -0.0098313745443886855 0.0054085694534109999 -0.0016294449329117497 0.0046991166456543639 -0.0066782379138144972 -0.0022147446252974577 0.0038931574560774809 -0.0021668330096384315 -0.0046369371417146086 -0.0052689675672895706 -0.0035467846844885846 0.0078146564123545165 0.0065523538902699588 -0.0028017856886177776 -0.015820112828389004 3.2212240289653886e-05 0.018941262000761891
leaf_weight=2609.5161132365465 2564.4455505907536 354.14852558635175 1593.2049316000193 147.74757998343557 451.5086073987186 21857.724988684058 10248.265961428173 2928.5528384447098 13890.567827902734 12269.725000422448 173.61255507171154 194.20794843882322 4813.8253344856203 6196.9793333858252 357.0184547714889 209.54888027533889 14446.296536805108 1527.1161126438528 3209.667938247323 5341.9397241789848 1097.6516347359866 6892.8711182689294 129.74506549537182
leaf_count=12965 14824 2259 11016 931 2934 141738 58196 13684 73064 76196 827 947 40672 32728 2542 1015 87350 10295 15484 29199 6941 45764 627
internal_value=7.44876e-05 -0.000961472 0.000548131 0.00308282 0.0132561 -5.3128e-05 -0.00345896 -0.00644361 0.00100679 0.00207997 0.0187797 0.0221242 -0.000110768 0.000482312 -0.0169751 -0.0183026 -0.000506802 -0.00158983 0.00172407 -0.000225429 -0.0116398 0.00144581 -0.0033437
internal_weight=113506 35609 77896.9 14935.3 3567.18 62961.7 14943.6 13176.8 48018 34127.4 1766.82 2758.65 11368.1 11010.8 808.527 357.296 34157.2 22996 11161.1 7951.46 1451.8 8419.99 14576
internal_count=682198 210884 471314 96593 21247 374721 83723 71880 290998 217934 11843 15771 75346 73400 5476 1946 201684 144036 57648 42164 9200 56059 87977
is_linear=0
shrinkage=0.05


Tree=170
num_leaves=24
num_cat=0
split_feature=1 9 7 4 3 7 1 0 3 8 24 7 14 24 24 22 8 7 24 1 7 4 7
split_gain=24.3388 42.5984 104.734 223.863 151.902 67.2268 199.504 147.197 59.8325 55.3502 55.0369 71.7036 71.6794 46.5531 38.8722 33.4142 30.6788 66.3389 41.649 90.113 55.7196 25.0265 24.117
threshold=-1.5434588895857357e-07 0.50000000000004263 1.0304756560007192e-07 -1.5374359474407126e-07 -1.536275657798569e-07 1.3652680960656694e-05 1.0000000180025095e-35 1.0000000180025095e-35 1.5402602127068124e-07 0.044622721971192957 -0.097352222978427522 1.4760329931318505e-05 1.9987006199888632e-05 -0.17504259502673425 -0.41195862782180698 -2.2836849999999864 0.99999747274353923 3.1060342262580505e-05 -0.074743509276266121 -1.5835949707110328e-07 3.3856777356996809e-05 -0.0001116083280612301 5.6560188713610826e-05
decision_type=2 2 2 2 2 2 2 2 2 2 2 2 2 2 2 2 2 2 2 2 2 2 2
left_child=15 5 3 14 -5 6 7 -2 -8 13 11 -4 -12 -7 -3 -1 18 21 20 -20 -17 -18 -19
right_child=1 2 10 4 -6 9 8 -9 -10 -11 12 -13 -14 -15 -16 16 17 22 19 -21 -22 -23 -24
leaf_value=0.0041374362848152066 0.010418446383636863 0.050973900511454041 -0.0039319739345021242 0.036828183293370918 -0.012912250790923861 -0.0018260028693390822 -0.014194050068516172 -0.014310720098929664 0.00096022234677278935 0.0022599724235584087 0.0076488631050852622 0.00087863597159672203 -0.00086592831612941645 -0.014139621244643172 0.01689334787875656 0.0019640570897380017 -0.0095692822287143375 -0.0057952592165527901 -0.0020117141264480525 -0.017250030518973017 -0.0037563242747442865 -0.028360831382371138 0.0098435869996864427
leaf_weight=2786.9326491579413 8259.0508891604841 137.18415588699281 10817.847788760439 157.79183664917946 3925.491313777864 5706.040919277817 1387.3104597451165 647.15322058834136 1224.6712940949947 11517.618961215019 5314.8794582691044 27262.009361613542 4616.2933278307319 885.34066876769066 219.61682298779488 12815.149031336419 335.43016918748617 657.40255600959063 6417.0907789263874 1141.4056384246796 6371.8499080091715 383.42033630236983 391.70759056508541
leaf_count=13725 59052 1284 65453 1932 39103 29209 15866 5828 10704 59905 34145 132851 28261 4697 2931 83725 2758 3458 42670 9800 29518 3225 1752
internal_value=0.00010058 0.000553011 -0.000303005 -0.00764828 -0.0109718 0.00206856 0.00505464 0.00861818 -0.00709151 0.000168652 0.000376476 -0.000487981 0.00369106 -0.00348449 0.0302218 -0.00108562 -0.00159656 -0.00797234 -0.00117435 -0.00431746 6.39098e-05 -0.0196501 4.66994e-05
internal_weight=113379 82078.3 52451.1 4440.08 4083.28 29627.2 11518.2 8906.2 2611.98 18109 48011 38079.9 9931.17 6591.38 356.801 31300.4 28513.5 1767.96 26745.5 7558.5 19187 718.851 1049.11
internal_count=681852 491221 305960 45250 41035 185261 91450 64880 26570 93811 260710 198304 62406 33906 4215 190631 176906 11193 165713 52470 113243 5983 5210
is_linear=0
shrinkage=0.05


Tree=171
num_leaves=23
num_cat=0
split_feature=23 7 20 8 5 4 21 5 3 14 5 3 10 17 3 21 13 7 3 17 5 10
split_gain=22.531 37.3585 31.5601 29.3678 41.0237 22.3625 20.0869 26.9341 40.4581 31.756 24.2955 25.5484 18.9532 20.7243 18.9077 18.4385 18.4339 19.2007 13.0704 10.0059 7.67478 6.96783
threshold=2.8316049999999273 9.9090156238366631e-08 0.82378735743094467 0.99975962472115809 9.7303537705905516e-08 0.00026202514375750502 0.56870509364279553 3.6067845814737353e-05 -7.9232386251959486e-07 1.5354836444749499e-07 9.5322922533062057e-06 -3.0650899596196263e-07 0.69233186806116132 -0.32298371690852623 -1.5383215501429956e-07 -0.093213755495636083 0.00048603502674757188 5.143617905485034e-05 9.4562940953224501e-06 -0.33300148051336181 5.1176918556421632e-05 0.67119015341826116
decision_type=2 2 2 2 2 2 2 2 2 2 2 2 2 2 2 2 2 2 2 2 2 2
left_child=2 -2 6 4 14 -6 7 9 -9 -1 11 -8 13 -5 -4 21 18 -18 -17 -12 -14 -3
right_child=1 15 3 12 5 -7 10 8 -10 -11 19 -13 20 -15 -16 16 17 -19 -20 -21 -22 -23
leaf_value=-0.0018796743278686465 0.027122898736591239 0.002295503135399766 0.0060431215992472797 0.0047069757220202894 0.0066401054882828355 0.00011479246217873938 -0.0094030301317982734 0.0027619989619732752 -0.0025680828249927197 0.00064510015828523378 -0.004666966987304076 0.0039724109028246761 0.0015246616149493669 -0.0053470739979804803 -0.0045822201998161555 0.0010508515244002882 -0.0025382825746729405 0.012922807784712798 -0.0047369370034282604 0.00033829699559390682 0.015113461559169631 0.017642835321549734
leaf_weight=38097.233352325857 103.86794037465006 161.38893613964319 543.62975806742907 642.14282015711069 6775.4793958626688 1630.4838713631034 372.83507771790028 12180.723560929298 5027.6052541509271 18497.840306242928 1451.215758010745 7480.7882106304169 3914.6707533970475 2504.3062695972621 1795.6624792590737 1136.6065293820575 476.13654965907335 344.10052239894867 6792.5962345972657 3185.1842966414988 104.88691587746143 136.99148690700531
leaf_count=249448 747 767 6186 3203 42434 8852 1985 57153 22939 121986 6970 52610 19607 14020 11942 5909 2264 1471 33828 16821 475 646
internal_value=-2.62413e-05 -0.00240465 0.000182635 0.00209248 0.00374566 0.00537533 -0.000213759 -0.00052764 0.00120435 -0.00105438 0.00164035 0.00333457 -0.000386078 -0.00329192 -0.0021078 -0.00275009 -0.00316806 0.00395743 -0.0039066 -0.00122863 0.00188783 0.00942892
internal_weight=113356 9151.69 104205 17911.3 10745.3 8405.96 86293.4 73803.4 17208.3 56595.1 12490 7853.62 7166.01 3146.45 2339.29 9047.82 8749.44 820.237 7929.2 4636.4 4019.56 298.38
internal_count=682263 45632 636631 106719 69414 51286 529912 451526 80092 371434 78386 54595 37305 17223 18128 44885 43472 3735 39737 23791 20082 1413
is_linear=0
shrinkage=0.05


Tree=172
num_leaves=24
num_cat=0
split_feature=1 1 8 24 7 18 16 2 20 24 3 7 24 4 5 18 8 8 18 24 20 18 10
split_gain=23.5905 35.6466 36.5405 71.0182 76.5447 42.1138 71.2505 56.3214 31.4317 73.3939 40.057 181.366 92.9213 122.157 58.2335 58.1349 57.7102 28.1297 37.5943 28.764 20.3608 21.0457 17.1347
threshold=-1.5447355394826443e-07 -1.5518432050498629e-07 0.99999747274353923 -0.086487616489896488 3.3554001998423282e-05 -5.6062030715863669 -0.36059039571119111 -3.6991818248566229e-06 -0.81173783006059641 3.1086279985293284 -1.0000000180025095e-35 4.0548062694072702e-07 -0.65408398595576245 -1.0000000180025095e-35 1.1194484139635299e-07 -9.2630206192495397 1.0000000180025095e-35 0.48390376365949972 -2.7241033693134793 -0.63336541578740535 -0.24191029338191528 -4.1887651921288613 0.52080526730451238
decision_type=2 2 2 2 2 2 2 2 2 2 2 2 2 2 2 2 2 2 2 2 2 2 2
left_child=1 2 5 4 -4 6 -1 -7 9 17 11 15 13 -12 -13 -10 -14 18 -2 -19 22 -22 -3
right_child=8 20 3 -5 -6 7 -8 -9 10 -11 12 14 16 -15 -16 -17 -18 19 -20 -21 21 -23 -24
leaf_value=-0.0017192414309389879 0.003906929335642793 -0.007194704725694734 -0.020435545425349616 0.033357486860468751 -0.00031975464802997186 0.00012994065224596939 0.0063253575551597361 -0.0060801991362298691 0.035212755846510034 -0.042259697701919535 0.013336597321144492 0.0082794005341976992 0.0061806904829374504 -0.010328024314980882 6.2331285116967779e-05 0.012932814749302135 0.0002902654562858232 0.0069831831330031671 -0.006575872115804491 -0.0046612430061410892 -0.010126938659588315 -0.030821432784260878 0.011526415031665661
leaf_weight=5813.019592218101 3579.9397281818092 556.57644511945546 864.8306725025177 100.04943246766925 1041.9363050311804 11185.008988212794 5223.4973032763228 5417.1184016792104 468.22528153564781 109.85576017200947 638.35839563980699 2616.3210595455021 4571.4870159439743 3674.785915072076 12222.549363706261 789.88424724340439 45817.981714788824 578.90587140899152 1121.3969599977136 6080.8536768108606 501.8600802347064 163.00439455732703 154.40293645113707
leaf_count=35652 20780 2793 7066 457 5103 61039 34583 36586 4801 740 3846 18176 33240 24567 61929 11158 264247 4279 6292 39174 3495 1041 859
internal_value=3.06529e-05 -0.00114424 -0.00077861 -0.00728979 -0.00945792 -0.000305165 0.00208821 -0.00189656 0.000473741 -0.0019539 0.000867182 0.00305947 0.000221892 -0.00681987 0.00151238 0.0212713 0.000824986 -0.00155636 0.0014037 -0.0036465 -0.00900629 -0.0152853 -0.00310111
internal_weight=113292 31021.3 29645.5 2006.82 1906.77 27638.6 11036.5 16602.1 82270.5 11471 70799.6 16097 54702.6 4313.14 14838.9 1258.11 50389.5 11361.1 4701.34 6659.76 1375.84 664.864 710.979
internal_count=681903 188674 180486 12626 12169 167860 70235 97625 493229 71265 421964 96064 325900 28413 80105 15959 297487 70525 27072 43453 8188 4536 3652
is_linear=0
shrinkage=0.05


Tree=173
num_leaves=22
num_cat=0
split_feature=16 10 2 2 18 6 2 7 3 21 7 7 14 10 5 3 21 9 10 5 5
split_gain=22.7783 25.1073 19.9281 71.5788 129.78 121.573 62.6397 82.1779 43.4079 18.8125 20.6021 20.0189 19.9641 18.305 14.0482 12.7524 11.6283 10.962 8.60174 7.57054 7.94229
threshold=-0.82402130858203981 0.78932621133508596 1.5435433553534497e-07 1.5823389443170302e-07 -18.599018208778869 3.2794582308597232e-07 1.0000000180025095e-35 1.0150119298696187e-05 1.0000000180025095e-35 -0.16629752065421965 1.3458666385076476e-05 5.2337908309375959e-05 1.5319169536352927e-07 0.18878864250277824 8.3488198324298662e-06 -4.2783103814336691e-05 0.99279669268263271 0.43939393939403854 0.77637521808818966 3.7048002421515527e-06 1.1402984732698432e-07
decision_type=2 2 2 2 2 2 2 2 2 2 2 2 2 2 2 2 2 2 2 2 2
left_child=13 2 6 4 -4 -5 8 -8 -2 11 12 15 -11 -1 19 -3 -12 -16 -19 20 -15
right_child=1 9 3 5 -6 -7 7 -9 -10 10 16 -13 -14 14 17 -17 -18 18 -20 -21 -22
leaf_value=0.015716488867709887 0.00031917403004132888 -0.011535374418694431 -0.006044468494945888 -0.018025380253968892 0.0085053088419847021 0.00017801469249446731 -0.017463657288492317 7.6690886299244797e-05 -0.0025506360986434322 0.0027274721668135021 -0.00022754064175611478 0.029893122710726666 0.013741273561622547 -0.017351851694452036 -0.014954718733526768 0.010355666325769428 0.016061804424298141 0.0083769198970321535 -0.010219894352761428 -0.030314489981689143 0.00020127291697295713
leaf_weight=73.141533689573407 54330.102051720023 77.367868028581142 2041.458287557587 954.89671515952796 6128.756960564293 22108.632476555184 1257.0849832305685 1420.5815740264952 17392.534741818905 1186.1777461655438 4139.8566932119429 115.68838529288769 630.32845192681998 260.73800199758261 136.41391045227647 411.21450421400368 110.52778691798449 186.66371481120586 90.6679234392941 79.387299995869398 84.583109362050891
leaf_count=416 336527 384 12653 11970 39407 117021 14640 8485 99601 6083 21101 521 5283 1982 645 2260 571 875 444 448 540
internal_value=-8.83067e-05 -2.42957e-05 -0.000212237 0.000847585 0.00486861 -0.000576939 -0.000657236 -0.008163 -0.000376729 0.00295007 0.00210906 0.0113508 0.00656293 -0.00795143 -0.0100545 0.00684609 0.00020223 -0.00345542 0.00224953 -0.0164252 -0.0130616
internal_weight=113217 112305 105634 31233.7 8170.22 23063.5 74400.3 2677.67 71722.6 6671.16 6066.89 604.271 1816.51 911.595 838.454 488.582 4250.38 413.746 277.332 424.708 345.321
internal_count=681857 676507 640304 181051 52060 128991 459253 23125 436128 36203 33038 3165 11366 5350 4934 2644 21672 1964 1319 2970 2522
is_linear=0
shrinkage=0.05


Tree=174
num_leaves=24
num_cat=0
split_feature=10 3 24 24 2 1 3 7 1 21 6 1 7 8 18 3 2 1 2 9 3 22 2
split_gain=29.5099 38.1331 111.527 84.2255 112.905 78.5869 57.2629 43.7492 43.6652 40.3769 37.1251 32.1543 31.868 79.0867 29.7195 113.046 85.3463 141.827 98.237 49.4756 29.3992 31.1042 30.943
threshold=0.5489130700300936 1.0000000180025095e-35 -0.67908694502645861 -0.70781753090266097 1.0000000180025095e-35 1.0000000180025095e-35 1.5402602127068124e-07 4.3606175290938498e-05 -1.5867978397920976e-07 -0.68480350173952254 2.4247691789003201e-05 1.5330689073778106e-07 9.9090156238366631e-08 0.9970136906276551 -9.2630206192495397 1.5964507671384356e-07 -1.0000000180025095e-35 -1.536575924276917e-07 -1.5877322923074641e-07 0.60123661794229377 2.013383002896774e-05 1.5068200000000398 1.5435433553534497e-07
decision_type=2 2 2 2 2 2 2 2 2 2 2 2 2 2 2 2 2 2 2 2 2 2 2
left_child=1 3 8 4 5 -1 9 -6 -3 -4 -8 -10 13 -5 15 16 18 -18 -2 -17 21 22 -16
right_child=14 2 6 12 7 -7 10 -9 11 -11 -12 -13 -14 -15 20 19 17 -19 -20 -21 -22 -23 -24
leaf_value=0.015617895988434547 -0.011835880976634919 0.0079293836642934015 -0.039258693803792183 0.0076880555191053222 -0.027379235102208788 -0.017593298539306822 0.0011484575642243429 0.0048024865125643988 -0.03648129956372554 -0.0093073562509608954 -0.0040497164992159178 -0.014428074890804183 -0.00096711402882192893 -0.017574536501907906 0.0014043466596800687 0.0098749703475971319 0.021637071825485493 -0.012026421348678071 0.013816049324017178 -0.00032455840745596872 0.0001061432361147418 0.012376145884258203 0.0063077118803464664
leaf_weight=2119.8226452488452 602.583749525249 108.56888596713543 152.77763390727341 2472.6839526351541 266.80662962794304 192.66413281485438 7278.826746750623 172.69732628017664 352.56563017889857 422.00802646949887 6499.1930733546615 319.48652292508632 39773.278678803705 352.13025230355561 16251.627408203669 2152.3333438523114 336.29621646925807 4176.1586241871119 973.2476828834042 2651.02887288481 20672.58376827836 807.05461407266557 4011.8325397204608
leaf_count=14788 3101 461 2114 27177 2571 1256 49573 726 2428 4628 31723 2985 225827 5007 110304 10708 2262 25057 8712 12355 108440 4133 24853
internal_value=-2.65145e-05 -0.00077991 -0.00295305 -5.45182e-05 0.00841974 0.0128359 -0.00195015 -0.0147581 -0.0213343 -0.0173856 -0.00130343 -0.0260788 -0.000602473 0.00452695 0.000839127 -0.0014864 -0.00601043 -0.00950803 0.00400124 0.0042469 0.00144607 0.00276032 0.00237591
internal_weight=113118 60483.5 15133.4 45350.1 2751.99 2312.49 14352.8 439.504 780.621 574.786 13778 672.052 42598.1 2824.81 52634.7 10891.6 6088.29 4512.45 1575.83 4803.36 41743.1 21070.5 20263.5
internal_count=681189 371264 93912 277352 19341 16044 88038 3297 5874 6742 81296 5413 258011 32184 309925 62195 39132 27319 11813 23063 247730 139290 135157
is_linear=0
shrinkage=0.05


Tree=175
num_leaves=24
num_cat=0
split_feature=10 23 5 5 8 3 15 7 2 7 4 24 2 3 4 5 2 20 8 20 4 15 7
split_gain=27.0724 44.5331 26.6092 36.4002 39.104 39.5776 24.6532 84.873 59.0663 41.7757 190.555 37.3208 23.0808 22.7503 20.065 19.5762 19.5446 18.3775 15.038 16.2264 16.0603 15.1581 12.5256
threshold=0.54558091748672433 2.2616949999999298 5.797693681603478e-08 5.7862569976448284e-08 0.56246484814398212 -1.5383215501429956e-07 0.99964853783830032 1.8929129932362007e-05 1.5399206798605294e-07 1.1390620567408091e-06 1.0000000180025095e-35 -0.048833590227240702 2.0672711960045835e-06 -0.00058675745480751818 1.544878243109338e-07 6.9339938834518073e-08 1.5392265240166128e-07 -0.3868451560785337 0.99975962472115809 0.8686824858208374 0.00020792069389763415 0.99938366665359646 1.8577648155000251e-05
decision_type=2 2 2 2 2 2 2 2 2 2 2 2 2 2 2 2 2 2 2 2 2 2 2
left_child=1 6 3 4 5 -2 9 8 -8 10 -1 -11 -9 -4 -6 17 -17 -15 19 20 -3 -21 -20
right_child=2 18 13 -5 14 -7 7 12 -10 11 -12 -13 -14 15 -16 16 -18 -19 22 21 -22 -23 -24
leaf_value=0.0079753919384695244 0.015474948230584719 -0.0035156630714889615 0.023954666983105475 -0.024907609706359617 -0.0015853885609379975 -0.013754640684843583 -0.017233735690918222 0.003077330108333541 -0.0024051250511615638 0.00017323608626670765 -0.017906038106092974 -0.0036971527874058146 -0.0039846773516890093 -0.0095534647991499626 0.012494065591304114 -3.3316603851249301e-06 0.0019821041375240552 0.010018101824154397 -0.02918750747160101 0.004947679539283936 -0.013722699433856365 -0.011297859023591629 -0.010278002714664218
leaf_weight=4742.3398434529081 132.54239670652896 879.98752047121525 106.48673930764198 197.37306068837643 611.27666111290455 835.31807554047555 1412.3408898664638 3489.6484229564667 1281.8045357717201 35766.55143674463 834.58028619363904 7539.2972572483122 1728.1136878728867 134.96747977286577 428.71906655281782 27678.199953760952 22439.061954820529 969.71762952953577 113.33198748528957 571.40005868859589 688.78595874458551 189.50664369389415 391.19575092196465
leaf_count=49790 1414 4326 458 1459 4048 5330 13871 19822 11109 191658 10811 46081 8962 1082 2369 168775 123231 7695 609 3346 3097 934 1834
internal_value=3.21157e-05 -0.000700597 0.000848343 -0.00452682 -0.0024981 -0.00972302 -0.000395144 -0.00298412 -0.0101875 2.38972e-05 0.00409634 -0.0005006 0.000736817 0.00107954 0.00422665 0.00103095 0.000885554 0.00760944 -0.00681521 -0.00510869 -0.00801212 0.000876103 -0.014634
internal_weight=113163 59628.9 53533.7 2205.23 2007.86 967.86 56794.7 7911.91 2694.15 48882.8 5576.92 43305.8 5217.76 51328.4 1040 51221.9 50117.3 1104.69 2834.21 2329.68 1568.77 760.907 504.528
internal_count=682111 366250 315861 14620 13161 6744 352104 53764 24980 298340 60601 237739 28784 301241 6417 300783 292006 8777 14146 11703 7423 4280 2443
is_linear=0
shrinkage=0.05


Tree=176
num_leaves=24
num_cat=0
split_feature=1 1 1 4 2 8 0 1 18 20 5 7 21 24 7 0 8 19 24 19 18 8 20
split_gain=17.1355 28.3779 119.932 50.5659 38.5844 49.0454 41.7787 32.0861 79.3414 31.5657 27.9705 21.7572 14.9231 14.3069 13.2262 13.0714 11.8941 20.7641 12.9989 11.7589 10.0981 5.16004 11.0287
threshold=-9.927628059003267e-05 -1.5888147508746894e-07 -1.5841461120658093e-07 -1.5862936653121548e-07 -1.0727219741823999e-05 0.0001274747643548496 1.603874331124189e-07 -1.5447355394826443e-07 -9.2630206192495397 -0.8183368552522966 8.3488198324298662e-06 8.7695490005364399e-06 0.9288000367316892 3.5859539639185063 5.6560188713610826e-05 -0.0001857801324298691 1.0000000180025095e-35 -0.94592635727120056 -0.086487616489896488 -0.97262488583041085 0.32447555449486842 0.0039417520144670462 -0.77790693588773829
decision_type=2 2 2 2 2 2 2 2 2 2 2 2 2 2 2 2 2 2 2 2 2 2 2
left_child=13 4 3 19 5 10 -7 8 -4 -9 -2 -5 14 15 -6 -1 18 -18 -17 -3 21 22 -15
right_child=1 2 7 11 12 6 -8 9 -10 -11 -12 -13 -14 20 -16 16 17 -19 -20 -21 -22 -23 -24
leaf_value=0.013954485451425025 0.016096210639571683 -0.014733106223547975 0.0049665024165785445 0.02978463936106034 -0.0095235318013400568 -0.0038863804900826147 0.01964412108439555 -0.0021634356607301434 -0.004959384988263444 0.00068912276639651452 0.002429852869637619 0.012155437302678073 0.014041003848824785 -0.017121217096128082 -0.00039723185638598129 0.012480144514409677 -0.0033456839306220138 0.0044045941955541288 0.001932157193165209 0.006451293058810645 0.0013089921426422332 -0.021660031414126032 0.0074680731935888277
leaf_weight=282.16155268251896 433.26476280763745 73.670449663884938 2648.0405466007069 487.44145407341421 2356.1562616061419 6657.2948225401342 192.11708170175552 11232.299335269257 8374.3183605195954 70902.182773299515 2697.6668696142733 280.90644109621644 77.120623597875237 106.39274593442678 478.96014054864645 594.02631339430809 1375.3778582401574 2316.3097932562232 576.99965610355139 484.37644227780402 321.80356828123331 87.399398416280746 76.836909756064415
leaf_count=1242 2523 444 17362 8629 14285 38827 818 69763 54532 423744 14150 2303 672 658 2109 2452 7107 10930 3178 3812 1629 523 437
internal_value=1.36855e-05 -0.000128545 0.000171684 0.0150893 -0.00232885 -0.00085014 -0.00322011 -4.09832e-05 -0.00257384 0.000298917 0.0043317 0.0233942 -0.00739065 0.00267556 -0.00798488 0.00352359 0.00291182 0.00151554 0.00729925 0.00360308 -0.00466763 -0.0117502 -0.00681347
internal_weight=113113 107376 94483.2 1326.39 12892.6 9980.34 6849.41 93156.8 11022.4 82134.5 3130.93 768.348 2912.24 5737.31 2835.12 5144.88 4862.71 3691.69 1171.03 558.047 592.433 270.629 183.23
internal_count=682129 653973 580589 15188 73384 56318 39645 565401 71894 493507 16673 10932 17066 28156 16394 24909 23667 18037 5630 4256 3247 1618 1095
is_linear=0
shrinkage=0.05


Tree=177
num_leaves=24
num_cat=0
split_feature=1 1 7 15 7 8 7 7 10 22 24 9 17 24 24 1 8 24 3 7 2 7 1
split_gain=24.9015 48.6223 61.9084 51.6045 101.636 56.3319 108.988 83.1138 55.037 40.5314 33.4556 30.8605 28.0408 27.0556 47.6232 77.7719 72.7353 26.1125 25.1728 25.096 22.6702 20.2223 16.0754
threshold=1.5429791488941194e-07 1.0000000180025095e-35 2.5273482017022999e-05 0.0025510204086817458 2.0588367354480443e-05 0.99975962472115809 3.3856777356996809e-05 1.5129310074186357e-05 0.57660938760222347 2.2880250000000451 -0.48285505176094828 0.6953644427264315 0.68101917969871339 -0.37377237550088277 -0.12555296108995825 1.5821018717332438e-07 1.0000000180025095e-35 -0.76088590998854111 5.0452762707209338e-05 1.1390620567408091e-06 1.596229957101514e-07 4.0548062694072702e-07 2.6496638305673063e-06
decision_type=2 2 2 2 2 2 2 2 2 2 2 2 2 2 2 2 2 2 2 2 2 2 2
left_child=1 3 11 5 8 6 -1 -7 -5 13 -4 21 -6 17 16 -16 -15 19 -19 -2 -11 -3 -22
right_child=9 2 10 4 12 7 -8 -9 -10 20 -12 -13 -14 14 15 -17 -18 18 -20 -21 22 -23 -24
leaf_value=0.0021637346698798617 -0.020619000069414518 -0.022578002438381407 0.021886822232768628 -0.016924248526836601 -0.00060139516707278975 -0.0073634818784088889 -0.0028872704215313536 0.00039155254123867338 -0.0044393265912911787 0.016229860109384205 -0.0010350757788992104 0.00074625369485654502 0.01230162440864749 0.019537678361410071 0.01511795788019561 0.0013006170354179258 -0.0027331613554930764 0.007090177622165488 0.0019167988418868544 5.1664011792486352e-05 -0.020199027338715821 -0.010615910977802829 -0.0044169547085107621
leaf_weight=42054.05587838497 189.60151055734605 488.49562996346503 217.03186911717057 1698.9843041729182 4734.497031390667 5630.7665779590607 14312.462106645107 8932.8065900802612 1841.9239405766129 124.6409053876996 580.68383060768247 449.16556232515723 460.11225181818008 379.95535781979561 1202.6720153456554 6596.5432329801843 9112.6231133230031 4751.0567402811721 4664.1642332263291 626.40095025673509 170.48456990346313 1309.3389420732856 2610.5506633892655
leaf_count=271564 2643 8103 1060 14326 23675 40982 67351 45416 10356 577 3063 3084 2261 3027 9373 45323 53133 27797 22190 3496 754 9637 13093
internal_value=-6.90061e-05 -0.000518971 -0.00671805 -0.000281825 -0.00390757 0.000164736 0.000881049 -0.00260706 -0.0104374 0.00115387 0.0052341 -0.0109643 0.000544822 0.001747 0.000540665 0.00343528 -0.00183728 0.00378482 0.00452884 -0.00478381 -0.00445998 -0.0138904 -0.00540005
internal_weight=113139 82710.3 3044.72 79665.6 8735.52 70930.1 56366.5 14563.6 3540.91 30428.7 797.716 2247 5194.61 27523 17291.8 7799.22 9492.58 10231.2 9415.22 816.002 2905.68 1797.83 2781.04
internal_count=682284 500878 24947 475931 50618 425313 338915 86398 24682 181406 4123 20824 25936 166982 110856 54696 56160 56126 49987 6139 14424 17740 13847
is_linear=0
shrinkage=0.05


Tree=178
num_leaves=24
num_cat=0
split_feature=1 1 7 2 18 24 9 15 7 9 18 18 7 8 24 24 18 20 6 17 23 2 5
split_gain=21.2623 67.1735 59.0599 38.5361 87.8412 70.957 69.4826 37.1048 88.6727 49.6887 209.288 162.535 48.1954 36.8927 47.24 46.0773 34.3579 32.2033 31.3607 29.412 28.9329 28.2897 21.2518
threshold=1.5422614296767281e-07 1.0000000180025095e-35 4.3606175290938498e-05 1.5823389443170302e-07 -18.599018208778869 1.7911751022396778 0.53444623699936356 0.0027894057054288191 7.1498149230175079e-06 0.50000000000013201 -18.599018208778869 -18.599018208778869 5.143617905485034e-05 1.0000000180025095e-35 -0.58275683788385202 -1.0000000180025095e-35 -18.599018208778869 -0.82451161340901014 3.6243761632685378e-05 -0.42747524765963257 0.083024999999923216 1.5364024097408449e-07 1.049987009163076e-07
decision_type=2 2 2 2 2 2 2 2 2 2 2 2 2 2 2 2 2 2 2 2 2 2 2
left_child=1 7 16 4 6 19 18 9 20 10 -1 -11 -10 14 -5 -16 21 -8 -2 -6 -9 -3 -15
right_child=3 2 -4 13 5 -7 17 8 12 11 -12 -13 -14 22 15 -17 -18 -19 -20 -21 -22 -23 -24
leaf_value=0.0078586485533022488 -0.01446867080578812 -0.028924627317800516 0.014865194740264809 -0.0097950587450250995 0.013084301608932919 0.033160804943887727 -0.019055884650235139 -0.020596900827726208 -0.0032127147711953591 -0.0069462750775030491 -0.00066149228592375176 0.00098364151385225171 0.0064308582134403386 -0.011403466604421673 0.014971472632411761 -0.027262208634464793 -0.0069684884613363703 0.0087122566488273059 0.0064760994879248541 0.004000645280151047 -0.0059819217423174821 -0.00698923364697231 -0.00053977000419920182
leaf_weight=9604.7678809911013 1296.4640732537955 381.56494794227183 255.22260389477015 305.1282957047224 1009.5269987117499 229.05958789214492 116.45846508909017 837.00336722843349 5611.395201459527 8899.2171002142131 28856.720048185438 23573.735386194661 1682.2058536410332 460.13182833977044 1040.0352560207248 66.964529402554035 1937.5195181062445 878.90797334164381 205.71399168670177 7573.4770901175216 573.45360374078155 242.0385672012344 17517.02105525136
leaf_count=54223 8572 2881 1206 1561 6058 1761 851 8241 31686 49666 171970 149515 7360 6052 7397 289 17102 5665 1038 49460 3261 2143 94630
internal_value=2.19908e-05 -0.000396175 -0.00798233 0.00114527 0.00346454 0.00581049 -0.00480868 -0.000127641 -0.00320829 0.000250381 0.00146636 -0.00118969 -0.00098667 -0.000207506 0.00756815 0.0123676 -0.0102709 0.00542666 -0.0115923 0.00507244 -0.0146753 -0.0204684 -0.000819346
internal_weight=113154 82454.8 2816.35 30698.9 11309.6 8812.06 2497.54 79638.5 8704.06 70934.4 38461.5 32473 7293.6 19389.3 1412.13 1107 2561.12 995.366 1502.18 8583 1410.46 623.604 17977.2
internal_count=682588 499254 23332 183334 73405 57279 16126 475922 50548 425374 226193 199181 39046 109929 9247 7686 22126 6516 9610 55518 11502 5024 100682
is_linear=0
shrinkage=0.05


Tree=179
num_leaves=24
num_cat=0
split_feature=10 7 4 2 1 18 9 7 1 19 3 1 10 4 9 18 5 3 2 2 3 5 4
split_gain=24.6832 32.4875 141.785 125.736 105.512 31.0489 69.7376 86.3855 150.73 35.6775 33.6817 33.1501 31.286 28.5864 28.0782 27.3214 25.0401 35.598 24.2815 24.208 20.0913 21.0717 41.556
threshold=0.49148626590308137 1.1756636786913056e-07 1.0000000180025095e-35 1.0000000180025095e-35 1.0000000180025095e-35 -7.631414808398894 0.60000000000002862 1.03191378782421e-05 -1.0000000180025095e-35 0.74874605963947272 2.013383002896774e-05 1.5390776386681185e-07 0.8780001824950997 1.5359732685737984e-07 0.40101288771484694 -9.2630206192495397 1.3320526176867462e-05 6.8934858024505288e-05 1.5347792547970587e-07 1.5823389443170302e-07 0.00027941201648751251 3.7247857495799286e-05 -0.0001148355257898359
decision_type=2 2 2 2 2 2 2 2 2 2 2 2 2 2 2 2 2 2 2 2 2 2 2
left_child=1 2 3 4 -1 6 9 8 -8 14 12 -9 -7 -14 -2 18 17 -12 -4 -5 21 -3 -23
right_child=5 20 15 19 -6 10 7 11 -10 -11 16 -13 13 -15 -16 -17 -18 -19 -20 -21 -22 22 -24
leaf_value=0.012963457798101137 0.0048573594940650409 -0.0017737927349195293 -0.047608977018869937 -0.011057167076137379 -0.030044527767274766 0.0022825138165593443 0.017931034212835317 -0.0029684528636678099 -0.013339137364602403 0.0077755864701214948 0.0014625039616144148 0.0035927938655185461 0.0031055236207010854 0.020034596376709242 -0.0013678395245885335 -0.010658615345699061 -0.00093386860831245566 0.014473987955578447 -0.013847434796260947 -0.038660010024178043 -0.0099627059401991153 0.0031923965729390037 -0.0039385239265659353
leaf_weight=2832.175936258398 2658.41278382577 30522.185678672045 124.67234808951616 236.99600559193641 148.23958009760827 23872.542428962886 433.83051954768598 5355.8556423559785 3333.5346908662468 2200.4088575579226 3523.0996688641608 3002.3803845569491 517.28357909061015 482.50902459956706 5672.2265616934747 352.14894092641771 16796.395718492568 616.26178575307131 96.635927802883089 120.06405201181769 653.40731735527515 6438.2431711107492 2990.0181880891323
leaf_count=28452 17525 178205 1060 3609 2017 157130 4977 27521 24357 13625 20586 14768 3169 2593 35107 6470 86509 3878 1553 2012 2932 30252 13824
internal_value=5.76121e-05 -0.000858859 0.00349198 0.00744136 0.0108039 0.000653569 -0.000860268 -0.00344534 -0.00972929 0.00211583 0.00140243 -0.000610679 0.00264624 0.0113043 0.00061879 -0.0194303 -7.51422e-05 0.0034069 -0.0331452 -0.0205164 -0.0012782 -0.00113555 0.000930056
internal_weight=112980 44514.8 3910.93 3337.48 2980.42 68464.7 22656.6 12125.6 3767.37 10531 45808.1 8358.24 24872.3 999.793 8330.64 573.457 20935.8 4139.36 221.308 357.06 40603.9 39950.4 9428.26
internal_count=682131 270386 45173 36090 30469 411745 137880 71623 29334 66257 273865 42289 162892 5762 52632 9083 110973 24464 2613 5621 225213 222281 44076
is_linear=0
shrinkage=0.05


Tree=180
num_leaves=22
num_cat=0
split_feature=16 22 19 22 5 3 10 21 22 1 4 8 4 1 7 1 16 3 19 5 7
split_gain=20.3986 19.522 25.7896 20.6524 22.4205 20.7219 18.5253 17.5463 25.6762 37.5358 31.4022 19.5646 22.2364 20.1779 17.394 28.9411 17.1403 10.9957 7.14357 4.7745 5.23994
threshold=-0.82402130858203981 -0.0087199999999451484 -0.83537896401029654 2.5401700000000464 1.2152343169580741e-07 -0.00023615501015594728 0.18878864250277824 -0.88985757108816044 -0.66897499999997934 -1.5434588895857357e-07 -1.5687630394722871e-07 0.96593644986779714 -0.00030087966329528365 1.0000000180025095e-35 1.1831098842472531e-05 1.0000000180025095e-35 -0.25069007536896998 3.1560690970877665e-05 0.55787209769612101 8.1363121685526886e-08 2.2953205807727999e-05
decision_type=2 2 2 2 2 2 2 2 2 2 2 2 2 2 2 2 2 2 2 2 2
left_child=6 7 14 5 -5 -4 -1 11 10 -10 -9 13 -13 -2 15 -3 -16 19 -19 -8 -21
right_child=1 2 3 4 -6 -7 17 8 9 -11 -12 12 -14 -15 16 -17 -18 18 -20 20 -22
leaf_value=0.01597923078497536 -0.0013471714761005282 0.01523879801760436 0.0057488575275767761 0.016866679735336149 -0.0040454930840896942 0.00057436895590808751 -0.0026850428948627185 0.0039816472456714828 -0.0033726590258174845 0.00041288995141016002 -0.0017930217818533604 0.0016043250139143449 -0.016720527645821912 -0.014285862744141642 -0.0017114617565452417 -0.015220943125438686 0.014762294509463567 -0.010179256148025066 0.0074803516791630588 -0.018865321148777238 -0.0082117247085425563
leaf_weight=76.030871382914484 5402.50281547755 730.66869812086225 1997.0600766539574 131.30035715270787 3310.6841257102787 60488.325798601843 96.499572576023638 6515.792812731117 10616.716117316857 17076.97911403235 3682.4988202145323 245.9823367446661 499.27930916287005 317.31322672683746 707.96474764496088 85.499465217813849 200.98406625911593 98.96379392594099 130.28497926145792 319.66137194447219 191.05337212979794
leaf_count=430 28796 7695 9197 749 16073 376880 691 33267 62362 107299 18513 1487 4990 3107 4203 1016 1250 461 638 2256 900
internal_value=9.50245e-05 0.000155787 0.00069031 0.000532205 -0.00323698 0.000740007 -0.00734214 -0.000659339 -0.000248361 -0.0010383 0.00189604 -0.0030665 -0.0106774 -0.00207058 0.00672195 0.0120124 0.00195009 -0.00950098 -0.00014356 -0.0130135 -0.0149372
internal_weight=112922 112010 67652.5 65927.4 3441.98 62485.4 912.494 44357.1 37892 27693.7 10198.3 6465.08 745.262 5719.82 1725.12 816.168 908.949 836.463 229.249 607.214 510.715
internal_count=682260 676884 417063 402899 16822 386077 5376 259821 221441 169661 51780 38380 6477 31903 14164 8711 5453 4946 1099 3847 3156
is_linear=0
shrinkage=0.05


Tree=181
num_leaves=24
num_cat=0
split_feature=23 6 4 4 6 5 3 7 12 8 24 8 20 1 24 13 1 3 7 7 23 9 22
split_gain=18.9494 42.0019 23.6158 281.388 91.2959 41.7757 39.0188 37.6627 77.6303 50.2305 33.3354 31.9517 37.4366 25.6813 23.0145 17.7043 18.4666 15.322 24.9339 12.8416 11.7235 10.7173 9.60548
threshold=-3.3837300000000536 1.1363036703221571e-07 -1.5872990744014712e-07 -1.5827219890240937e-07 1.4188556986959591e-05 6.4962112780105483e-06 -8.2439384494037413e-05 1.9898696555123722e-05 0.0010282800814988939 0.31748564337315838 -0.43721226000408903 0.83916340365418318 -0.89066930196792182 -1.0271647110648983e-05 -0.17504259502673425 0.78657226466579033 -1.0271647110648983e-05 -3.6163783693865519e-05 3.9379850658707357e-05 1.1756636786913056e-07 -4.9085850000000573 0.40546718976933954 -1.2961249999999727
decision_type=2 2 2 2 2 2 2 2 2 2 2 2 2 2 2 2 2 2 2 2 2 2 2
left_child=1 22 4 10 5 13 -7 8 -5 -9 21 14 -13 -2 -6 17 -17 18 -3 -12 -19 -4 -1
right_child=2 15 3 7 11 6 -8 9 -10 -11 19 12 -14 -15 -16 16 -18 20 -20 -21 -22 -23 -24
leaf_value=-0.037311690352213003 0.0056009110847747776 0.0075075470323434854 0.031846538675185783 0.00091897200436479194 0.0003373715831409092 -0.010292579827379659 0.0010721719187153295 -0.0041503996723802452 0.015697465164953201 0.00022465533806160837 0.026509270328596415 -0.0062497443330565795 0.004041167611589876 -0.0075197584308403752 -0.0037944996565624912 -0.0023399639379457697 0.024755476513484139 -0.0071753684383522856 0.00044656777626794124 0.0085925332844630758 0.0033209310651260734 0.051349300969231085 -0.0099787291129287709
leaf_weight=70.701579920016229 391.23299506306648 2443.9487799592316 153.5373941026628 32266.035158219747 14800.623394429684 921.36736114323139 4144.4345625583082 9391.014403346926 911.85479103773832 21749.168294914067 352.72923646587878 985.57416013255715 8393.6668318659067 7282.4135974124074 4361.0876787938178 94.13215646520257 183.60442152991891 616.27681837044656 2561.4096348434687 144.15576635487378 464.58521659579128 166.5052991444245 62.241729240864515
leaf_count=483 2629 13043 1914 247322 71112 5500 23928 50023 7396 108298 6084 6566 44079 45839 25311 474 952 3162 11420 1484 2423 2056 523
internal_value=9.20132e-05 0.00271308 -6.80101e-05 0.000524906 -0.00100365 -0.00452285 -0.000997107 0.000154001 0.00132621 -0.00109476 0.029649 0.000567196 0.00295816 -0.00684888 -0.000603054 0.00329813 0.0156032 0.00273084 0.00389683 0.0213766 -0.00266134 0.0422644 -0.0248895
internal_weight=112912 6496.9 106415 65135 41280.4 12739.4 5065.8 64318.1 33177.9 31140.2 816.928 28541 9379.24 7673.65 19161.7 6363.96 277.737 6086.22 5005.36 496.885 1080.86 320.043 132.943
internal_count=682021 32480 649541 424577 224964 77896 29428 413039 254718 158321 11538 147068 50645 48468 96423 31474 1426 30048 24463 7568 5585 3970 1006
is_linear=0
shrinkage=0.05


Tree=182
num_leaves=24
num_cat=0
split_feature=22 5 1 1 7 19 0 7 9 1 24 18 23 21 18 1 20 19 20 21 4 1 14
split_gain=20.73 30.0952 20.2034 43.1092 67.4023 38.3159 36.6852 56.4443 40.6345 32.0638 29.0434 28.2416 22.9996 26.3367 21.6336 21.0265 14.8711 21.0516 15.3722 13.7172 12.6309 10.7212 9.58083
threshold=2.5401700000000464 1.2152343169580741e-07 1.5429791488941194e-07 1.0000000180025095e-35 2.4401108037914429e-05 -0.94920464334689458 1.0000000180025095e-35 2.6469524029767686e-05 0.59978135153057444 1.5696253630181903e-07 -0.48285505176094828 -1.7508574783165232 0.36396999999995733 -0.23553829112051231 -9.3745923936566431 1.5835154787424702e-07 0.48968158861942024 0.97410783960548741 0.060716396557301898 0.74708717931687496 1.1991074028827599e-05 -3.7115944326870924e-05 0.00013981399179054726
decision_type=2 2 2 2 2 2 2 2 2 2 2 2 2 2 2 2 2 2 2 2 2 2 2
left_child=2 -2 3 6 11 9 8 -8 -1 14 -6 -5 15 -14 -4 -7 18 21 -3 -19 -11 -18 -20
right_child=1 16 5 4 10 12 7 -9 -10 20 -12 -13 13 -15 -16 -17 17 19 22 -21 -22 -23 -24
leaf_value=0.0011862136544165947 0.019082979585909807 -0.0093921524169622798 -0.014188606192940385 -0.012138686524743305 0.020930937801374831 0.0053123710595391095 -0.0067971030037394303 0.0016066196721218875 -0.0013699952567033749 -0.022629521161235747 8.9683075744052728e-05 0.016117102978157383 0.008614853963997627 -0.00030166427946107097 0.0053434729420642401 0.0012835842500948389 0.0029962832988889355 0.0038868967733001348 0.0095347122186717065 -0.0062634657941893481 -0.0057987165512743783 -0.012981348040403996 -0.0082663625897158068
leaf_weight=47343.124246717431 136.14686161279678 220.79321894794703 198.47868883982301 2027.8702864777297 228.82830004766583 6221.5778989437968 4659.2735285600647 3494.7117150947452 23144.888515226543 334.09536649473011 607.90006266906857 90.637750319205225 883.48534828983247 12780.975669723004 481.96411914285272 6764.5383364362642 115.12292358279228 538.94588823616505 418.31828460842371 862.40057081729174 170.74283034726977 1067.8524826169014 90.241085961461067
leaf_count=280423 780 987 1264 19609 1118 42513 33996 16998 140586 3372 3245 745 4567 69308 3714 43132 506 2669 1889 4591 918 5017 387
internal_value=3.29815e-05 -0.00378203 0.00015336 -0.000243393 -0.00616987 0.00131651 -2.04716e-05 -0.00319523 0.000346791 -0.00747155 0.00583163 -0.0109134 0.00170807 0.00027565 -0.000371407 0.00321466 -0.00473392 -0.00651262 0.00156232 -0.00235618 -0.0169923 -0.0114198 0.00634621
internal_weight=112883 3449.82 109433 81597.2 2955.24 27835.9 78642 8153.99 70488 1185.28 836.728 2118.51 26650.6 13664.5 680.443 12986.1 3313.67 2584.32 729.353 1401.35 504.838 1182.98 508.559
internal_count=682334 16826 665508 496720 24717 168788 472003 50994 421009 9268 4363 20354 159520 73875 4978 85645 16046 12783 3263 7260 4290 5523 2276
is_linear=0
shrinkage=0.05


Tree=183
num_leaves=24
num_cat=0
split_feature=2 2 18 1 18 2 2 22 7 7 9 22 6 9 18 1 18 1 2 7 16 8 16
split_gain=19.3267 67.236 92.3572 110.184 80.0766 58.7008 67.0677 66.4017 55.9571 46.65 42.3858 38.608 62.0606 44.4052 178.066 271.815 59.0896 302.299 42.5512 40.8749 37.2617 22.4381 20.4366
threshold=-1.5435607547686911e-07 -1.5760576665968526e-07 -9.2630206192495397 -1.0000000180025095e-35 -9.1626852725285648 -1.5877322923074641e-07 -1.5839827671726423e-07 -0.63049499999996017 2.6942702935838237e-05 5.4279107074716781e-06 0.40000000000011787 -1.1282199999999654 1.1363036703221571e-07 0.40025593269207033 -18.599018208778869 1.0000000180025095e-35 -9.2630206192495397 -1.0000000180025095e-35 5.1767245283329551e-05 1.5315855239067308e-05 -0.37768997393834131 1.0000000180025095e-35 -0.21380144661490105
decision_type=2 2 2 2 2 2 2 2 2 2 2 2 2 2 2 2 2 2 2 2 2 2 2
left_child=1 5 3 -3 -4 7 9 21 -9 -7 -5 12 -2 14 15 -13 17 -15 -18 -16 -6 -1 -14
right_child=11 2 4 10 20 6 -8 8 -10 -11 -12 13 22 16 19 -17 18 -19 -20 -21 -22 -23 -24
leaf_value=0.0060309137448955087 -0.035408039886814006 -0.0080629726511566926 -0.049289355948154784 0.006471322203140506 -0.01412966149281813 0.025850599535619346 -0.00066016072977200749 -0.0063030103497211526 1.5463942366974972e-05 0.0059682982233566946 0.026455303221242878 0.020618344271789046 0.0025500170225825846 0.016732169523031821 0.003324293628982389 -0.013046897173025877 0.0016184340545867687 -0.0055114167909034069 -0.0018402663579122885 -0.0028816537918934172 -0.0050539464654392194 0.000929848708042594 -0.011669850096427686
leaf_weight=2975.7132097482681 180.62572530563921 987.89751052856445 114.41311677545309 627.2739841863513 1523.7833150308579 597.32365985028446 1219.418983287178 6449.4785591680557 7666.3994711861014 585.7048300486058 461.27389734983444 2630.8963016541675 569.29542209021747 1730.1413137111813 4726.2225272916257 774.69245124608278 35454.401112100109 12921.708346552216 11866.457823205739 6043.7937071993947 4401.7299520913512 7825.2945460453629 450.89528637006879
leaf_count=14543 1351 7742 743 3821 10108 10337 9253 39133 37545 4138 2470 15446 2794 11886 40669 5427 226376 71577 61778 31875 29643 41237 2224
internal_value=-0.000114061 -0.00108107 -0.00507629 0.00401587 -0.00820317 0.00010598 0.00756687 -0.000613736 -0.00287155 0.016038 0.0149771 0.000328904 -0.00855893 0.000469347 0.00299371 0.0129557 -0.000108072 -0.00288255 0.000750963 -0.000157713 -0.00739265 0.00233653 -0.0037404
internal_weight=112785 35435.7 8116.37 2076.45 6039.93 27319.3 2402.45 24916.9 14115.9 1183.03 1088.55 77349.1 1200.82 76148.3 14175.6 3405.59 61972.7 14651.8 47320.9 10770 5925.51 10801 1020.19
internal_count=682116 210713 54527 14033 40494 156186 23728 132458 76678 14475 6291 471403 6369 465034 93417 20873 371617 83463 288154 72544 39751 55780 5018
is_linear=0
shrinkage=0.05


Tree=184
num_leaves=24
num_cat=0
split_feature=10 7 2 4 23 7 4 3 18 2 1 1 23 18 8 1 17 16 1 3 2 8 17
split_gain=20.1443 38.4528 93.5736 79.3115 74.729 27.7085 82.2749 50.7215 62.0188 27.636 26.9349 40.0561 24.884 22.7855 32.6585 25.1697 22.1385 20.7347 20.6079 20.0547 38.9255 19.438 18.5758
threshold=0.45120656488862237 1.1756636786913056e-07 1.0000000180025095e-35 1.0000000180025095e-35 -0.30980500000005007 8.6577341931417494e-08 -1.5374359474407126e-07 -1.536275657798569e-07 -18.599018208778869 -1.5420200494276057e-07 1.5401309205742566e-07 1.5821018717332438e-07 -4.1475200000000774 -6.1777970280049539 0.58094016767658985 1.0000000180025095e-35 -0.21310273679153671 -0.9449261280449387 -1.5447355394826443e-07 -6.9293298690098473e-06 -1.5391245522522465e-07 0.089190642848142807 0.68101917969871339
decision_type=2 2 2 2 2 2 2 2 2 2 2 2 2 2 2 2 2 2 2 2 2 2 2
left_child=1 2 3 4 -1 6 9 18 -9 -2 -4 -12 -7 14 15 -3 -16 -14 -8 22 -21 -11 -15
right_child=5 13 10 -5 -6 12 7 8 -10 21 11 -13 17 19 16 -17 -18 -19 -20 20 -22 -23 -24
leaf_value=-0.0049865296617244842 -0.00028267270045051457 0.0021470661044505532 -0.025512016971003942 -0.025547196159440674 0.016274815894047244 0.0060446027777403943 -0.0084024885769476698 -0.022538041211951201 -0.0039696660835164656 0.0058958106864412628 0.022439906273002026 -0.027392208398671559 -0.013360058977258858 -0.0023572734278104602 -0.0034810164137893691 -0.0051600465277737212 -0.018244699624489526 0.00046694680072712717 0.02746137577498511 -0.011651751963789449 -0.0026925360361808441 0.035121779574202233 0.0029293440766442799
leaf_weight=549.22928973101079 176.24284548964351 9266.0638878215104 286.78271108400077 157.46360295265913 1654.1006258530542 2015.3665933515877 57.296060965396464 749.80885283276439 1123.7998746819794 87.114161156117916 87.985681847669184 71.072846846655011 270.1111723035574 9948.4119484722614 1999.4633325710893 1347.9483214654028 289.48560502752662 73855.739231538028 124.10582223534584 1615.2777482476085 4859.9077610932291 169.82351145055145 1992.1819188483059
leaf_count=4232 3579 46564 4649 2061 18008 9882 1138 6165 12142 1334 1661 1843 1650 52154 13497 8538 2211 437609 1572 9069 28863 1773 11711
internal_value=-4.46805e-05 -0.00105914 0.00454505 0.00851541 0.010973 0.000395549 -0.00479432 -0.00897105 -0.0114194 0.0149588 -0.0164116 7.85032e-05 0.000565335 -0.00156178 4.9063e-05 0.00121782 -0.00536467 0.000416135 0.0161384 -0.00269056 -0.00493115 0.0253542 -0.00147449
internal_weight=112755 34125.4 2806.63 2360.79 2203.33 78629.4 2488.19 2055.01 1873.61 433.181 445.841 159.059 76141.2 31318.7 12903 10614 2288.95 74125.9 181.402 18415.8 6475.19 256.938 11940.6
internal_count=681905 205061 32454 24301 22240 476844 27703 21017 18307 6686 8153 3504 449141 172607 70810 55102 15708 439259 2710 101797 37932 3107 63865
is_linear=0
shrinkage=0.05


Tree=185
num_leaves=24
num_cat=0
split_feature=9 18 2 1 14 7 12 1 9 18 1 1 24 7 24 13 7 7 10 16 10 24 20
split_gain=20.9575 28.5381 17.608 28.2128 15.658 26.392 45.0834 40.7923 26.2198 84.6697 178.991 61.4836 51.118 48.1893 47.6227 20.2684 23.7164 22.7354 15.8986 14.1254 17.0872 11.8564 11.2412
threshold=0.16363912571132636 -5.6766548725639838 -1.5854782819957333e-07 -1.0000000180025095e-35 1.5337026949161999e-07 1.1257707898885387e-05 0.0049628097130187268 -1.5447355394826443e-07 0.40220683120857154 -9.2630206192495397 1.0000000180025095e-35 1.5394559138570687e-07 0.57495808014223326 5.8642794247252226e-06 1.2254547467938461 0.017543859646323504 4.1948557704144719e-05 2.2749863217398212e-05 0.76998650848729133 -0.21759949232650394 0.13903179633440707 -0.17079444791040246 -0.062121361538943168
decision_type=2 2 2 2 2 2 2 2 2 2 2 2 2 2 2 2 2 2 2 2 2 2 2
left_child=1 19 22 21 8 6 18 -8 9 10 -2 13 -13 -10 -11 16 -7 -17 -6 20 -1 -4 -3
right_child=4 2 3 -5 5 15 7 -9 11 14 -12 12 -14 -15 -16 17 -18 -19 -20 -21 -22 -23 -24
leaf_value=0.020955008452962928 0.0092584002696319105 -0.0015313102042752535 -0.016639366008600699 -0.0066048009812923053 0.0014665279270440947 0.00093548557906145038 -0.0008454022055476055 0.023813758122590189 -0.0055632541036502925 -0.00088244492504858506 -0.014497187490781362 0.0013481602459929889 0.02337329500653065 -0.0011057330577570969 -0.023793724450955667 -0.0026193370888220255 -0.0020062791231219373 0.0063414925899850138 0.009934432982127735 0.021953402907733153 -8.9946751074525592e-07 -0.040376954843869717 -0.011623914820088822
leaf_weight=101.40439468808472 5514.7052180003375 2252.472076119855 152.24897876381874 1267.7561763105914 5815.1200530659407 18478.566776670516 255.42243678960949 483.52143469080329 7833.3557355348021 10871.94136756938 924.06545534357429 14346.612108352594 266.41493923589587 26835.76773159951 229.67231129668653 977.54795193299651 10885.256653040648 2548.6652449145913 611.24985550530255 84.524464692920446 1632.7467446420342 84.251476693898439 312.91712430119514
leaf_count=495 32449 12698 750 7343 50629 110380 2244 3724 70232 69674 6429 83005 2269 143354 1896 5464 51009 11877 5000 554 8722 441 1574
internal_value=-6.72285e-05 -0.00297075 -0.00529725 -0.00959044 9.27435e-05 0.000874432 0.00362377 0.0153041 -0.00037576 0.00128418 0.00584488 -0.00096669 0.00175319 -0.0021133 -0.00136109 0.000275133 -0.000154927 0.00385585 0.00227558 0.00223262 0.00124434 -0.0253843 -0.00277241
internal_weight=112766 5888.32 4069.65 1504.26 106878 40055.4 7165.31 738.944 66822.5 17540.4 6438.77 49282.2 14613 34669.1 11101.6 32890 29363.8 3526.21 6426.37 1818.68 1734.15 236.5 2565.39
internal_count=682212 32577 22806 8534 649635 240327 61597 5968 409308 110448 38878 298860 85274 213586 71570 178730 161389 17341 55629 9771 9217 1191 14272
is_linear=0
shrinkage=0.05


Tree=186
num_leaves=24
num_cat=0
split_feature=8 7 2 14 18 18 18 7 8 18 1 9 14 8 2 1 17 18 7 18 7 7 12
split_gain=17.5659 63.6895 66.6047 70.5966 44.3405 84.5693 54.4896 44.0947 37.2046 41.13 50.4407 73.4019 51.5649 36.4906 38.9671 36.2399 33.2944 39.5355 31.3009 20.4278 20.3265 18.5042 15.0386
threshold=0.99999747274353923 4.4272750387204351e-05 -1.0000000180025095e-35 1.5479597005159945e-07 -9.1626852725285648 -9.2630206192495397 -5.8413233695499862 1.8396699159017405e-05 0.98941367982966322 -3.3692627736566885 4.332008615826056e-06 0.59978135153057444 1.0000000180025095e-35 0.71435093840266473 -4.6891129823478645e-07 1.4955713691477969e-05 -0.23047322075683699 -3.9294235524141135 4.3606175290938498e-05 -2.5431927600697266 2.7881666868545783e-05 7.0718844698612553e-05 0.00071479664841858452
decision_type=2 2 2 2 2 2 2 2 2 2 2 2 2 2 2 2 2 2 2 2 2 2 2
left_child=8 2 3 7 5 -4 -6 -2 9 10 11 -1 -12 14 -11 16 21 -18 -15 -10 22 -3 -21
right_child=1 15 4 -5 6 -7 -8 -9 19 13 12 -13 -14 18 -16 -17 17 -19 -20 20 -22 -23 -24
leaf_value=0.0014659326587840547 -0.024239918726066116 0.007926435331340036 -0.0062156037457984942 0.034965983611866695 -0.0045362455083150042 0.023743408013303387 0.00060840366607391953 -0.0078317760729333091 -0.00097440511523445503 -0.00054750951044778794 0.01010701332668292 -0.0026736859543898925 -0.00015553604521817085 0.0053729315672485945 -0.0054897426542941073 -0.0021502908121419201 -0.014577063132350649 0.0079850519542165096 -0.0030905109646438569 0.0095765046636151138 0.0035484786239407943 0.018407843053299157 0.027700978427459329
leaf_weight=39160.902041393332 552.91482464596629 1704.6709692254663 451.87667653337121 80.807503297924995 9459.0919782184064 488.10827826336026 11282.953298751265 1582.6452977284789 1221.5043567381799 8211.6876825448126 2784.2270837500691 14736.075503028929 2181.2258930131793 2824.8172306576744 7758.2132476484403 1443.0095825642347 328.72693265974522 468.10959454625845 1778.1241658180952 1260.5216227145866 2246.2582067921758 562.27491207420826 125.20565005857497
leaf_count=243719 5401 7715 3297 380 63394 3014 67028 9918 7160 46707 15792 93595 11349 17857 43680 6816 1560 2086 8066 8492 11261 2449 1110
internal_value=3.08068e-06 -0.00107216 -0.00210049 -0.0103528 -0.00125582 0.00935336 -0.0017377 -0.012101 0.000365511 0.000105734 0.000778417 0.000333962 0.00559962 -0.00181857 -0.00294916 0.00437823 0.00745412 -0.00132966 0.00210248 0.00461436 0.00649484 0.0105423 0.0112553
internal_weight=112694 28405.2 23898.4 2216.37 21682 939.985 20742 2135.56 84288.8 79435.3 58862.4 53897 4965.45 20572.8 15969.9 4506.79 3063.78 796.837 4602.94 4853.49 3631.99 2266.95 1385.73
internal_count=681846 173058 152432 15699 136733 6311 130422 15319 508788 480765 364455 337314 27141 116310 90387 20626 13810 3646 25923 28023 20863 10164 9602
is_linear=0
shrinkage=0.05


Tree=187
num_leaves=24
num_cat=0
split_feature=2 2 2 22 24 7 22 7 7 3 22 2 7 4 15 7 11 19 23 21 21 5 24
split_gain=22.8281 60.1678 107.537 67.6053 62.2736 56.8952 55.8863 55.5685 52.7295 51.006 47.307 35.7145 60.996 33.9376 33.1785 100.07 51.7642 26.8245 26.6131 25.0459 23.477 22.397 20.3056
threshold=1.5435433553534497e-07 1.5837370526128328e-07 1.5876828829419767e-07 0.15401500000005197 -0.11629799462820385 3.2573658678955381e-05 0.49817000000002842 1.2580149221108218e-05 2.7423939740109708e-05 -1.5476396431068904e-07 1.6102800000000477 1.0000000180025095e-35 1.0150119298696187e-05 1.539842662268143e-07 0.00095695970680512892 2.8121381224646524e-05 0.99886363049372762 0.92829671265507141 0.33118499999994305 -0.92740491901272637 0.79844822614986455 3.9827785590328277e-06 1.162011799289443
decision_type=2 2 2 2 2 2 2 2 2 2 2 2 2 2 2 2 2 2 2 2 2 2 2
left_child=10 4 3 7 5 9 8 -3 -4 -2 11 14 13 -13 16 -16 -1 -8 22 -14 -7 -12 -6
right_child=1 2 6 -5 18 20 17 -9 -10 -11 21 12 19 -15 15 -17 -18 -19 -20 -21 -22 -23 -24
leaf_value=-0.00078063623558607888 -0.0089447635364724217 -0.027188544066599835 0.0061794789983387992 0.016057361529480292 0.015934521024323228 0.01290242501955048 -0.0049369056613227779 -0.0016327956098453689 -0.00037017594500172437 0.0028505061428125114 0.024481840043860184 -0.019962941174991367 -0.026235299806228175 -0.0023229087121578525 -0.0085210078096559193 0.0022402232363443269 0.0025887164788788355 -0.00010559740339953738 0.0028046989972135674 0.0023074623892305355 -0.0031043544559413135 0.0060498349553150133 0.035392231917234576
leaf_weight=51005.630379824899 1143.5379849262536 714.8187344269827 6208.3611787296832 151.19512042403221 708.53962977603078 1578.0217626318336 4418.9027733653784 303.45416773483157 6079.6859448105097 4581.7751635750756 238.82231255900115 852.26597170624882 79.391065254807472 402.3281073924154 4469.3111615804955 4177.4845978841186 14677.9081886122 8212.32579722628 317.95243523269892 1375.3170238696039 266.54753385484219 532.04724811390042 167.19370686635375
leaf_count=310882 8242 9956 37290 828 6106 7876 21834 1985 29544 29182 1417 11749 660 3231 31612 20495 90056 44303 1572 8025 1194 2454 1478
internal_value=-1.67559e-05 0.00104661 -0.000157358 -0.0149625 0.00463057 0.00295395 0.000538396 -0.0195957 0.002939 0.000491419 -0.000493132 -0.00061666 -0.00625349 -0.0143227 -0.00041097 -0.00332209 -2.75751e-05 -0.00179669 0.0152361 0.00071242 0.0105858 0.0118153 0.0197272
internal_weight=112663 34852.3 26088.7 1169.47 8763.57 7569.88 24919.3 1018.27 12288 5725.31 77810.5 77039.6 2709.3 1254.59 74330.3 8646.8 65683.5 12631.2 1193.69 1454.71 1844.57 770.87 875.733
internal_count=681971 201390 145740 12769 55650 46494 132971 11941 66834 37424 480581 476710 23665 14980 453045 52107 400938 66137 9156 8685 9070 3871 7584
is_linear=0
shrinkage=0.05


Tree=188
num_leaves=24
num_cat=0
split_feature=10 24 3 7 2 6 3 4 23 2 24 0 23 3 6 4 4 5 7 2 2 3 5
split_gain=22.7175 27.4618 46.0221 28.6244 39.9965 24.1368 89.9561 51.7244 63.0985 32.4369 26.0236 24.0754 22.1522 21.0794 34.6978 20.7859 128.191 76.2673 18.2772 17.234 40.0856 43.4589 20.4067
threshold=0.41755489358613895 -0.8054772284426398 1.0000000180025095e-35 3.6398788110920999e-05 1.0000000180025095e-35 8.4082901556298878e-08 -1.536275657798569e-07 -1.5374359474407126e-07 0.09294499999993594 -1.5420200494276057e-07 -0.29306190606323218 -1.5448178736221505e-07 -3.8713000000000575 -3.1326953658705741e-05 4.4173333341623278e-05 -1.5872990744014712e-07 -1.5827219890240937e-07 6.4962112780105483e-06 1.45722456222469e-05 -4.6728920503724673e-05 -1.5395496433256992e-07 -7.9232386251959486e-07 8.2024368191552152e-08
decision_type=2 2 2 2 2 2 2 2 2 2 2 2 2 2 2 2 2 2 2 2 2 2 2
left_child=1 2 3 4 -1 6 9 11 -9 -2 -11 -8 13 14 -7 17 -17 -14 -15 -3 21 -21 -22
right_child=5 19 -4 -5 -6 12 7 8 -10 10 -12 -13 15 18 -16 16 -18 -19 -20 20 22 -23 -24
leaf_value=0.023713295970528958 0.0011855751847646714 0.0006345984540254907 -0.021715714223945391 -0.0038667530964231959 -0.021744726732910644 0.01453545870412818 -0.016470784414301842 -0.012154339010972709 0.0014826078190684963 0.031161147934236674 0.0075010311913381372 0.021186792929248535 -0.0044859081143383698 -0.018722838786531745 0.0015417067402755315 0.028954551081039934 0.00079445296101251248 0.0011517136651371688 0.0016972340431824326 -0.0031716107563085796 0.0038094930120468186 -0.012599797892746557 -0.0015966372501913504
leaf_weight=448.21691883634776 412.88431241177022 6483.2745844423771 111.66439579240978 189.80082309991121 52.532158486545086 938.91889879852533 50.086329739540815 2561.4948576055467 1266.2297756820917 254.82962625194341 216.4951508641243 232.93337212689221 8908.0559595767409 142.3460851162672 1135.0702601447701 405.38637568149716 50903.827718528919 18358.737482596189 452.5122311860323 4906.7240920066833 2092.0058619556949 1627.8176486101002 10481.223233824596
leaf_count=3601 6101 33577 1070 804 580 4966 712 23379 7992 2365 2606 2301 54339 922 5047 6422 311302 94787 2174 25856 15599 11256 64025
internal_value=-2.26789e-05 -0.00130625 0.0077907 0.0126181 0.0188669 0.000370115 -0.00300259 -0.0061158 -0.00764345 0.0114464 0.0203814 0.0144361 0.0005776 0.00505591 0.00743487 0.000425305 0.00101816 -0.000690107 -0.00322716 -0.0015922 -0.002348 -0.00552416 -0.000696274
internal_weight=112633 26393.3 802.214 690.55 500.749 86239.8 4994.95 4110.74 3827.72 884.209 471.325 283.02 81244.9 2668.85 2073.99 78576 51309.2 27266.8 594.858 25591 19107.8 6534.54 12573.2
internal_count=681783 156368 6055 4985 4181 525415 45456 34384 31371 11072 4971 3013 479959 13109 10013 466850 317724 149126 3096 150313 116736 37112 79624
is_linear=0
shrinkage=0.05


Tree=189
num_leaves=24
num_cat=0
split_feature=2 2 21 1 1 8 2 8 4 22 19 17 8 24 3 1 4 8 10 22 19 5 2
split_gain=21.8321 55.3246 35.3703 31.3439 71.7059 39.3428 33.2825 44.2599 34.9075 30.0402 33.0723 24.4999 18.5008 19.0928 17.6371 16.5904 16.341 14.6141 13.1804 12.4308 11.749 13.6555 10.647
threshold=-1.5435607547686911e-07 -1.5526463936765819e-07 0.9288000367316892 -1.5899868976987361e-07 -1.5823786281288219e-07 0.40005442012335241 -1.5361892824472531e-07 0.32560308111343395 1.5880071213558725e-07 -0.63049499999996017 -0.88537558121586335 2.6131762507912284 0.032424274172275495 -0.18260540553295598 -1.588103337724078e-07 -0.0001359812398638027 0.00041047356128487428 0.63533941190353904 0.58540283636146828 -0.02114999999995287 0.9382344928329065 8.8806835719651376e-05 -1.5781694884253736e-07
decision_type=2 2 2 2 2 2 2 2 2 2 2 2 2 2 2 2 2 2 2 2 2 2 2
left_child=1 2 9 15 5 19 7 -6 -8 10 -1 -11 13 -3 -7 -2 22 18 -14 -5 21 -17 -4
right_child=3 12 16 4 6 14 8 -9 -10 11 -12 -13 17 -15 -16 20 -18 -19 -20 -21 -22 -23 -24
leaf_value=-0.00049828286826020056 0.011895439549639356 -0.012242615752226647 0.023897852992520022 -0.0055069408737294136 0.00039641829261879351 0.0058337423131934359 -0.00089016695015126991 0.014834349997066443 0.0012957536800097676 -0.0021790399341156141 0.0055167749035017468 0.0098860255075220865 -0.005342311518200569 -0.032936774320868743 0.033272062984931232 -0.013572803807233261 -0.017595476077973512 -0.017771358184752738 0.012500558334000392 0.011520084319000007 0.0071047243452690371 0.0021505096816587309 0.0088152752369305646
leaf_weight=7937.6474258601665 98.066714003682137 601.27767946198583 182.2139449166134 163.36978928372264 1264.2783664762974 75.48151945322752 36760.704891211353 914.02433781325817 36291.726949594915 21850.427410178818 3206.2394538931549 426.94569247029722 418.48565344326198 137.12513958662748 283.46617787331343 836.63018500059843 42.028508372604847 166.66773497499526 135.25104843638837 302.85933280177414 96.817152172327042 164.07059867680073 337.29294503293931
leaf_count=42168 409 3616 2087 1282 11058 421 249462 8488 189110 135474 15442 2857 2516 957 2838 4137 248 1094 998 3431 590 691 3218
internal_value=-5.92272e-05 -0.00108669 -0.000676927 0.000412108 0.000538534 0.0151798 0.000377474 0.00646497 0.000195714 -0.000886472 0.00123256 -0.00194672 -0.0106148 -0.016171 0.0275803 -0.00761368 0.0117447 -0.00488384 -0.000945863 0.00554499 -0.00937989 -0.0109907 0.0141863
internal_weight=112693 35441.6 33982.8 77251.5 76055.9 825.177 75230.7 2178.3 73052.4 33421.3 11143.9 22277.4 1458.81 738.403 358.948 1195.58 561.535 720.404 553.737 466.229 1097.52 1000.7 519.507
internal_count=682592 210675 201494 471917 466090 7972 458118 19546 438572 195941 57610 138331 9181 4573 3259 5827 5553 4608 3514 4713 5418 4828 5305
is_linear=0
shrinkage=0.05


Tree=190
num_leaves=24
num_cat=0
split_feature=1 3 18 2 18 7 10 10 1 7 23 18 0 6 14 15 2 3 6 22 21 18 2
split_gain=24.885 31.165 57.5397 87.5096 68.9975 41.7077 30.2522 29.5367 26.0253 78.5344 44.0326 27.0871 23.5311 45.6615 29.1649 166.039 37.0721 22.8951 26.6114 23.9128 22.3799 19.8773 16.4765
threshold=-1.5434588895857357e-07 -1.5838797740030938e-07 -9.2630206192495397 -1.5435607547686911e-07 -9.1626852725285648 2.0428693439719849e-05 0.54721349523545271 0.54558091748672433 -1.536575924276917e-07 1.1831098842472531e-05 -0.095855000000042781 -6.9433958789483201 -7.8173883455434623e-07 4.2894538834455726e-05 1.5354836444749499e-07 0.99860529714728574 -1.5930646934947387e-07 -1.588103337724078e-07 1.0997135593785847e-07 -1.6315149999999492 -0.30502242391748696 -2.0234771744701248 -1.5371508155226363e-07
decision_type=2 2 2 2 2 2 2 2 2 2 2 2 2 2 2 2 2 2 2 2 2 2 2
left_child=1 17 3 6 -4 -5 -3 -6 9 10 21 -11 13 -10 16 -16 -14 18 -1 -20 -13 -2 -12
right_child=8 2 4 5 7 -7 -8 -9 12 11 22 20 14 -15 15 -17 -18 -19 19 -21 -22 -23 -24
leaf_value=-0.021326254085281448 0.0078259264545358226 -0.014996402920612346 -0.040624566938240007 0.022265649536530884 -0.0077250193115184322 0.0023607933738292639 0.0013270261429475638 -0.0018689982119019907 -0.040534538231367934 0.0060536309737469034 0.014684140372882014 6.3410540663500198e-07 -0.005223585808341015 -0.0026932614742701789 0.0080677283698296891 -0.00078429056193377381 8.6343100787520646e-05 0.012070308556058505 0.0036492923041460353 -0.00089408507019350734 -0.017464556255528573 -0.020148317739601813 0.030576591792841213
leaf_weight=146.45160726457834 343.60554752126336 498.16477174591273 132.85111823864281 634.81626187637448 3999.4508559908718 450.45197203010321 654.43903366103768 4671.9247320145369 99.24607540667057 493.41492727026343 309.6731262197718 352.0506626367569 3519.205058477819 378.15054599940777 7462.7089421693236 18241.950036810711 49413.809644467197 383.29640395846218 3529.4430709145963 16094.235440962017 379.6388274282217 75.771218556910753 363.91458412259817
leaf_count=1392 2659 4185 869 4628 27239 2410 5674 33690 419 3017 5196 1778 17734 1569 43611 110569 297942 6997 17874 85593 2432 432 4313
internal_value=2.988e-05 -0.00117082 -0.0033056 0.00384965 -0.00512536 0.0140281 -0.00573752 -0.00457167 0.000489926 0.00570971 0.0154414 -0.00297926 0.000336783 -0.0107068 0.000404161 0.00178591 -0.000266772 -7.14745e-07 -0.000236194 -7.63864e-05 -0.00907731 0.00268815 0.0233427
internal_weight=112629 31195.5 11042.1 2237.87 8804.23 1085.27 1152.6 8671.38 81433.1 2318.07 1092.96 1225.1 79115.1 477.397 78637.7 25704.7 52933 20153.4 19770.1 19623.7 731.689 419.377 673.588
internal_count=682222 190551 78695 16897 61798 7038 9859 60929 491671 19827 12600 7227 471844 1988 469856 154180 315676 111856 104859 103467 4210 3091 9509
is_linear=0
shrinkage=0.05


Tree=191
num_leaves=24
num_cat=0
split_feature=10 23 7 4 2 18 5 15 7 2 8 7 7 18 2 24 8 0 2 8 7 7 16
split_gain=29.0058 28.8253 24.6579 73.6342 55.5569 58.7909 23.8636 19.0107 50.007 48.8388 27.2391 60.6384 55.2835 22.4187 17.7512 17.2995 42.1952 40.8763 31.8277 26.6553 53.4892 43.1146 16.247
threshold=0.54558091748672433 1.496189999999926 9.1658218375892002e-08 -1.5374359474407126e-07 -1.0000000180025095e-35 -9.2630206192495397 4.7411681808984416e-07 0.99929651349824389 1.8757788585920736e-05 1.5383466323015685e-07 0.99999747274353923 2.9904584162853696e-05 1.1756636786913056e-07 -3.8793138602411612 -1.5631303806884486e-07 -0.18569533813797237 0.24231364705746974 2.4635752637003353e-05 -1.5833076361104756e-07 0.49349090812027235 3.01978450989434e-05 4.6717110349656482e-05 -0.41566645558105236
decision_type=2 2 2 2 2 2 2 2 2 2 2 2 2 2 2 2 2 2 2 2 2 2 2
left_child=1 7 3 14 -5 -6 -3 10 9 -9 12 -12 -1 -10 -2 19 18 -18 -17 20 -4 -21 -8
right_child=2 6 15 4 5 -7 22 8 13 -11 11 -13 -14 -15 -16 16 17 -19 -20 21 -22 -23 -24
leaf_value=0.0059733140550642851 0.0011141869521383938 0.010108387134047696 0.0067756568310978682 0.018051061823808723 -0.021345007396646184 -0.0033957392815885156 -0.013213638867322533 -0.015360679862932514 -0.0037755218300515592 -0.0014710541346973644 -0.0057908731222554074 0.0034289774584023293 -0.0001524133821265471 0.0030150809797765007 0.02545746293898897 0.0022560164319082774 0.0062613427638709088 -0.00037883710035642145 -0.0078002322365911926 -0.00095733832287289613 -0.0014542390395483693 0.0044484076498156671 -0.0043250901638129434
leaf_weight=4106.2405204903334 111.50623212289065 250.99004251882434 4435.7930864952505 194.37256957869977 709.77340591978282 1275.5685619730502 611.26468981057405 1276.1200803369284 2101.0634962841868 1256.3046258222312 5340.8241459690034 2674.5343391001225 35582.957712490112 2877.5939386859536 230.01844769436866 1681.9135949425399 7244.5078442953527 3405.1511607430875 1474.4742798712105 24610.43366228696 3554.0512427985668 4336.6870688870549 3238.24027973786
leaf_count=44148 2592 1759 32353 3272 5831 12576 2771 12826 11847 11506 46498 13396 189579 15756 3361 10022 47018 21101 10208 131231 17284 18909 16333
internal_value=3.62707e-05 -0.000724195 0.00088323 -0.00394069 -0.00732743 -0.00983027 -0.00476794 -0.000423641 -0.00276142 -0.00847878 -5.5352e-05 -0.00271372 0.000481497 0.000147982 0.0175768 0.00112316 0.00263319 0.00413805 -0.00244204 0.000558501 0.00311475 -0.000147057 -0.00574393
internal_weight=112580 59316.1 53264.3 2521.24 2179.71 1985.34 4100.5 55215.6 7511.08 2532.42 47704.6 8015.36 39689.2 4978.66 341.525 50743 13806 10649.7 3156.39 36937 7989.84 28947.1 3849.5
internal_count=682177 366419 315758 27632 21679 18407 20863 345556 51935 24332 293621 59894 233727 27603 5953 288126 88349 68119 20230 199777 49637 150140 19104
is_linear=0
shrinkage=0.05


Tree=192
num_leaves=24
num_cat=0
split_feature=10 24 2 7 7 4 3 24 2 2 2 0 23 9 8 17 3 4 2 2 22 6 7
split_gain=22.8593 28.5042 29.437 38.1167 25.2329 84.7251 50.7048 47.481 26.4325 23.9926 33.3053 39.3807 23.7992 22.9526 22.1652 18.4612 17.8456 17.2016 17.1685 41.1362 25.1851 14.1205 25.9031
threshold=0.41296562190425795 -0.72430926176281385 1.0000000180025095e-35 1.1257707898885387e-05 8.6577341931417494e-08 -1.5374359474407126e-07 -1.536275657798569e-07 -0.45889012254486355 -1.5427858457428553e-07 7.4483474634234894e-05 1.5435433553534497e-07 -1.5943130282636273e-07 -3.8713000000000575 0.40000000000011787 0.0098288283325187221 -0.66869407758568056 -7.9232386251959486e-07 -0.00037649273048323545 -1.0000000180025095e-35 -1.5751574888867023e-07 -1.2961249999999727 3.6243761632685378e-05 3.4900036835757658e-05
decision_type=2 2 2 2 2 2 2 2 2 2 2 2 2 2 2 2 2 2 2 2 2 2 2
left_child=1 2 3 -1 5 8 14 -8 13 10 12 -12 -6 -2 -7 -11 -4 21 19 -19 -20 22 -3
right_child=4 17 16 -5 9 6 7 -9 -10 15 11 -13 -14 -15 -16 -17 -18 18 20 -21 -22 -23 -24
leaf_value=0.020469602477458826 -0.0257369022870188 0.0017367517919476144 0.0075333163983783372 0.00066341972381801339 0.0054066243884778693 -0.0059214514208079175 -0.020823827588114314 -0.0049257336485378769 0.023273850268539373 -0.021637589609822278 -0.01540309058221778 0.0028314060377342158 -3.9314301049984675e-05 0.011618767973620041 0.027838610536896076 -0.0014899373297270607 -0.020892871185938616 -0.0019460996744573144 -0.014424713322536975 -0.0093630322135889801 -0.0003831030968675276 0.0035113329022243831 -0.021526136803211776
leaf_weight=455.21261603292078 59.4783566435799 396.80066266655922 88.484561130404472 519.71811556816101 2085.3671377766877 77.139039302244782 764.95988093968481 1218.9124645041302 306.50009180419147 112.98621240258217 298.55162086337805 19812.32881987188 51502.757553829812 122.13850311469287 125.85241361055523 10614.127270366997 140.42302450351417 8119.5167007166892 327.4944374198094 2428.394278626889 10408.183876474388 2403.9794780090451 168.97368221729994
leaf_count=3916 1081 2175 396 2486 10262 1333 6646 13335 3824 502 1385 117323 317632 2606 1743 53699 1499 45722 1826 13861 66953 11146 857
internal_value=-3.43957e-05 -0.00135239 0.00615016 0.00993937 0.000350781 -0.00442822 -0.0086343 -0.0110732 0.014364 0.00050236 0.000823988 0.00255896 0.000172713 -0.000734824 0.0150524 -0.00170661 -0.00991296 -0.00172547 -0.00222297 -0.00365559 -0.000814518 0.00183744 -0.00525347
internal_weight=112558 25457.2 1203.84 974.931 87101.1 2674.98 2186.86 1983.87 488.117 84426.1 73699 20110.9 53588.1 181.617 202.991 10727.1 228.908 24253.3 21283.6 10547.9 10735.7 2969.75 565.774
internal_count=682208 150837 8297 6402 531371 30568 23057 19981 7511 500803 446602 118708 327894 3687 3076 54201 1895 142540 128362 59583 68779 14178 3032
is_linear=0
shrinkage=0.05


Tree=193
num_leaves=23
num_cat=0
split_feature=23 7 4 4 6 7 4 8 5 4 9 12 20 8 21 3 17 1 8 5 6 4
split_gain=23.5939 32.2838 27.9095 182.976 105.687 50.2015 47.8561 47.835 40.084 64.3967 30.492 26.4765 21.3291 20.1827 19.4471 16.5413 14.4743 13.238 11.4707 10.5201 9.08604 9.56845
threshold=2.8316049999999273 9.8147975836977516e-08 1.5880071213558725e-07 1.583869115862058e-07 1.7377875353053161e-05 4.0548062694072702e-07 0.00018485339140106308 0.99731521062811324 1.2048370769063626e-05 -1.5872990744014712e-07 0.7000000000001293 0.010582306829236887 0.88921154163406324 0.83336110185493739 -0.062238139751824205 1.0000000180025095e-35 -0.62928681004710918 1.584703550605582e-07 0.86667983000488935 5.0207084344951368e-05 8.7015825578766815e-05 -1.5647150508613092e-07
decision_type=2 2 2 2 2 2 2 2 2 2 2 2 2 2 2 2 2 2 2 2 2 2
left_child=2 -2 3 8 5 15 12 -7 9 -1 17 -8 -6 -10 20 -4 -16 -5 -12 -18 21 -3
right_child=1 14 4 10 6 7 11 -9 13 -11 18 -13 -14 -15 16 -17 19 -19 -20 -21 -22 -23
leaf_value=-0.0033905505749818677 0.025769080955939411 -0.0043201810195752045 0.008630182528403153 -0.036516356134460644 -0.0044905261911967398 0.0061901112736159267 0.0015699668353772402 0.00046228739458590044 0.00041096596097783312 0.00089092380266762069 -0.02711292939505244 -0.01009670749497232 0.0015866019285880981 0.0033148741422089549 -0.018630083338321793 0.037671559169152574 -0.0043990315876992958 -0.018212633804254561 -4.6821065698661156e-05 -0.0008473529860550512 0.020940828187601922 0.016252419796227924
leaf_weight=17409.064471712336 98.620880474336445 148.88940038532019 76.153732473030686 384.46631684713066 8327.7748071961105 10006.422530021518 12835.376968607306 5736.696633419022 19531.101382900029 17717.540548787452 53.578701592981815 503.38133236765862 1744.1461455821991 8627.8138729035854 146.97590731270611 146.38785264082253 4937.7448203740641 143.45093333162367 133.67330293916166 3616.5104016587138 106.29052899777889 88.305512078106403
leaf_count=103724 710 726 627 4393 42596 62941 64454 29722 96428 167040 543 2577 9372 46772 714 980 26441 2840 1353 16189 459 436
internal_value=4.00413e-05 -0.00239415 0.000255427 -0.000388918 0.00130281 0.00443933 -0.000836216 0.00410357 -0.000104241 -0.00123094 -0.0255025 0.00112786 -0.00343755 0.00130107 -0.00270741 0.0279213 -0.00316913 -0.0316396 -0.00802239 -0.00289861 0.00892514 0.00338976
internal_weight=112520 9143.34 103377 64000.7 39376.3 15965.7 23410.7 15743.1 63285.5 35126.6 715.169 13338.8 10071.9 28158.9 9044.72 222.542 8701.23 527.917 187.252 8554.26 343.485 237.195
internal_count=682037 45675 636362 423093 213269 94270 118999 92663 413964 270764 9129 67031 51968 143200 44965 1607 43344 7233 1896 42630 1621 1162
is_linear=0
shrinkage=0.05


Tree=194
num_leaves=24
num_cat=0
split_feature=23 7 2 2 18 7 2 7 19 8 2 7 24 15 7 14 21 10 10 20 2 10 7
split_gain=21.2621 32.1351 29.1227 57.2111 85.3943 81.0594 62.789 62.1564 54.7686 36.0634 34.448 57.5391 31.8126 24.0955 89.5745 38.7406 23.5634 22.7645 20.9881 23.4973 8.57617 6.62081 6.69059
threshold=2.3625899999999507 1.06372281672639e-07 1.5435433553534497e-07 1.5823389443170302e-07 -9.2630206192495397 1.1756636786913056e-07 1.5876828829419767e-07 1.0083745457409423e-07 0.99764546874951654 0.99759024905417781 1.0000000180025095e-35 1.0150119298696187e-05 2.7067657321251199 0.0041928905461900787 1.8396699159017405e-05 1.5319169536352927e-07 -0.10393291615079382 0.51754189980352161 0.54721349523545271 0.43681774053317984 -1.5435607547686911e-07 0.67119015341826116 6.0422153579627529e-05
decision_type=2 2 2 2 2 2 2 2 2 2 2 2 2 2 2 2 2 2 2 2 2 2 2
left_child=2 -2 10 4 8 6 -5 -6 -4 -7 13 12 -12 15 -15 -1 21 -13 20 -20 -18 22 -3
right_child=1 16 3 5 7 9 -8 -9 -10 -11 11 17 -14 14 -16 -17 18 -19 19 -21 -22 -23 -24
leaf_value=-0.0006313347358024049 0.019293832119893842 0.010326382145915795 -0.0073515499182824438 -0.025596301036767563 0.029924292971516383 0.0023813850570649185 0.022644263701647172 0.0069326875645013414 0.01451233767287023 -0.0020326499854478905 -0.0153434307008851 -0.0060134591804997155 0.033036506737308305 -0.010043682824393664 0.0012310603197761485 0.0021338559580163755 -0.011466274219389658 0.0069963790374330719 0.0098742884264517231 -0.0023218841308327936 -0.005053846788072444 0.015826960214864873 -0.0071402756893742484
leaf_weight=45766.493831264786 169.7920555761084 131.47000175341964 1708.9574914090335 474.27370344940573 308.72136938851327 11546.397073239088 76.883546985685825 5589.8990152869374 341.99173096567392 7718.4700323753059 1181.5590189471841 619.67812680639327 33.096515231765807 2754.9194285562262 4876.8057770617306 17511.004939152859 728.0974159501493 730.11133899912238 414.38246985524893 7631.9557475224137 1871.6257364787161 194.6232515014708 90.937150716781616
leaf_count=283257 1239 664 10606 8232 3980 64554 730 33950 2504 41660 14523 4299 378 21363 25659 105801 3604 3916 1837 38590 9257 932 399
internal_value=-9.99408e-05 -0.00216362 0.000129021 0.0015085 0.00509131 7.05712e-05 -0.0188004 0.0081466 -0.00369277 0.000612615 -0.000392242 -0.006083 -0.0139689 -0.000186198 -0.00283984 0.00013385 -0.00249682 0.0010199 -0.00295445 -0.00169087 -0.00685911 0.00913207 0.0031624
internal_weight=112472 11232.9 101239 27765.6 7949.57 19816 551.157 5898.62 2050.95 19264.9 73473.7 2564.44 1214.66 70909.2 7631.73 63277.5 11063.1 1349.79 10646.1 8046.34 2599.72 417.03 222.407
internal_count=681934 56522 625412 166216 51040 115176 8962 37930 13110 106214 459196 23116 14901 436080 47022 389058 55283 8215 53288 40427 12861 1995 1063
is_linear=0
shrinkage=0.05


Tree=195
num_leaves=24
num_cat=0
split_feature=1 1 21 2 2 18 1 14 15 7 23 17 18 17 16 2 2 15 18 0 6 16 21
split_gain=23.2326 35.4908 27.6116 26.071 22.158 46.9933 29.3696 22.0596 115.871 207.627 86.7546 48.2143 48.0157 65.4244 32.2589 40.0851 54.7888 31.8179 24.1319 20.9738 23.0148 17.776 17.6099
threshold=-1.5447355394826443e-07 -1.5518432050498629e-07 0.94989679943789007 -3.1125984163438141e-05 -1.0727219741823999e-05 -5.9541706182273364 -1.5929994745533802e-07 1.5337026949161999e-07 0.0018231555712188196 1.8929129932362007e-05 -0.079420000000051755 -0.3792860896748379 -4.8645890030465564 -0.22617493913332196 -0.42741923330996873 -1.5930646934947387e-07 -1.5839827671726423e-07 0.94019622271242154 -18.599018208778869 -1.0000000180025095e-35 1.1140353044491956e-05 -0.82402130858203981 -0.60114163086931383
decision_type=2 2 2 2 2 2 2 2 2 2 2 2 2 2 2 2 2 2 2 2 2 2 2
left_child=1 2 4 -3 6 -6 -1 14 9 10 -9 -11 13 -10 19 18 -17 -14 -16 20 -2 -21 -5
right_child=7 3 -4 22 5 -7 -8 8 12 11 -12 -13 17 -15 15 16 -18 -19 -20 21 -22 -23 -24
leaf_value=-0.00043484818365035295 0.0052382713801060847 0.012911469906845356 0.011680183934412535 -0.0023004131248103698 0.00049642671467015802 -0.0056461364208628441 0.0074674200291530192 0.0069814145209460138 -0.0017075553157754162 -0.009740411523718559 0.023290774033491547 0.0025217990250549502 -0.016588869987897589 -0.015501169918384695 -0.014399767065084069 0.015905098437942994 -0.00071526739983018774 0.0012530564502094904 -0.0037480758578842194 -0.0070605988516449572 -0.0097803953414124754 0.0028219177023919343 -0.015071977773541106
leaf_weight=15434.948469521478 385.87779534235597 121.85740485787392 432.09060484077781 392.35854724794626 6135.8828027676791 6316.2111094407737 1270.714521009475 1450.1395520512015 3898.9910477511585 1022.6250742450356 1870.9194490453228 3681.3295079134405 252.36153444647789 1101.4406595518813 767.60179449617863 500.54242732934654 37145.001410373487 14097.220466516912 1734.0641893781722 470.21702285297215 742.95483185723424 12403.10736901965 875.71287909522653
leaf_count=83404 3902 493 4403 2042 45962 41917 5171 8072 23200 4916 16654 18345 1161 8226 3526 4477 226042 84921 9261 2681 3940 73838 5677
internal_value=-3.82664e-05 -0.00120383 -0.00083655 -0.00900684 -0.001023 -0.00261934 0.00016676 0.000404614 0.00156134 0.00661181 0.0161793 -0.000145912 -0.000533445 -0.00475184 -0.000180109 -0.000900915 -0.000493314 0.00093666 -0.00702729 0.00188608 -0.00464184 0.00245952 -0.0111341
internal_weight=112504 30979.8 29589.8 1389.93 29157.8 12452.1 16705.7 81524.4 27375 8025.01 3321.06 4703.95 19350 5000.43 54149.4 40147.2 37645.5 14349.6 2501.67 14002.2 1128.83 12873.3 1268.07
internal_count=682231 189069 180857 8212 176454 87879 88575 493162 165495 47987 24726 23261 117508 31426 327667 243306 230519 86082 12787 84361 7842 76519 7719
is_linear=0
shrinkage=0.05


Tree=196
num_leaves=24
num_cat=0
split_feature=23 6 4 4 6 7 4 8 5 8 24 8 19 24 24 14 8 21 8 10 6 17 2
split_gain=15.122 40.0996 17.5278 205.107 66.9772 39.0993 66.257 43.5883 31.17 44.2364 30.7632 23.1154 28.5595 26.2861 16.2177 16.775 26.6963 15.8433 15.1475 24.8509 13.7875 12.4876 12.4617
threshold=-3.3837300000000536 1.0997135593785847e-07 -1.5872990744014712e-07 -1.5827219890240937e-07 1.4188556986959591e-05 1.9898696555123722e-05 1.5880071213558725e-07 0.032424274172275495 3.0193755246487036e-06 1.0000000180025095e-35 -0.53951447271113651 0.80877340496371464 -0.96356819427026708 -0.17504259502673425 1.0000000180025095e-35 1.530036372297645e-05 0.005724095228679651 0.76964949792840043 1.0000000180025095e-35 0.41077127445685319 8.8551111164568313e-08 0.027824012583418368 -5.4082911020714155e-06
decision_type=2 2 2 2 2 2 2 2 2 2 2 2 2 2 2 2 2 2 2 2 2 2 2
left_child=1 20 4 10 8 6 -5 -7 17 -10 -4 13 -13 -6 18 16 -16 -2 19 -3 -1 -17 -20
right_child=2 14 3 5 11 7 -8 -9 9 -11 -12 12 -14 -15 15 21 -18 -19 22 -21 -22 -23 -24
leaf_value=-0.0059392325900458204 -0.0062481389207569319 0.0040013526315087478 0.040440946227225688 -0.0011013476336065549 0.00035342087106869831 -0.0047221266736110455 0.0033941638892791004 -0.00024392648931526037 0.0043365162127008104 -0.0043812385718911533 0.018904642734209963 -0.0086596377562667866 0.0030410483954209449 -0.0040907023544087566 -0.023894283046915207 -0.0070771532516056557 0.0054395429253348082 -0.022661880760425156 -0.00021425833087268875 0.019815100689678858 -0.038831703171719745 0.0039039905344760888 0.005616401935008862
leaf_weight=56.931760822422802 5745.5257506240159 722.46416257321835 249.83317862544209 15868.009030484594 14623.240570060909 7013.7673293948174 16946.460572971031 24111.155296523124 2095.4052485823631 4748.588965928182 514.51696732826531 551.56454180181026 8978.8064987808466 4304.7433119490743 184.71875825151801 348.24446903914213 131.21213878877461 149.48573238775134 1782.0699326675385 378.63055924326181 74.104190933518112 989.6425235234201 1880.6933463932946
leaf_count=407 37052 3071 3368 153332 70254 38000 101117 120283 10313 29688 8205 3671 47805 25006 1071 1804 764 1141 8761 1704 552 5044 9508
internal_value=-4.4732e-05 0.00228651 -0.000188979 0.00032424 -0.000995129 1.59721e-05 0.00122019 -0.00125345 -0.00400811 -0.00171093 0.0260376 0.000353603 0.00236168 -0.000657356 0.0028496 -0.00141276 -0.0117381 -0.00667275 0.00433034 0.00946978 -0.0248825 0.00103563 0.00277964
internal_weight=112450 6548.71 105901 64703.7 41197.4 63939.4 32814.5 31124.9 12739 6843.99 764.35 28458.4 9530.37 18928 6417.68 1653.82 315.931 5895.01 4763.86 1101.09 131.036 1337.89 3662.76
internal_count=681921 32686 649235 424305 224930 412732 254449 158283 78194 40001 11573 146736 51476 95260 31727 8683 1835 38193 23044 4775 959 6848 18269
is_linear=0
shrinkage=0.05


Tree=197
num_leaves=24
num_cat=0
split_feature=15 18 17 11 7 1 7 1 13 0 15 6 11 22 7 22 1 8 14 14 24 22 23
split_gain=17.9579 64.2093 71.6896 38.3932 107.472 58.289 79.3744 41.6079 34.8328 28.9317 38.577 33.7497 29.3605 23.4555 21.4175 20.8557 20.5473 18.4439 18.0917 29.4162 16.7223 16.4679 15.182
threshold=0.9987737579691961 -3.9951329489978407 -0.22478083920345127 0.99810245996043867 1.06372281672639e-07 -1.0000000180025095e-35 3.3856777356996809e-05 -1.5399144004391016e-07 0.0024968827926160103 7.8217950829184715e-05 0.36648237139183909 4.6192800128476117e-05 0.96597326971967956 7.7803900000000512 3.1673252573067848e-05 -0.133240000000002 -1.0000000180025095e-35 0.15987423981449181 1.5974440904241658e-07 1.5837539780042051e-07 -0.086487616489896488 0.18289500000002934 -0.031650000000067617
decision_type=2 2 2 2 2 2 2 2 2 2 2 2 2 2 2 2 2 2 2 2 2 2 2
left_child=3 2 14 9 7 20 -7 22 13 10 12 -12 -1 17 16 -9 -2 -3 19 -4 -6 -16 -5
right_child=1 8 18 4 5 6 -8 15 -10 -11 11 -13 -14 -15 21 -17 -18 -19 -20 -21 -22 -23 -24
leaf_value=-8.770040120748251e-05 -0.019976271627911726 -0.0054893818622528956 -0.011012490156551921 -0.011831688573540321 0.0018069878140584295 0.010885270190183994 -0.0020253079721024663 0.0042476508102365874 0.005923557816682681 -0.020200270568102217 0.022812591135740128 -0.00012920650643614178 -0.0090972081564068986 -0.019346092292752363 0.0044101472311026749 0.03225513543990393 -0.0035817824871510378 0.00075768775255097406 0.012330696630373754 -0.027203515345440406 -0.0020364220304429914 -0.0045099289718935577 0.013253447170432002
leaf_weight=72644.412622462958 200.97795671969652 1376.3553862720728 1569.0960920397192 96.689088953658938 5012.0710669299588 3186.1634475067258 1898.1679055094719 78.829733803868294 2739.8150857035071 177.33945623040199 341.02851630374789 300.10098323971033 913.70098877698183 159.54311548173428 1637.6520923823118 462.51639601960778 3364.9253736101091 8269.7746469592676 66.177873097360134 342.4940646616742 6494.3354747053236 753.68483407795429 153.01622140640393
leaf_count=440033 1842 9471 11394 1240 27184 19290 8796 540 14627 795 2819 1381 5957 758 8001 5318 21918 49604 471 3117 40300 3231 3261
internal_value=5.37282e-05 -0.00128483 -0.00480455 0.000352571 0.0024681 0.00160803 0.00606539 0.0204504 0.000941398 -0.000141812 -9.32613e-05 0.0120992 -0.000199924 -0.000451088 -0.0020634 0.0282166 -0.00451787 -0.000134109 -0.0130482 -0.0139414 -0.000361815 0.00159527 0.00350346
internal_weight=112239 20480.5 7935.01 91758.4 17381.8 16590.7 5084.33 791.051 12545.5 74376.6 74199.2 641.129 73558.1 9805.67 5957.24 541.346 3565.9 9646.13 1977.77 1911.59 11506.4 2391.34 249.705
internal_count=681348 124434 49974 556914 105929 95570 28086 10359 74460 450985 450190 4200 445990 59833 34992 5858 23760 59075 14982 14511 67484 11232 4501
is_linear=0
shrinkage=0.05


Tree=198
num_leaves=24
num_cat=0
split_feature=2 2 2 18 18 24 8 15 10 18 6 2 18 7 22 16 0 7 10 21 7 22 24
split_gain=15.8588 46.2264 90.9005 69.1644 68.9632 51.7543 44.1448 54.7657 43.342 43.1788 35.1354 33.5415 46.7885 33.7137 31.279 27.3249 24.4663 46.3012 48.5457 28.2093 27.6768 25.5327 24.4485
threshold=1.5435433553534497e-07 1.5837370526128328e-07 1.5861341484679772e-07 -2.6483907532783664 -18.599018208778869 0.69746449916070319 0.99999747274353923 0.9991624784746389 0.56657119905496911 -9.1626852725285648 1.0791361563853122e-06 1.0000000180025095e-35 -18.599018208778869 1.06372281672639e-07 0.44943000000002448 -0.40002296587593694 1.0000000180025095e-35 2.2953205807727999e-05 0.56850831322842044 0.94989679943789007 1.1458592926515492e-05 1.6102800000000477 -0.50294846733352883
decision_type=2 2 2 2 2 2 2 2 2 2 2 2 2 2 2 2 2 2 2 2 2 2 2
left_child=11 4 3 10 8 9 7 -4 -2 -6 -3 16 -13 14 -14 -8 19 18 -18 20 -1 -21 -19
right_child=1 2 6 -5 5 -7 15 -9 -10 -11 -12 12 13 -15 -16 -17 17 22 -20 21 -22 -23 -24
leaf_value=0.001499072289057123 -0.0094453492968839814 -0.031823048623107114 0.004271648095235509 0.024183943103814238 0.027070723454965941 0.024821586178885104 0.0021150921236873783 -0.0015234451489326288 0.0052069103411264061 0.0046341003198265181 -0.00911758044050834 -0.017285524192510459 -0.020233243557082472 0.00095893769904191451 0.02834431661952146 -0.0042892869338735946 -0.01172537089814784 0.007549053278122192 -0.00086317567295991944 0.0044498465530972272 -0.00078049104225114358 0.030814833352955675 -0.00124626187822002
leaf_weight=18876.583575917408 1315.5117329712957 401.14533098973334 9601.0705668488517 89.126843518577516 220.54826403409243 362.5567613132298 2258.887095561251 7081.4975811848417 815.99404511786997 6054.1226788535714 300.16013401374221 675.22161193750799 340.91892514470965 1659.135580538772 34.852930512279272 6318.0662388186902 2164.561192991212 1026.405084554106 1961.0936764534563 2161.4546968396753 45180.615132749081 94.084784839302301 3406.2962269075215
leaf_count=152423 8759 6609 54761 561 1510 2832 10237 37083 4726 37590 1962 5652 6464 11566 211 34791 20349 4959 12806 13651 234680 550 17698
internal_value=-3.98147e-05 0.000846638 -0.000210251 -0.0168853 0.00398632 0.00649896 0.00031265 0.00181153 -0.00383413 0.0054319 -0.0221657 -0.000437733 -0.00590016 -0.00210656 -0.0155882 -0.0026019 -0.000239789 -0.00275542 -0.00656625 8.48773e-05 -0.000108638 0.00557814 0.000791678
internal_weight=112400 34818.7 26050 790.432 8768.73 6637.23 25259.5 16682.6 2131.51 6274.67 701.305 77581.2 2710.13 2034.91 375.772 8576.95 74871.1 8558.36 4125.65 66312.7 64057.2 2255.54 4432.7
internal_count=682430 201421 146004 9132 55417 41932 136872 91844 13485 39100 8571 481009 23893 18241 6675 45028 457116 55812 33155 401304 387103 14201 22657
is_linear=0
shrinkage=0.05


Tree=199
num_leaves=24
num_cat=0
split_feature=15 7 4 14 11 7 3 1 24 24 22 24 3 11 24 24 1 8 15 6 0 15 8
split_gain=16.8276 49.1227 37.761 50.372 34.8544 96.9038 73.9255 61.2525 38.9451 73.2871 33.9043 33.7983 27.7529 25.8239 25.255 41.839 23.6239 21.4131 21.129 37.4662 29.4583 24.1285 19.071
threshold=0.99885451861547991 1.7306285945897375e-05 1.539842662268143e-07 1.591350311470647e-07 0.99906759886509777 1.1643451422436409e-05 -1.5436863254336683e-07 -1.0000000180025095e-35 -0.50690017559885969 -0.086487616489896488 0.83057000000004 3.3346521244939091 -1.5769325045766888e-07 0.99750000000040029 -0.52928455648173101 -0.14201064300690733 -1.5911892692344051e-07 0.43008267976079539 0.97142857143302619 2.4507228619421647e-05 1.185890534127765e-05 0.047619047611623173 0.024239891603034105
decision_type=2 2 2 2 2 2 2 2 2 2 2 2 2 2 2 2 2 2 2 2 2 2 2
left_child=4 2 3 11 18 6 12 -8 16 -10 -4 -2 -6 -3 22 -16 -7 -12 20 -20 21 -1 -15
right_child=1 13 10 -5 5 8 7 -9 9 -11 17 -13 -14 14 15 -17 -18 -19 19 -21 -22 -23 -24
leaf_value=-0.00029079824001164212 -0.013034901539568487 0.0042586448539321834 0.000333476224478726 0.015462477991804547 0.0061973596173246527 0.0020979009875741737 0.0064930203096341017 0.026793245280877856 0.005217842440174046 -0.002555727721874743 -0.039520888446566683 0.022270179921944931 -0.009644585253392261 0.023024407326162146 -0.005139318804789697 0.001305274293235038 -0.01124464958392148 -0.0093687770027866928 0.029512427138967057 0.0019480256004052406 -0.0191740892418822 0.014438976153304979 0.0036087609624762848
leaf_weight=73800.647396034561 2194.3292930060998 3131.4809559695423 2946.4831712218001 179.10916717723012 1303.8200374469161 483.51819941401482 651.75467605050653 869.91679549403489 6219.1186232157052 5911.9134149476886 65.20060521364212 68.089868277311325 348.62995775416493 141.31208926811814 4709.4950137361884 5407.2629346065223 1047.1157936006784 508.98222465440631 160.58982557058334 513.13499858230352 203.90387198328972 277.06200316175818 1099.5070272311568
leaf_count=447427 21275 15321 20259 1217 9623 2022 7858 7192 32797 34800 295 614 3745 647 24149 32141 5103 3437 1621 2823 888 1439 4922
internal_value=-3.49211e-05 -0.0013319 -0.00515115 -0.00992729 0.000254016 0.00230971 0.0101767 0.0181216 0.000480332 0.00142928 -0.0018338 -0.0119514 0.00284442 0.00023986 -0.000868303 -0.0016947 -0.00702932 -0.0129266 -0.000207697 0.00859361 -0.00028782 -0.000235251 0.00585745
internal_weight=112242 20451.3 5962.19 2441.53 91791.1 16835.8 3174.12 1521.67 13661.7 12131 3520.67 2262.42 1652.45 14489.1 11357.6 10116.8 1530.63 574.183 74955.3 673.725 74281.6 74077.7 1240.82
internal_count=681615 124277 47097 23106 557338 103140 28418 15050 74722 67597 23991 21889 13368 77180 61859 56290 7125 3732 454198 4444 449754 448866 5569
is_linear=0
shrinkage=0.05


Tree=200
num_leaves=24
num_cat=0
split_feature=23 6 1 1 7 2 18 2 15 7 2 2 22 18 21 23 1 10 2 6 17 17 4
split_gain=16.4426 22.2781 21.9367 32.9792 46.4845 28.263 43.3168 81.7811 24.8884 72.0391 32.5352 24.1128 23.8244 22.5192 18.8972 18.6244 17.1194 16.8916 18.2383 17.1423 16.37 13.5642 13.1091
threshold=2.8316049999999273 7.0826150834730678e-07 1.5414410281522353e-07 1.0000000180025095e-35 2.4632605618676885e-05 3.1126397278313796e-05 -18.599018208778869 1.5435433553534497e-07 0.00095695970680512892 3.6758546551122592e-06 4.6332040781749134e-07 1.5823389443170302e-07 0.029445000000050629 -9.3745923936566431 -0.4481849756368177 -6.0852200000000183 6.000439966236116e-06 0.56038858217373244 -1.5968906641461442e-07 1.0240698555508545e-05 -0.51111870895759715 0.28922553450737976 0.00066038221298736499
decision_type=2 2 2 2 2 2 2 2 2 2 2 2 2 2 2 2 2 2 2 2 2 2 2
left_child=2 21 3 8 13 6 7 -4 10 -10 -1 -8 -6 -5 15 -7 -16 19 22 -3 -20 -2 -19
right_child=1 17 5 4 12 14 11 -9 9 -11 -12 -13 -14 -15 16 -17 -18 18 20 -21 -22 -23 -24
leaf_value=-2.1590122730212954e-05 0.0043777187504371274 -0.022233645331385318 -0.010438232903593133 -0.019566523282881013 -0.0020711059850774005 -0.0097329006609648064 0.0056316581878871723 0.0055929221874054932 -0.015863114401952677 -0.0010111993638071835 0.0049128285757539039 0.00077576014844768114 0.018096470417125917 -0.0067627479136261499 -0.0073989568582264716 0.0082668660119895408 -0.00054802443026966737 0.010782629183553284 -0.01210411840457043 -0.0049842386597584911 -0.0013181370110508057 0.027667337780025267 -0.0093108423869713002
leaf_weight=63166.14716110006 214.95765657443553 152.48706929758191 1584.0912818349898 472.20162588823587 377.47247021645308 167.12071818113327 8432.5682829879224 1593.913816165179 918.19013711437583 7256.7815368883312 3524.9974431805313 3673.0736787002534 236.51288510859013 1268.5518993930891 1019.7328323572874 955.35658570379019 8507.72871010378 472.12524611502886 374.04533876106143 2230.3663633093238 5507.7276378301904 87.153918595984578 96.062981307506561
leaf_count=387781 1528 910 10036 4366 2156 768 56083 11305 8592 40572 18164 25160 1075 13318 4426 4939 47994 2137 1737 10696 27675 503 410
internal_value=-2.0773e-05 -0.00205376 0.000159247 -0.000263251 -0.00608705 0.00141741 0.0027952 -0.00239785 -7.98528e-05 -0.00268341 0.000239286 0.00415907 0.00572305 -0.0102573 -0.000559522 0.00556997 -0.00128321 -0.00251182 -0.00118104 -0.0061079 -0.00200879 0.0112506 0.00735594
internal_weight=112289 9134.93 103154 77220.9 2354.74 25933.6 15283.6 3178.01 74866.1 8174.97 66691.1 12105.6 613.985 1740.75 10649.9 1122.48 9527.46 8832.81 6449.96 2382.85 5881.77 302.112 568.188
internal_count=682331 45596 636735 476024 20915 160711 102584 21341 455109 49164 405945 81243 3231 17684 58127 5707 52420 43565 31959 11606 29412 2031 2547
is_linear=0
shrinkage=0.05


Tree=201
num_leaves=24
num_cat=0
split_feature=8 18 18 18 17 16 8 18 15 18 24 8 1 24 17 24 22 18 14 15 10 0 3
split_gain=20.7452 60.372 84.1469 57.266 66.2815 31.709 30.4762 49.5658 79.5594 121.946 64.5662 44.1646 36.9318 32.0594 28.186 47.8219 30.898 26.7596 21.0398 20.4217 19.3435 18.5752 17.6211
threshold=0.99953513098700686 -9.1626852725285648 -9.2630206192495397 -6.2373683555615829 -0.19240856677815529 -0.46588790580297518 0.98941367982966322 -3.9294235524141135 0.99786324786359015 -9.0715244949649207 -0.37158204613390183 0.5066546769546133 -4.7803690303993554e-06 -0.16054876959142581 -0.29793825284267123 -0.13417471673426992 0.58404000000005307 0.32447555449486842 1.5720143716821132e-07 0.99715099715145206 0.54396216847122314 1.5839572942155658e-07 1.5426773282811727e-05
decision_type=2 2 2 2 2 2 2 2 2 2 2 2 2 2 2 2 2 2 2 2 2 2 2
left_child=6 2 -2 4 5 -3 7 8 9 -1 -10 12 -9 18 16 -16 -5 -13 22 -15 -6 -20 -8
right_child=1 3 -4 14 20 -7 13 11 10 -11 -12 17 -14 19 15 -17 -18 -19 21 -21 -22 -23 -24
leaf_value=-0.00043525771834334768 -0.0040932874186150724 0.0019391052360112687 0.022134079270113127 0.0059112204805834212 -0.025254245239129947 -0.004649095778811522 0.00064428016560330874 -0.00026515893488574194 0.0025756742225626732 0.0046664933732798826 -0.0069116125576169675 0.0027209789583055844 -0.0048819999073923329 0.019308301900438276 -0.0034146411236029208 0.0027814612320994675 -0.0051493593378380978 -0.010342103174313586 0.011175002861058082 0.006499852111919769 -0.011038028863579671 -0.0098786966015254381 -0.012128609777025725
leaf_weight=24792.106443324126 572.48367840237916 2429.6290794890374 652.58650954440236 3464.3720566034317 379.99374729208648 7330.9942041439936 659.91271858289838 7783.5226950645447 2804.4889097288251 22197.48780431971 4964.7282690629363 6359.5764335221611 9772.5915275132284 365.79324285592884 7402.8109772335738 5371.6568657997996 769.94158865697682 415.70634583197534 503.74423750396818 2080.1329296063632 663.52557217143476 130.22685132175684 453.9984147362411
leaf_count=145393 4054 15165 3872 18267 3391 47790 3493 44738 13924 147092 35118 36937 55810 3168 41032 35514 3438 1971 2710 12279 4456 604 2237
internal_value=0.000184416 -0.00096626 0.00988708 -0.00144517 -0.00429151 -0.00300858 0.000585687 0.000365311 0.00119972 0.00197476 -0.00348652 -0.00151229 -0.00283567 0.00473838 0.000362848 -0.000808765 0.00389737 0.00191592 -0.000430718 0.00843163 -0.016258 0.00682494 -0.00456951
internal_weight=112322 29038 1225.07 27812.9 10804.1 9760.62 83284 79090.2 54758.8 46989.6 7769.22 24331.4 17556.1 4193.81 17008.8 12774.5 4234.31 6775.28 1747.88 2445.93 1043.52 633.971 1113.91
internal_count=682453 176979 7926 169053 70802 62955 505474 480983 341527 292485 49042 139456 100548 24491 98251 76546 21705 38908 9044 15447 7847 3314 5730
is_linear=0
shrinkage=0.05


Tree=202
num_leaves=24
num_cat=0
split_feature=10 23 17 7 6 20 10 7 8 18 18 18 8 9 18 22 6 4 6 4 6 4 6
split_gain=17.051 21.2366 24.0755 16.8902 16.5402 16.3139 13.7346 25.7176 15.3036 97.47 111.528 87.7879 35.6912 25.2056 22.4774 14.975 20.8929 19.9689 13.3142 23.8291 37.3164 19.4395 16.33
threshold=0.78932621133508596 2.8316049999999273 -0.2562629633188433 4.0594801555369316e-06 7.1361212445236258e-05 0.99276713540393813 0.24529673384630921 2.6942702935838237e-05 1.0000000180025095e-35 -9.1626852725285648 -9.2630206192495397 -5.9894685360740096 0.013957661774744888 0.40220683120857154 -4.3173631915680977 -1.0618299999999541 5.4054987162982684e-06 1.5386912721737647e-07 1.1901030661092248e-05 1.5378999584925171e-07 2.3340456325067908e-06 0.00010516081637312881 3.5828191831886371e-05
decision_type=2 2 2 2 2 2 2 2 2 2 2 2 2 2 2 2 2 2 2 2 2 2 2
left_child=6 18 5 -4 -5 -3 7 15 9 10 -8 -11 14 -14 -10 16 -1 -17 19 -2 -21 22 -20
right_child=1 2 3 4 -6 -7 8 -9 12 11 -12 -13 13 -15 -16 17 -18 -19 21 20 -22 -23 -24
leaf_value=-0.031324309631489154 -0.0055361587025809554 -0.0052578551647531127 0.019828689271333987 -0.001674853652059951 0.017179154438604707 -0.02421732224434113 0.0078221611962175728 0.0015981035633774905 0.011600439123325141 0.0060500872210975882 -0.028220518984096322 -0.00083425763025137532 0.0017471611911708191 -0.00048195685138369739 -0.0052463614169773881 -0.0059449740060258209 -0.007914414127382979 0.010420328748770556 0.016161738409054296 0.020157178964125971 -0.0002283978596308183 0.0032960114517950677 0.0032266460185975628
leaf_weight=126.28226392529905 802.68976521585137 676.53806582465768 125.90464698709548 955.6180106792599 130.38931100070477 135.15719874575734 342.50737776234746 1849.4932832717896 205.11067456565797 7944.1552076749504 568.8610211815685 11095.112835116684 16061.037198249251 60237.946575272828 4487.7500869026408 1737.1831478103995 383.55650764144957 206.74435498472303 706.8750390894711 317.71612165123224 751.96286477148533 1904.9332345500588 375.50615528225899
leaf_count=836 5480 3279 853 5364 577 685 2495 8959 1242 56736 3294 68291 99923 362258 25898 10479 2296 1432 3676 1845 4277 9962 1767
internal_value=7.22014e-05 0.00248281 -0.00181802 0.00264158 0.000611638 -0.00847275 -8.54544e-05 -0.0028512 3.24561e-05 0.00127286 -0.0146821 0.00203831 -0.000273053 -1.26255e-05 -0.00450435 -0.0062054 -0.0138223 -0.00419297 0.00427475 0.000964315 0.00584818 0.00634594 0.0116931
internal_weight=112129 6883.29 2023.61 1211.91 1086.01 811.695 105246 4303.26 100942 19950.6 911.368 19039.3 80991.8 76299 4692.86 2453.77 509.839 1943.93 4859.68 1872.37 1069.68 2987.31 1082.38
internal_count=681904 37765 10758 6794 5941 3964 644139 24002 620137 130816 5789 125027 489321 462181 27140 15043 3132 11911 27007 11602 6122 15405 5443
is_linear=0
shrinkage=0.05


Tree=203
num_leaves=24
num_cat=0
split_feature=10 5 23 5 6 5 23 3 2 2 2 2 22 8 24 22 6 5 23 5 8 3 7
split_gain=17.4086 31.5054 57.5852 22.2946 33.2323 27.7711 24.1878 22.0555 35.9873 27.4905 21.6779 26.2023 34.8645 30.5069 34.4555 31.1816 22.9838 20.8286 19.2282 18.7981 18.5073 25.4171 24.8672
threshold=0.43992347841946777 8.0564493380089631e-08 -0.34100500000005951 3.7247857495799286e-05 2.9105484273161953e-05 3.7815042901927721e-05 -2.2689100000000626 1.0000000180025095e-35 1.5454999857666965e-07 1.0000000180025095e-35 7.794204802813455e-05 1.5435433553534497e-07 1.6102800000000477 1.0000000180025095e-35 0.038844106108144406 0.47387500000003685 8.4082901556298878e-08 5.8662275887767482e-06 -2.865385000000058 5.6853659693606205e-08 0.99999747274353923 -0.00016815234718858815 1.1458592926515492e-05
decision_type=2 2 2 2 2 2 2 2 2 2 2 2 2 2 2 2 2 2 2 2 2 2 2
left_child=1 2 18 20 6 -6 -5 9 -9 -4 11 12 16 14 -13 -15 -2 -14 -1 -20 22 -22 -3
right_child=10 3 7 4 5 -7 -8 8 -10 -11 -12 13 17 15 -16 -17 -18 -19 19 -21 21 -23 -24
leaf_value=0.016114063872822708 -0.0037675838255503608 0.00092334550579613371 0.01256561113479223 0.039793903901326401 0.025489758719289081 -0.00022471713225236903 0.0075661689161993853 -0.022847316778037599 0.013030058109369708 -0.0082588150602297353 -0.0018657434036959222 0.012441026817794002 0.023756134263326137 0.0027476403953655476 -0.025600440420496137 -0.0022433902728098702 0.00018019609947156302 0.0047005496373188115 -0.032491099035068582 -0.0080481047521998219 0.00753513611785656 -0.0083173045469056139 -0.0030217831916711044
leaf_weight=63.961335090920329 4003.6463182354346 5686.8657550113276 1532.340012143366 84.976535834372044 104.59179242700338 7006.1183876097202 181.59839634597301 136.68342985585332 138.9088557260111 175.05915713123977 10105.883193757385 1033.0547268651426 227.89268215745687 14627.71521457471 61.238633893430233 3978.1928500626236 46309.175767590292 386.97781422734261 94.921025907620788 436.9175746627152 284.43235999718308 2160.5808073962107 13399.332290042192
leaf_count=384 36363 43490 11370 442 504 32562 948 1500 1562 1844 51108 7688 1321 87681 295 22006 284649 1792 605 2953 1865 18247 71175
internal_value=-8.89917e-05 -0.00108617 0.00420666 -0.00155875 0.000812738 0.000159876 0.0180779 0.00830237 -0.00478217 0.0104204 0.000299877 0.000609863 1.0765e-05 0.0021582 0.0102648 0.0016801 -0.000133987 0.0118254 -0.00939883 -0.0125254 -0.00237153 -0.00646647 -0.00184607
internal_weight=112221 31487.3 2578.79 28908.5 7377.29 7110.71 266.575 1982.99 275.592 1707.4 80733.8 70627.9 50927.7 19700.2 1094.29 18605.9 50312.8 614.87 595.8 531.839 21531.2 2445.01 19086.2
internal_count=682354 189451 20218 169233 34456 33066 1390 16276 3062 13214 492903 441795 324125 117670 7983 109687 321012 3113 3942 3558 134777 20112 114665
is_linear=0
shrinkage=0.05


Tree=204
num_leaves=23
num_cat=0
split_feature=23 10 7 2 7 17 4 2 2 18 2 9 18 18 8 23 2 5 10 22 0 17
split_gain=15.1897 22.3744 19.8132 15.9271 15.297 13.3565 21.4841 13.1259 48.1689 65.0351 54.2676 31.5368 114.725 56.3697 12.318 12.0584 11.9904 16.2686 10.3958 9.75147 5.72589 4.50941
threshold=2.8316049999999273 0.78932621133508596 9.9090156238366631e-08 -0.00012483691230080749 9.1658218375892002e-08 -0.48997694990028967 0.00017095999918659291 -1.5435607547686911e-07 -1.5760576665968526e-07 -9.2630206192495397 -1.5877322923074641e-07 0.40220683120857154 -18.599018208778869 -18.599018208778869 0.99999747274353923 1.1707499999999302 1.2654780326748495e-05 7.4619654436589137e-06 0.54232427917645643 0.55510000000005355 -1.5534712982656626e-07 -0.047034288340925594
decision_type=2 2 2 2 2 2 2 2 2 2 2 2 2 2 2 2 2 2 2 2 2 2
left_child=1 7 -2 18 15 6 -5 8 10 -10 -1 12 -9 -13 -7 21 19 -18 -4 -6 -20 -3
right_child=2 4 3 5 16 14 -8 11 9 -11 -12 13 -14 -15 -16 -17 17 -19 20 -21 -22 -23
leaf_value=-0.00041765922694806312 0.019777165271823396 -0.019731772410947267 -0.001032951880284499 -0.02205080563334675 0.0049410617018684072 -0.00080337104081825881 -0.0021904333949606266 0.010562606835370114 0.0035417237016295861 -0.0069155657342673833 0.0077372741803417092 -0.0030079604224547527 3.6414741362980839e-05 0.00084817459184237517 -0.0050702567051574034 0.012906006402762436 -0.017886620271805913 0.0020149992350329787 0.0068074019042910165 0.013598902499481733 0.023874277463534575 -0.0034994898565386201
leaf_weight=23419.826718561351 102.13239924889058 126.95686051156372 173.99239159375429 222.23151956312358 2680.0622134376317 5710.5296948999166 349.66064731776714 3397.2119219331071 2004.5459699444473 5736.9082085117698 2232.6376897031441 12636.535395210609 10858.094212618656 37885.637732040137 2404.1968093551695 49.775792921893299 108.55838199704885 1437.5397214181721 99.895667940378189 370.39198326319456 101.41243572533131 66.761695788241923
leaf_count=125506 743 1153 784 1087 14069 29333 1546 21276 13495 37916 22077 73161 74104 242073 11379 338 729 8244 446 1944 429 478
internal_value=4.46103e-05 0.000218206 -0.00190583 -0.00215507 0.00353622 -0.00259179 -0.00996664 5.45017e-05 -0.000750646 -0.00420693 0.000292451 0.000469657 0.00254641 -0.000116298 -0.0020691 -0.00862325 0.00418491 0.000593086 0.0079002 0.00600217 0.01558 -0.0142561
internal_weight=112175 103011 9164.05 9061.92 4840.05 8686.62 571.892 98171.4 33393.9 7741.45 25652.5 64777.5 14255.3 50522.2 8114.73 243.494 4596.55 1546.1 375.3 3050.45 201.308 193.719
internal_count=682310 636563 45747 45004 26955 43345 2633 609608 198994 51411 147583 410614 95380 315234 40712 1969 24986 8973 1659 16013 875 1631
is_linear=0
shrinkage=0.05


Tree=205
num_leaves=24
num_cat=0
split_feature=13 18 7 2 15 11 7 1 24 0 7 12 1 24 2 2 24 1 4 7 2 2 7
split_gain=13.1521 30.1708 28.3315 22.121 19.4107 52.1741 90.5726 60.9915 40.0523 39.3716 58.1743 42.1116 26.6313 21.471 19.5612 46.6068 41.2734 18.5723 25.8989 16.4115 15.9801 15.486 15.4629
threshold=0.02439024390741663 -0.99990335692473165 1.8396699159017405e-05 3.4779462688483427e-05 0.00089727219577105069 0.99962705712696176 1.0877568745192217e-05 -1.0000000180025095e-35 -0.44299394443846524 1.5422653554253432e-07 4.6717110349656482e-05 0.21274152156368778 -1.0000000180025095e-35 -0.097352222978427522 1.5435433553534497e-07 1.0000000180025095e-35 1.101266188979942 3.0998480519350842e-05 1.544878243109338e-07 6.4643397518654872e-05 2.0672711960045835e-06 0.0001853584780562301 7.533974948838469e-05
decision_type=2 2 2 2 2 2 2 2 2 2 2 2 2 2 2 2 2 2 2 2 2 2 2
left_child=4 2 17 19 5 14 7 -7 -8 10 12 13 -6 -11 15 -1 -16 18 -2 -3 -4 -22 -12
right_child=1 3 20 -5 9 6 8 -9 -10 11 22 -13 -14 -15 16 -17 -18 -19 -20 -21 21 -23 -24
leaf_value=-0.00064461490647646968 -0.010455203581356149 0.024451719994841373 0.0067473995402450478 -0.0054788891022590561 -0.015530531544337251 0.0043264883630959481 -0.0049545306896754838 0.018866245535198091 0.0021882698589445848 -0.0026748818205427419 0.00071877007525096798 -0.029920641684837469 -0.0055409030802134095 0.0020801376546885496 0.00066917621215820252 -0.0084664146687170455 0.022832519949754514 -0.031478593779514279 0.0033311753697009778 0.0027836324755302934 -0.005126401907672576 0.012496493576797324 0.011777955812763056
leaf_weight=51362.428598880768 663.4734699614346 320.87000523600727 1807.8289520405233 120.65011098235846 777.55918635986745 1669.8985323915258 2369.3769471440464 1271.3645484521985 11377.992126679048 3523.9080394655466 972.20762364566326 112.77510079368949 4706.960463273339 7263.0780831379816 19506.283729733899 1976.0059258919209 210.36702783033252 59.680021367967129 695.69654696062207 121.32892796397209 646.16855316609144 152.28769247233868 467.31021415442228
leaf_count=313587 5749 1630 9139 526 6216 16555 11273 10465 64490 19379 4422 497 30606 48343 110776 17181 1519 289 3968 502 2776 628 2019
internal_value=-4.85432e-05 0.00257253 0.00105207 0.0133948 -0.00016043 0.000138858 0.0026611 0.0106216 0.000956294 -0.00166749 -0.00461535 0.000205181 -0.00696322 0.00052609 -0.000437309 -0.000934786 0.000908194 -0.00462759 -0.00340039 0.0185571 0.00414714 -0.00173616 0.00432374
internal_weight=112156 4587.98 4025.14 562.849 107568 89743.7 16688.6 2941.26 13747.4 17823.8 6924.04 10899.8 5484.52 10787 73055.1 53338.4 19716.7 1418.85 1359.17 442.199 2606.29 798.456 1439.52
internal_count=682535 25207 22549 2658 657328 545846 102783 27020 75763 111482 43263 68219 36822 67722 443063 330768 112295 10006 9717 2132 12543 3404 6441
is_linear=0
shrinkage=0.05


Tree=206
num_leaves=24
num_cat=0
split_feature=10 5 23 2 2 16 5 23 24 24 24 0 0 2 2 2 2 20 21 18 1 10 5
split_gain=16.4274 25.1521 43.5148 31.9064 23.3395 21.2771 16.4653 16.2274 16.6681 22.4607 14.6113 14.4957 47.8857 21.6242 14.4623 13.5728 32.3684 30.4556 13.1675 10.6307 15.9858 9.80605 8.48163
threshold=0.37581789532751791 8.2024368191552152e-08 -0.35802500000006748 -1.5395496433256992e-07 1.0000000180025095e-35 -0.9449261280449387 3.2538812215259309e-05 -2.1675750000000762 -0.48285505176094828 -0.35647915228486499 -0.048833590227240702 -1.5882698001234982e-07 -1.5839813816143075e-07 -1.5968906641461442e-07 -1.577005370734241e-07 -3.6991818248566229e-06 -1.0000000180025095e-35 -0.26680201313849133 -0.86423217214999248 -4.7358486718526178 1.5429791488941194e-07 0.20486811316776518 1.07795146110223e-07
decision_type=2 2 2 2 2 2 2 2 2 2 2 2 2 2 2 2 2 2 2 2 2 2 2
left_child=1 2 10 14 -5 22 15 8 18 -10 -1 13 -13 -9 -4 17 -17 -3 -7 20 -8 -21 -2
right_child=5 6 3 4 -6 7 19 11 9 -11 -12 12 -14 -15 -16 16 -18 -19 -20 21 -22 -23 -24
leaf_value=-0.0027434198719625286 -0.02421849708943799 0.0005109500167063231 0.010761216263916703 0.015291792797900439 -0.0030972220488162134 -0.018549548689520617 0.0011855644704134112 -0.00035933188991411734 0.0094824251062905519 0.0020441701447625289 -0.021324130733450825 0.012434537064270158 0.00022711871434332064 -0.0073973714443942148 -0.021684907672323474 -0.0097320075627976895 -0.0022429149639792974 -0.016271615403179601 -0.0008103041866187636 0.005134295738174947 0.012950120021001635 -0.0026250248295634406 -0.00666531050161404
leaf_weight=398.30558385699987 104.54966962058097 3754.2109902538359 47.765062941238284 950.84743660129607 209.44134409260005 113.84689451754093 1786.3876016512513 3927.7777387462556 1375.6865790430456 3870.8508974611759 142.86522756516933 809.44342426210642 80665.040567589924 1510.3336337357759 110.43099008966237 1994.5220874231309 5218.7312622405589 289.2669843249023 1089.424686037004 476.50943149626255 342.86190764605999 2721.8247233629227 204.42685852199793
leaf_count=2562 859 22047 527 6634 2477 595 8048 23308 6730 20458 882 10225 497574 8868 838 11163 33905 1553 4887 2338 1724 13190 1111
internal_value=4.93807e-05 -0.00131443 0.00419573 0.00909389 0.0119685 0.000317993 -0.00193304 0.000361528 0.00278097 0.00399837 -0.00771826 0.000181863 0.000348762 -0.00231694 -0.011845 -0.00301677 -0.00431653 -0.000695875 -0.00252084 0.000356117 0.00309267 -0.00146494 -0.0127385
internal_weight=112115 18444 1859.66 1318.48 1160.29 93671.4 16584.3 93362.4 6449.81 5246.54 541.171 86912.6 81474.5 5438.11 158.196 11256.7 7213.25 4043.48 1203.27 5327.58 2129.25 3198.33 308.977
internal_count=682503 107888 13920 10476 9111 574615 93968 572645 32670 27188 3444 539975 507799 32176 1365 68668 45068 23600 5482 25300 9772 15528 1970
is_linear=0
shrinkage=0.05


Tree=207
num_leaves=24
num_cat=0
split_feature=15 24 14 7 11 7 3 22 21 24 15 7 0 8 5 8 22 11 24 3 22 7 0
split_gain=17.0471 39.7971 36.4603 37.725 35.2271 77.7652 50.1703 53.3154 32.5997 28.93 23.4903 30.1435 29.0895 21.5059 21.0215 21.2019 20.8899 20.4939 20.245 18.2969 13.6254 13.5587 10.6358
threshold=0.99875078027440245 -0.59001438929678862 1.5436865604463977e-07 4.0548062694072702e-07 0.99906759886509777 1.0877568745192217e-05 -1.5436863254336683e-07 -0.040534999999961137 0.91040235790734159 -0.65408398595576245 0.97142857143302619 2.8350313033383036e-05 9.874196641668222e-06 0.96780150288428091 7.0065131722713046e-08 0.82148434014455263 0.4253350000000482 0.97646733112232009 -0.38941174943209561 -1.5807125297584432e-07 0.40173500000003143 3.4900036835757658e-05 -1.5430183175624276e-07
decision_type=2 2 2 2 2 2 2 2 2 2 2 2 2 2 2 2 2 2 2 2 2 2 2
left_child=4 21 3 16 10 6 19 -8 9 -7 12 -12 17 -14 20 -16 -3 -1 -5 -6 -4 -2 -10
right_child=1 2 14 18 5 8 7 -9 22 -11 11 -13 13 -15 15 -17 -18 -19 -20 -21 -22 -23 -24
leaf_value=-0.00018810903203003411 -0.0037432148539843363 -0.026326919455133602 0.005554267806800418 0.0035348284049179766 0.0063475318145078952 -0.011848605959301621 0.00029309905121462825 0.022281207372943521 0.0061692797584323722 0.00068385563501359111 0.026429185080010787 0.0024276110183787275 -0.032245866309404014 -0.00029227664215017684 -0.003648358219550109 1.2604974014016453e-05 0.016296951019982141 -0.0066931154006832213 -0.0081020205010389496 -0.0066336345047816386 0.029846317732333552 0.0097041642666079349 0.021138252016302459
leaf_weight=72796.009828784969 227.79861769173294 329.93237555958331 468.63797925040126 502.35486916638911 1174.8798225354403 475.57220695540309 376.0600044131279 1036.2513614082709 248.06413543596864 12857.686648450792 180.66284243389964 464.53455428034067 122.12972857803106 92.069362863898277 6661.6098292265087 9721.958123056218 29.998449362814426 1229.3443184345961 1441.4735801257193 350.7214315906167 64.30716335773468 1020.4350601658225 231.97881513834
leaf_count=441410 1254 4936 3309 2616 8752 2084 2692 11783 2033 70268 1815 2501 538 406 40922 57565 171 7626 9367 3839 285 4364 1635
internal_value=-9.49535e-05 -0.0013995 -0.00196179 -0.00786054 0.000196409 0.00226906 0.00965327 0.0164386 0.000696997 0.000234761 -0.00026721 0.00921696 -0.000349948 -0.0186641 -0.00115735 -0.00147591 -0.0226902 -0.000296384 -0.00509153 0.00335523 0.00859541 0.007244 0.013471
internal_weight=112104 20468.5 19220.3 2303.76 91636 16751.2 2937.91 1412.31 13813.3 13333.3 74884.8 645.197 74239.6 214.199 16916.5 16383.6 359.931 74025.4 1943.83 1525.6 532.945 1248.23 480.043
internal_count=682171 124789 119171 17090 557382 103086 27066 14475 76020 72352 454296 4316 449980 944 102081 98487 5107 449036 11983 12591 3594 5618 3668
is_linear=0
shrinkage=0.05


Tree=208
num_leaves=24
num_cat=0
split_feature=23 21 7 3 3 7 3 3 5 2 8 5 21 3 3 17 4 5 5 8 7 21 24
split_gain=11.5372 18.3272 29.1219 32.1174 53.726 23.5663 59.1719 142.645 74.6892 29.5488 44.1541 21.2558 17.6424 17.2726 32.7528 20.9489 17.2004 22.7875 19.9319 15.6504 19.7211 15.5565 15.4627
threshold=2.8316049999999273 0.40555048735431182 2.2145772496707263e-05 -3.0650899596196263e-07 -1.5807125297584432e-07 2.2562147666411547e-05 1.5895487770478669e-07 1.5825381538547847e-07 1.550131293494877e-05 3.2497447357116023e-05 0.7686367173852966 1.3656618657670134e-05 -0.4022941610273279 9.4562940953224501e-06 0.00010485843240815031 0.060452022765366785 -7.7874172667691241e-05 1.9795402502302056e-05 5.681819354639483e-05 0.99953513098700686 1.7489236250439972e-05 -0.072293384760004728 -0.44589809272097625
decision_type=2 2 2 2 2 2 2 2 2 2 2 2 2 2 2 2 2 2 2 2 2 2 2
left_child=1 5 3 11 -5 6 7 -1 -8 10 -7 -3 -11 15 19 -2 17 -4 -18 -15 -21 22 -16
right_child=13 2 16 4 -6 9 8 -9 -10 12 -12 -13 -14 14 21 -17 18 -19 -20 20 -22 -23 -24
leaf_value=-0.0016077316816832028 -0.00025725927988231781 -0.014138955564966364 0.02520147151951159 0.021334556508514655 0.0023108571292495233 -0.00020896422262443686 0.0088855282548972649 -0.024792911279933116 -0.0047103146562396635 0.0021307525828419085 0.0038811884756465593 0.0039087812895327234 -0.0043545098532337912 -0.0052816025997269667 -0.0031135412605298174 0.013693482714467096 -0.0017428913492116963 0.0012680026659178858 0.0054429426374549093 -0.024181949514481875 -0.0058663649582062251 -0.0016064880647214804 0.023921427682983224
leaf_weight=30150.490642733872 1087.7280391827226 478.03793060034513 141.63186772167683 377.32602071948349 17441.762819411233 20637.549787089229 2850.1567829418927 676.38090379908681 1562.0119255371392 1375.2169351354241 9695.8738140836358 245.47472310066223 4388.8443957865238 962.29244089871645 92.811069630086422 355.23173047602177 11500.420313611627 325.69900276511908 1051.1879567652941 314.42332659848034 279.19366769492626 5966.2986107207835 118.82267811894417
leaf_count=226168 5788 2674 732 5357 119654 102412 16482 8996 8563 6651 49769 1340 21160 5727 407 1883 60188 1543 4733 1621 1331 28576 580
internal_value=-0.000130777 2.06878e-05 0.00102391 0.00229651 0.00271632 -0.000423114 -0.0013429 -0.00211818 0.00407119 0.000474685 0.00109843 -0.0080149 -0.00280616 -0.00182931 -0.00276664 0.00318791 -0.000788328 0.00860855 -0.00113991 -0.00924593 -0.0156247 -0.00113156 0.0121238
internal_weight=112075 102898 31561.5 18542.6 17819.1 71336.5 35239 30826.9 4412.17 36097.5 30333.4 723.513 5764.06 9176.8 7733.84 1442.96 13018.9 467.331 12551.6 1555.91 593.617 6177.93 211.634
internal_count=682335 636422 196221 129025 125011 440201 260209 235164 25045 179992 152181 4014 27811 45913 38242 7671 67196 2275 64921 8679 2952 29563 987
is_linear=0
shrinkage=0.05


Tree=209
num_leaves=24
num_cat=0
split_feature=9 8 16 18 17 8 18 15 2 22 7 8 14 17 18 22 6 2 20 22 2 2 23
split_gain=16.5442 15.7564 59.3219 58.4277 62.9762 30.9911 34.9802 55.0875 30.1358 22.6008 33.4934 19.7146 16.6025 18.9625 12.4279 14.1236 11.5942 10.5149 9.75646 9.7519 22.5291 8.93805 6.45109
threshold=0.03356905922302586 0.99953513098700686 -0.43002789546575021 -5.9541706182273364 -0.19240856677815529 0.98941367982966322 -3.3394910021418327 0.002496882793525505 9.2598295591272989e-06 0.067060000000039102 5.9042459834467014e-05 0.86667983000488935 1.5733167985323796e-07 -0.036184768221548112 -4.821462454883485 -0.42830999999996905 4.7625716458742837e-05 1.7768255348826759e-05 -0.4883660799166441 -1.7666199999999834 -1.5728935132131025e-07 -0.0001689237437405566 -2.865385000000058
decision_type=2 2 2 2 2 2 2 2 2 2 2 2 2 2 2 2 2 2 2 2 2 2 2
left_child=14 5 9 4 -4 6 7 -2 -5 10 -3 -8 13 -7 15 -1 19 -14 -11 20 -16 -18 -21
right_child=1 2 3 8 -6 12 11 -9 -10 18 -12 -13 17 -15 16 -17 21 -19 -20 22 -22 -23 -24
leaf_value=0.012083095882389212 0.0014508309773386538 0.0042205884492637234 -0.0037141500553633452 0.0014871498653187749 -0.016529414726785503 -0.0036790593675098981 -0.0024102362520421784 -0.0027903782941651389 -0.0034466589579065275 0.014449306471568238 0.019271095972181011 0.001750719669015749 0.011485129410063681 0.0073763368587037182 -0.0087491351093622136 -0.0065610664523787195 -0.005884467208620351 0.0047370364004831016 -0.00095243976281105056 0.0032667874199972784 -0.039843669475217808 0.014039778080195296 -0.009259913283011522
leaf_weight=193.75567663833499 48850.780408048071 3166.2936722990125 7775.1206491468474 9516.5677282596007 1092.2988391965628 990.30847238190472 15932.969042251818 9076.5592147298157 4584.095142479986 105.58746075630188 417.22461269795895 3462.8981609139591 892.82019694987684 634.64478648081422 199.74784488976002 208.98338214680552 134.9695343375206 1655.1049382463098 2314.7079766057432 125.99360429123044 81.591962412931025 93.468682669103146 523.77826275583357
leaf_count=862 305043 22403 50689 56475 8159 5134 90068 57270 26302 494 1840 19800 5245 3957 1259 1132 625 10061 10414 788 438 446 3160
internal_value=-3.10243e-05 4.1234e-05 -0.000960197 -0.00211709 -0.00529668 0.000397319 0.000170689 0.000786122 -0.000116728 0.00346398 0.00598407 -0.00166699 0.00459348 0.000639443 -0.00513705 0.00241158 -0.00776281 0.00711075 -0.000267086 -0.0102359 -0.0180022 0.00229722 -0.00682069
internal_weight=112030 110468 28971.9 22968.1 8867.42 81496.1 77323.2 57927.3 14100.7 6003.81 3583.52 19395.9 4172.88 1624.95 1562.29 402.739 1159.55 2547.93 2420.3 931.112 281.34 228.438 649.772
internal_count=682064 673354 176776 141625 58848 496578 472181 362313 82777 35151 24243 109868 24397 9091 8710 1994 6716 15306 10908 5645 1697 1071 3948
is_linear=0
shrinkage=0.05


Tree=210
num_leaves=24
num_cat=0
split_feature=9 18 4 23 10 17 23 7 1 4 4 24 0 8 18 18 18 8 24 18 3 6 2
split_gain=16.4395 22.2028 18.6174 16.0834 14.1623 13.8477 13.1596 18.0203 27.6638 13.9331 18.608 10.8811 11.8537 10.8807 80.3057 75.6373 69.189 33.283 50.7243 16.4614 9.44096 4.6269 4.4943
threshold=0.11968649641298017 -4.3173631915680977 -0.00051281261934033029 -3.1861700000000699 0.29112012613795363 -0.18038858351826634 10.601544999999948 2.5755128381251613e-05 1.5338808978526688e-07 0.00084784534716852999 8.1420883291549742e-05 -0.64303243998690063 -3.2045756412024666e-05 1.0000000180025095e-35 -9.1626852725285648 -6.2373683555615829 -9.2630206192495397 0.012233615086272969 -0.12555296108995825 -4.3173631915680977 1.5550648413409365e-07 3.1377042236899526e-05 0.00014578304046786175
decision_type=2 2 2 2 2 2 2 2 2 2 2 2 2 2 2 2 2 2 2 2 2 2 2
left_child=1 3 4 21 -3 20 13 8 -8 10 -9 -4 -13 14 16 -16 -2 19 -19 -15 -5 -1 -11
right_child=6 2 11 5 -6 -7 7 9 -10 22 -12 12 -14 17 15 -17 -18 18 -20 -21 -22 -23 -24
leaf_value=0.021288738306822704 0.0046438784804899427 0.017072787063542174 0.011510019622604652 -0.003565354801058563 -0.0082077940550690145 0.015637570860449711 -0.00013743111755435832 -0.016484326581799328 -0.03753092953506422 -0.0036224829445467622 0.0050567184470723774 -0.00099925419609029893 -0.0099575839660496993 0.012885299634259655 0.0060037308939881349 -0.00053024813742543983 -0.023967930225107851 -0.00043381930429802704 0.0025815050659061534 -0.0048789410609908265 0.0071620818457109672 0.0067599606262839715 -0.017171541793240125
leaf_weight=104.19269311241806 336.16630422137678 142.89137119054794 71.651829509064555 1284.8092134380713 87.839220881462097 120.15442767646164 99.31544666737318 118.82336192578077 97.095699902623892 101.33182011544704 586.17283234745264 471.8021841943264 1726.6882782829925 132.64669985882938 7227.7702125366777 11429.926842554472 563.08990482054651 64946.499213813338 17759.014376381412 4124.8901032982394 241.8441226426512 121.87038541585207 162.22716222703457
leaf_count=485 2493 670 359 6794 412 852 534 541 517 437 2660 2878 10024 810 52093 71239 3232 370567 128332 23901 1261 519 678
internal_value=5.12978e-05 -0.00295291 -0.00603425 0.00116102 0.00743915 -0.000558768 0.000173416 -0.00510717 -0.0188401 -0.00228407 0.00138266 -0.00741119 -0.00804003 0.000231309 0.00129686 0.00200104 -0.0132799 -8.28672e-06 0.000213635 -0.00431852 -0.00185555 0.0136062 -0.0120476
internal_weight=112059 4373.74 2500.87 1872.87 230.731 1646.81 107685 1164.97 196.411 968.555 704.996 2270.14 2198.49 106520 19557 18657.7 899.256 86963.1 82705.5 4257.54 1526.65 226.063 263.559
internal_count=682288 24254 14343 9911 1082 8907 658034 5367 1051 4316 3201 13261 12902 652667 129057 123332 5725 523610 498899 24711 8055 1004 1115
is_linear=0
shrinkage=0.05


Tree=211
num_leaves=24
num_cat=0
split_feature=15 11 1 7 2 18 17 2 7 8 14 17 2 14 24 1 4 16 2 24 14 8 22
split_gain=14.9821 41.8301 81.103 110.446 62.7534 38.5458 55.3752 27.0942 34.0137 53.1719 28.7944 24.8893 23.9832 37.8086 35.061 23.4564 22.4608 19.5758 18.0941 34.2309 56.6801 31.4724 29.8539
threshold=0.99909049549158435 0.99810245996043867 -1.0000000180025095e-35 3.226231075660917e-05 -1.5391245522522465e-07 -5.1404596463949987 -0.22617493913332196 2.0672711960045835e-06 3.9379850658707357e-05 0.99894824478467659 1.5716993526097305e-07 -0.49660704346661971 -4.6891129823478645e-07 1.60309101800088e-07 3.3346521244939091 -2.7075239188434349e-05 0.00066038221298736499 1.4274960816916253 -1.5435607547686911e-07 0.31350407900095051 3.6333784025287956e-05 0.5066546769546133 -1.5109499999999871
decision_type=2 2 2 2 2 2 2 2 2 2 2 2 2 2 2 2 2 2 2 2 2 2 2
left_child=1 18 12 4 -4 6 -2 8 9 -7 16 -5 13 -3 -14 -10 -9 -12 19 21 -21 -1 -20
right_child=5 2 3 11 -6 7 -8 10 15 -11 17 -13 14 -15 -16 -17 -18 -19 22 20 -22 -23 -24
leaf_value=1.1184795604819971e-05 -0.002365145083363062 0.007667620210565277 0.0038635790908276742 -0.018042159249304024 0.017997984102932491 -0.0011597648492584767 -0.01552665254421625 -0.0098731695835864962 -0.0006792822645497582 0.02039942569507339 0.0012869644883781218 0.00023326960808142186 -0.0023262801225067404 -0.00029020363849425557 -0.037831105771606803 0.010818087987067307 0.013253976093928045 -0.0047876764621983155 -0.011364025232454375 -0.016949953281729848 0.0040063038738597503 -0.0051156041897766702 0.00039697729316860264
leaf_weight=16420.208673655987 3895.7150039756671 2022.4070051312447 1217.0113816335797 204.73524948209524 2223.616746166721 5118.3701366214082 1004.2365283332765 1423.3651346117258 624.05165363848209 300.91240698844194 4403.7487097382545 1879.6327221095562 3990.3912339285016 5677.117195032537 68.803742602467537 1523.5917463898659 111.44363608956337 1895.116166472435 543.17705668136477 856.73881712649018 515.29390057176352 3658.3758161473088 52334.55611800123
leaf_count=95202 23892 8430 8185 923 15024 35214 7751 6095 2791 1571 26862 8814 30140 34118 564 7114 456 12370 2760 7368 2978 22669 320312
internal_value=2.1628e-05 0.000294007 0.00250951 0.00750504 0.013005 -0.00120722 -0.00506883 2.15876e-05 0.00215546 4.34978e-05 -0.00203901 -0.001575 0.000160983 0.00180085 -0.00294766 0.00747739 -0.00817557 -0.000540836 -0.000221154 -0.00144595 -0.0090814 -0.000923098 0.000275645
internal_weight=111913 91612.1 17283.7 5525 3440.63 20300.6 4899.95 15400.6 7566.93 5419.28 7833.67 2084.37 11758.7 7699.52 4059.19 2147.64 1534.81 6298.86 74328.4 21450.6 1372.03 20078.6 52877.7
internal_count=681603 557487 106198 32946 23209 124116 31643 92473 46690 36785 45783 9737 73252 42548 30704 9905 6551 39232 451289 128217 10346 117871 323072
is_linear=0
shrinkage=0.05


Tree=212
num_leaves=24
num_cat=0
split_feature=2 2 18 18 17 8 2 7 24 20 2 10 18 18 2 7 22 17 24 8 7 4 21
split_gain=16.1309 38.7407 62.2945 59.764 47.2252 38.0015 55.8391 76.4926 34.6501 32.9398 31.8093 23.2915 21.2733 21.2624 21.6881 93.8407 47.8641 30.458 22.115 88.6215 22.5026 14.588 12.688
threshold=-1.5435607547686911e-07 -1.5760576665968526e-07 -9.2630206192495397 -9.1626852725285648 -0.37239517419691792 1.0000000180025095e-35 -1.5877322923074641e-07 2.6942702935838237e-05 -0.32315336685700363 -0.74104024728958007 -1.5844134271247865e-07 0.54558091748672433 -5.6766548725639838 0.46301675766536238 -1.5361892824472531e-07 1.6057293922271737e-05 -0.25107999999998543 -0.38930689547431369 2.7067657321251199 0.2584659425264822 2.8195673548355857e-06 7.0771312108419701e-06 0.86236774357260659
decision_type=2 2 2 2 2 2 2 2 2 2 2 2 2 2 2 2 2 2 2 2 2 2 2
left_child=1 5 8 -4 -5 9 7 -7 11 12 -8 -3 -1 14 15 16 -2 -17 20 -20 -16 -10 -11
right_child=13 2 3 4 -6 6 10 -9 21 22 -12 -13 -14 -15 18 17 -18 -19 19 -21 -22 -23 -24
leaf_value=0.011211717803638437 -0.012634888873688219 -0.0057909331172453626 -0.041229363818977342 -0.015635177835596415 -0.0036892552695515233 -0.0061337134575610843 0.017793380337374886 0.00065921469474045937 0.0072662255080851793 -0.00072485979825162106 0.002169335494450688 0.0074348762821012937 0.0035270583690788326 -0.0058136261986465494 -0.0019464298496572872 -0.03006216973973725 0.017384327476077974 -0.0034275280841284486 -0.023455618444178528 0.010164664831473658 0.00065301507209247019 0.022644233805145436 0.013914986662951693
leaf_weight=1384.4907927699387 148.35777587629855 878.41561287268996 118.69469220936298 990.98971453309059 4987.5045405700803 6599.4903420172632 558.99749904917553 11129.837706878781 417.24769856408238 3948.7127871587873 780.497159271501 533.17164504155517 2587.0494080372155 1318.8100527171046 9622.3313619801775 124.3235744908452 1154.7800274351612 723.70317428931594 222.2028631651774 1557.3390847584233 61667.673971460201 246.95745282247663 151.75070032756776
leaf_count=6335 897 5688 717 6378 33489 42579 6931 54235 2305 23786 6285 4258 14385 6718 96860 684 13753 4277 1703 11464 334785 1766 1586
internal_value=6.70913e-05 -0.000816813 -0.00383426 -0.00638106 -0.0056748 9.18681e-05 -0.00112522 -0.00186948 0.00364296 0.00296723 0.00871009 -0.000788415 0.00621151 0.000474983 0.000585457 0.00553147 0.0139488 -0.00739968 0.000439631 0.00594224 0.000302041 0.0130422 -0.000175327
internal_weight=111853 35313.8 8172.98 6097.19 5978.49 27140.8 19068.8 17729.3 2075.79 8072 1339.49 1411.59 3971.54 76539.5 75220.7 2151.16 1303.14 848.027 73069.5 1779.54 71290 664.205 4100.46
internal_count=681864 210723 54601 40584 39867 156122 110030 96814 14017 46092 13216 9946 20720 471141 464423 19611 14650 4961 444812 13167 431645 4071 25372
is_linear=0
shrinkage=0.05


Tree=213
num_leaves=24
num_cat=0
split_feature=2 2 18 22 19 8 14 0 6 8 6 2 7 7 21 11 7 4 11 0 16 14 23
split_gain=12.7265 42.4492 31.1953 27.1641 32.451 29.2453 22.5304 29.1887 49.4144 21.451 27.2812 21.2386 69.0724 24.7412 20.9172 20.1675 19.6635 17.7095 16.5343 16.0213 15.8943 14.9614 14.8983
threshold=-1.5435607547686911e-07 -1.5526463936765819e-07 0.07684992380977014 -0.63049499999996017 -0.87992005151148511 1.0000000180025095e-35 1.5688430289920925e-07 -1.6014943948761126e-07 3.8083300757085958e-05 0.9799251873216227 4.3550982253390544e-05 -1.5361892824472531e-07 1.3875720544827571e-05 5.2027438247295485e-06 0.9288000367316892 0.99915504119500154 3.2573658678955381e-05 0.0003958267415402617 0.99922329991647107 6.4576016720607768e-05 2.3335567521557317 8.5108399371152128e-05 0.078134999999951174
decision_type=2 2 2 2 2 2 2 2 2 2 2 2 2 2 2 2 2 2 2 2 2 2 2
left_child=1 3 6 4 5 -1 11 8 -8 10 21 12 -2 -13 20 -9 -3 -16 -11 -6 -5 -4 -18
right_child=2 16 9 14 19 -7 7 15 -10 18 -12 13 -14 -15 17 -17 22 -19 -20 -21 -22 -23 -24
leaf_value=0.0042137863761894075 0.013132993690853245 -0.0058633514565362144 -0.017328280147098873 -0.0019288100351233615 0.0066331588027414958 -0.0022202346887115888 -0.037183046489091438 0.0067584558355011761 -0.0011770389774416207 0.0070420038821208623 -0.004098956794084614 -0.0021321033631241204 -0.0050120556532200124 0.00043982068283187123 0.011128425890409455 0.0018609601727039406 -0.01081464089858738 -0.019983052611182436 -0.0054221415894833043 -0.012097556900148031 0.0053682457904619119 -0.043300547519878142 -0.032059950353574049
leaf_weight=2629.9691121429205 1173.2006329903379 1143.931938899681 252.49714523740113 21400.990059307776 2985.7078291364014 5366.7308242470026 116.52033393085003 2758.982806885615 488.52615481615067 371.15238411910832 426.46170770376921 11570.098132068291 945.21001813560724 48707.719998687506 491.78313007298857 8841.5356976659968 209.71350704133511 48.478048771619797 924.31722357496619 116.73330494761467 770.98655773699284 72.113975703716278 138.931281670928
leaf_count=13050 13799 7578 1409 132900 14423 29600 543 16418 2114 1946 1831 106876 5644 257355 5203 58013 974 287 5260 520 5388 384 729
internal_value=-2.54219e-05 -0.000810939 0.000336331 -0.000446247 0.00158067 -0.000103053 0.000503529 0.00246799 -0.008219 -0.00575058 -0.0124628 0.000119107 0.00503744 -5.38218e-05 -0.00143705 0.00302714 -0.00905732 0.00826414 -0.00184196 0.00591944 -0.00167438 -0.0233433 -0.0194295
internal_weight=111952 35304 76648.3 33811.4 11099.1 7996.7 74601.8 12205.6 605.046 2046.54 751.073 62396.2 2118.41 60277.8 22712.2 11600.5 1492.58 540.261 1295.47 3102.44 22172 324.611 348.645
internal_count=682244 210652 471592 201371 57593 42650 460762 77088 2657 10830 3624 383674 19443 364231 143778 74431 9281 5490 7206 14943 138288 1793 1703
is_linear=0
shrinkage=0.05


Tree=214
num_leaves=22
num_cat=0
split_feature=16 10 10 15 18 17 11 0 2 0 5 3 2 9 20 22 9 10 9 5 2
split_gain=14.1746 15.2902 13.6327 15.4776 33.4492 42.4236 30.6942 87.3318 21.575 21.5071 15.3477 16.9088 20.3467 16.4738 18.809 11.0888 9.98291 7.28348 10.9714 10.2082 5.86542
threshold=-0.82402130858203981 0.18878864250277824 0.24529673384630921 0.9991624784746389 -4.8645890030465564 -0.19580322376527762 0.99810245996043867 -1.5430183175624276e-07 2.0672711960045835e-06 7.8217950829184715e-05 1.2365924693924683e-05 -1.0000000180025095e-35 -3.6991818248566229e-06 0.2124412844495023 -0.86038801918620533 -1.0618299999999541 0.28121124732250286 0.8780001824950997 0.44763347492588684 2.424028334763486e-05 -2.1697680983479014e-05
decision_type=2 2 2 2 2 2 2 2 2 2 2 2 2 2 2 2 2 2 2 2 2
left_child=1 -1 10 6 5 -5 9 -8 -6 -4 11 12 -2 14 -12 -13 -15 18 20 -20 -3
right_child=2 17 3 4 8 -7 7 -9 -10 -11 13 15 -14 16 -16 -17 -18 -19 19 -21 -22
leaf_value=0.015027242870932989 -0.00072954496854342661 -0.0035205483197731321 1.2382084681887248e-05 -0.0028228678383953112 0.0021787783702696163 -0.016288757775788334 -0.00036561390796134233 0.0072971075603019617 -0.0017047578307549567 -0.017166026619715349 -0.00096439996756047673 -0.017512414783555749 -0.015686591229829436 -0.012763116013509379 0.010746053427007719 0.0023134229955569449 -0.0019113804632033692 -0.019317449612485355 -0.006622404524378892 0.0093595293210888119 -0.019852851271930677
leaf_weight=75.432984854094684 347.21172208338976 83.740248423069715 70803.338655394502 4703.528362493962 6759.5919614620507 666.53119049314409 10365.510331889614 5795.1339641297236 7589.3561390712857 180.67212849110365 1049.5033981725574 78.618813713081181 661.8914350066334 313.08370677009225 506.61915121600032 561.20656325947493 654.4532033354044 124.10442477837205 313.0873705111444 144.21976358443499 168.78059914615005
leaf_count=424 2270 387 433572 28779 40507 5561 63742 36122 44699 808 5492 514 3672 1587 2486 3978 3311 723 2180 638 1062
internal_value=-3.08141e-05 -0.006241 2.01126e-05 0.000129656 -0.00113519 -0.00450063 0.00041594 0.00238246 0.000124423 -3.17533e-05 -0.0027829 -0.00653139 -0.0105567 -0.00032847 0.00285381 -0.000161874 -0.00544712 -0.00820214 -0.00620293 -0.00155253 -0.0145266
internal_weight=111946 909.365 111036 106864 19719 5370.06 87144.7 16160.6 14348.9 70984 4172.59 1648.93 1009.1 2523.66 1556.12 639.825 967.537 833.932 709.828 457.307 252.521
internal_count=682514 5414 677100 653790 119546 34340 534244 99864 85206 434380 23310 10434 5942 12876 7978 4492 4898 4990 4267 2818 1449
is_linear=0
shrinkage=0.05


Tree=215
num_leaves=24
num_cat=0
split_feature=1 2 9 8 18 2 18 1 7 5 18 1 24 9 18 7 1 18 1 2 2 18 8
split_gain=17.7057 39.855 54.7795 46.6542 45.4384 96.2655 36.2898 26.8045 35.158 24.9655 24.0515 19.936 19.4435 17.2011 134.422 102.625 127.956 97.7104 224.783 105.429 62.6271 41.8384 51.8216
threshold=-1.5434588895857357e-07 -1.0727219741823999e-05 0.40000000000000829 1.0000000180025095e-35 -18.599018208778869 -1.5361892824472531e-07 -9.1626852725285648 -1.2611944404383733e-06 2.2562147666411547e-05 8.0620408887139473e-06 -8.9879974533326372 -1.573598664705855e-07 0.3425666120409474 0.50000000000004263 -9.2630206192495397 3.0770914883065775e-05 -1.0000000180025095e-35 -18.599018208778869 1.0000000180025095e-35 1.0000000180025095e-35 1.5399206798605294e-07 -9.1626852725285648 0.99999747274353923
decision_type=2 2 2 2 2 2 2 2 2 2 2 2 2 2 2 2 2 2 2 2 2 2 2
left_child=1 3 11 9 5 -4 -6 8 -5 -1 -9 -3 -13 17 15 16 -15 18 19 -2 -20 22 -16
right_child=13 2 4 7 6 -7 -8 10 -10 -11 -12 12 -14 14 21 -17 -18 -19 20 -21 -22 -23 -24
leaf_value=0.015521070431161042 0.012838321029073035 -0.0044382575143548696 -0.0050051712984419327 -0.0069560627583718435 -0.022574580803798414 0.014517337055005042 -0.0025148581862018448 0.018280637549902189 -0.00027093014319833807 0.0034325143387136936 0.0011711730008676273 -0.010792085967033082 -0.032659937551916006 0.023345352829728123 -0.024327695415806552 0.0041779824620738542 -0.008633573619618095 -0.00044696552572174762 -0.018033539915681688 -0.011237118294056062 0.00095409763213294494 0.00092215859875816649 0.019919040244593181
leaf_weight=469.27271885424852 5398.7954597473145 1588.056080583483 1284.0505262352526 2586.9959102440625 230.04523213207722 1238.5320799630135 8102.0746060209349 311.04426690191031 8190.7106867395341 4623.4906072616577 600.28034084662795 1724.1252234969288 106.98642690107226 322.55349184758961 74.02577954903245 2387.0150707177818 8667.3774497695267 21400.453412497882 971.41056699864566 494.79336494207382 782.85988594032824 39789.501145429909 516.85237211175263
leaf_count=2591 30505 10815 10800 17838 1624 7729 59510 1269 41769 23134 2550 10125 718 2907 482 10962 51180 140527 6486 2482 5441 237451 2906
internal_value=-7.71708e-05 -0.00109187 -0.00303391 0.000559818 -0.00129428 0.00458187 -0.00307458 -0.00118004 -0.00187703 0.00455305 0.00704352 -0.00855119 -0.0121067 0.000312758 -0.000233679 -0.00503383 -0.00748069 0.0012865 0.00613664 0.0108131 -0.00956584 0.00111879 0.014304
internal_weight=111861 31055.7 14273.9 16781.8 10854.7 2522.58 8332.12 11689 10777.7 5092.76 911.325 3419.17 1831.11 80805.6 51757.3 11376.9 8989.93 29048.3 7647.86 5893.59 1754.27 40380.4 590.878
internal_count=681801 190472 101321 89151 79663 18529 61134 63426 59607 25725 3819 21658 10843 491329 305888 65049 54087 185441 44914 32987 11927 240839 3388
is_linear=0
shrinkage=0.05


Tree=216
num_leaves=24
num_cat=0
split_feature=8 16 19 2 1 21 4 7 22 4 6 20 17 6 4 8 2 20 0 9 1 1 23
split_gain=17.3125 49.3447 41.3338 33.4687 39.4303 27.7171 29.7147 26.938 32.9548 25.4913 23.3686 22.3249 20.9551 24.6786 34.0429 23.6181 30.1135 20.6333 19.126 17.8285 26.0803 20.2201 17.4042
threshold=0.99999747274353923 -0.43002789546575021 -0.93173886014247254 1.2654780326748495e-05 1.5401309205742566e-07 0.82553112054776678 0.00060716317317055523 7.1498149230175079e-06 0.05045000000003376 1.539842662268143e-07 6.7811486451552767e-06 0.94075009572133483 -0.37005004994479757 7.4263523803718223e-06 2.0214471120993952e-05 0.80877340496371464 4.6332040781749134e-07 0.96608750590063386 3.111654105758533e-05 0.50000000000009603 1.5356109717146185e-07 -1.0000000180025095e-35 2.171019999999928
decision_type=2 2 2 2 2 2 2 2 2 2 2 2 2 2 2 2 2 2 2 2 2 2 2
left_child=5 7 -3 4 -4 12 19 9 -9 -2 -5 22 13 14 -1 16 -14 -11 -15 20 -7 -21 -8
right_child=1 2 3 10 -6 6 11 8 -10 17 -12 -13 15 18 -16 -17 -18 -19 -20 21 -22 -23 -24
leaf_value=0.00046197478063448699 -0.012930786694157308 -0.010814055956860478 -0.0021731326799142798 -0.017860691470510504 0.0031954498016173319 0.009517849261635106 0.00044639404660943866 0.0079917520400632543 -6.0423111723159763e-05 0.0087962159134483946 -0.0041429466441308613 0.0035862211688295238 -0.00041202122801907806 -0.002509033413833611 0.017131992196377011 0.0027836131656589487 0.0035342480377740359 -0.023260294346982496 -0.025230164901282215 0.0080123584371892386 -0.0018364729230768134 0.00080208312916153529 -0.025900150528425293
leaf_weight=3423.2505462998524 475.60205642692745 1292.013752175495 10503.884458566085 329.11163721978664 5068.7976553682238 2128.8823642469943 89.663797162473202 2808.3251092173159 2317.058968603611 343.74805321358144 5115.2394023388624 204.67974302172661 42772.229887191206 11901.14247687161 334.45330614969134 9317.0507122967392 5448.1698730140924 56.712868340313435 91.427559867501259 1177.9789128652774 661.46342689171433 5541.9307672409341 202.98754851520061
leaf_count=29871 5581 10325 65050 1938 33856 15525 436 15871 10232 3191 26992 955 268652 57123 2075 55365 28570 276 413 12065 3954 31630 907
internal_value=1.09219e-05 -0.00105716 -0.00213997 -0.00160552 -0.00042519 0.000374021 0.00284198 0.00296648 0.00435198 -0.00512512 -0.00497936 -0.00904628 3.68798e-05 -0.00157889 0.00195534 0.000479306 3.38714e-05 0.00415095 -0.00268685 0.00346596 0.00682508 0.00206877 -0.0178628
internal_weight=111606 28310.5 22309 21017 15572.7 83295.3 10007.6 6001.45 5125.38 876.063 5444.35 497.331 73287.7 15750.3 3757.7 57537.5 48220.4 400.461 11992.6 9510.26 2790.35 6719.91 292.651
internal_count=680853 173312 138161 127836 98906 507541 65472 35151 26103 9048 28930 2298 442069 89482 31946 352587 297222 3467 57536 63174 19479 43695 1343
is_linear=0
shrinkage=0.05


Tree=217
num_leaves=24
num_cat=0
split_feature=9 8 7 2 2 24 1 17 8 24 17 14 14 24 18 1 22 7 17 1 24 17 10
split_gain=16.1477 14.286 59.778 55.3336 57.4406 40.8157 33.202 34.1178 31.1732 46.8461 46.9732 31.145 27.4268 15.6524 13.1339 14.6432 18.5165 16.5014 15.068 14.8682 14.8468 13.4174 8.05195
threshold=0.14814078590182309 1.0000000180025095e-35 5.143617905485034e-05 1.0000000180025095e-35 -5.4082911020714155e-06 0.098726578086993214 -1.5823786281288219e-07 -0.3381573598529749 0.021567981199028381 -0.13417471673426992 -0.26452173519948557 3.0837958771473235e-05 1.534067261015322e-07 -0.17079444791040246 -4.6772035331505739 -3.117610534175696e-07 -1.7666199999999834 2.7423939740109708e-05 0.25856525751434728 -1.0000000180025095e-35 -0.48285505176094828 -0.18038858351826634 0.35369051781358474
decision_type=2 2 2 2 2 2 2 2 2 2 2 2 2 2 2 2 2 2 2 2 2 2 2
left_child=14 2 3 4 -2 -5 -4 -8 12 10 -10 -11 -3 -14 21 18 17 -17 20 -18 -16 -1 -23
right_child=1 8 6 5 -6 -7 7 -9 9 11 -12 -13 13 -15 15 16 19 -19 -20 -21 -22 22 -24
leaf_value=-0.00078080469484320203 0.0065962030143328649 -0.029087760663464492 0.0012262643429973501 0.012148981418722964 -0.00045522298027836702 -0.023815008165825456 -0.019224937292648868 -0.0033489965111991021 0.00056207735884646016 0.0038217281402234669 -0.0021860237593004385 -0.00061033108136997183 -3.4634097772933556e-05 -0.0055835021999126868 0.0087521152896227212 -0.032593140672471668 -0.017171132259249166 -0.0036098009955884617 0.004139408322020156 -0.0033411110161558908 -0.0078118200694088039 0.0045994387600339776 0.028699153087400397
leaf_weight=2038.0182627029717 3868.8265934661031 103.76097633410245 871.16786166280508 1748.560765042901 11370.069091709331 80.713645778596401 674.84187968075275 680.63364248722792 37654.085872953758 11773.05476325471 26483.722531709354 5971.9042258784175 2123.2772403191775 3170.6891550626606 156.63874029740691 134.45353799965233 241.83093819022179 78.222196161746979 674.94554819539189 972.8560709618032 917.59318090602756 82.665389754809439 59.659782195463777
leaf_count=10750 19400 624 3938 12660 84926 393 2981 3122 210968 93396 154975 34456 10921 19826 717 743 1136 355 4301 5534 5328 540 434
internal_value=-4.86843e-05 8.59332e-05 0.00131711 0.00232269 0.00133528 0.0105351 -0.00638399 -0.0112734 -0.000186205 5.63867e-05 -0.000572621 0.00232998 -0.00386588 -0.00335979 -0.00272687 -0.00477707 -0.00853247 -0.0220893 -0.00170349 -0.00612233 -0.00538013 0.000259419 0.0149939
internal_weight=111932 106575 19294.8 17068.2 15238.9 1829.27 2226.64 1355.48 87280.5 81882.8 64137.8 17745 5397.73 5293.97 5356.88 3176.54 1427.36 212.676 1749.18 1214.69 1074.23 2180.34 142.325
internal_count=682424 652586 127420 117379 104326 13053 10041 6103 525166 493795 365943 127852 31371 30747 29838 18114 7768 1098 10346 6670 6045 11724 974
is_linear=0
shrinkage=0.05


Tree=218
num_leaves=24
num_cat=0
split_feature=7 3 4 20 3 3 10 7 2 22 3 8 18 18 16 24 12 2 21 19 2 22 21
split_gain=12.6332 61.217 38.5607 33.008 40.4759 23.6282 13.5043 23.6678 26.7733 26.4936 16.2119 15.8954 46.0953 24.0947 15.2518 22.2925 14.3771 10.2944 10.1074 9.90136 8.17331 7.40298 1.35781
threshold=8.6577341931417494e-08 -1.5807125297584432e-07 -1.5827219890240937e-07 0.99457514170131478 1.5825381538547847e-07 -1.5867477376474423e-07 0.45306802577784405 1.0304756560007192e-07 1.5837370526128328e-07 -1.1282199999999654 -0.00071634401350539878 1.0000000180025095e-35 -9.1626852725285648 -6.9749783261890483 2.3335567521557317 -0.048833590227240702 0.015504807695456323 -1.5361892824472531e-07 1.0000000180025095e-35 -0.78826604483381912 -1.5386531604377748e-07 -0.0460049999999688 0.64470255586848013
decision_type=2 2 2 2 2 2 2 2 2 2 2 2 2 2 2 2 2 2 2 2 2 2 2
left_child=1 5 17 4 -4 20 7 8 9 -2 -8 12 -12 -13 15 -9 -16 19 -10 -3 -1 -7 -23
right_child=6 2 3 -5 -6 21 10 14 18 -11 11 13 -14 -15 16 -17 -18 -19 -20 -21 -22 22 -24
leaf_value=-0.023000293010594326 -0.026766044275604767 -0.021740893055942512 -0.0053215037062155357 0.029721981406684903 -0.028969776264420218 0.0084481540776615866 0.017269119331554804 -0.00068414376279615546 -0.037061790561549512 0.0079679058731791774 -0.012102540539688738 -0.0011026107427610447 0.0029648104236628158 0.00088515403644795455 0.0050842189328639785 -0.0042867729185917794 -0.015200649566283045 0.033391711921355059 0.0033439027428778818 0.023835958803772261 0.013393704028698761 0.039741930347630954 0.021616134364380597
leaf_weight=28.944250980392098 55.086987509857863 20.063487770035863 2598.2426059227437 60.657259351573884 192.8190998211503 29.34187001734972 140.99526426196098 25139.759388945997 47.862915533594787 1443.5600071689114 532.40082921087742 24765.744328543544 10098.353278513998 39647.688769367989 1421.2329365722835 5178.2447930490598 91.037673555314541 76.262353060767055 21.678242824971676 23.882953894324601 28.760820277035236 109.31370013207197 21.947670565918088
leaf_count=535 390 350 28853 420 2747 354 603 136379 1152 17277 3524 144444 70074 228038 8627 32970 436 754 377 533 312 2058 586
internal_value=-1.41031e-05 -0.00311432 -0.00499783 -0.00617397 -0.0069766 0.0223166 7.69924e-05 -0.000759542 0.00523266 0.00665386 0.000448671 0.000416542 0.00220761 0.000120808 -0.00105523 -0.00129987 0.00384132 0.0225072 -0.0246548 0.00287868 -0.00493636 0.0320797 0.0371186
internal_weight=111774 3190.24 2971.93 2851.72 2791.06 218.308 108584 33398.5 1568.19 1498.65 75185.2 75044.2 10630.8 64413.4 31830.3 30318 1512.27 120.209 69.5412 43.9464 57.7051 160.603 131.261
internal_count=681793 37502 33657 32020 31600 3845 644291 197608 19196 17667 446683 446080 73598 372482 178412 169349 9063 1637 1529 883 847 2998 2644
is_linear=0
shrinkage=0.05


end of trees

feature_importances:
rv_60=662
ret_5=474
log_vol=412
ret_3=385
tbr=360
ret_1=264
trade_z_30=254
ret_15=253
ret_30=235
cvd_5=173
rv_30=172
tbr_15=167
close_loc=164
rv_15=159
tbr_5=139
log_hl=132
cvd_15=115
imb_5=107
vol_z_60=94
imb_30=90
body_ratio=66
imb_15=59
vol_z_30=41
upper_wick=24
lower_wick=20

parameters:
[boosting: gbdt]
[objective: binary]
[metric: auc,binary_logloss]
[tree_learner: serial]
[device_type: cpu]
[data_sample_strategy: bagging]
[data: ]
[valid: ]
[num_iterations: 220]
[learning_rate: 0.05]
[num_leaves: 24]
[num_threads: 0]
[seed: 42]
[deterministic: 0]
[force_col_wise: 0]
[force_row_wise: 0]
[histogram_pool_size: -1]
[max_depth: 5]
[min_data_in_leaf: 400]
[min_sum_hessian_in_leaf: 0.001]
[bagging_fraction: 0.8]
[pos_bagging_fraction: 1]
[neg_bagging_fraction: 1]
[bagging_freq: 1]
[bagging_seed: 42]
[bagging_by_query: 0]
[feature_fraction: 0.8]
[feature_fraction_bynode: 1]
[feature_fraction_seed: 42]
[extra_trees: 0]
[extra_seed: 12879]
[early_stopping_round: 0]
[early_stopping_min_delta: 0]
[first_metric_only: 0]
[max_delta_step: 0]
[lambda_l1: 0.1]
[lambda_l2: 2]
[linear_lambda: 0]
[min_gain_to_split: 0.01]
[drop_rate: 0.1]
[max_drop: 50]
[skip_drop: 0.5]
[xgboost_dart_mode: 0]
[uniform_drop: 0]
[drop_seed: 17869]
[top_rate: 0.2]
[other_rate: 0.1]
[min_data_per_group: 100]
[max_cat_threshold: 32]
[cat_l2: 10]
[cat_smooth: 10]
[max_cat_to_onehot: 4]
[top_k: 20]
[monotone_constraints: ]
[monotone_constraints_method: basic]
[monotone_penalty: 0]
[feature_contri: ]
[forcedsplits_filename: ]
[refit_decay_rate: 0.9]
[cegb_tradeoff: 1]
[cegb_penalty_split: 0]
[cegb_penalty_feature_lazy: ]
[cegb_penalty_feature_coupled: ]
[path_smooth: 0]
[interaction_constraints: ]
[verbosity: -1]
[saved_feature_importance_type: 0]
[use_quantized_grad: 0]
[num_grad_quant_bins: 4]
[quant_train_renew_leaf: 0]
[stochastic_rounding: 1]
[linear_tree: 0]
[max_bin: 255]
[max_bin_by_feature: ]
[min_data_in_bin: 3]
[bin_construct_sample_cnt: 200000]
[data_random_seed: 175]
[is_enable_sparse: 1]
[enable_bundle: 1]
[use_missing: 1]
[zero_as_missing: 0]
[feature_pre_filter: 1]
[pre_partition: 0]
[two_round: 0]
[header: 0]
[label_column: ]
[weight_column: ]
[group_column: ]
[ignore_column: ]
[categorical_feature: ]
[forcedbins_filename: ]
[precise_float_parser: 0]
[parser_config_file: ]
[objective_seed: 16083]
[num_class: 1]
[is_unbalance: 0]
[scale_pos_weight: 1]
[sigmoid: 1]
[boost_from_average: 1]
[reg_sqrt: 0]
[alpha: 0.9]
[fair_c: 1]
[poisson_max_delta_step: 0.7]
[tweedie_variance_power: 1.5]
[lambdarank_truncation_level: 30]
[lambdarank_norm: 1]
[label_gain: ]
[lambdarank_position_bias_regularization: 0]
[eval_at: ]
[multi_error_top_k: 1]
[auc_mu_weights: ]
[num_machines: 1]
[local_listen_port: 12400]
[time_out: 120]
[machine_list_filename: ]
[machines: ]
[gpu_platform_id: -1]
[gpu_device_id: -1]
[gpu_device_id_list: ]
[gpu_use_dp: 0]
[num_gpu: 1]

end of parameters

pandas_categorical:null
