tree
version=v4
num_class=1
num_tree_per_iteration=1
label_index=0
max_feature_idx=35
objective=binary sigmoid:1
feature_names=ret_1 ret_3 ret_5 ret_15 ret_30 ret_60 rv_5 rv_15 rv_30 rv_60 tbr tbr_5 tbr_15 tbr_30 body_ratio upper_wick lower_wick log_hl close_loc vol_z_30 vol_z_60 log_vol vol_shock_5 imb_5 imb_15 imb_30 cvd_5 cvd_15 cvd_30 trade_z_30 ret_120 rv_120 tbr_60 imb_60 cvd_60 vol_z_120
feature_infos=[-0.0013642061893950341:0.0018876582846445444] [-0.0035212113239122544:0.0024941111642995395] [-0.0037582275244361085:0.0024941111642995395] [-0.0038069573157688552:0.0024942675340078324] [-0.0039337706252418059:0.0028701858074331454] [-0.0039337706252418059:0.0041648624787384847] [0:0.00077953001579341482] [0:0.00057800760639264233] [0:0.00042305597863754728] [4.0129013285290943e-08:0.00030243808558760198] [0:1] [0:1] [0.00026340142424693036:1] [0.0012087466614821654:0.99989325976298093] [0:1] [0:1] [0:1] [0:0.0018875000267597791] [0:1] [-3.3875127434289727:5.3851644375827901] [-4.7581166822491783:7.6811401628059564] [-27.631021115928547:4.8696575796363053] [0:5.0000000014212596] [-1.0000000005103558:1.0000000001724982] [-1.0000000000041516:1.0000000002527909] [-0.99971440412127976:0.99986671397014004] [-101.06055000000001:106.06545] [-101.20655999999998:172.56018] [-101.84621999999999:172.81698999999995] [-3.2266830110032214:5.3850808471057157] [-0.0041594236274224983:0.0045972805295750874] [5.4102022323880204e-08:0.00021790905112997492] [0.038188519291924142:0.99924582143258744] [-0.99710322747571556:0.99848454690214195] [-108.58272000000004:182.09394999999998] [-5.2998226651060154:10.908524790103412]
tree_sizes=1816 1828 1826 1823 1825 1832 1820 1829 1824 1832 1814 1833 1824 1829 1836 1839 1835 1838 1829 1822 1839 1840 1837 1823 1844 1836 1837 1835 1839 1835 1834 1839 1826 1842 1829 1828 1827 1826 1817 1815 1841 1846 1838 1834 1829 1837 1843 1830 1824 1840 1831 1809 1836 1811 1836 1830 1845 1822 1815

Tree=0
num_leaves=15
num_cat=0
split_feature=4 4 4 2 2 31 31 2 31 2 2 2 2 9
split_gain=3947.71 2737.17 2762.45 2605 1494.43 1389.14 1167.62 529.804 463.584 451.237 424.887 318.306 226.078 212.604
threshold=-3.1802531719193889e-07 -1.582710593694969e-07 1.5901495942216573e-07 -1.5821115084690971e-07 1.5797755903435021e-07 1.5100242656619197e-05 1.53685534737058e-05 1.5910355966042292e-07 5.2192094316733056e-06 3.162973749581966e-07 -6.3392883831170355e-07 -1.595841618851068e-07 1.5936959751883253e-07 3.6994179318371244e-06
decision_type=2 2 2 2 2 2 2 2 2 2 2 2 2 2
left_child=6 8 3 13 -5 9 11 -7 -2 -4 -8 -1 -12 -3
right_child=1 2 5 4 -6 7 10 -9 -10 -11 12 -13 -14 -15
leaf_value=-0.041220179119384553 0.063221326985567816 0.061953150700414586 0.030693489519463726 -0.00080992539143564992 -0.035041961225231864 0.0058904898634700885 -0.013360324344171361 0.024690342775503308 0.029087663541672363 0.055523722335335902 0.00012870921302133437 -0.019503308385037776 0.01989117177660844 0.022831415340776082
leaf_weight=2418.4766470789909 2925.7217490971088 1503.2354846894741 5875.1932688653469 16417.841468572617 3954.961810708046 9419.6590433418751 5865.4433630108833 6221.4399254918098 1512.7353929579258 2661.9742958545685 8299.919855594635 5616.6957649290562 1750.7330948412418 454.24561378359795
leaf_count=9674 11703 6013 23501 65672 15820 37679 23462 24886 6051 10648 33200 22467 7003 1817
internal_value=0.00622616 0.0140968 0.0105156 -0.00216391 -0.00745877 0.0222258 -0.0105148 0.0133698 0.0516033 0.0384455 -0.00266887 -0.02605 0.00357319 0.0529009
internal_weight=74898.3 50947 46508.6 22330.3 20372.8 24178.3 23951.3 15641.1 4438.46 8537.17 15916.1 8035.17 10050.7 1957.48
internal_count=299596 203790 186036 89322 81492 96714 95806 62565 17754 34149 63665 32141 40203 7830
is_linear=0
shrinkage=1


Tree=1
num_leaves=15
num_cat=0
split_feature=3 3 4 2 4 31 31 5 31 1 31 2 7 26
split_gain=4003.02 2606.99 3124.34 2044.11 1351.04 1037.49 1001.77 677.334 615.506 340.627 327.377 321.097 276.637 227.553
threshold=-4.7544655323861202e-07 -1.5832635202883691e-07 1.5901495942216573e-07 -1.5442912371099735e-07 1.579393087425274e-07 1.5100242656619197e-05 1.6374810382120979e-05 -1.5894643823344265e-07 1.6096375466153756e-06 3.1114936938081433e-07 1.4672480387351554e-05 3.162973749581966e-07 6.8752383947354346e-05 -0.023460000000006892
decision_type=2 2 2 2 2 2 2 2 2 2 2 2 2 2
left_child=6 7 3 8 -5 11 -1 -2 -3 -7 -9 -4 13 -8
right_child=1 2 5 4 -6 9 12 10 -10 -11 -12 -13 -14 -15
leaf_value=-0.037128886441120321 0.007559486577757563 0.049156602168370644 0.024666478078005431 -0.0085475977750900604 -0.040645784556902723 0.003765594102129489 -0.019598142355604656 0.055152864414544145 0.010404151737197009 0.020859029156657268 0.013420396118980141 0.045901971751773657 0.018388076511231418 -0.0052944322747136485
leaf_weight=5979.9021681696177 1250.7374034225941 1369.4774798750877 5406.2265448272228 20176.815091878176 3912.7206588536501 9412.908189535141 7146.514264151454 3546.4249177277088 4058.2632070332766 4220.3620343655348 543.43285074830055 2661.448224902153 695.46599023044109 4553.6364549994469
leaf_count=23925 5004 5482 21630 80714 15653 37653 28587 14195 16235 16884 2174 10654 2782 18215
internal_value=-5.0011e-05 0.00653714 0.00307008 -0.00751836 -0.0137641 0.0174717 -0.0203234 0.0397739 0.0201963 0.00905938 0.049617 0.0316815 -0.0122114 -0.0140331
internal_weight=74934.3 56558.8 51218.2 29517.3 24089.5 21700.9 18375.5 5340.6 5427.74 13633.3 4089.86 8067.67 12395.6 11700.2
internal_count=299787 226278 204905 118084 96367 86821 73509 21373 21717 54537 16369 32284 49584 46802
is_linear=0
shrinkage=0.05


Tree=2
num_leaves=15
num_cat=0
split_feature=3 3 3 1 1 9 9 5 9 9 7 3 30 26
split_gain=3605.6 2388.48 2722.69 2019.17 1388.6 630.768 612.83 590.577 330.782 313.951 208.623 205.661 198.188 160.649
threshold=-4.7544655323861202e-07 -1.5832635202883691e-07 1.5910374973060473e-07 -1.5825425325743933e-07 1.5805356401443762e-07 2.4368541905971791e-05 2.2075314614097078e-05 -1.5894643823344265e-07 4.6519996562305125e-06 2.060083884961878e-07 6.8752383947354346e-05 -1.5890454996281275e-07 -0.00049501893592829294 -0.058040000000001882
decision_type=2 2 2 2 2 2 2 2 2 2 2 2 2 2
left_child=5 7 3 9 -5 12 8 -2 -4 -3 -7 -9 -1 -8
right_child=1 2 6 4 -6 10 13 11 -10 -11 -12 -13 -14 -15
leaf_value=-0.0066385349896714565 0.0076612015961195759 0.053640868909233856 0.050039209740414294 -0.0048173942464918018 -0.034222480257997713 -0.011056248720108479 -0.0061951241324661316 0.012999378454070738 0.022846317306751338 0.01652361420517762 0.017828648649039144 0.050841678596197773 -0.029539458033548894 0.011404869126609429
leaf_weight=1049.2565262019634 1233.6696075201035 1397.0461601316929 1281.2097924500704 25271.90462115407 4771.3822631835938 6967.5732961893082 1582.8813382685184 399.58210361003876 8816.344236522913 965.19423888623714 684.91393145918846 3684.9213899970055 9605.7196055352688 7138.2806811928749
leaf_count=4198 4936 5597 5132 101115 19095 27874 6332 1600 35298 3862 2740 14776 38449 28560
internal_value=-0.000136947 0.00610751 0.00279562 -0.00598885 -0.00948939 -0.0194214 0.0179214 0.0379943 0.0263059 0.0385018 -0.00846701 0.0471478 -0.0272859 0.0082098
internal_weight=74849.9 56542.4 51224.2 32405.5 30043.3 18307.5 18818.7 5318.17 10097.6 2362.24 7652.49 4084.5 10655 8721.16
internal_count=299564 226303 204991 129669 120210 73261 75322 21312 40430 9459 30614 16376 42647 34892
is_linear=0
shrinkage=0.05


Tree=3
num_leaves=15
num_cat=0
split_feature=3 3 4 1 4 31 31 31 31 1 6 4 23 30
split_gain=3306.41 2176.16 2609.83 1885.39 1189.09 921.8 876.06 535.94 517.657 300.48 272.577 250.861 228.32 148.624
threshold=-4.7544655323861202e-07 -1.5832635202883691e-07 1.5901495942216573e-07 -1.5438321820937515e-07 1.579393087425274e-07 1.4672480387351554e-05 1.7217048547390647e-05 1.0367895310703412e-06 1.156145308260116e-07 3.1114936938081433e-07 1.1848873357384073e-07 -1.5876532621916792e-07 -0.31379588118073187 -0.00027982907605039736
decision_type=2 2 2 2 2 2 2 2 2 2 2 2 2 2
left_child=6 8 3 7 -5 10 -1 -3 -2 -7 -4 -10 13 -8
right_child=1 2 5 4 -6 9 12 -9 11 -11 -12 -13 -14 -15
leaf_value=-0.033426432408091553 0.055239835025866761 0.047507913528276297 0.021904467549254843 -0.0080607436130605108 -0.038241853842670682 0.0032719449395041417 -0.0079415107118784196 0.010799558632833441 0.0016100753218315598 0.019150011477252246 0.040964476447549324 0.032608939574251476 -0.0013539521744608931 -0.022035251799960628
leaf_weight=6417.4349879622459 2162.7753615379333 1309.2741550952196 4609.5576363354921 20149.319133773446 3892.7085639238358 9602.977276429534 3383.1114450246096 4121.4423595666885 928.87213160097599 4318.7634701728821 3173.7173933982849 2194.4371962845325 4333.4423535466194 4191.4137165397406
leaf_count=25722 8704 5256 18461 80621 15594 38420 13538 16492 3718 17292 12741 8807 17337 16774
internal_value=-8.42855e-05 0.005905 0.00274966 -0.00693978 -0.0129502 0.0159061 -0.018537 0.0196637 0.0364412 0.00819964 0.0296849 0.0233968 -0.0105085 -0.0157441
internal_weight=74789.2 56463.8 51177.8 29472.7 24042 21705 18325.4 5430.72 5286.08 13921.7 7783.28 3123.31 11908 7574.53
internal_count=299477 226106 204877 117963 96215 86914 73371 21748 21229 55712 31202 12525 47649 30312
is_linear=0
shrinkage=0.05


Tree=4
num_leaves=15
num_cat=0
split_feature=3 3 4 2 4 30 8 30 2 2 30 26 30 30
split_gain=2935.9 1986.77 2423.62 1630.5 1043.8 482.526 476.513 474.697 424.334 328.856 258.698 221.818 180.083 151.387
threshold=-4.7544655323861202e-07 -1.5832635202883691e-07 1.5901495942216573e-07 -1.5450361345870076e-07 1.579393087425274e-07 -5.9507833940486412e-06 4.1230035266429117e-05 0.00037398828255330591 3.162973749581966e-07 -1.583441511243677e-07 -0.00033131033303579466 0.027420000000000101 4.2140312830341038e-05 2.031725230811077e-05
decision_type=2 2 2 2 2 2 2 2 2 2 2 2 2 2
left_child=6 5 3 9 -5 -2 10 8 -4 -3 -1 13 -7 -12
right_child=1 2 7 4 -6 12 -8 -9 -10 -11 11 -13 -14 -15
leaf_value=-0.010375725539511799 0.010871141199804916 0.032859771833343702 0.013280095431555727 -0.0078476125785171321 -0.036173584723209015 0.05184748398443037 0.001591273078924031 0.0020008562996645433 0.029998179290537937 0.007640752889366581 -0.032679256860223042 -0.0083352952937543728 0.028497123472529973 -0.019676120825649082
leaf_weight=4215.9325106739998 1525.8285470753908 2222.8208018839359 10540.387306436896 20293.937857791781 3871.4109346270561 2535.6148483157158 2758.3710646927357 5218.6087124794722 5935.3125553876162 3089.2609525918961 6038.8771214932203 1719.0806092619896 1237.7772588282824 3577.2183136343956
leaf_count=16880 6120 8925 42211 81209 15536 10248 11038 20894 23831 12361 24228 6886 4974 14332
internal_value=-0.000162479 0.00547879 0.00246015 -0.00687473 -0.0123882 0.0346162 -0.0175602 0.0151435 0.0193056 0.018202 -0.020957 -0.02489 0.0442071 -0.0278471
internal_weight=74780.4 56471 51171.7 29477.4 24165.3 5299.22 18309.5 21694.3 16475.7 5312.08 15551.1 11335.2 3773.39 9616.1
internal_count=299673 226309 204967 118031 96745 21342 73364 86936 66042 21286 62326 45446 15222 38560
is_linear=0
shrinkage=0.05


Tree=5
num_leaves=15
num_cat=0
split_feature=27 2 1 31 2 30 2 1 31 31 5 5 31 2
split_gain=2750.81 920.896 1280.66 928.895 808.848 886.07 648.348 550.626 435.335 408.037 373.974 339.354 329.282 311.449
threshold=-0.03757999999998473 1.5936959751883253e-07 -1.5431515354435985e-07 9.0872631615329174e-06 -1.5442912371099735e-07 4.737541008381641e-07 -1.595841618851068e-07 -1.5782828288735115e-07 1.4672480387351554e-05 1.7217048547390647e-05 -3.1742787331978656e-07 -3.1742787331978656e-07 5.2192094316733056e-06 1.5903820038687402e-07
decision_type=2 2 2 2 2 2 2 2 2 2 2 2 2 2
left_child=6 2 3 10 12 -6 9 11 -3 -1 -2 -8 -4 -9
right_child=1 8 4 -5 5 -7 7 13 -10 -11 -12 -13 -14 -15
leaf_value=-0.038464185826988156 -0.0021301695745076926 0.039768265375921541 0.045221589909794462 0.007468700333095369 -0.013646044219935689 0.0064639702514365368 -0.0067819046732964534 -0.011402957613397595 0.015484770072848314 -0.015333075013786083 0.04717007583194293 0.030563983354472919 0.011123039213134418 0.011711506996947041
leaf_weight=2836.6310982853174 440.15302805602551 2523.8942619264126 1031.324377939105 5126.1058092713356 12347.732831850648 9841.720933765173 1030.7125169485807 18531.995542481542 6873.5286508947611 5822.5328937917948 3040.0938147455454 1480.0455154031515 2255.165081217885 1580.1097361445427
leaf_count=11419 1764 10191 4161 20531 49489 39427 4131 74276 27544 23323 12274 5966 9034 6331
internal_value=2.26929e-05 0.00815769 0.00433613 0.0210092 -0.00129761 -0.00472684 -0.0112841 -0.00682966 0.0220137 -0.0229177 0.0409373 0.0152396 0.0218444 -0.00958598
internal_weight=74761.7 43479.7 34082.3 8606.35 25475.9 22189.5 31282 22622.9 9397.42 8659.16 3480.25 2510.76 3286.49 20112.1
internal_count=299861 174415 136680 34569 102111 88916 125446 90704 37735 34742 14038 10097 13195 80607
is_linear=0
shrinkage=0.05


Tree=6
num_leaves=15
num_cat=0
split_feature=27 4 4 10 31 31 25 2 31 31 34 21 2 31
split_gain=2595.37 994.612 2202.46 1049.36 970.013 615.068 515.477 358.085 334.704 267.854 210.003 199.734 192.859 176.439
threshold=0.027890000000011749 -1.5906273898025344e-07 -1.582710593694969e-07 1.0000000180025095e-35 1.156145308260116e-07 1.53685534737058e-05 0.89762049322948967 1.5910355966042292e-07 1.3722019500321744e-06 1.5658333476658852e-05 -0.70833000000000013 -2.589800609841006 -8.6528966045662497e-06 7.6820416247498813e-06
decision_type=2 2 2 2 2 2 2 2 2 2 2 2 2 2
left_child=1 5 10 8 -5 -1 7 -2 -4 -9 -3 -8 -7 -13
right_child=6 2 3 4 -6 12 11 9 -10 -11 -12 13 -14 -15
leaf_value=-0.028505641185592935 0.0036827312152529403 0.012174473507828531 0.040110632623886824 -0.032617615241438545 -0.0055650105915234964 -0.017330360576055377 0.018020248583143172 0.034450447693548707 0.007308800741509372 0.011586712521775632 0.044887827923909655 0.058634021785604021 -0.0045713832172848308 0.026009286394846912
leaf_weight=6822.3937945514917 16779.980750337243 615.36875472962856 989.11998726427555 4444.9579725414515 13006.005431622267 5001.2636222988367 4898.9871481060982 1696.3763922154903 3617.6269856244326 5229.1067101359367 2453.4598278254271 636.49845892190933 7263.572297051549 1200.400845348835
leaf_count=27454 67286 2481 3995 17869 52119 20055 19675 6868 14496 20962 9936 2566 29083 4822
internal_value=-0.000133888 -0.00786933 -0.00133286 -0.00685545 -0.0124586 -0.0164729 0.011101 0.00763155 0.0143661 0.0171954 0.0383403 0.0233053 -0.00977612 0.0373655
internal_weight=74655.1 44213.8 25126.5 22057.7 17451 19087.2 30441.4 23705.5 4606.75 6925.48 3068.83 6735.89 12264.8 1836.9
internal_count=299667 177488 100896 88479 69988 76592 122179 95116 18491 27830 12417 27063 49138 7388
is_linear=0
shrinkage=0.05


Tree=7
num_leaves=15
num_cat=0
split_feature=28 2 2 2 1 2 2 31 31 1 31 9 31 28
split_gain=2289.36 655.47 711.601 592.491 704.143 495.995 1139.73 468.938 451.201 986.704 409.15 400.738 331.11 187.81
threshold=-0.027865000000037287 -1.595841618851068e-07 -1.5831118727049895e-07 3.162973749581966e-07 1.0000000180025095e-35 1.5903820038687402e-07 1.5827647104060818e-07 7.5315543955328782e-07 1.5100242656619197e-05 -1.5825425325743933e-07 1.4672480387351554e-05 1.1381996119957086e-07 1.7217048547390647e-05 0.51410999999997209
decision_type=2 2 2 2 2 2 2 2 2 2 2 2 2 2
left_child=1 12 11 4 8 6 -4 13 9 -2 -5 -3 -1 -6
right_child=3 2 5 10 7 -7 -8 -9 -10 -11 -12 -13 -14 -15
leaf_value=-0.036152211807196091 0.041062431815865975 0.038836488577486006 -0.0066373802072245457 0.037713880811224287 -0.045801232307666778 0.012955644745795357 -0.042781635350731505 -0.0029013012405677916 0.00096723154926972956 0.0081528485433410795 0.013249209225854442 0.0012390212276816468 -0.014476898342075956 0.0055359284489312705
leaf_weight=2677.1331471502781 2858.941081315279 1281.5893138945103 20056.100424513221 2373.5444299131632 1037.6659452021122 2486.7493604719639 2445.344761878252 5126.4193444252014 10012.04372356832 11178.669241577387 6106.0751559138298 1582.8321838974953 5161.7393417656422 214.50854641199112
leaf_count=10842 11611 5218 80428 9662 4174 9970 9834 20543 40085 44891 24506 6353 20702 861
internal_value=2.8793e-05 -0.0091162 -0.00552072 0.00841784 0.00515996 -0.00822688 -0.0105688 -0.00960702 0.00907702 0.0148602 0.0201044 0.0180761 -0.0218868 -0.0370119
internal_weight=74599.4 35691.5 27852.6 38907.9 30428.2 24988.2 22501.4 6378.59 24049.7 14037.6 8479.62 2864.42 7838.87 1252.17
internal_count=299680 143347 111803 156333 122165 100232 90262 25578 96587 56502 34168 11571 31544 5035
is_linear=0
shrinkage=0.05


Tree=8
num_leaves=15
num_cat=0
split_feature=25 3 3 10 31 31 3 0 31 0 31 30 2 7
split_gain=2156.56 774.188 1211.29 717.666 798.537 527.332 447.537 503.612 500.7 411.655 340.639 324.498 299.481 298.577
threshold=0.2356314283201533 -4.7544655323861202e-07 -1.5832635202883691e-07 0.00012022911031700169 1.156145308260116e-07 1.53685534737058e-05 1.5900460503814886e-07 -1.5820265364396843e-07 1.4415402963476035e-05 -1.5887898818789378e-07 1.156145308260116e-07 -6.3394853011544672e-07 -1.543329553044259e-07 1.227437553778504e-07
decision_type=2 2 2 2 2 2 2 2 2 2 2 2 2 2
left_child=1 5 11 10 -5 -1 7 9 -8 -2 -4 -3 13 -9
right_child=6 2 3 4 -6 -7 8 12 -10 -11 -12 -13 -14 -15
leaf_value=-0.029378114941874672 -0.0040162371677874833 0.0045473007300880601 0.039396704473831763 -0.030094085516035166 -0.0050598546434846604 -0.0097944084810223288 0.030718427064730144 0.023967941163256474 0.010347647309373943 0.045535520907391935 0.005067559153317973 0.037995821259605184 -0.0024169423891946475 -0.011394882605425141
leaf_weight=4946.4052851945162 629.64769934117794 1095.963327229023 870.34215651452541 3985.7889229357243 15837.628695011139 11269.441057518125 4436.7793630808592 2357.5716195553541 9425.494231313467 1249.8439784497023 4215.1012500226498 2144.2578188031912 11151.39752151072 797.67818580567837
leaf_count=20043 2527 4406 3520 16063 63486 45203 17998 9511 37810 5082 16888 8760 44713 3198
internal_value=-6.43905e-05 -0.0070694 -0.00205589 -0.00579736 -0.0100959 -0.015771 0.0102779 0.00463001 0.016871 0.0289486 0.010956 0.0266921 0.00143163 0.0150263
internal_weight=74413.3 44364.9 28149.1 24908.9 19823.4 16215.8 30048.4 16186.1 13862.3 1879.49 5085.44 3240.22 14306.6 3155.25
internal_count=299208 178369 113123 99957 79549 65246 120839 65031 55808 7609 20408 13166 57422 12709
is_linear=0
shrinkage=0.05


Tree=9
num_leaves=15
num_cat=0
split_feature=24 4 4 10 31 31 12 3 1 31 0 31 31 7
split_gain=2034.95 789.715 1580.91 674.149 774.67 554.383 379.118 375.112 672.053 323.962 274.434 260.692 221.124 221.003
threshold=0.44209744682329954 -1.5906273898025344e-07 -1.5835729083590874e-07 1.0000000180025095e-35 1.156145308260116e-07 1.3624420319692194e-05 0.94378879254967407 1.5900460503814886e-07 -1.5741432513038942e-07 1.5100242656619197e-05 -1.5832786814939934e-07 9.9189813302884029e-06 6.5484684081128424e-06 6.8752383947354346e-05
decision_type=2 2 2 2 2 2 2 2 2 2 2 2 2 2
left_child=1 5 -3 11 -5 -1 7 8 12 -9 -10 -4 -2 -7
right_child=6 2 3 4 -6 13 -8 9 10 -11 -12 -13 -14 -15
leaf_value=-0.026448385019664018 0.047736225063124034 0.035021741089108063 0.023890842346223885 -0.027571515130182828 -0.0035321930226641391 -0.0095912521068720353 0.036053512276361679 0.026721204478147537 0.041094523812433552 0.010110373876575544 -0.0042263774201342702 0.0013919785101604422 0.014170434016408183 0.020471738272281017
leaf_weight=5878.5589019060135 902.33168558776379 2806.5424145758152 2317.2511084079742 4299.810781031847 15170.696943819523 14110.908272609115 1449.2586562037468 4294.3835229724646 344.87656801939011 9280.5577426701784 9019.2242726236582 2894.7279934585094 1078.0481838881969 637.17184513807297
leaf_count=23798 3708 11460 9370 17369 60848 56651 5854 17463 1396 37230 36170 11603 4335 2550
internal_value=4.52885e-05 -0.00607274 -0.00052378 -0.00456802 -0.00884325 -0.013467 0.0112086 0.00976094 0.00304956 0.0153683 -0.00254881 0.0114003 0.0294969 -0.00828982
internal_weight=74484.3 48115.7 27489 24682.5 19470.5 20626.6 26368.7 24919.4 11344.5 13574.9 9364.1 5211.98 1980.38 14748.1
internal_count=299805 193649 110650 99190 78217 82999 106156 100302 45609 54693 37566 20973 8043 59201
is_linear=0
shrinkage=0.05


Tree=10
num_leaves=15
num_cat=0
split_feature=27 10 4 4 31 2 25 31 1 31 11 28 4 1
split_gain=1840.74 761.46 1138.14 1174.34 655.426 634.621 400.563 290.836 279.954 223.14 208.24 184.1 175.027 162.116
threshold=0.029980000000006803 0.99999422707455865 -1.5906273898025344e-07 -1.5835729083590874e-07 2.4661499988491013e-06 1.0000000180025095e-35 0.89762049322948967 1.6374810382120979e-05 1.5908467787539851e-07 5.2192094316733056e-06 0.9193051699436029 -7.6003850000000206 1.5884833715062999e-07 1.5908467787539851e-07
decision_type=2 2 2 2 2 2 2 2 2 2 2 2 2 2
left_child=1 2 7 9 12 -5 8 -1 -2 -4 -8 -9 -3 -6
right_child=6 4 3 5 13 -7 10 11 -10 -11 -12 -13 -14 -15
leaf_value=-0.022036298654716371 0.0035037188469099556 -0.04658628298086135 0.043693862777333919 0.0050466618483767604 -0.014061025582931045 -0.018899429627056343 0.015629878073341676 0.013768018360858381 0.016751629674447405 0.013021367663528877 0.037099126625800873 -0.010098387154902726 0.035976662962516483 0.014548013385439738
leaf_weight=5858.3696376681328 18301.75851380825 1969.8345899432898 2010.2619142383337 12867.008922219276 7640.1937178224325 3522.6510320007801 5220.3151860833168 895.78130365908146 5097.3589130342007 843.80541823804379 1442.0549194812775 8100.240430444479 64.955355331301689 527.90072481334209
leaf_count=23771 73562 7966 8302 51739 30708 14182 21078 3592 20589 3417 5845 32509 261 2117
internal_value=-7.77204e-05 -0.00655781 -0.00297158 0.00505404 -0.0185401 -0.000101781 0.00947166 -0.013368 0.00639088 0.034641 0.0202866 -0.00771935 -0.0439179 -0.0122089
internal_weight=74362.5 44301 34098.1 19243.7 10202.9 16389.7 30061.5 14854.4 23399.1 2854.07 6662.37 8996.02 2034.79 8168.09
internal_count=299638 178564 137512 77640 41052 65921 121074 59872 94151 11719 26923 36101 8227 32825
is_linear=0
shrinkage=0.05


Tree=11
num_leaves=15
num_cat=0
split_feature=27 4 4 10 31 31 12 2 31 9 1 31 5 30
split_gain=1672.75 661.139 1531.21 769.199 720.084 440.894 349.656 345.073 270.635 246.773 229.523 427.231 214.314 197.739
threshold=0.027890000000011749 -1.5906273898025344e-07 -1.582710593694969e-07 1.0000000180025095e-35 1.156145308260116e-07 1.53685534737058e-05 0.94378879254967407 3.162973749581966e-07 1.3722019500321744e-06 2.5677869688573685e-05 -1.5431515354435985e-07 8.9725792223028283e-06 -3.1742787331978656e-07 1.5871431280345408e-07
decision_type=2 2 2 2 2 2 2 2 2 2 2 2 2 2
left_child=1 5 12 8 -5 -1 7 10 -4 -9 11 -2 -3 -12
right_child=6 2 3 4 -6 -7 -8 9 -10 -11 13 -13 -14 -15
leaf_value=-0.023588777059248729 0.035388246807194074 -0.0030009172836576265 0.036194640006542766 -0.027799095691984129 -0.0044222272167491429 -0.0076726161899808984 0.032950848811093933 0.023354759026707004 0.0063998769170238046 0.0061616389509151215 -0.0048816601494135956 0.0041168194077341467 0.037446961327871446 0.0066144848990234324
leaf_weight=6757.3487561941147 1531.1920346319675 373.4736505150795 964.069674924016 4408.1908263862133 13022.242626309395 12221.387033000588 1444.2423936724663 4988.337699458003 3616.9510684609413 3590.5118606388569 7273.8385924696922 3799.6349088549614 2641.5308779776096 7696.0573252588511
leaf_count=27500 6268 1505 3946 17877 52236 49079 5864 20324 14513 14435 29190 15244 10934 30889
internal_value=-7.78389e-05 -0.00630426 -0.000967006 -0.00554516 -0.0103368 -0.0133414 0.00895761 0.00775553 0.0126832 0.016162 0.00420181 0.0131089 0.0324379 0.00102863
internal_weight=74329 44005.2 25026.5 22011.5 17430.4 18978.7 30323.8 28879.6 4581.02 8578.85 20300.7 5330.83 3015 14969.9
internal_count=299804 177590 101011 88572 70113 76579 122214 116350 18459 34759 81591 21512 12439 60079
is_linear=0
shrinkage=0.05


Tree=12
num_leaves=15
num_cat=0
split_feature=3 3 4 4 1 31 31 31 27 30 11 1 31 27
split_gain=1607.03 1309.03 1343.75 1246.84 822.315 671.419 454.799 400.36 371.66 177.743 176.504 176.398 157.3 147.301
threshold=-4.7544655323861202e-07 -1.5832635202883691e-07 1.5884833715062999e-07 1.579393087425274e-07 -1.5825425325743933e-07 1.5100242656619197e-05 1.7217048547390647e-05 1.1004638881735161e-05 0.11938500000001447 -6.3394853011544672e-07 0.53218361883891929 3.1114936938081433e-07 3.6446625105136274e-06 -0.21611499999999575
decision_type=2 2 2 2 2 2 2 2 2 2 2 2 2 2
left_child=6 7 3 4 -3 12 -1 9 -5 -2 -8 -7 -4 -11
right_child=1 2 5 8 -6 11 10 -9 -10 13 -12 -13 -14 -15
leaf_value=-0.023662394174676901 0.015556244527518196 0.027236069056568498 0.041594860265076951 -0.039817559242367878 -0.0041272538876282244 0.00069633600059527782 -0.011436639483513774 0.0062382177619104834 0.0036008207382320218 0.011499791131879843 0.0014370054827460407 0.013011912512951418 0.02005158835366895 0.04662783985850507
leaf_weight=6312.9216638058424 770.84089694917202 2295.3210069835186 961.81176207959652 3012.7404513508081 23150.477936819196 9497.8852663189173 7804.0561683624983 1483.6587264090776 588.82914406061172 338.86447262763977 4040.1306063979864 4188.4300180673599 7161.8982952833176 2598.5344966053963
leaf_count=25814 3129 9374 3929 12259 92907 38062 31353 5982 2367 1404 16200 16901 29127 10862
internal_value=0.000101799 0.00428977 0.00184783 -0.00519455 -0.00129623 0.0112267 -0.0128251 0.0281999 -0.0327209 0.0369787 -0.00704585 0.00446663 0.0226118 0.042586
internal_weight=74206.4 56049.3 50857.4 29047.4 25445.8 21810 18157.1 5191.9 3601.57 3708.24 11844.2 13686.3 8123.71 2937.4
internal_count=299670 226303 204926 116907 102281 88019 73367 21377 14626 15395 47553 54963 33056 12266
is_linear=0
shrinkage=0.05


Tree=13
num_leaves=15
num_cat=0
split_feature=25 2 2 0 2 9 2 0 0 31 31 30 31 30
split_gain=1432.78 542.947 913.534 513.134 580.019 368.646 266.456 321.755 468.535 231.993 218.114 212.22 302.328 292.664
threshold=0.2356314283201533 -1.595841618851068e-07 -1.583441511243677e-07 -1.5434675937342488e-07 1.5903820038687402e-07 1.1381996119957086e-07 1.591904466025085e-07 -1.5820265364396843e-07 -1.588326821178043e-07 1.7217048547390647e-05 1.4532056924117215e-05 1.5871431280345408e-07 1.4967508920346795e-05 1.5844408007836821e-07
decision_type=2 2 2 2 2 2 2 2 2 2 2 2 2 2
left_child=1 9 5 -4 -5 -3 7 8 -2 -1 -8 13 -13 -9
right_child=6 2 3 4 -6 -7 10 11 -10 -11 -12 12 -14 -15
leaf_value=-0.028831487637269029 -0.0035598977749361515 0.03645155918217946 0.0099625990260390398 -0.01094442033320798 0.011726753520561805 0.0050237641939414462 0.030112513103723468 0.00022470232067680888 0.04063494679113655 -0.011281447999174013 0.011232452212253396 0.016196445565272322 -0.00053393325485486258 -0.038643100984081642
leaf_weight=2775.5744950175285 1008.0052788108587 1830.0424529910088 4486.7070715427399 24031.941044867039 3194.7508969157934 1903.1091568619013 2146.562271848321 8638.7082708925009 1477.4604007899761 5862.8322610557079 5328.0490915924311 5780.6896495074034 5065.5293767303228 511.08017563819885
leaf_count=11470 4055 7659 18097 96945 12846 7683 8970 34809 6111 23587 21507 23332 20296 2065
internal_value=4.63737e-05 -0.00568705 -0.00294735 -0.00570167 -0.00828354 0.0204414 0.0084838 0.0057638 0.0227228 -0.0169258 0.016661 0.00365376 0.00838417 -0.00195431
internal_weight=74041 44085 35446.6 31713.4 27226.7 3733.15 29956.1 22481.5 2485.47 8638.41 7474.61 19996 10846.2 9149.79
internal_count=299432 178287 143230 127888 109791 15342 121145 90668 10166 35057 30477 80502 43628 36874
is_linear=0
shrinkage=0.05


Tree=14
num_leaves=15
num_cat=0
split_feature=24 2 1 2 4 5 31 33 31 31 1 3 31 2
split_gain=1302.4 577.089 1028.4 507.555 505.577 387.669 282.849 270.779 257.068 216.096 209.545 425.635 260.43 255.388
threshold=0.46574679915439438 -6.3392883831170355e-07 -1.5825425325743933e-07 -1.543329553044259e-07 1.5884833715062999e-07 -1.5894643823344265e-07 1.6224707041773717e-05 0.89813912746661551 1.156145308260116e-07 1.7217048547390647e-05 -1.573659211828726e-07 1.5880966497405782e-07 9.0872631615329174e-06 -1.5767119609932931e-07
decision_type=2 2 2 2 2 2 2 2 2 2 2 2 2 2
left_child=1 9 5 8 -5 -3 -7 10 -4 -1 12 13 -2 -12
right_child=7 2 3 4 -6 6 -8 -9 -10 -11 11 -13 -14 -15
leaf_value=-0.027321675248951956 0.039522216857568931 -0.00045617676532799914 0.032858466180244378 -0.011591635678432027 0.0043360017494814985 0.038023798412178143 -0.0012031729186869761 0.022043228014428196 0.0036958235113407202 -0.010881822748011336 0.028025007825994198 0.011689745283330378 0.0081390094496674413 -0.0057771838521444019
leaf_weight=2882.093978330493 1049.0623916238546 1499.1569124162197 875.99454681575298 21700.585076242685 6465.6596194058657 2445.2158720195293 565.63847160339355 3505.6543123722076 5429.2964611947536 6530.6535332947969 600.54663608968258 10944.45507401228 1785.291245251894 7697.0567806810141
leaf_count=11959 4403 6047 3638 87632 25982 10240 2275 14301 21858 26283 2447 44366 7186 30903
internal_value=1.31541e-05 -0.00481034 -0.00212698 -0.00506481 -0.00793534 0.0203201 0.0306585 0.00913756 0.00775653 -0.0159203 0.00708637 0.00521557 0.0197744 -0.00332456
internal_weight=73976.4 48394.3 38981.5 34471.5 28166.2 4510.01 3010.85 25582.1 6305.29 9412.75 22076.4 19242.1 2834.35 8297.6
internal_count=299520 195914 157672 139110 113614 18562 12515 103606 25496 38242 89305 77716 11589 33350
is_linear=0
shrinkage=0.05


Tree=15
num_leaves=15
num_cat=0
split_feature=25 3 3 0 31 30 11 5 3 0 30 0 3 9
split_gain=1237.66 397.459 817.016 446.769 482.799 334.869 265.735 259.66 216.636 297.309 294.361 261.507 253.072 193.768
threshold=0.2356314283201533 -4.7544655323861202e-07 -1.5832635202883691e-07 -1.5434675937342488e-07 8.2802365623445969e-06 -0.00033131033303579466 0.9193051699436029 -1.5871126457511761e-07 1.5900460503814886e-07 -1.5777495665503236e-07 0.00037398828255330591 -1.5887898818789378e-07 -1.0000000180025095e-35 2.060083884961878e-07
decision_type=2 2 2 2 2 2 2 2 2 2 2 2 2 2
left_child=1 5 7 13 -5 -1 8 -3 9 11 -10 -2 -11 -4
right_child=6 2 3 4 -6 -7 -8 -9 10 12 -12 -13 -14 -15
leaf_value=-0.0007411989954650551 -0.0056869367300098764 0.0010855965136738043 0.028588919037156546 -0.016663411815710082 -0.0012442651966512773 -0.016296450497538237 0.022470934590824138 0.031821196182483705 0.016156489739991408 0.010683488171097648 -0.0014071331944142758 0.034248104033415876 -0.0047094866812637751 0.0037970911016327064
leaf_weight=5040.3784810304642 609.61254632472992 999.40817530453205 1132.3228999227285 8478.4955550134182 12649.705908477306 11033.337372452021 2877.5231036841869 2198.4551291465759 8882.4503295123577 3758.2617588192225 3260.8304923325777 1246.3475487828255 9208.7761785835028 2584.9988456219435
leaf_count=20320 2455 4034 4630 34439 50801 44985 11744 9263 36180 15232 13143 5205 37034 10371
internal_value=0.000168408 -0.00515128 -0.00155803 -0.00462034 -0.00743278 -0.0114194 0.00803215 0.0222223 0.00648986 0.00243305 0.0114407 0.021139 -0.000247151 0.0113602
internal_weight=73960.9 44117.1 28043.4 24845.5 21128.2 16073.7 29843.8 3197.86 26966.3 14823 12143.3 1855.96 12967 3717.32
internal_count=299836 178843 113538 100241 85240 65305 120993 13297 109249 59926 49323 7660 52266 15001
is_linear=0
shrinkage=0.05


Tree=16
num_leaves=15
num_cat=0
split_feature=25 2 1 2 31 4 1 1 31 1 9 8 31 31
split_gain=1111.9 422.218 682.907 391.529 623.236 319.22 284.72 285.795 255.002 430.73 203.443 186.747 173.508 158.456
threshold=0.14209568470506703 -1.595841618851068e-07 -1.5782828288735115e-07 -1.543329553044259e-07 8.2802365623445969e-06 -1.5876532621916792e-07 1.5924552165813568e-07 1.5439228651104034e-07 1.5100242656619197e-05 -1.5825425325743933e-07 1.0652515878057714e-07 5.3308132424609017e-05 7.5315543955328782e-07 1.0273180260196076e-05
decision_type=2 2 2 2 2 2 2 2 2 2 2 2 2 2
left_child=1 11 5 10 -5 -3 7 8 9 -2 -4 -1 -9 -8
right_child=6 2 3 4 -6 -7 13 12 -10 -11 -12 -13 -14 -15
leaf_value=-0.017744659338731174 0.032679328861753176 -0.0019707555409878299 0.023864402567808203 -0.019559853295674907 -0.002537203355594134 0.027391769466203437 0.036863818831407318 -0.026097175836723011 0.0014042266397314227 0.0077762229868977755 0.0010836512800937773 0.010064244046684066 -0.001627315712239873 0.013522680307468239
leaf_weight=7637.4167700260878 2128.4936646819115 1469.3101416528225 1327.3968731462955 8074.5530500262976 16088.961812898517 2498.4661142975092 854.31908495724201 858.68351551890373 9784.3581290990114 9398.1559472233057 3730.2286990731955 654.24595698714256 4578.1325819194317 4864.2158627808094
leaf_count=31247 8989 5934 5470 32874 64761 10448 3632 3494 39264 38095 15015 2625 18444 19825
internal_value=-3.34602e-05 -0.00545757 -0.00293574 -0.00557888 -0.00822669 0.016523 0.00689655 0.00473081 0.0073412 0.0123797 0.00706963 -0.0155485 -0.00550023 0.0170214
internal_weight=73946.9 41480.6 33188.9 29221.1 24163.5 3967.78 32466.4 26747.8 21311 11526.6 5057.63 8291.66 5436.82 5718.53
internal_count=300117 168374 134502 118120 97635 16382 131743 108286 86348 47084 20485 33872 21938 23457
is_linear=0
shrinkage=0.05


Tree=17
num_leaves=15
num_cat=0
split_feature=24 2 1 2 31 31 13 2 1 30 1 30 5 31
split_gain=1026.73 442.882 850.181 401.116 492.722 390.54 224.533 207.421 259.953 217.686 210.319 195.849 190.972 180.651
threshold=0.53302531434237754 -6.3392883831170355e-07 -1.5825425325743933e-07 -1.5831118727049895e-07 2.2093290976545677e-06 1.1004638881735161e-05 0.97291776421503606 1.5900276029157115e-07 -1.5746795334337091e-07 1.5871431280345408e-07 -1.5879352499581498e-07 0.00035530077385637076 -3.1742787331978656e-07 1.7217048547390647e-05
decision_type=2 2 2 2 2 2 2 2 2 2 2 2 2 2
left_child=1 13 5 12 -5 -3 7 8 10 -10 -2 -9 -4 -1
right_child=6 2 3 4 -6 -7 -8 11 9 -11 -12 -13 -14 -15
leaf_value=-0.024269896100755681 -0.0012091322484561891 0.030162312445732999 -0.0055872872763837178 -0.018788667766740541 -0.0029393648886594861 0.00063036180381932465 0.039069088090482172 0.019809815168746761 -0.0048921896538538798 0.0079139507264715196 0.029393055795854273 0.0017713562373439466 0.027457937981864113 -0.0092705533904116951
leaf_weight=2874.4947395026684 841.38679213821888 2780.6604031473398 635.05519160628319 5946.8414005488157 27917.086048260331 1873.1787643432617 584.62241639196873 5272.9385375678539 6431.3802420943975 6851.8033867478371 1684.6206279844046 2105.9032277464867 1397.2106309682131 6660.6358226984739
leaf_count=12059 3403 11791 2561 24338 112433 7564 2433 21732 25890 27609 7045 8544 5825 26876
internal_value=-4.02042e-05 -0.00410165 -0.0018214 -0.0044285 -0.0057236 0.018281 0.00851624 0.00774263 0.00451089 0.00171374 0.0192069 0.0146636 0.0171364 -0.0137965
internal_weight=73857.8 50085.2 40550 35896.2 33863.9 4653.84 23772.7 23188 15809.2 13283.2 2526.01 7378.84 2032.27 9535.13
internal_count=300103 203447 164512 145157 136771 19355 96656 94223 63947 53499 10448 30276 8386 38935
is_linear=0
shrinkage=0.05


Tree=18
num_leaves=15
num_cat=0
split_feature=3 3 7 1 3 5 31 31 27 31 7 9 30 1
split_gain=973.754 1096.69 835.755 999.132 647.162 502.78 465.308 372.753 319.425 275.4 170.401 152.034 143.574 104.274
threshold=1.5910374973060473e-07 1.580685173863117e-07 1.3549960696235655e-07 -1.5825425325743933e-07 -1.5832635202883691e-07 1.5876115444513064e-07 1.4672480387351554e-05 1.53685534737058e-05 0.12715000000001231 5.2192094316733056e-06 6.8752383947354346e-05 4.3019663351845507e-06 0.00037398828255330591 -1.5917016327193775e-07
decision_type=2 2 2 2 2 2 2 2 2 2 2 2 2 2
left_child=1 2 3 9 -5 8 11 -4 -3 -1 -9 -2 13 -8
right_child=6 5 7 4 -6 -7 12 10 -10 -11 -12 -13 -14 -15
leaf_value=0.035372878191418551 0.03979667302791786 -0.041292404231744746 -0.021006392732111578 0.02477967655303448 -0.0024726092300827503 0.002364929968421625 -0.013563377584026768 -0.0065935828571423915 0.00042440484082032284 0.011342685291334946 0.01866326821590121 0.018178796157745175 -0.0025483652351724457 0.0098447209073624052
leaf_weight=2660.4845171272755 1000.1231596618891 3142.009848088026 5245.3847592622042 2385.9977818131447 24823.345764145255 1174.4209742546082 503.32410299777985 12391.097920656204 537.23627358675003 2164.1513692736626 703.94306835532188 4374.7514860332012 4450.5169935822487 8206.7548249065876
leaf_count=11539 4183 12845 21848 9908 99959 4728 2018 49995 2160 8868 2819 18181 17920 33120
internal_value=-9.4669e-05 -0.00342279 -0.00123526 0.00363779 -8.12002e-05 -0.0261164 0.00982106 -0.00974617 -0.0352041 0.024603 -0.00523322 0.0222146 0.00475684 0.00848925
internal_weight=73763.5 55228.1 50374.4 32034 27209.3 4853.67 18535.5 18340.4 3679.25 4824.64 13095 5374.87 13160.6 8710.08
internal_count=300091 224669 204936 130274 109867 19733 75422 74662 15005 20407 52814 22364 53058 35138
is_linear=0
shrinkage=0.05


Tree=19
num_leaves=15
num_cat=0
split_feature=26 3 3 2 4 31 31 30 31 5 30 3 33 28
split_gain=892.966 624.53 1056.22 719.629 765.113 295.65 279.513 230.94 224.174 174.075 126.591 106.964 105.263 104.093
threshold=0.099429999999982019 -4.7544655323861202e-07 -1.5832635202883691e-07 -1.543329553044259e-07 1.5884833715062999e-07 1.3722019500321744e-06 1.156145308260116e-07 -0.00033131033303579466 8.9725792223028283e-06 1.5905469297194943e-07 0.00037398828255330591 -1.587755864562723e-07 -0.91284757529161065 -0.36244000000004212
decision_type=2 2 2 2 2 2 2 2 2 2 2 2 2 2
left_child=1 7 6 5 -5 -4 13 -1 9 -2 -10 -8 -9 -3
right_child=8 2 3 4 -6 -7 11 12 10 -11 -12 -13 -14 -15
leaf_value=-0.0018415134275168634 0.010836400664684335 0.008543447940292553 0.033337677000191836 -0.011551223412119019 0.0053996727889121486 0.0068122197014709816 -0.0017469247349657675 -0.03046035833474886 0.010878567051626972 0.035323276398119989 -0.00075492144883652077 0.019359748975335808 -0.013630567230291789 0.042362686203870806
leaf_weight=4578.5221165418625 1425.826654151082 265.84543332457542 1242.4335265904665 20092.182475432754 9953.5872943550348 6752.4648355692625 876.99983888864517 1023.143496543169 9090.9007030278444 1481.654434248805 3147.647454187274 1898.1126526892185 10102.122481808066 1625.8479857742786
leaf_count=18515 5831 1145 5247 81326 40191 27214 3558 4269 36965 6279 12716 7907 41393 7151
internal_value=3.63818e-05 -0.00276896 0.000366252 -0.00238827 -0.00593573 0.0109417 0.0228106 -0.0112943 0.0108542 0.0233306 0.0078869 0.0126931 -0.0151835 0.037624
internal_weight=73557.3 58411.3 42707.5 38040.7 30045.8 7994.9 4666.81 15703.8 15146 2907.48 12238.5 2775.11 11125.3 1891.69
internal_count=299707 237916 173739 153978 121517 32461 19761 64177 61791 12110 49681 11465 45662 8296
is_linear=0
shrinkage=0.05


Tree=20
num_leaves=15
num_cat=0
split_feature=27 10 3 2 3 31 31 31 1 1 1 5 30 31
split_gain=858.871 373.003 486.057 691.367 386.116 350.613 293.653 247.123 240.168 474.926 248.558 242.241 156.006 154.418
threshold=-0.045919999999995541 1.0000000180025095e-35 1.5910374973060473e-07 -1.543329553044259e-07 1.5831191380044632e-07 8.9725792223028283e-06 1.5100242656619197e-05 5.2192094316733056e-06 1.5903449490650703e-07 1.5827828647729805e-07 -5.4794720494299998e-07 1.5876115444513064e-07 -2.8587959919335044e-06 1.7372250692334952e-05
decision_type=2 2 2 2 2 2 2 2 2 2 2 2 2 2
left_child=8 5 3 7 -5 12 -4 -3 9 10 -1 13 -2 -11
right_child=1 2 6 4 -6 -7 -8 -9 -10 11 -12 -13 -14 -15
leaf_value=-0.014877439337309353 0.0061763450953877886 0.033383058829180474 0.020417573917058975 -0.0029308183636280218 -0.021679255980432893 0.0062494461431737815 0.0048204448245250794 0.0074613069850939275 0.013574582351562678 -0.04907001875173557 -0.0031973307859599642 0.0033289334058671165 0.034702913737744687 -0.0089192885700781679
leaf_weight=5835.6987003237009 612.34325774013996 1391.3966703116894 4372.4172952622175 14447.37112660706 3388.9309663176537 4672.0337275713682 9736.4945287406445 2707.9153915792704 1420.1422976106405 1185.8633317500353 20735.297891542315 389.13223969936371 2219.8576823920012 301.20555275678635
leaf_count=24003 2507 5987 18372 58385 13810 18895 39324 10967 5709 4936 84354 1573 9513 1217
internal_value=5.04304e-05 0.00452902 0.00241723 -0.00223935 -0.00649509 0.0146691 0.00965628 0.0162717 -0.00647955 -0.00748158 -0.00576352 -0.0317808 0.028544 -0.0409604
internal_weight=73416.1 43548.8 36044.5 21935.6 17836.3 7504.23 14108.9 4099.31 29867.3 28447.2 26571 1876.2 2832.2 1487.07
internal_count=299552 177760 146845 89149 72195 30915 57696 16954 121792 116083 108357 7726 12020 6153
is_linear=0
shrinkage=0.05


Tree=21
num_leaves=15
num_cat=0
split_feature=26 1 3 3 1 5 2 33 31 31 30 30 30 1
split_gain=784.269 628.786 723.677 720.595 693.775 383.734 372.304 221.964 216.318 197.049 169.69 148.251 118.459 145.491
threshold=0.042199999999990002 1.5805356401443762e-07 -1.5926598795346078e-07 -1.5832635202883691e-07 1.5872489278478954e-07 1.5905469297194943e-07 1.5797755903435021e-07 0.89813912746661551 1.0871220266155829e-05 1.5829383670093915e-05 -0.00033131033303579466 0.00028614493261525103 0.00037398828255330591 3.1114936938081433e-07
decision_type=2 2 2 2 2 2 2 2 2 2 2 2 2 2
left_child=1 2 10 8 5 9 -5 12 -4 -3 -1 -9 13 -2
right_child=7 4 3 6 -6 -7 -8 11 -10 -11 -12 -13 -14 -15
leaf_value=-0.0021181298547342884 0.0051872865845317001 -0.043962536839333516 0.028970523360274426 0.001870640118919061 0.003817630948040602 -0.0017420412297274878 -0.017239269669488116 0.032033817395985167 0.0034814668000326776 -0.0063141556786769585 -0.014113497252958896 0.0041716955253714013 -0.0019821626561750544 0.016255421342628276
leaf_weight=4162.9232503473759 9313.2893270999193 2671.9381664842367 3090.5702812075615 26722.501254051924 2300.1224208176136 887.79000987112522 2815.4080674797297 1547.7760311663151 1139.7572542876005 400.32134900987148 10109.27263481915 690.9522680491209 3189.3060056120157 4358.9020863771439
leaf_count=16859 37803 11124 13475 108049 9337 3590 11495 6505 4638 1620 41656 2832 12871 18004
internal_value=-5.41142e-05 -0.00311941 -0.00117681 0.00281284 -0.0180217 -0.0307022 4.81338e-05 0.00865971 0.022108 -0.0390642 -0.0106155 0.023446 0.00669397 0.00871784
internal_weight=73400.8 54300.6 48040.4 33768.2 6260.17 3960.05 29537.9 19100.2 4230.33 3072.26 14272.2 2238.73 16861.5 13672.2
internal_count=299858 221843 196172 137657 25671 16334 119544 78015 18113 12744 58515 9337 68678 55807
is_linear=0
shrinkage=0.05


Tree=22
num_leaves=15
num_cat=0
split_feature=26 1 3 3 1 5 2 4 9 30 30 4 30 28
split_gain=724.579 550.239 730.413 801.881 476.73 364.515 314.202 265.487 206.61 158.512 144.195 134.145 110.385 97.1891
threshold=-0.061200000000013306 -1.5825425325743933e-07 1.5900460503814886e-07 1.580685173863117e-07 -1.5879352499581498e-07 1.5876115444513064e-07 -1.5534712982656626e-07 -1.5895178240299399e-07 4.6519996562305125e-06 -0.00049501893592829294 0.00037398828255330591 -1.5876532621916792e-07 -2.0697262193891671e-05 -6.779690000000028
decision_type=2 2 2 2 2 2 2 2 2 2 2 2 2 2
left_child=9 4 3 6 -2 -5 -3 -6 12 13 -10 -11 -4 -1
right_child=1 2 8 5 7 -7 -8 -9 10 11 -12 -13 -14 -15
leaf_value=0.024589181650648603 -0.0023111351649256965 0.011147550574246446 0.0018705442245472049 -0.031689065862998932 -0.003193233972190658 0.0032413278521727555 -0.0024702093888043695 0.031760510953501762 0.011587620685167279 -0.015038596532578089 4.4728537574404854e-05 -0.005649693326835091 0.039642303491379344 -0.0015616543085425355
leaf_weight=433.76092493534088 2189.2488404363394 5102.3353227078915 250.59192745387554 3199.3494859188795 640.22158078849316 973.69080808758736 24892.240240335464 3571.7027399539948 10303.038273960352 8158.3435284346342 3668.8570409566164 7134.0615877658129 848.96523733437061 1922.942619562149
leaf_count=1747 8927 20916 1040 13210 2595 3925 100680 15582 42308 33698 14826 28962 3622 7761
internal_value=2.67863e-05 0.00282683 0.00103376 -0.00301081 0.0166148 -0.0235411 -0.000153122 0.0264485 0.0102022 -0.00879989 0.00855703 -0.0106599 0.031053 0.00326828
internal_weight=73289.4 55640.2 49239.1 34167.6 6401.17 4173.04 29994.6 4211.92 15071.5 17649.1 13971.9 15292.4 1099.56 2356.7
internal_count=299799 227631 200527 138731 27104 17135 121596 18177 61796 72168 57134 62660 4662 9508
is_linear=0
shrinkage=0.05


Tree=23
num_leaves=15
num_cat=0
split_feature=24 10 31 4 4 18 30 11 31 33 1 0 3 3
split_gain=695.173 363.433 474.244 443.185 578.84 310.798 220.892 185.787 162.636 140.916 140.433 138.579 182.746 167.03
threshold=0.53302531434237754 0.99999422707455865 1.0367895310703412e-06 -1.5906273898025344e-07 -1.5835729083590874e-07 0.99867986281050758 -0.00033131033303579466 0.9193051699436029 5.2192094316733056e-06 0.89813912746661551 1.5908467787539851e-07 -1.5736049796544191e-07 1.5874308445518184e-07 1.5831191380044632e-07
decision_type=2 2 2 2 2 2 2 2 2 2 2 2 2 2
left_child=1 3 -3 6 8 -6 -1 11 -5 -9 -4 -2 13 -13
right_child=7 2 10 4 5 -7 -8 9 -10 -11 -12 12 -14 -15
leaf_value=0.0015964029451627202 0.017469459106821822 -0.035319258878748455 -0.0088072458119753689 0.033193461102177267 0.0037527405028998928 -0.01219034113484155 -0.011137210839767174 0.01162663504261989 0.0072401626500100793 0.035605607298667095 0.011370381921857697 0.00097923839956920553 0.0082699468298686497 -0.021143349193636647
leaf_weight=4892.6535026580095 2137.9840275794268 1716.7819520235062 8969.6998040825129 1899.5112476497889 15236.270580872893 3821.9422682970762 11201.574685901403 2016.0377909988165 886.33960019052029 880.36898671090603 952.30071528255939 6891.1885783076286 10749.102463915944 971.76902309060097
leaf_count=19771 8944 7208 36420 8422 62046 15531 46041 8265 3674 3745 3850 27919 44127 3953
internal_value=2.21583e-05 -0.00334243 -0.0110707 -0.000971083 0.00366746 0.000554564 -0.00726647 0.00707602 0.0249473 0.0189346 -0.00686872 0.00541907 0.0040331 -0.00175953
internal_weight=73223.5 49577.1 11638.8 37938.3 21844.1 19058.2 16094.2 23646.5 2785.85 2896.41 9922 20750 18612.1 7862.96
internal_count=299916 202963 47478 155485 89673 77577 65812 96953 12096 12010 40270 84943 75999 31872
is_linear=0
shrinkage=0.05


Tree=24
num_leaves=15
num_cat=0
split_feature=33 2 2 31 6 1 31 1 30 1 3 30 9 30
split_gain=629.311 392.318 556.596 331.913 323.246 385.241 286.575 403.222 284.951 260.745 226.538 186.16 153.02 129.217
threshold=-0.52873418744450951 -6.3392883831170355e-07 -1.5831118727049895e-07 1.4672480387351554e-05 1.3929716802499336e-07 -1.5825425325743933e-07 1.7217048547390647e-05 1.5791800933584457e-07 -2.8587959919335044e-06 1.5884664605891888e-07 1.5740597447688745e-07 -7.9402940891704063e-05 2.5677869688573685e-05 -2.8587959919335044e-06
decision_type=2 2 2 2 2 2 2 2 2 2 2 2 2 2
left_child=6 -2 3 13 5 -4 7 8 -1 -9 -10 -8 -6 -3
right_child=1 2 4 -5 12 -7 11 9 10 -11 -12 -13 -14 -15
leaf_value=-0.015364990182967539 -0.0092546892629929017 0.0095113276162417867 0.023910312623521546 0.0013782256879716673 0.014570413995559721 -0.0012969095544438187 0.0048166716040989686 -0.046224388588369178 0.0063164583695145098 0.013184136867127076 -0.030209065228568373 -0.013793230282135858 0.0027519629134713512 0.035112437247299108
leaf_weight=6659.7504140734673 6009.2819075733423 615.75580903887749 1593.3887209743261 1488.5042538046837 6755.9307012408972 30355.662699922919 5353.322703063488 1224.7495948970318 3368.953653126955 216.52411763370037 483.67764121294022 1791.9669048786163 4607.1404629200697 2505.2806552946568
leaf_count=27493 24573 2581 6754 6020 28254 122979 21589 5182 14075 894 2011 7248 18649 11172
internal_value=2.39303e-05 0.00278604 0.00429624 0.0208101 0.00253786 -3.83368e-05 -0.00777509 -0.0125097 -0.00910535 -0.0372935 0.00171758 0.000146941 0.00977997 0.0300709
internal_weight=73029.9 53930.9 47921.7 4609.54 43312.1 31949.1 19098.9 11953.7 10512.4 1441.27 3852.63 7145.29 11363.1 3121.04
internal_count=299474 220982 196409 19773 176636 129733 78492 49655 43579 6076 16086 28837 46903 13753
is_linear=0
shrinkage=0.05


Tree=25
num_leaves=15
num_cat=0
split_feature=27 10 27 3 31 31 1 1 35 5 9 2 31 31
split_gain=592.693 330.96 358.187 574.701 445.951 267.338 208.648 314.493 198.909 184.953 181.683 173.047 169.515 134.163
threshold=-0.065859999999996963 1.0000000180025095e-35 0.21750000000001438 -1.0000000180025095e-35 2.4661499988491013e-06 3.7835343243729633e-06 1.5903449490650703e-07 1.5827828647729805e-07 -0.32150139571127884 1.5876115444513064e-07 2.060083884961878e-07 -6.3392883831170355e-07 8.9725792223028283e-06 1.7496205665440509e-05
decision_type=2 2 2 2 2 2 2 2 2 2 2 2 2 2
left_child=6 5 3 10 -5 -2 7 11 -4 13 -3 -1 -10 -9
right_child=1 2 8 4 -6 -7 -8 9 12 -11 -12 -13 -14 -15
leaf_value=-0.011492376259532224 0.029249929106966145 0.029227903352852653 -0.004272015990745285 -0.019771202784343751 -0.0016522010023117739 0.0076227991411807351 0.013213767221477692 -0.045522580482206643 0.019674698351702342 0.0038382687340145828 0.0060290181954275705 -0.0025425020031622906 0.006401480868908186 -0.0066513934828345183
leaf_weight=7903.1244733482599 1878.9544681161642 1377.0038636475801 3359.2569750994444 4890.3957705050707 11103.643432587385 5955.7928975820541 1371.652206748724 993.83624222874641 3060.8294569849968 356.70791128277779 2178.7624721378088 17054.758487358689 11226.259841993451 286.6342069208622
leaf_count=32792 8302 6021 13661 20359 44875 24288 5519 4267 12898 1444 8875 69461 45786 1161
internal_value=-7.33325e-05 0.00347717 0.0015096 -0.00315183 -0.00719411 0.0128156 -0.00579006 -0.00677111 0.00667362 -0.0279872 0.0150244 -0.00537725 0.00924746 -0.0368452
internal_weight=72997.6 45030.9 37196.2 19549.8 15994 7834.75 27966.7 26595.1 17646.3 1637.18 3555.77 24957.9 14287.1 1280.47
internal_count=299709 185065 152475 80130 65234 32590 114644 109125 72345 6872 14896 102253 58684 5428
is_linear=0
shrinkage=0.05


Tree=26
num_leaves=15
num_cat=0
split_feature=33 26 0 0 31 2 30 2 1 1 3 9 30 25
split_gain=536.596 386.924 323.952 355.575 274.358 331.872 349.656 254.591 251.443 332.011 223.909 122.42 121.723 106.617
threshold=-0.49572255374258534 -0.079730000000018966 -1.5826549848441116e-07 -1.588326821178043e-07 1.335054488700477e-05 1.5827647104060818e-07 -2.8587959919335044e-06 1.5885178150654158e-07 3.1114936938081433e-07 -1.5431515354435985e-07 1.5740597447688745e-07 8.7094836631183237e-06 -6.4775530456806494e-05 0.066253233291291083
decision_type=2 2 2 2 2 2 2 2 2 2 2 2 2 2
left_child=4 -2 3 -3 5 6 11 -7 9 -4 -8 -1 13 -6
right_child=1 2 8 -5 12 7 10 -9 -10 -11 -12 -13 -14 -15
leaf_value=-0.01064716516885824 -0.0064409781729864411 -0.0023521874710766325 0.012036166046155171 0.030126216479055917 0.00047507628100505067 -0.045503590341272909 0.0076288660054391281 0.017386220723563824 0.012520216253012466 -0.00073628987312484662 -0.029853148448668057 -0.02609562121136328 -0.010397615207997256 0.022675182954545084
leaf_weight=2909.3534162342548 9437.4152763932943 1290.8879415243864 6265.2850195020437 2423.8309501260519 6870.8495264947414 1102.5989696830511 3115.4822856485844 187.2826684564352 6353.2981327921152 27038.063149139285 454.84476883709431 2298.13768042624 2566.7182733714581 585.04146659374237
leaf_count=12018 38492 5264 25964 10657 27876 4724 13103 777 26446 110046 1910 9588 10427 2358
internal_value=8.71641e-05 0.00273307 0.0047295 0.0188446 -0.00686736 -0.0126964 -0.00921165 -0.0363596 0.00340643 0.00166714 0.00283977 -0.0174722 -0.00101073 0.00222267
internal_weight=72899.1 52808.8 43371.4 3714.72 20090.3 10067.7 8777.82 1289.88 39656.6 33303.3 3570.33 5207.49 10022.6 7455.89
internal_count=299650 216869 178377 15921 82781 42120 36619 5501 162456 136010 15013 21606 40661 30234
is_linear=0
shrinkage=0.05


Tree=27
num_leaves=15
num_cat=0
split_feature=26 1 1 3 3 5 10 31 25 30 31 31 35 5
split_gain=537.583 499.361 498.974 468.726 515.459 298.12 284.514 174.113 161.863 132.458 125.739 111.649 105.17 100.783
threshold=0.033539999999978906 1.5805356401443762e-07 1.5872489278478954e-07 -1.5926598795346078e-07 -1.5832635202883691e-07 1.5905469297194943e-07 0.99999422707455865 3.7835343243729633e-06 0.89762049322948967 -0.00033131033303579466 1.5829383670093915e-05 6.0712722770152219e-06 -0.34813224158300266 0.00030058275322808475
decision_type=2 2 2 2 2 2 2 2 2 2 2 2 2 2
left_child=1 3 5 9 7 10 -6 -5 12 -1 -3 -10 -2 -14
right_child=8 2 -4 4 6 -7 -8 -9 11 -11 -12 -13 13 -15
leaf_value=-0.0011007159008217531 -0.0050475158881406303 -0.038899675392457256 0.0027484622680731081 0.028903494856631629 0.0027452853523855934 -0.001578794417107705 -0.0089070431740537314 0.0082216631699438356 0.030929601214319799 -0.011764087020585774 -0.0078793447162514713 0.011293091399080383 0.0080755802229589887 -0.0042504563768096058
leaf_weight=4133.4657048285007 2406.2166144698858 2544.140502050519 2181.5430106669664 2112.6374409496784 21861.862634077668 870.823516279459 6887.3474812358618 1965.8969629406929 921.47878344357014 9858.8756209760904 376.09480199217796 3373.9781408458948 11505.237264066935 1936.3072334229946
leaf_count=16778 9773 10904 8882 9692 88846 3527 27939 8190 3990 41018 1528 14043 47137 7862
internal_value=-3.8058e-05 -0.00268961 -0.0163023 -0.00095249 0.00231371 -0.0272606 -4.66476e-05 0.0189435 0.00691089 -0.00861464 -0.0349127 0.015518 0.00457631 0.0062996
internal_weight=72935.9 52792.7 5972.6 46820.1 32827.7 3791.06 28749.2 4078.53 20143.2 13992.3 2920.24 4295.46 15847.8 13441.5
internal_count=300109 217304 24841 192463 134667 15959 116785 17882 82805 57796 12432 18033 64772 54999
is_linear=0
shrinkage=0.05


Tree=28
num_leaves=15
num_cat=0
split_feature=33 26 31 1 31 2 30 30 1 0 30 2 30 31
split_gain=501.782 316.823 287.536 276.333 339.412 269.331 311.234 250.198 247.957 290.093 210.128 203.142 121.571 113.578
threshold=-0.49572255374258534 -0.079730000000018966 1.335054488700477e-05 -1.5539064168734737e-07 1.5100242656619197e-05 1.5827647104060818e-07 -2.8587959919335044e-06 -2.8587959919335044e-06 3.1114936938081433e-07 -1.5736049796544191e-07 -1.583626945134142e-07 1.5885178150654158e-07 -0.00049501893592829294 1.4532056924117215e-05
decision_type=2 2 2 2 2 2 2 2 2 2 2 2 2 2
left_child=2 12 5 4 7 6 -1 -3 9 -5 -8 -7 -2 -10
right_child=1 3 -4 8 -6 11 10 -9 13 -11 -12 -13 -14 -15
leaf_value=-0.017464832305162332 0.010587377808215247 0.001313232926284328 -0.00077755439041668419 0.022377373212812787 0.00096564231936473427 -0.042479921574941099 0.025985779134815552 0.029523207109230721 0.023126499904204897 -0.00060010966235142721 -0.0043278241801283845 0.014202498900552876 -0.0077508617981800129 0.0076348997290023261
leaf_weight=5178.1115979105234 1010.8104133605957 1047.3673299103975 10034.47706066072 1443.112913608551 3249.6678458601236 1085.395815372467 711.3482104241848 3149.9234330058098 1544.3150992691517 27770.443034261465 2876.5990864336491 183.95229299366474 8409.2881919294596 5055.0287822633982
leaf_count=21575 4079 4369 40741 6052 13121 4732 3099 14074 6874 113105 12043 764 34405 20693
internal_value=-3.57804e-05 0.0025273 -0.00676301 0.00433673 0.0130989 -0.0127466 -0.00962481 0.0224878 0.0025141 0.000536403 0.00169329 -0.0342562 -0.00578127 0.011266
internal_weight=72749.8 52680 20069.9 43259.9 7446.96 10035.4 8766.06 4197.29 35812.9 29213.6 3587.95 1269.35 9420.1 6599.34
internal_count=299726 216772 82954 178288 31564 42213 36717 18443 146724 119157 15142 5496 38484 27567
is_linear=0
shrinkage=0.05


Tree=29
num_leaves=15
num_cat=0
split_feature=26 1 1 3 3 2 5 31 33 31 35 31 28 30
split_gain=445.903 442.037 480.724 401.591 454.089 300.39 254.017 199.915 177.099 145.38 135.574 133.802 123.443 123.224
threshold=0.042199999999990002 1.5805356401443762e-07 1.5872489278478954e-07 -1.5926598795346078e-07 -1.5836195554896901e-07 1.5797755903435021e-07 1.5905469297194943e-07 2.9108681874054254e-06 0.89813912746661551 1.6374810382120979e-05 -0.34813224158300266 1.597779207048276e-05 -6.779690000000028 0.00028082286562902686
decision_type=2 2 2 2 2 2 2 2 2 2 2 2 2 2
left_child=1 3 6 9 7 -6 11 -5 10 -1 -2 -3 -11 -10
right_child=8 2 -4 4 5 -7 -8 -9 13 12 -12 -13 -14 -15
leaf_value=-0.014832400402342195 -0.0059080051270445208 -0.037081250627693803 0.0031571121881813222 0.029900849876647397 0.0018160625785095465 -0.015469028372021996 -0.002312054841945179 0.007291378715528634 0.02803371281748452 0.013324117037098144 0.0067623810353586045 -0.0052711425789866975 -0.0060029251549205001 0.0026157437723055904
leaf_weight=4776.5704297423363 2476.7013956904411 2541.4519373625517 2285.5929756760597 1906.8927054256201 26887.498672097921 2770.7012292593718 881.11604844033718 2007.7440191507339 1501.5578376054764 914.24727280437946 14252.634594395757 380.79662530124187 8412.4649581462145 698.90524505078793
leaf_count=20444 10075 11027 9317 8917 109205 11422 3569 8419 6495 3701 58544 1548 34245 2896
internal_value=4.23052e-05 -0.00228131 -0.0149651 -0.000660839 0.00231344 0.000200336 -0.0258514 0.0183145 0.00664146 -0.00774043 0.00488611 -0.0329425 -0.00410595 0.0199702
internal_weight=72694.9 53765.1 6088.96 47676.1 33572.8 29658.2 3803.36 3914.64 18929.8 14103.3 16729.3 2922.25 9326.71 2200.46
internal_count=299824 221814 25461 196353 137963 120627 16144 17336 78010 58390 68619 12575 37946 9391
is_linear=0
shrinkage=0.05


Tree=30
num_leaves=15
num_cat=0
split_feature=33 26 2 31 9 4 5 31 0 9 2 6 0 28
split_gain=431.579 288.169 274.103 298.138 249.545 524.271 230.909 212.33 233.115 254.306 241.182 147.736 128.215 109.481
threshold=-0.52873418744450951 -0.079730000000018966 -1.5549730836283968e-07 1.4967508920346795e-05 9.3817209004263093e-08 -1.0000000180025095e-35 -3.1742787331978656e-07 1.335054488700477e-05 1.5829876964801318e-07 8.8723736082105656e-06 1.5788149543283228e-07 1.3929716802499336e-07 1.5883193693611022e-07 -7.6003850000000206
decision_type=2 2 2 2 2 2 2 2 2 2 2 2 2 2
left_child=7 -2 3 6 5 -4 -3 8 9 10 -1 -6 -10 -9
right_child=1 2 4 -5 11 -7 -8 13 12 -11 -12 -13 -14 -15
leaf_value=-0.00042154620437193178 -0.0053846255874578546 -0.0051070576856965004 0.029271471987577666 0.0012402993278198544 0.0017062767675235469 -0.013160672292450682 0.026893130694700836 0.013729256283527842 -0.043411375772745078 -0.022900061411646189 -0.032592462942592569 0.0090239085228015006 0.017624324521450772 -0.0030258819274097491
leaf_weight=5539.0107564032078 9715.1745615154505 671.42522917687893 848.61771477758884 3090.692189052701 20430.563971310854 5048.8176669627428 3494.0903623700142 1102.2890748530626 759.03226634860039 2426.4099975377321 649.06676805019379 10411.769241735339 95.920307949185371 8322.5645831674337
leaf_count=23260 39755 2771 3647 12483 82985 20844 15610 4455 3336 10224 2855 43406 400 33836
internal_value=0.000121904 0.0024083 0.0041293 0.0130084 0.00237504 -0.007047 0.0217352 -0.00637724 -0.0116643 -0.00918778 -0.00380539 0.00417699 -0.0365384 -0.00106378
internal_weight=72605.4 53711.2 43996 7256.21 36739.8 5897.44 4165.52 18894.3 9469.44 8614.49 6188.08 30842.3 854.953 9424.85
internal_count=299867 221501 181746 30864 150882 24491 18381 78366 40075 36339 26115 126391 3736 38291
is_linear=0
shrinkage=0.05


Tree=31
num_leaves=15
num_cat=0
split_feature=33 26 0 0 30 30 31 30 0 0 2 2 30 9
split_gain=389.459 257.607 250.072 252.119 209.315 522.583 287.141 203.947 210.559 186.69 156.929 172.32 157.681 140.859
threshold=-0.52873418744450951 -0.041789999999995643 -1.5826549848441116e-07 -1.5878640180488898e-07 1.5871431280345408e-07 1.5844408007836821e-07 1.5100242656619197e-05 -0.00031721613307844615 1.5822788590469375e-07 1.590502414217099e-07 1.5745269177358526e-07 1.5903820038687402e-07 -5.9507833940486412e-06 8.7094836631183237e-06
decision_type=2 2 2 2 2 2 2 2 2 2 2 2 2 2
left_child=7 -2 3 -3 5 -4 -6 13 10 -10 12 -12 -9 -1
right_child=1 2 4 -5 6 -7 -8 8 9 -11 11 -13 -14 -15
leaf_value=0.034976073958453917 -0.0042330121524633314 -0.00082331094046769683 0.00092115527231693885 0.027117858530514644 0.012478802782356481 -0.03783959523163586 0.00066952168940136256 -0.010301346444934066 -0.037871849571774877 0.016122111365283704 -0.032600932414771765 0.009463375757577077 0.0015892247201639278 0.00050678943007490635
leaf_weight=315.5380461961031 11995.220321327448 1271.8811723142862 16569.423045814037 2207.8907197266817 9873.0152998268604 915.74310560524464 10752.381587564945 6731.0526611208916 1000.7692837864161 189.33780215680599 1079.4802480787039 313.21564136445522 4757.8923033922911 4450.7845323085785
leaf_count=1281 49134 5213 68286 9999 41198 3859 43524 27961 4371 775 4666 1276 19876 18042
internal_value=4.78074e-05 0.0022218 0.00408357 0.0169106 0.00291155 -0.00111294 0.00632308 -0.00613577 -0.00916324 -0.0292691 -0.00730145 -0.0231407 -0.00537771 0.00280242
internal_weight=72423.6 53585.6 41590.3 3479.77 38110.6 17485.2 20625.4 18838.1 14071.7 1190.11 12881.6 1392.7 11488.9 4766.32
internal_count=299461 221213 172079 15212 156867 72145 84722 78248 58925 5146 53779 5942 47837 19323
is_linear=0
shrinkage=0.05


Tree=32
num_leaves=15
num_cat=0
split_feature=24 10 9 4 4 2 30 12 30 9 30 30 30 30
split_gain=370.188 213.248 337.397 253.306 372.812 207.558 148.039 131.81 122.206 107.793 103.969 200.491 100.58 90.9126
threshold=0.53302531434237754 0.99999422707455865 4.952561606428052e-07 -1.5906273898025344e-07 -1.5835729083590874e-07 1.0000000180025095e-35 -0.00033131033303579466 0.94378879254967407 -5.9507833940486412e-06 7.6806905882181844e-08 0.00033229806631229769 1.5871431280345408e-07 0.00037398828255330591 1.5871431280345408e-07
decision_type=2 2 2 2 2 2 2 2 2 2 2 2 2 2
left_child=1 3 13 6 8 -6 -1 9 -5 -2 11 -11 -9 -3
right_child=7 2 -4 4 5 -7 -8 12 -10 10 -12 -13 -14 -15
leaf_value=0.001841066806212396 -0.016417021799620898 -0.028687483547646799 -0.0035387511391349923 0.0013684066956822394 0.0034054891018434627 -0.0088155567030456516 -0.0085804356003352251 0.024772365339465783 0.0263885900940488 0.00138332669949728 -0.002238427844382601 0.012196358670777573 -0.020902874150051973 -0.0079347834900090428
leaf_weight=4916.5516045540571 609.94327555596828 2097.9553112983704 8740.6033021807671 642.4066586792469 14350.146572440863 4581.9159685671329 11096.87536855042 1227.3650934696198 2031.9494970887899 8914.0534139573574 4144.491851374507 8257.4547907859087 132.11561834812164 707.43906380236149
leaf_count=19908 2558 9021 35724 2691 58738 18934 46127 5287 9344 36725 16848 34495 549 2899
internal_value=1.96797e-05 -0.00243993 -0.00838323 -0.00061551 0.00291651 0.000447147 -0.00538092 0.00521277 0.020384 0.00427496 0.00486854 0.00658392 0.0203094 -0.0234636
internal_weight=72451.3 49165.8 11546 37619.8 21606.4 18932.1 16013.4 23285.4 2674.36 21925.9 21316 17171.5 1359.48 2805.39
internal_count=299848 203386 47644 155742 89707 77672 66035 96462 12035 90626 88068 71220 5836 11920
is_linear=0
shrinkage=0.05


Tree=33
num_leaves=15
num_cat=0
split_feature=3 3 31 3 1 10 30 31 26 30 31 28 31 1
split_gain=370.184 621.611 315.182 309.77 472.901 330.875 264.595 202.807 163.192 128.838 128.627 123.44 104.33 96.3652
threshold=1.5900460503814886e-07 1.580685173863117e-07 8.9725792223028283e-06 -1.5926598795346078e-07 1.0000000180025095e-35 0.99999422707455865 1.5871431280345408e-07 1.7217048547390647e-05 0.099429999999982019 0.00037398828255330591 7.5315543955328782e-07 -7.6003850000000206 1.3208236511081385e-05 -1.5917016327193775e-07
decision_type=2 2 2 2 2 2 2 2 2 2 2 2 2 2
left_child=1 3 -2 7 5 -5 8 -1 12 13 -6 -9 -3 -4
right_child=2 6 9 4 10 -7 -8 11 -10 -11 -12 -13 -14 -15
leaf_value=-0.013104183216506186 0.02315582576182201 -0.03630996172682794 -0.014250971572344916 0.0081795521778952954 -0.024201759386447128 -0.0068007374908417191 -0.0023811837862480565 0.014836295828003207 0.007224590974589701 -0.0033453949204057145 -0.0062626974105706558 -0.003444832273443406 -0.008419292879990008 0.0075087212582140772
leaf_weight=6107.6833882182837 2367.3527717888355 2314.2803372293711 531.96288964152336 20876.572797089815 1257.7533327043056 4474.7603758126497 1440.7938235849142 1007.6271923780441 288.86290730535984 4696.8455668091774 4844.5345524847507 10813.233875468373 393.71239295601845 10879.675553411245
leaf_count=26219 10366 10067 2138 87052 5419 18152 5883 4062 1171 19023 19608 43920 1612 44833
internal_value=2.24692e-05 -0.00207385 0.00612857 -0.000462668 0.0025271 0.00553506 -0.0199948 -0.00570758 -0.0284556 0.00362363 -0.00996687 -0.00188428 -0.0322642 0.00649206
internal_weight=72295.7 53819.8 18475.8 49382.2 31453.6 25351.3 4437.65 17928.5 2996.86 16108.5 6102.29 11820.9 2707.99 11411.6
internal_count=299525 223165 76360 204432 130231 105204 18733 74201 12850 65994 25027 47982 11679 46971
is_linear=0
shrinkage=0.05


Tree=34
num_leaves=15
num_cat=0
split_feature=26 1 4 4 31 0 31 28 5 1 30 8 11 1
split_gain=350.903 309.414 386.534 566.394 262.16 247.019 187.057 166.424 103.589 115.251 101.835 95.9186 90.3194 89.1098
threshold=-0.061200000000013306 -1.5431515354435985e-07 1.5873062508831029e-07 1.579393087425274e-07 3.7835343243729633e-06 -1.5782828288735115e-07 1.5100242656619197e-05 0.24084499999996309 -3.1742787331978656e-07 -1.5841818790107706e-07 -0.00050725327956779853 5.3308132424609017e-05 0.9193051699436029 -5.4794720494299998e-07
decision_type=2 2 2 2 2 2 2 2 2 2 2 2 2 2
left_child=10 4 3 5 8 -3 12 -5 -2 -10 11 -1 -4 -6
right_child=1 2 6 7 13 -7 -8 -9 9 -11 -12 -13 -14 -15
leaf_value=-0.00063809316013140852 -0.0085071913734689596 0.019505354502408173 0.010656103188530852 -0.029477398589343368 -0.010960185440379751 -0.0023563924658916227 0.0019138983166236186 0.0020374473064077945 0.03417476093630633 0.010042500053015454 -0.0076834709757620627 0.028151037809550708 0.029520310445430388 0.0068207170664182672
leaf_weight=1950.9526298344135 229.1410183608532 1369.0678690224886 5586.5406688004732 2487.5503407120705 772.87336857616901 22437.266565069556 10527.527095973492 503.36656731367111 1592.1997225880623 720.53429867327213 15128.074264451861 337.68559171259403 714.96056762337685 7791.331961274147
leaf_count=7892 951 5845 23591 10775 3164 91838 42810 2056 7768 3155 62817 1355 3229 32067
internal_value=-1.55183e-05 0.00195153 5.45757e-05 -0.00367504 0.00940166 -0.00109762 0.00599306 -0.0241757 0.0234961 0.0266715 -0.00619651 0.00363058 0.0128051 0.0052139
internal_weight=72149.1 54732.4 43626.3 26797.3 11106.1 23806.3 16829 2990.92 2541.88 2312.73 17416.7 2288.64 6301.5 8564.21
internal_count=299313 227249 180144 110514 47105 97683 69630 12831 11874 10923 72064 9247 26820 35231
is_linear=0
shrinkage=0.05


Tree=35
num_leaves=15
num_cat=0
split_feature=3 3 30 7 1 31 10 31 27 28 31 31 32 31
split_gain=291.613 557.334 299.99 282.133 428.025 274.855 264.922 190.542 172.387 137.514 130.792 117.451 91.588 79.2999
threshold=1.5900460503814886e-07 1.5831191380044632e-07 1.5871431280345408e-07 1.3549960696235655e-07 1.0000000180025095e-35 1.5658333476658852e-05 0.99999422707455865 1.7217048547390647e-05 0.1700650000000081 -7.6003850000000206 3.6446625105136274e-06 2.4661499988491013e-06 0.38588934429991156 1.8711110577597369e-05
decision_type=2 2 2 2 2 2 2 2 2 2 2 2 2 2
left_child=1 3 8 4 6 10 -1 -5 13 -9 -2 -6 -7 -3
right_child=5 2 -4 7 11 12 -8 9 -10 -11 -12 -13 -14 -15
leaf_value=0.0078360637985859672 0.036653389104983981 -0.035379940330805604 0.0001573894793307388 -0.012435218775652172 -0.021403335065189391 0.018487621471132126 -0.0055022746109606993 0.015994500683004856 0.0039347252511903897 -0.0031950012137521226 0.012033024663819978 -0.0053042196334748999 0.00037410732645237022 0.0013311573316156795
leaf_weight=20962.688129648566 600.89760868251324 2331.9109859615564 1358.4817105978727 6068.2026982456446 1501.2351752817631 739.492162540555 4524.9106444269419 1018.8302369117737 359.84973840415478 10924.942361548543 5185.983958825469 4607.5393439978361 11863.469999983907 156.84523031115532
leaf_count=87606 2725 10266 5556 26175 6478 2989 18379 4105 1462 44407 22280 18657 48192 639
internal_value=0.000147192 -0.00171031 -0.0191786 -0.000228181 0.00261874 0.00558252 0.00546781 -0.00522196 -0.0283934 -0.00155569 0.0146013 -0.0092663 0.0014397 -0.0330671
internal_weight=72205.3 53815.4 4207.09 49608.3 31596.4 18389.8 25487.6 18012 2848.61 11943.8 5786.88 6108.77 12603 2488.76
internal_count=299916 223730 17923 205807 131120 76186 105985 74687 12367 48512 25005 25135 51181 10905
is_linear=0
shrinkage=0.05


Tree=36
num_leaves=15
num_cat=0
split_feature=1 1 5 1 1 0 9 28 9 1 9 34 30 20
split_gain=323.398 450.475 278.511 274.697 358.877 215.995 201.143 132.396 86.8865 85.0755 81.9309 114.199 53.6739 61.946
threshold=1.5908467787539851e-07 1.5805356401443762e-07 1.5876115444513064e-07 -5.4794720494299998e-07 -1.5825425325743933e-07 -1.5826549848441116e-07 8.1067929827142675e-06 0.17284999999996495 4.6519996562305125e-06 1.5858114288391792e-07 4.5881592693793374e-05 -11.407570000000009 0.00028614493261525103 -0.37137485643744084
decision_type=2 2 2 2 2 2 2 2 2 2 2 2 2 2
left_child=1 3 7 10 6 -6 -5 9 -2 -3 -1 -12 13 -10
right_child=8 2 -4 4 5 -7 -8 -9 12 -11 11 -13 -14 -15
leaf_value=-0.011519679399328556 0.032908536263491911 -0.033083684060573521 0.0014916877082777672 0.020309883336273361 0.016349648425089739 -0.0008748743892273682 0.0025631225406731279 -0.0029185156149051997 -0.0011961411989717529 -0.016708980199981276 0.048162484231278238 -0.0024268205843135516 0.0026560228357273685 0.013897734658492318
leaf_weight=5826.9818919748068 375.72588087618351 1871.0930695980787 1897.713006824255 3604.530793890357 1898.7811803221703 42864.858932182193 2866.1524738073349 758.27315473556519 812.7684975117445 1389.2766532152891 124.07290863990784 967.32802541553974 2697.957599312067 4142.1311432570219
leaf_count=24500 1747 8402 7757 16782 8107 175274 11818 3119 3361 6008 499 3917 11094 17474
internal_value=3.2809e-05 -0.00115271 -0.0142946 0.00018477 0.00144768 -0.000143548 0.0124523 -0.0217464 0.00949134 -0.0261208 -0.00916545 0.00340186 0.00833335 0.0114224
internal_weight=72097.6 64069.1 5916.36 58152.7 51234.3 44763.6 6470.68 4018.64 8028.58 3260.37 6918.38 1091.4 7652.86 4954.9
internal_count=299859 266183 25286 240897 211981 183381 28600 17529 33676 14410 28916 4416 31929 20835
is_linear=0
shrinkage=0.05


Tree=37
num_leaves=15
num_cat=0
split_feature=33 11 0 0 1 31 31 5 31 33 33 5 5 27
split_gain=307.633 242.304 204.57 351.999 224.465 203.201 129.477 124.342 122.294 116.045 106.036 62.0273 107.631 60.3977
threshold=-0.86064473882137127 0.9193051699436029 1.590220906066975e-07 1.5829876964801318e-07 -5.4794720494299998e-07 2.2093290976545677e-06 1.7217048547390647e-05 -0.00014904328442089107 1.335054488700477e-05 0.89813912746661551 -0.97276427754676875 -0.00013522144033117908 -0.0002589241642079187 -0.12333999999998542
decision_type=2 2 2 2 2 2 2 2 2 2 2 2 2 2
left_child=6 2 3 4 -2 -5 7 -1 10 -3 -9 12 -8 -13
right_child=1 9 -4 5 -6 -7 11 8 -10 -11 -12 13 -14 -15
leaf_value=-0.029788295974354458 -0.0090223804872693169 0.0085105100593652182 0.011642754003730452 -0.031463295776301484 0.0014995611492673146 -0.0069397098974928522 -0.0042684175429079443 -0.045103660094026825 0.020603007364483662 0.029783194427580539 -0.010519407894041283 -0.0048293587791331917 0.024929451314322917 -0.055277777680976893
leaf_weight=1195.2248105108738 5644.5587604641914 2704.8510227501392 3630.940578058362 1291.5929813086987 49527.669755369425 2438.7333113998175 1326.3277353048325 245.13801535964012 282.63515444099903 839.4494693428278 2176.9881294667721 158.64618457853794 412.02705152332783 93.183886498212814
leaf_count=5103 23527 11190 15098 5719 205483 10094 5368 1050 1165 3754 9360 645 1672 376
internal_value=-0.000127405 0.000848729 0.000127705 -0.00058249 0.000422795 -0.0154431 -0.0110746 -0.0163679 -0.0104199 0.0135628 -0.0140539 -0.000695599 0.00267279 -0.0237851
internal_weight=71968 66077.8 62533.5 58902.6 55172.2 3730.33 5890.17 3899.99 2704.76 3544.3 2422.13 1990.18 1738.35 251.83
internal_count=299604 274865 259921 244823 229010 15813 24739 16678 11575 14944 10410 8061 7040 1021
is_linear=0
shrinkage=0.05


Tree=38
num_leaves=15
num_cat=0
split_feature=25 28 33 20 1 31 33 35 28 1 31 10 32 29
split_gain=284.63 194.576 207.455 190.243 163.905 133.16 116.772 88.0794 85.7875 74.5568 64.3367 63.7782 51.0732 61.8569
threshold=-0.89208571786124657 -7.6003850000000206 -0.49572255374258534 -0.39448787285933418 -5.4794720494299998e-07 3.0228936205560005e-05 -0.75641463400144193 -0.21658688217842678 0.24084499999996309 1.5827828647729805e-07 1.795059052897753e-05 0.0027910690242689148 0.27121249448862567 -0.52783978318306868
decision_type=2 2 2 2 2 2 2 2 2 2 2 2 2 2
left_child=9 5 7 -4 -5 6 -2 8 -3 12 -11 -9 13 -1
right_child=1 2 3 4 -6 -7 -8 11 -10 10 -12 -13 -14 -15
leaf_value=0.016850202883830288 0.034121308016147565 -0.0015161592735680454 -0.0046656365967952208 -0.0073120278623427072 0.004537414011365491 0.038675033952196791 -0.026075549304892021 -0.0010485403583885163 0.028384245467264969 -0.038703987545372999 8.8683888076426611e-05 -0.011420199053749318 -0.0066905820586721986 -0.034300936474437542
leaf_weight=70.835002109408379 135.23197343945503 5745.0430933386087 8240.1361051499844 3154.3848731070757 38728.023119091988 573.26494261622429 193.0964749455452 2075.6322226673365 248.338478282094 364.14121735095978 150.92970271408558 5186.4287167936563 6786.8142520785332 325.50810188055038
leaf_count=296 550 23958 34134 13052 161286 2307 789 8710 1008 1697 613 21771 28340 1359
internal_value=4.75005e-05 0.0011357 0.000807205 0.00227832 0.00364466 0.0241742 -0.00122518 -0.004755 -0.000268167 -0.00903678 -0.0273803 -0.00845689 -0.00771419 -0.0251204
internal_weight=71977.8 64279.6 63378 50122.5 41882.4 901.593 328.328 13255.4 5993.38 7698.23 515.071 7262.06 7183.16 396.343
internal_count=299870 267565 263919 208472 174338 3646 1339 55447 24966 32305 2310 30481 29995 1655
is_linear=0
shrinkage=0.05


Tree=39
num_leaves=15
num_cat=0
split_feature=25 11 0 0 31 1 30 33 0 9 27 31 34 32
split_gain=269.011 196.75 166.743 221.857 224.693 191.059 99.7861 92.525 77.9815 72.3596 70.2 61.8362 89.2281 61.9302
threshold=-0.88717604334135924 0.9193051699436029 3.107752712949719e-07 1.5798772867725577e-07 4.1770013373006654e-06 -5.4794720494299998e-07 -0.00027494363669067207 0.89813912746661551 1.5829876964801318e-07 7.9619381323595144e-06 -0.4267199999999986 1.6823323538411287e-05 -1.6709200000000115 0.562820138888807
decision_type=2 2 2 2 2 2 2 2 2 2 2 2 2 2
left_child=6 2 3 5 -5 -2 9 -3 10 -1 -8 12 -11 -13
right_child=1 7 -4 4 -6 -7 8 -9 -10 11 -12 13 -14 -15
leaf_value=0.034273047694561333 -0.0086048421075728045 0.0080341376381748604 0.012360463064615851 -0.026673177263073999 -0.0031942025414051383 0.001731344738065329 -0.015805533141644325 0.027099758817297006 -0.035799266124790806 -0.028684711788862224 -0.0041600149653050521 0.0041796437703641113 0.03234496820564628 -0.038272911214282973
leaf_weight=142.64224375784397 4929.5659892857075 2639.1160107851028 2783.3740804046392 1478.9591286927462 3268.8004817813635 47850.772698223591 3012.4800210744143 837.86857615411282 330.16077932715416 370.90574531257153 2270.7560854107141 1658.5379243344069 69.62211437523365 88.60003037750721
leaf_count=583 20553 10940 11702 6553 13440 198654 12868 3788 1507 1601 9463 6714 300 358
internal_value=-9.54075e-07 0.00107967 0.000412732 -0.000165743 -0.0105162 0.000765678 -0.00867652 0.0126414 -0.0122861 2.15159e-05 -0.0108037 -0.00224105 -0.0189368 0.00198551
internal_weight=71732.2 63788.5 60311.5 57528.1 4747.76 52780.3 7943.7 3476.98 5613.4 2330.31 5283.24 2187.67 440.528 1747.14
internal_count=299024 265630 250902 239200 19993 219207 33394 14728 23838 9556 22331 8973 1901 7072
is_linear=0
shrinkage=0.05


Tree=40
num_leaves=15
num_cat=0
split_feature=33 30 30 30 31 5 31 30 2 5 20 7 2 30
split_gain=232.682 199.657 264.872 444.418 301.209 186.421 157.766 187.486 204.681 178.824 135.982 132.883 92.1916 82.6256
threshold=-0.52873418744450951 0.00032444580222179559 1.5871431280345408e-07 1.5844408007836821e-07 1.7793874370966094e-05 1.0000000180025095e-35 1.335054488700477e-05 2.5417273459282801e-06 1.5547744780519682e-07 -2.0077520579420134e-06 -0.63386271439793551 1.2931656515084876e-07 1.5885178150654158e-07 -6.4775530456806494e-05
decision_type=2 2 2 2 2 2 2 2 2 2 2 2 2 2
left_child=6 2 3 5 10 -2 7 8 9 -1 -4 -6 -10 -8
right_child=1 -3 4 -5 11 -7 13 -9 12 -11 -12 -13 -14 -15
leaf_value=-0.015398746178009085 0.0040654967735917506 -0.004826038116272139 -0.0246833671954492 -0.033283344313903389 -0.014180532060833735 -0.0055170889767220538 0.0025840017721682935 0.007627643610620018 -0.033828080573745825 0.0014550390192538611 0.012715609144098536 0.0028467055066375025 0.014783405255803021 -0.0082463554202433682
leaf_weight=3928.1835240870714 16835.125589922071 9419.5835706144571 246.05537970364094 971.39303903281689 1559.2470497488976 7263.5948373228312 7015.1552341878414 1385.2468579858541 1243.3660752773285 2624.5908928513527 12579.766836881638 4304.6511820703745 104.71906854212284 2349.068635687232
leaf_count=16820 70803 38278 1055 4231 6283 29926 28616 5769 5711 11361 53109 17615 437 9614
internal_value=9.13152e-05 0.0017766 0.00319802 -0.000160793 0.00770301 0.00117699 -0.00471377 -0.009331 -0.0123055 -0.00864989 0.0119944 -0.00168423 -0.0300356 -0.000134035
internal_weight=71829.7 53179.4 43759.8 25070.1 18689.7 24098.7 18650.3 9286.11 7900.86 6552.77 12825.8 5863.9 1348.09 9364.22
internal_count=299628 221300 183022 104960 78062 100729 78328 40098 34329 28181 54164 23898 6148 38230
is_linear=0
shrinkage=0.05


Tree=41
num_leaves=15
num_cat=0
split_feature=26 0 30 30 31 31 31 35 12 30 30 4 9 7
split_gain=211.76 266.672 231.383 509.539 267.075 231.468 215.615 129.195 103.686 100.017 68.3408 89.4789 78.2036 83.0967
threshold=-0.027770000000009933 -1.5832786814939934e-07 1.5871431280345408e-07 1.5839081246582512e-07 1.9696468924505362e-05 1.4532056924117215e-05 1.1534494190828457e-05 -0.36595086417055361 0.78567309741218161 -6.3394853011544672e-07 -0.00031721613307844615 -1.5876532621916792e-07 9.0373700946027099e-06 3.1632087243117683e-05
decision_type=2 2 2 2 2 2 2 2 2 2 2 2 2 2
left_child=10 6 3 4 -3 7 9 -4 -5 -2 12 -12 -1 -14
right_child=1 2 5 8 -6 -7 -8 -9 -10 -11 11 -13 13 -15
leaf_value=0.025829811831243773 0.0055725644851851146 -0.0047171998047143473 -0.0089911745481544882 -0.036882654766319092 0.0066810970950857383 -0.0003661516786251295 0.0019431365782798611 0.01165975201446417 0.018009764349873707 0.030958947347730689 -0.0097070045718093724 -0.0023517351125713847 -0.0053838081866737098 0.0092408963436738344
leaf_weight=298.36938436329365 510.11111618578434 15551.163314715028 823.38756518065929 1215.0048147439957 7673.3204425871372 11696.556171417236 1948.5614926367998 9256.9331902265549 91.407994285225868 1631.9935118108988 7565.1780555844307 9120.003147110343 2931.9769228249788 1449.9704870134592
leaf_count=1219 2181 65548 3453 5418 31046 47498 8017 39136 372 7946 32198 37655 11976 5874
internal_value=-1.86183e-05 0.00174981 0.000668548 -0.0026614 -0.000950976 0.00441952 0.0139837 0.00997148 -0.0330202 0.0249244 -0.00418987 -0.00568743 0.00114901 -0.000542538
internal_weight=71763.9 50398.4 46307.8 24530.9 23224.5 21776.9 4090.67 10080.3 1306.41 2142.1 21365.5 16685.2 4680.32 4381.95
internal_count=299537 210615 192471 102384 96594 90087 18144 42589 5790 10127 88922 69853 19069 17850
is_linear=0
shrinkage=0.05


Tree=42
num_leaves=15
num_cat=0
split_feature=1 1 5 30 30 30 9 9 9 9 30 9 33 31
split_gain=225.026 373.91 240.631 205.68 511.595 261.814 236.693 181.168 178.18 131.094 109.12 93.9308 93.4318 59.2701
threshold=1.5908467787539851e-07 1.5805356401443762e-07 1.5876115444513064e-07 -5.9507833940486412e-06 -1.583626945134142e-07 -0.00031721613307844615 2.5920764803055873e-05 1.0652515878057714e-07 8.7094836631183237e-06 2.9657796944253131e-05 -0.00049501893592829294 5.0113052696862222e-06 -0.36831195912569287 2.7281462658736113e-05
decision_type=2 2 2 2 2 2 2 2 2 2 2 2 2 2
left_child=1 3 10 5 7 8 -6 -5 -1 -7 -3 -2 -12 -13
right_child=11 2 -4 4 6 9 -8 -9 -10 -11 12 13 -14 -15
leaf_value=0.026205017111523423 0.031148516428057993 0.018927215914509313 0.0016522592078844298 0.032918800114218737 0.0033396275669404169 -0.0080954170290474733 -0.0080770118814567637 2.2275563511128072e-05 0.0017057522584195042 0.0062872173876430517 -0.030583974600442734 0.01087627679477313 -0.014728412101007934 0.0020303784113142255
leaf_weight=816.0128083974123 412.04292085766792 170.48837776482105 1893.4111551344395 1817.6626598238945 23956.790591195226 15419.229184612632 5599.3326202630997 543.54406733810902 8006.8982049524784 1764.2690261602402 1679.6606367528439 3996.8343902528286 2093.2110999971628 3599.0183792263269
leaf_count=3306 1960 690 7755 8541 100250 64112 22664 2278 32469 7159 7751 17147 9060 14710
internal_value=5.36664e-05 -0.000938624 -0.0129984 0.000277002 0.00296637 -0.0030236 0.00117637 0.0253525 0.00397706 -0.00661816 -0.0200302 0.00795275 -0.0217997 0.00668661
internal_weight=71768.4 63760.5 5836.77 57923.7 31917.3 26006.4 29556.1 2361.21 8822.91 17183.5 3943.36 8007.9 3772.87 7595.85
internal_count=299852 266035 25256 240779 133733 107046 122914 10819 35775 71271 17501 33817 16811 31857
is_linear=0
shrinkage=0.05


Tree=43
num_leaves=15
num_cat=0
split_feature=25 30 30 30 9 30 9 34 30 30 5 35 12 2
split_gain=223.073 124.691 179.952 392.795 174.292 142.889 131.908 162.223 109.989 150.76 176.409 152.231 149.738 126.52
threshold=0.2356314283201533 -0.0003227595289532203 -5.9507833940486412e-06 -1.583626945134142e-07 8.7094836631183237e-06 1.5871431280345408e-07 4.1149444365146874e-05 -11.407570000000009 0.00037398828255330591 1.5871431280345408e-07 -0.00015852632691792931 -0.35379330471423592 0.8667483742361265 -1.5781932827252374e-07
decision_type=2 2 2 2 2 2 2 2 2 2 2 2 2 2
left_child=1 4 -3 -4 -1 -5 -6 -8 9 10 -2 -11 -13 -12
right_child=8 2 3 5 6 -7 7 -9 -10 11 13 12 -14 -15
leaf_value=0.029116439719877527 0.01577887663686359 -0.007964284621796467 0.022868420957985122 -0.010557323523755413 -0.0021020929781842266 -0.00025481431245424354 0.041005562828616858 0.0041580235936501684 -0.0034027354026131915 -0.007379244758687978 0.011273378282266209 0.0089276941244660468 0.030924530219644027 -0.0041295568292459006
leaf_weight=600.61518205702305 1673.1956986188889 14188.103357389569 1633.7875729203224 4401.3545126616955 6041.9880148172379 14279.889125585556 414.64758861064911 1057.0602024048567 4979.3002308607101 1313.5873600840569 1576.7353479266167 9961.3064289391041 837.34897850453854 8570.9878911375999
leaf_count=2435 6786 59524 7476 19766 24561 58612 1670 4262 20202 5471 7104 41916 3829 35521
internal_value=-3.2546e-05 -0.00233235 -0.00364389 -0.000626026 0.00324402 -0.00268299 0.00116868 0.0145812 0.00335733 0.00476393 0.000746664 0.00868381 0.0106388 -0.00173453
internal_weight=71529.9 42617.4 34503.1 20315 8114.31 18681.2 7513.7 1471.71 28912.5 23933.2 11820.9 12112.2 10798.7 10147.7
internal_count=299135 178306 145378 85854 32928 78378 30493 5932 120829 100627 49411 51216 45745 42625
is_linear=0
shrinkage=0.05


Tree=44
num_leaves=15
num_cat=0
split_feature=33 1 1 4 2 2 34 31 9 31 5 31 9 33
split_gain=211.546 156.072 287.97 177.417 159.83 304.857 120.021 113.656 102.351 102.325 112.823 81.9055 120.369 96.2958
threshold=-0.86064473882137127 1.5900699423809786e-07 1.5805356401443762e-07 1.5859215896085746e-07 -6.3392883831170355e-07 -1.5831118727049895e-07 -14.326584999999996 4.9325205272792357e-06 6.0244367276494848e-06 1.7217048547390647e-05 -0.00014904328442089107 1.335054488700477e-05 3.928900552335775e-06 -0.97276427754676875
decision_type=2 2 2 2 2 2 2 2 2 2 2 2 2 2
left_child=9 2 4 7 6 -6 -2 -4 -3 10 -1 13 -13 -12
right_child=1 8 3 -5 5 -7 -8 -9 -10 -11 11 12 -14 -15
leaf_value=-0.02665101819332525 0.030413061017781198 0.027336715656846623 -0.027010583273912606 0.0016034398753377241 0.013230646055860287 0.00066347308313927968 -0.0065859820442230078 -0.0085291716969610812 0.005759151477484215 0.00012433896483691659 -0.040690591526328465 -0.03507265404831008 0.038453818028669408 -0.0076669497143514037
leaf_weight=1179.5736484527588 223.72450594604015 590.24769121408463 1736.112168982625 1721.5612939298153 5503.6549292355776 39076.748489737511 7620.5930189937353 1600.6160299628973 7669.7994602918625 2014.7664911001921 243.95555740594864 75.690813422203064 195.78391854465008 2173.3372993469238
leaf_count=5133 913 2775 7980 7230 24684 160371 31974 6708 32154 8172 1067 309 811 9480
internal_value=6.85377e-05 0.000881498 -4.20806e-05 -0.0114327 0.00105736 0.00221547 -0.00552326 -0.0181555 0.00730729 -0.00901342 -0.0137703 -0.00810384 0.0178471 -0.0110306
internal_weight=71626.2 65743.1 57483 5058.29 52424.7 44580.4 7844.32 3336.73 8260.05 5883.11 3868.34 2688.77 271.475 2417.29
internal_count=299761 274789 239860 21918 217942 185055 32887 14688 34929 24972 16800 11667 1120 10547
is_linear=0
shrinkage=0.05


Tree=45
num_leaves=15
num_cat=0
split_feature=2 2 4 4 5 31 31 9 1 31 28 30 12 9
split_gain=191.858 432.695 225.143 414.986 217.938 167.879 135.143 134.755 133.584 125.393 91.6449 74.1871 65.8589 55.2227
threshold=1.5900276029157115e-07 1.5797755903435021e-07 -1.5906273898025344e-07 -1.5835729083590874e-07 1.5905469297194943e-07 8.1452666584133281e-06 3.4776867024812714e-06 5.4615217229907913e-06 -1.5431515354435985e-07 9.4448621264781256e-06 -6.779690000000028 -0.00049501893592829294 0.84061553591156157 3.0320134290569266e-05
decision_type=2 2 2 2 2 2 2 2 2 2 2 2 2 2
left_child=1 2 5 9 6 -1 12 -2 -5 -4 -7 -8 -3 -9
right_child=7 4 3 8 -6 10 11 13 -10 -11 -12 -13 -14 -15
leaf_value=-0.017087551840670796 0.026720711064418756 -0.031325109546936139 0.024355202815831676 0.0063651191023435432 0.0014933271665654329 0.0095974950759871343 0.023049421812970601 0.0074012684802976349 -0.0010606300521194976 0.0013318313224286896 -0.0034642151747612546 -0.014057556513279411 0.025336020641266617 -0.00022134963199795023
leaf_weight=2180.8952045589685 736.13939253985882 1969.7895612418652 2645.0717413574457 8153.4963996559381 1503.3440102785826 1459.5398383140564 144.51692984998226 6455.0485668182373 23528.995474949479 761.83961114287376 16553.753999590874 1695.6480604410172 51.238991901278496 3759.1722263991833
leaf_count=9415 3450 9099 12661 34214 6139 5959 584 27456 96409 3207 68596 7217 209 15325
internal_value=-2.25591e-06 -0.00110211 0.000213697 0.00263427 -0.014657 -0.00399213 -0.0209426 0.00608832 0.000850669 0.0192106 -0.00240493 -0.0111215 -0.029865 0.0045964
internal_weight=71598.5 60648.1 55283.6 35089.4 5364.54 20194.2 3861.19 10950.4 31682.5 3406.91 18013.3 1840.16 2021.03 10214.2
internal_count=299940 253709 230461 146491 23248 83970 17109 46231 130623 15868 74555 7801 9308 42781
is_linear=0
shrinkage=0.05


Tree=46
num_leaves=15
num_cat=0
split_feature=1 1 4 4 9 27 9 30 30 30 9 7 29 33
split_gain=178.381 262.563 206.174 458.814 191.667 157.136 150.092 146.394 110.136 86.3677 79.9225 79.2657 61.9044 48.3041
threshold=-5.4794720494299998e-07 -1.5834817546078736e-07 1.5873062508831029e-07 1.5833076361104761e-07 5.4615217229907913e-06 0.11938500000001447 2.5677869688573685e-05 -0.00049501893592829294 -6.3394853011544672e-07 -0.00015244903381361749 4.3019663351845507e-06 3.6186953751363912e-05 -0.41303280632114431 0.72782210333094854
decision_type=2 2 2 2 2 2 2 2 2 2 2 2 2 2
left_child=11 4 3 7 8 -5 10 -3 -2 -8 -4 12 -1 -6
right_child=1 2 6 5 13 -7 9 -9 -10 -11 -12 -13 -14 -15
leaf_value=0.00019960637989496069 0.0023803137149116323 0.0097019216499879702 0.016272571915292463 -0.026832536385794994 -0.0011432002010219285 0.0043900276867411912 0.0081574628415238878 -0.0017809304138509685 0.025050004167185991 -0.0056414701799667689 0.0051981345038881492 0.00068403101354618738 -0.013931765103166925 0.015052050517624295
leaf_weight=970.16615498065948 698.69901612401009 3042.0384717434645 1865.355064496398 2386.2100992053747 2439.1777627170086 484.15511943399906 1462.7902179658413 31479.586954817176 2301.8950797766447 5020.1787933558226 12814.268614128232 2032.5898582786322 3849.0037301182747 565.47622880339622
leaf_count=4073 3026 12251 8082 10824 10052 1985 5959 130494 11507 20379 53513 8317 16570 2461
internal_value=7.29378e-05 0.000887123 -0.00013418 -0.00236618 0.0108421 -0.0215667 0.00380937 -0.00076856 0.0197764 -0.00252638 0.0066074 -0.00759663 -0.011088 0.00191273
internal_weight=71411.6 64559.8 58554.6 37392 6005.25 2870.37 21162.6 34521.6 3000.59 6482.97 14679.6 6851.76 4819.17 3004.65
internal_count=299493 270533 243487 155554 27046 12809 87933 142745 14533 26338 61595 28960 20643 12513
is_linear=0
shrinkage=0.05


Tree=47
num_leaves=15
num_cat=0
split_feature=25 28 11 10 9 30 31 30 30 31 0 9 27 25
split_gain=189.089 155.723 153.871 136.328 306.029 149.663 115.839 69.5212 61.8339 70.6235 70.9516 65.019 63.8822 59.4249
threshold=-0.89208571786124657 -7.6003850000000206 0.9193051699436029 1.0000000180025095e-35 1.1381996119957086e-07 1.5871431280345408e-07 3.0228936205560005e-05 0.00037398828255330591 -0.00027494363669067207 5.2145872189482878e-05 1.5829876964801318e-07 7.9619381323595144e-06 -0.44268499999999217 0.88259059163210851
decision_type=2 2 2 2 2 2 2 2 2 2 2 2 2 2
left_child=8 6 3 4 -3 -5 -2 13 11 10 12 -1 -10 -4
right_child=1 2 7 5 -6 -7 -8 -9 9 -11 -12 -13 -14 -15
leaf_value=0.032353171139855051 -0.0019272801681675215 0.018958904052548662 0.0080337311694321841 -0.0039017652968218945 0.00033021683940246739 0.0017459709039117578 0.035219458797992452 -0.004883355842460196 -0.013315994958335584 -0.059705298871225436 -0.033180753398244854 -0.0027037338322767985 -0.0019149556742133996 0.02275086992961858
leaf_weight=139.21593795716763 332.47358144819736 2865.1281539052725 1667.0702945291996 25039.374973073602 9541.6031013578176 22065.535681754351 566.20638881623745 579.46062330901623 2787.5756787359715 69.733849495649338 302.1750206798315 2083.888561218977 2197.1608849465847 1167.720362201333
leaf_count=566 1359 13115 6933 105545 39485 91183 2286 2385 12099 287 1431 8579 9233 5315
internal_value=-2.69194e-05 0.000859855 0.000564365 -2.80142e-05 0.00463456 -0.00125621 0.021503 0.0108837 -0.00749218 -0.0104006 -0.0097279 -0.000481283 -0.00829345 0.0141079
internal_weight=71404.3 63824.6 62925.9 59511.6 12406.7 47104.9 898.68 3414.25 7579.75 5356.65 5286.91 2223.1 4984.74 2834.79
internal_count=299801 267606 263961 249328 52600 196728 3645 14633 32195 23050 22763 9145 21332 12248
is_linear=0
shrinkage=0.05


Tree=48
num_leaves=15
num_cat=0
split_feature=0 0 3 3 5 0 8 31 9 34 33 34 31 0
split_gain=176.657 247.901 178.428 307.405 176.261 153.705 108.54 98.488 87.4625 71.0374 53.4574 49.7688 47.5657 40.3902
threshold=1.590220906066975e-07 1.5829876964801318e-07 -1.5890454996281275e-07 -1.5836195554896901e-07 1.5905469297194943e-07 -1.5434675937342488e-07 4.1230035266429117e-05 9.4448621264781256e-06 1.8548821105849891e-05 14.743379999999989 -0.38581492324436445 -11.407570000000009 1.4672480387351554e-05 1.589110780741976e-07
decision_type=2 2 2 2 2 2 2 2 2 2 2 2 2 2
left_child=1 2 6 7 8 -5 9 -4 10 -1 -3 -8 -2 -10
right_child=12 4 3 5 -6 -7 11 -9 13 -11 -12 -13 -14 -15
leaf_value=-0.0054921904284684049 0.020860192911954848 -0.031769743099235651 0.020966169668574793 0.007293815205010757 0.0025937365594996403 -0.00078798209645142194 0.023328415427120178 0.0024846325731408794 0.0083528255536103792 -0.037527139272821738 -0.0166950326425306 0.0026923781012175955 0.0073000963102447637 -0.029306740941202326
leaf_weight=14351.951846003532 793.73763957619667 1032.1338024139404 2581.1316161304712 7055.7386080473661 1334.7012605518103 35349.650695621967 339.82578438520432 1000.6988134980202 359.50054816901684 173.23379249870777 1387.1066095530987 2016.780283883214 3481.2173972129822 86.660925954580307
leaf_count=60503 3731 4877 12719 29514 5544 146140 1371 4218 1480 709 6042 8176 14343 354
internal_value=-2.60707e-05 -0.000654337 0.000131539 0.00174543 -0.0124121 0.000557011 -0.00426451 0.015807 -0.0193988 -0.00587937 -0.0231474 0.00568538 0.0098264 0.000939814
internal_weight=71344.1 67069.1 62869 45987.2 4200.1 42405.4 16881.8 3581.83 2865.4 14525.2 2419.24 2356.61 4274.96 446.161
internal_count=299721 281647 263350 192591 18297 175654 70759 16937 12753 61212 10919 9547 18074 1834
is_linear=0
shrinkage=0.05


Tree=49
num_leaves=15
num_cat=0
split_feature=33 1 1 5 5 30 31 7 31 5 34 34 5 5
split_gain=172.925 128.578 244.014 169.763 158.901 156.715 88.8927 68.8481 64.5938 93.3065 86.3816 177.184 64.2984 68.4689
threshold=-0.86064473882137127 1.5908467787539851e-07 1.5827828647729805e-07 0.00031514990969849782 1.5862944113820279e-07 -5.9507833940486412e-06 2.4661499988491013e-06 9.0950733856876611e-08 1.7217048547390647e-05 -0.00014904328442089107 -2.5222750000000294 -3.5241800000000194 -2.0077520579420134e-06 -0.00038179522177461672
decision_type=2 2 2 2 2 2 2 2 2 2 2 2 2 2
left_child=8 2 3 5 6 -2 -4 -5 9 -1 11 -11 13 -10
right_child=1 -3 4 7 -6 -7 -8 -9 12 10 -12 -13 -14 -15
leaf_value=-0.023868872717864399 -0.0014500624998298045 0.0067367004301219823 -0.026355240929206988 -0.028244917571162004 0.00074946965785422227 0.0042590152826791306 -0.0094332212034063233 -0.006805284309289482 -0.011115169432957718 -0.0096279394988543088 -0.015312778157817128 0.031613750554568817 -0.054673602836342539 0.0080607749682739434
leaf_weight=1162.5593979507685 21547.381275013089 7878.322770178318 1493.1379337012768 418.30094966292381 1912.3669094592333 27182.496578007936 1620.9997725039721 3461.4196081310511 765.17355431616306 863.52477404475212 1412.0278895497322 370.536676466465 52.234365493059158 1181.803451359272
leaf_count=5119 88690 33551 7146 1682 7931 115195 6907 14000 3099 3784 6188 1607 213 4807
internal_value=1.32098e-05 0.000746341 -7.26908e-05 0.00093307 -0.0105956 0.00173462 -0.0175585 -0.00913021 -0.00825415 -0.0120728 -0.00687614 0.00278632 -0.000974449 0.000520842
internal_weight=71322.3 65514.4 57636.1 52609.6 5026.5 48729.9 3114.14 3879.72 5807.86 3808.65 2646.09 1234.06 1999.21 1946.98
internal_count=299919 275102 241551 219567 21984 203885 14053 15682 24817 16698 11579 5391 8119 7906
is_linear=0
shrinkage=0.05


Tree=50
num_leaves=15
num_cat=0
split_feature=11 0 0 30 1 1 31 30 33 5 35 30 31 0
split_gain=157.212 130.997 262.524 168.095 152.798 244.651 86.3347 67.2262 51.1456 61.8891 52.065 50.4021 47.7582 46.3591
threshold=0.9193051699436029 1.590220906066975e-07 1.5829876964801318e-07 1.5871431280345408e-07 -5.4794720494299998e-07 -1.573659211828726e-07 2.364918979195172e-05 0.00067628620475623802 0.9285879234691784 -0.00035136965172721796 -0.32547162249546979 0.00036505603516800994 2.9110109972851139e-05 1.5862944113820279e-07
decision_type=2 2 2 2 2 2 2 2 2 2 2 2 2 2
left_child=1 2 4 6 12 -6 -4 8 9 -2 -11 -10 -1 -5
right_child=7 -3 3 13 5 -7 -8 -9 11 10 -12 -13 -14 -15
leaf_value=-0.011000355325369348 0.03549977498444859 0.008713391800519726 -0.025299250006367038 -0.0087334825851851268 0.0088258606165281892 -0.00076209926157903883 0.0037720125645701917 -0.016440137098810051 0.029824493064800874 -0.012428189783648645 0.0096745428101627368 -0.018620563228435413 -0.0022108093508857729 0.0088266670356384382
leaf_weight=3892.9342034310102 203.51224680244923 3617.9889732301235 2117.5071703791618 799.59876453876495 7779.6425018310547 45881.09180316329 289.82786713540554 217.19242313504219 554.40117594599724 302.85437679290771 2124.5888024121523 58.084304556250572 2564.0403194129467 705.66626310348511
leaf_count=16910 826 15247 9729 3338 34458 190065 1177 889 2658 1257 8993 249 10501 2914
internal_value=-8.25484e-06 -0.000540126 -0.00106325 -0.0136095 -0.000246283 0.000628224 -0.021799 0.010383 0.0121882 0.00914585 0.00690898 0.0251846 -0.00751182 -0.000500519
internal_weight=71108.9 67648.3 64030.3 3912.6 60117.7 53660.7 2407.34 3460.63 3243.44 2630.96 2427.44 612.485 6456.97 1505.27
internal_count=299211 284339 269092 17158 251934 224523 10906 14872 13983 11076 10250 2907 27411 6252
is_linear=0
shrinkage=0.05


Tree=51
num_leaves=15
num_cat=0
split_feature=11 23 25 9 30 4 33 30 27 31 1 25 27 0
split_gain=159.119 123.995 127.684 114.027 92.885 90.9966 66.3461 60.7133 55.9284 54.7033 52.6737 51.8199 47.3214 44.1494
threshold=0.9193051699436029 -1.0000000000000842 -0.89208571786124657 7.6806905882181844e-08 0.00033229806631229769 -1.5550467136193899e-07 0.89813912746661551 0.00035530077385637076 3.9067300000000134 1.0234222400696503e-07 1.575304651169063e-07 0.58421084158161873 0.37235000000001467 1.5758527638354283e-07
decision_type=2 2 2 2 2 2 2 2 2 2 2 2 2 2
left_child=1 9 10 5 -5 -4 8 12 -2 -1 13 -10 -8 -3
right_child=6 2 3 4 -6 -7 7 -9 11 -11 -12 -13 -14 -15
leaf_value=0.033792349257053704 0.0094476084385885437 -0.0049684550065901903 0.010444729230098662 0.0011423320247122416 -0.0045001677266470475 -0.019758666883267315 -0.011084238992484251 -0.0080836177850615223 0.019205420817627508 0.0091976121495816344 -0.021047405859791698 -0.023830457190170951 0.033433208014415981 -0.02630049051196634
leaf_weight=281.54048292338848 2332.6045068949461 6379.8966254293919 312.62682241201401 49046.198856517673 8565.6524429768324 1209.8354912102222 65.235133364796638 130.31964342296124 94.822108745574951 1129.9588557183743 616.18668982386589 252.03477947413921 606.61738449335098 250.29067608714104
leaf_count=1265 9755 26967 1499 206763 34814 5198 288 550 392 4653 2867 1065 2942 1111
internal_value=2.59384e-05 -0.00050958 -0.00082159 -5.3852e-05 0.000303286 -0.013551 0.0104475 0.0230463 0.00666136 0.0141442 -0.007085 -0.0120229 0.0290906 -0.00578143
internal_weight=71273.8 67792.2 66380.7 59134.3 57611.9 1522.46 3481.63 802.172 2679.46 1411.5 7246.37 346.857 671.853 6630.19
internal_count=300129 285137 279219 248274 241577 6697 14992 3780 11212 5918 30945 1457 3230 28078
is_linear=0
shrinkage=0.05


Tree=52
num_leaves=15
num_cat=0
split_feature=26 1 31 10 9 3 31 5 33 30 1 9 1 9
split_gain=146.867 159.112 176.631 174.813 232.067 311.064 147.547 109.558 100.285 70.9328 67.0451 63.404 61.3492 58.2466
threshold=-0.068500000000011621 -1.5431515354435985e-07 8.9725792223028283e-06 0.00044702797979149161 1.4016485719537012e-06 -1.0000000180025095e-35 1.3722019500321744e-06 -3.1742787331978656e-07 -0.88989801002475633 -0.00031721613307844615 -1.5841818790107706e-07 9.0373700946027099e-06 -1.5879352499581498e-07 4.1149444365146874e-05
decision_type=2 2 2 2 2 2 2 2 2 2 2 2 2 2
left_child=9 2 7 6 5 -5 -3 -2 -6 11 -9 -1 -4 -13
right_child=1 3 12 4 8 -7 -8 10 -10 -11 -12 13 -14 -15
leaf_value=0.027576859938916967 -0.001990400565222207 0.027544367795146948 -0.0058970396842747 0.018608248672441863 -0.01255784827191433 -0.010794313505317357 0.0047062929360657986 0.024895404902735615 0.0016227932188292264 -0.0060407264900581396 0.010100809523987991 -0.0032087507073363438 0.004602875484024163 0.011741529363383412
leaf_weight=219.70944647490978 768.70139317214489 847.88124963641167 1896.9995608329773 997.009032741189 1304.9368539005518 9046.673401132226 4220.8923136740923 1930.9954135864973 27081.117480367422 12599.996589019895 1275.2608469128609 2968.9607036411762 5200.8990248590708 832.49085955321789
leaf_count=897 3213 3840 7783 4416 5534 38839 17448 9976 112101 53299 5611 12198 21371 3360
internal_value=-8.1031e-05 0.00117231 0.00652287 -0.000189948 -0.00134125 -0.00787248 0.0085359 0.0149587 0.000970055 -0.00419572 0.0190209 0.00158561 0.00179578 6.97069e-05
internal_weight=71192.5 54571.4 11072.9 43498.5 38429.7 10043.7 5068.77 3974.96 28386.1 16621.2 3206.26 4021.16 7097.9 3801.45
internal_count=299886 230132 47954 182178 160890 43255 21288 18800 117635 69754 15587 16455 29154 15558
is_linear=0
shrinkage=0.05


Tree=53
num_leaves=15
num_cat=0
split_feature=12 33 34 23 9 31 31 30 9 30 26 31 0 34
split_gain=134.798 125.385 156.289 118.535 118.651 102.875 85.7966 81.8571 78.605 97.3288 109.721 73.0367 65.1894 62.2207
threshold=0.8667483742361265 -0.84776730515324805 -10.390710000000015 -1.0000000000000842 7.6806905882181844e-08 3.0228936205560005e-05 7.2310416247983515e-06 0.00054651108493253286 1.3337386507299601e-05 -0.00020994109114802481 1.3878749999999997 1.53685534737058e-05 1.5837813105434864e-07 18.214124999999985
decision_type=2 2 2 2 2 2 2 2 2 2 2 2 2 2
left_child=1 12 5 -4 -5 11 13 -7 9 -8 -11 -3 -1 -2
right_child=6 2 3 4 -6 7 8 -9 -10 10 -12 -13 -14 -15
leaf_value=-0.0059818595428991275 0.030204538333137396 0.034654332371699015 0.015686361423639293 -0.014311123243582186 -0.00011912107195267394 0.033142451600988602 -0.067012924841405946 -0.029251369513371414 0.012066718948215064 0.0098713565981299201 -0.05552477839453962 -0.010150166300307456 -0.028506453388644583 -0.016524504466695334
leaf_weight=5986.0392190814018 684.59189984202385 115.51500609517097 1154.1519549787045 1508.8550469577312 58362.170119464397 730.19245986640453 66.820087149739265 55.123092666268349 1170.3341442942619 331.34135282039642 77.426703974604607 400.47819055616856 337.65636338293552 78.216250121593475
leaf_count=25526 3205 490 4859 6666 245097 2961 272 223 4873 1460 347 1622 1604 403
internal_value=-7.78246e-05 -0.000485895 0.000194843 -0.000171049 -0.000477251 0.0173274 0.0115432 0.0286997 0.00510629 -0.0120008 -0.00272567 -2.47426e-05 -0.0071932 0.0253824
internal_weight=71058.9 68650.2 62326.5 61025.2 59871 1301.31 2408.73 785.316 1645.92 475.588 408.768 515.993 6323.7 762.808
internal_count=299608 289048 261918 256622 251763 5296 10560 3184 6952 2079 1807 2112 27130 3608
is_linear=0
shrinkage=0.05


Tree=54
num_leaves=15
num_cat=0
split_feature=1 0 4 4 31 27 1 31 30 30 0 8 6 31
split_gain=145.306 187.389 144.639 354.877 203.943 138.856 133.08 130.787 94.5656 84.71 67.5685 64.0898 56.1959 49.0684
threshold=-5.4794720494299998e-07 -1.5434675937342488e-07 1.5873062508831029e-07 1.5833076361104761e-07 6.2185352946445474e-06 0.11938500000001447 -1.5825425325743933e-07 1.1004638881735161e-05 -2.8587959919335044e-06 -2.0697262193891671e-05 -1.5836525335544136e-07 3.2773632366040553e-05 3.2506559568378379e-05 2.0310319797574636e-05
decision_type=2 2 2 2 2 2 2 2 2 2 2 2 2 2
left_child=12 7 3 6 9 -5 -3 8 -2 -4 -10 -6 -1 -14
right_child=1 2 4 5 11 -7 -8 -9 10 -11 -12 -13 13 -15
leaf_value=-0.010278654771720915 0.0025013724947325136 0.0096938997895347906 -0.02157407856292021 -0.024427983677285953 0.0029119314601926492 0.0050214537766461158 -0.0018055354024087266 0.0023643360249317033 0.024991899735453377 0.021800991831589907 0.0090230302638965813 -0.0047463717736177715 -0.015484293886384766 0.0027383152784594823
leaf_weight=4384.6792913526297 1256.5188237279654 2750.0526612997055 118.9197101444006 2322.1551833450794 14012.747577309608 482.80542236566544 29323.217269361019 6106.756870791316 1763.4332987964153 1710.4305023252964 1065.5070144385099 3391.4653269946575 454.67335587739944 1931.6045992970467
leaf_count=18851 5297 12536 499 10765 58280 1991 121593 25014 8970 7679 4518 13803 2038 7934
internal_value=4.63856e-05 0.00078006 -0.00039144 -0.00231104 0.00308945 -0.019359 -0.000818998 0.00699856 0.013921 0.0189608 0.0189879 0.00141923 -0.00691952 -0.000743819
internal_weight=71075 64304 54111.8 34878.2 19233.6 2804.96 32073.3 10192.2 4085.46 1829.35 2828.94 17404.2 6770.96 2386.28
internal_count=299768 270945 227146 146885 80261 12756 134129 43799 18785 8178 13488 72083 28823 9972
is_linear=0
shrinkage=0.05


Tree=55
num_leaves=15
num_cat=0
split_feature=0 0 2 2 4 0 5 31 31 11 6 31 30 0
split_gain=126.339 183.542 138.331 343.811 128.633 115.525 100.108 75.6374 73.2855 73.1866 62.3803 35.9487 35.6881 38.6649
threshold=1.590220906066975e-07 1.5798772867725577e-07 -1.5880966497405777e-07 -1.5841034439745269e-07 1.5873062508831029e-07 -1.5835005662268029e-07 -1.5871126457511761e-07 2.3464530572873018e-05 1.156145308260116e-07 0.80000000000004745 3.2506559568378379e-05 1.4672480387351554e-05 -0.00010109540853964204 1.5954586807254148e-07
decision_type=2 2 2 2 2 2 2 2 2 2 2 2 2 2
left_child=1 2 8 6 7 -5 -4 9 -1 -3 -10 -2 -13 -14
right_child=11 4 3 5 -6 -7 -8 -9 10 -11 -12 12 13 -15
leaf_value=0.048917655553771221 0.018124881553472031 -0.020798532417378134 0.0024227783392773853 0.010745681155017939 0.0029109606358332452 -0.00037546315027615424 0.021061906342600814 0.0047235344614231286 -0.0076840554238583204 0.011864225376940589 0.0010490800833629352 0.013096492098047988 -0.012723987379986691 0.0053321977329054979
leaf_weight=60.669769749045372 783.06048132479191 2576.5151231735945 985.01384498178959 2458.717979952693 1314.295008957386 45763.146775990725 2685.013991728425 395.63547377288342 7558.1377565264702 182.46659478545189 2802.2693959623575 1227.4346976131201 350.3008868843317 1870.9313361048698
leaf_count=304 3739 11822 4159 10873 5501 189639 13206 1612 32180 758 11733 5061 1422 7776
internal_value=8.81875e-05 -0.0004428 0.000259311 0.00131507 -0.0102285 0.000192 0.0160633 -0.0157012 -0.00499708 -0.0186313 -0.00532218 0.00846407 0.00626124 0.00247575
internal_weight=71013.6 66781.9 62313 51891.9 4468.91 48221.9 3670.03 3154.62 10421.1 2758.98 10360.4 4231.73 3448.67 2221.23
internal_count=299785 281787 262094 217877 19693 200512 17365 14192 44217 12580 43913 17998 14259 9198
is_linear=0
shrinkage=0.05


Tree=56
num_leaves=15
num_cat=0
split_feature=33 30 8 30 30 31 30 4 31 34 32 31 30 5
split_gain=114.253 161.811 161.247 124.715 379.089 184.628 177.398 158.073 131.354 111.784 81.1272 77.9588 152.427 112.403
threshold=-0.8417699587302726 -0.00049501893592829294 1.2269898536830605e-06 -5.9507833940486412e-06 -1.583626945134142e-07 8.3236360689590368e-08 -4.2899605468882378e-05 1.5580056444974846e-07 1.348011747985244e-05 -10.390710000000015 0.40161375160060347 1.6374810382120979e-05 -0.00025099066609968185 1.5905469297194943e-07
decision_type=2 2 2 2 2 2 2 2 2 2 2 2 2 2
left_child=11 2 -2 6 7 -6 8 -5 -3 -4 -8 12 -1 -14
right_child=1 3 9 4 5 -7 10 -9 -10 -11 -12 -13 13 -15
leaf_value=-0.033125251034969175 0.042252887827614272 -0.0070549757840539396 0.027566738070261582 0.027242472902162113 -0.017759012130945356 0.0010369508524597545 -0.036862717302863113 -0.014575581962006515 0.0017659308030156399 0.0036736203423891329 -0.01173381288856027 0.00052919195187507012 -0.0075566907249092459 0.069064624840329186
leaf_weight=634.47757855057716 348.440809071064 6681.4210172146559 564.85471387207508 1849.7482258379459 1354.3255796581507 35563.444407701492 371.44440953433514 256.11794231832027 11450.768761411309 3595.3243530392647 2331.2670534849167 2528.9130636006594 3385.3752470612526 46.565746828913689
leaf_count=2797 1405 28299 2297 9058 6082 150370 1564 1079 46904 14572 9845 10327 15054 193
internal_value=-9.76955e-05 0.000544584 0.00967687 -0.000143572 0.00152404 0.000346498 -0.00326684 0.0221475 -0.00148485 0.00692943 -0.0152121 -0.00636429 -0.0106495 -0.00647745
internal_weight=70962.5 64367.2 4508.62 59858.5 39023.6 36917.8 20834.9 2105.87 18132.2 4160.18 2702.71 6595.33 4066.42 3431.94
internal_count=299846 271475 18274 253201 166589 156452 86612 10137 75203 16869 11409 28371 18044 15247
is_linear=0
shrinkage=0.05


Tree=57
num_leaves=15
num_cat=0
split_feature=11 10 31 3 3 18 31 30 30 34 8 30 33 30
split_gain=118.77 102.227 213.873 138.261 205.516 129.535 93.9837 67.495 80.2775 61.6794 59.3694 58.2944 57.5261 54.5528
threshold=0.9193051699436029 0.99999422707455865 1.156145308260116e-07 -1.5890454996281275e-07 -1.5841714695596917e-07 0.99891538981832473 1.156145308260116e-07 -0.00031721613307844615 -5.9507833940486412e-06 3.3600149999999869 5.3308132424609017e-05 -0.00090718075126883224 0.89813912746661551 0.00035530077385637076
decision_type=2 2 2 2 2 2 2 2 2 2 2 2 2 2
left_child=1 3 9 10 6 -6 -5 -4 -9 -3 -1 -12 -2 -14
right_child=12 2 7 4 5 -7 -8 8 -10 -11 11 -13 13 -15
leaf_value=-0.0045816787794783513 0.0053908403090958653 -0.020836657045852476 0.0057801092086087694 0.024472333769784929 0.0026664647138780486 -0.0049098837893256685 0.0067476305613084833 -0.0085981354602875787 -0.00031445080972873017 0.026859578065525386 0.03628942245418755 0.0028957609986269509 0.02637446775209272 -0.010076756685689935
leaf_weight=13069.202478036284 2667.4925117641687 1956.9637664407492 2403.671262845397 1344.3664444983006 26003.698994725943 7202.7048311233521 1687.3624801337719 4624.140810251236 7952.8392815887928 68.558377802371979 152.0693371295929 864.14167730510235 664.84657925367355 120.2242384403944
leaf_count=55290 11201 9077 9798 7146 108468 30163 7502 19561 32869 287 618 3498 3268 507
internal_value=-0.000141566 -0.000605473 -0.00395666 0.00052713 0.00216106 0.0010229 0.0146183 -0.00189369 -0.00336097 -0.0191974 -0.00367625 0.00795437 0.00890037 0.020781
internal_weight=70782.3 67329.7 17006.2 50323.5 36238.1 33206.4 3031.73 14980.7 12577 2025.52 14085.4 1016.21 3452.56 785.071
internal_count=299253 284277 71592 212685 153279 138631 14648 62228 52430 9364 59406 4116 14976 3775
is_linear=0
shrinkage=0.05


Tree=58
num_leaves=15
num_cat=0
split_feature=33 34 23 35 0 32 31 30 5 1 5 31 34 9
split_gain=115.097 131.98 118.721 112.777 114.082 88.6022 74.3175 130.759 83.6112 70.3801 70.3245 79.7762 56.1555 54.7017
threshold=-0.8417699587302726 -10.390710000000015 -1.0000000000000842 -0.42267389972351438 -3.097654417416606e-07 0.71612481706043318 1.6374810382120979e-05 -0.00025099066609968185 9.5158050417154538e-07 1.5836070144104045e-07 -0.00046579117915435114 1.53685534737058e-05 -1.6709200000000115 7.3753499024875328e-08
decision_type=2 2 2 2 2 2 2 2 2 2 2 2 2 2
left_child=6 5 -3 13 -5 10 7 12 9 -9 -2 -12 -1 -4
right_child=1 2 3 4 -6 -7 -8 8 -10 -11 11 -13 -14 -15
leaf_value=-0.037372476357771793 0.033819530530922327 0.016058211278570537 -0.058698992185032474 -0.010090509281954952 0.00095225845196093633 -0.035329751461444257 0.00044522305927600285 -0.005324716733737446 0.058212195284285034 -0.030213687760788095 0.04741405281848856 0.0027737788165142665 0.0058298982282649946 -0.0077822950337043803
leaf_weight=543.33574582636356 500.14712284505367 1163.4166286885738 51.583423510193825 2439.4316838383675 55657.149919241667 77.105115085840225 2487.5366621762514 3094.8958795368671 46.954728588461876 310.94619511067867 116.46264371275902 646.98593065142632 86.674567878246307 3636.720569357276
leaf_count=2427 2040 4927 228 10316 235387 318 10164 13558 195 1625 490 2628 381 15163
internal_value=-6.53106e-05 0.000578973 0.000248104 -5.01123e-05 0.00048825 0.0160904 -0.00636771 -0.0105168 -0.00668508 -0.00761343 0.0192789 0.00968966 -0.0314292 -0.00852583
internal_weight=70859.3 64289 62948.3 61784.9 58096.6 1340.7 6570.34 4082.81 3452.8 3405.84 1263.6 763.449 630.01 3688.3
internal_count=299847 271497 266021 261094 245703 5476 28350 18186 15378 15183 5158 3118 2808 15391
is_linear=0
shrinkage=0.05


end of trees

feature_importances:
rv_120=149
ret_120=103
ret_3=81
ret_5=64
ret_15=52
rv_60=49
ret_1=44
ret_30=44
ret_60=41
imb_60=30
cvd_15=18
cvd_5=17
tbr=16
imb_30=15
cvd_30=15
cvd_60=15
tbr_5=12
rv_15=11
vol_z_120=8
rv_30=7
tbr_15=7
rv_5=5
imb_15=5
tbr_60=5
imb_5=4
vol_z_60=3
close_loc=2
trade_z_30=2
tbr_30=1
log_vol=1

parameters:
[boosting: gbdt]
[objective: binary]
[metric: auc,binary_logloss]
[tree_learner: serial]
[device_type: cpu]
[data_sample_strategy: bagging]
[data: ]
[valid: ]
[num_iterations: 150]
[learning_rate: 0.05]
[num_leaves: 15]
[num_threads: 0]
[seed: 42]
[deterministic: 0]
[force_col_wise: 0]
[force_row_wise: 0]
[histogram_pool_size: -1]
[max_depth: 5]
[min_data_in_leaf: 200]
[min_sum_hessian_in_leaf: 0.001]
[bagging_fraction: 0.8]
[pos_bagging_fraction: 1]
[neg_bagging_fraction: 1]
[bagging_freq: 1]
[bagging_seed: 400]
[bagging_by_query: 0]
[feature_fraction: 0.85]
[feature_fraction_bynode: 1]
[feature_fraction_seed: 30056]
[extra_trees: 0]
[extra_seed: 12879]
[early_stopping_round: 0]
[early_stopping_min_delta: 0]
[first_metric_only: 0]
[max_delta_step: 0]
[lambda_l1: 0]
[lambda_l2: 2]
[linear_lambda: 0]
[min_gain_to_split: 0]
[drop_rate: 0.1]
[max_drop: 50]
[skip_drop: 0.5]
[xgboost_dart_mode: 0]
[uniform_drop: 0]
[drop_seed: 17869]
[top_rate: 0.2]
[other_rate: 0.1]
[min_data_per_group: 100]
[max_cat_threshold: 32]
[cat_l2: 10]
[cat_smooth: 10]
[max_cat_to_onehot: 4]
[top_k: 20]
[monotone_constraints: ]
[monotone_constraints_method: basic]
[monotone_penalty: 0]
[feature_contri: ]
[forcedsplits_filename: ]
[refit_decay_rate: 0.9]
[cegb_tradeoff: 1]
[cegb_penalty_split: 0]
[cegb_penalty_feature_lazy: ]
[cegb_penalty_feature_coupled: ]
[path_smooth: 0]
[interaction_constraints: ]
[verbosity: -1]
[saved_feature_importance_type: 0]
[use_quantized_grad: 0]
[num_grad_quant_bins: 4]
[quant_train_renew_leaf: 0]
[stochastic_rounding: 1]
[linear_tree: 0]
[max_bin: 255]
[max_bin_by_feature: ]
[min_data_in_bin: 3]
[bin_construct_sample_cnt: 200000]
[data_random_seed: 175]
[is_enable_sparse: 1]
[enable_bundle: 1]
[use_missing: 1]
[zero_as_missing: 0]
[feature_pre_filter: 1]
[pre_partition: 0]
[two_round: 0]
[header: 0]
[label_column: ]
[weight_column: ]
[group_column: ]
[ignore_column: ]
[categorical_feature: ]
[forcedbins_filename: ]
[precise_float_parser: 0]
[parser_config_file: ]
[objective_seed: 16083]
[num_class: 1]
[is_unbalance: 0]
[scale_pos_weight: 1]
[sigmoid: 1]
[boost_from_average: 1]
[reg_sqrt: 0]
[alpha: 0.9]
[fair_c: 1]
[poisson_max_delta_step: 0.7]
[tweedie_variance_power: 1.5]
[lambdarank_truncation_level: 30]
[lambdarank_norm: 1]
[label_gain: ]
[lambdarank_position_bias_regularization: 0]
[eval_at: ]
[multi_error_top_k: 1]
[auc_mu_weights: ]
[num_machines: 1]
[local_listen_port: 12400]
[time_out: 120]
[machine_list_filename: ]
[machines: ]
[gpu_platform_id: -1]
[gpu_device_id: -1]
[gpu_device_id_list: ]
[gpu_use_dp: 0]
[num_gpu: 1]

end of parameters

pandas_categorical:null
