tree
version=v4
num_class=1
num_tree_per_iteration=1
label_index=0
max_feature_idx=29
objective=binary sigmoid:1
feature_names=ret_1 ret_3 ret_5 ret_15 ret_30 ret_60 rv_5 rv_15 rv_30 rv_60 tbr tbr_5 tbr_15 tbr_30 body_ratio upper_wick lower_wick log_hl close_loc vol_z_30 vol_z_60 log_vol vol_shock_5 imb_5 imb_15 imb_30 cvd_5 cvd_15 cvd_30 trade_z_30
feature_infos=[-0.0016952442076778595:0.003499546771465134] [-0.0041795360852638908:0.0059670682319783452] [-0.0054319163354819011:0.0078343541587138077] [-0.0074155053760467382:0.017768776310640888] [-0.010941545557086485:0.029041878135211974] [-0.01495565909494978:0.032039715721170481] [0:0.0024208679329698109] [0:0.0023241134864151396] [0:0.0019443308590717944] [7.6235338893159686e-12:0.0016255095939603761] [0:1] [0:1] [0:1] [1.7636923578897062e-05:0.99998096612584619] [0:1] [0:1] [0:1] [0:0.0044841064808348752] [0:1] [-3.7400952740776781:5.3851647898719337] [-2.2348875703547253:7.6811239404791234] [-27.631021115928547:5.2627030786663767] [0:5.0000026645366793] [-1.0000025729428808:1.0000003552715258] [-1.0000003247403788:1.0000001382410109] [-0.99999999999999534:0.99999999999999356] [-316.90379871999983:197.68647477999997] [-327.93397588999989:188.21240169999993] [-335.68576915999989:207.41858662999991] [-3.8188078801222565:5.3839819847685648]
tree_sizes=3544 3641 3647 3630 3639 3624 3630 3639 3640 3632 3611 3626 3611 3638 3644 3635 3631 3621 3642 3625 3619 3638 3629 3636 3625 3626 3633 3638 3630 3636 3623

Tree=0
num_leaves=31
num_cat=0
split_feature=1 3 9 1 9 1 1 6 3 1 23 9 3 1 9 24 8 4 1 26 8 6 23 18 4 23 6 23 8 27
split_gain=2258.05 1223.5 1305.06 1201.03 642.356 582.123 611.452 435.674 387.783 299.65 219.503 201.945 187.642 173.217 165.781 139.917 120.069 93.9225 92.4829 89.0189 86.3309 78.4911 75.5235 73.7056 66.644 64.0068 55.5986 53.6019 48.0001 45.2786
threshold=-4.688012440468014e-07 4.7121119539639272e-07 2.5171861927989489e-05 -1.5851020673807168e-07 3.6702170978672378e-05 1.5989807433669514e-07 1.5453025969947023e-07 1.7058397313725102e-07 -1.5909248585188604e-07 -1.4488127941802984e-07 0.89004165388271039 1.4664104479847929e-05 1.575899455374952e-07 1.0000000180025095e-35 4.1112025502068206e-05 0.94675391122658581 3.7611772214841547e-05 3.5100342107519118e-05 -1.3808568244400019e-07 0.02663046500000386 8.9188652736970175e-08 3.4571930692742042e-05 0.30957907733118539 0.029411764711861733 -4.0792117322219206e-05 0.68153628529862087 1.411026726114488e-07 -0.73378675249467984 5.3031805449648161e-05 3.3599436200000015
decision_type=2 2 2 2 2 2 2 2 2 2 2 2 2 2 2 2 2 2 2 2 2 2 2 2 2 2 2 2 2 2
left_child=4 3 7 8 12 6 9 13 27 -5 -4 -8 19 18 22 17 26 -9 -3 21 -10 24 -7 28 -1 -14 -12 -2 -6 -18
right_child=1 2 10 5 23 14 11 15 20 -11 16 -13 25 -15 -16 -17 29 -19 -20 -21 -22 -23 -24 -25 -26 -27 -28 -29 -30 -31
leaf_value=0.04894507455526699 0.067929853469425774 0.097454099445012168 0.074698868427108794 0.081106809983821235 0.064665315776225002 0.079392614933606248 0.050173481498144476 0.087064755182255593 0.12206872085222095 0.069909453771619778 0.079305395607332671 0.064706819281627609 0.065568583432931149 0.071703910086367686 0.076378710685208004 0.10428268760211243 0.07951261187077896 0.097602661991267825 0.084690497382383836 0.066997253919038144 0.10332646205428259 0.061086368516717116 0.091535403376486982 0.07303452431963868 0.0573948002221885 0.083577410475758285 0.090016019358776608 0.086259204020671734 0.069837042577688524 0.06702563703240115
leaf_weight=3959.4738391041756 354.00592079758644 1162.1280404180288 16931.119564577937 4609.3168657869101 4408.3473550379276 1280.9621859043837 2899.2036376744509 2094.5766399800777 638.6087062060833 22376.769176959991 1035.0553932487965 3251.9613006412983 1806.4787326455116 1406.2872721105814 6216.3239970803261 3232.7381300479174 4831.257108092308 3894.3147803395987 4195.8938722461462 1005.09720531106 1083.7374486476183 2118.2935387641191 2292.5503319352865 7535.233221039176 2448.832212343812 380.21933524310589 3142.8635662347078 897.99668343365192 8282.4403585195541 511.53605903685093
leaf_count=15860 1418 4655 67819 18463 17658 5131 11613 8390 2558 89632 4146 13026 7236 5633 24900 12949 19352 15599 16807 4026 4341 8485 9183 30183 9809 1523 12589 3597 33176 2049
internal_value=0.0746937 0.0779894 0.082885 0.0734631 0.0655802 0.0717594 0.0692275 0.0919073 0.0980332 0.0718226 0.0774311 0.057849 0.0581289 0.0841906 0.0803279 0.0975631 0.0822895 0.0939245 0.0874689 0.0557044 0.110335 0.0543765 0.0871904 0.0698991 0.0521654 0.068709 0.0873681 0.0810687 0.0680385 0.078313
internal_weight=120284 88339.2 42437.8 45901.4 31944.4 42927.1 33137.3 15985.9 2974.35 26986.1 26451.8 6151.16 11718.4 6764.31 9789.84 9221.63 9520.71 5988.89 5358.02 9531.7 1722.35 8526.6 3573.51 20226 6408.31 2186.7 4177.92 1252 12690.8 5342.79
internal_count=481806 353850 169988 183862 127956 171948 132734 64033 11914 108095 105955 24639 46939 27095 39214 36938 38136 23989 21462 38180 6899 34154 14314 81017 25669 8759 16735 5015 50834 21401
is_linear=0
shrinkage=1


Tree=1
num_leaves=31
num_cat=0
split_feature=2 9 4 4 2 2 2 8 1 1 8 9 9 23 8 0 2 23 1 9 23 9 23 1 10 27 4 6 9 7
split_gain=2309.17 1620.7 784.279 695.887 378.364 394.447 567.737 359.043 438.002 345.007 335.093 198.839 188.207 172.857 140.865 137.119 130.099 126.315 117.887 112.974 101.145 88.9626 84.8967 69.7077 66.2867 65.9337 65.7287 64.8761 58.4108 54.1818
threshold=2.7529285873129089e-07 3.1268367742517691e-05 -4.7675844427885744e-07 -1.0000000180025095e-35 1.4440937867732376e-07 -3.157880197335316e-07 -1.5590821966782184e-07 4.6754056140278827e-05 -4.688012440468014e-07 -1.4488127941802984e-07 7.4134217077478737e-07 4.4804911809962923e-06 4.3561020614532114e-05 0.97918746176057614 1.8884233092196634e-05 3.1285303503381106e-07 -1.5850123791238954e-07 -0.77804587854118801 -4.688012440468014e-07 2.4469148473348642e-05 -0.77804587854118801 2.1409448113965142e-05 0.61170264315773282 2.1602094052219915e-05 0.97553833743779217 -0.016887134999996726 3.5100342107519118e-05 8.3450433514473826e-05 1.4185522164410449e-05 5.9446965179294577e-06
decision_type=2 2 2 2 2 2 2 2 2 2 2 2 2 2 2 2 2 2 2 2 2 2 2 2 2 2 2 2 2 2
left_child=2 13 7 11 5 17 -7 8 15 20 -6 16 22 18 -11 19 -4 -5 -2 -1 -10 26 -3 -15 -14 -13 -20 -9 -25 -12
right_child=1 12 3 4 10 6 -8 27 9 14 29 25 24 23 -16 -17 -18 -19 21 -21 -22 -23 -24 28 -26 -27 -28 -29 -30 -31
leaf_value=-0.02235098080762046 -0.005157622766792159 0.0018500229035539493 0.045854907301457186 -0.0095402705224988411 -0.027183877985091438 0.019395615058181607 0.00092916589031395605 -0.003770276542096614 -0.0067033157972929735 -0.012739057131585964 -0.010252394508965607 -0.0041974441990065316 -0.0018304454818885616 0.019407096033468119 -0.0050197290748398146 0.0016652161326058566 0.020257321499116958 -0.0013419635825785634 0.013660606108970642 -0.013818158633596273 0.0083317744582839699 0.010403466330108203 0.011375548411656933 0.037003862196983241 0.0029924421968693048 0.015366410012806093 0.02409333138891109 0.0026742327758904993 0.024381503809200202 -0.00042538978499073499
leaf_weight=4542.3137064427137 461.47252900898457 2387.9294570088387 560.25668931007385 5536.6703849285841 1492.8334886431694 3241.2423747777939 14907.285020053387 8923.8617140650749 961.68307329714298 8020.43997643888 1586.4086968153715 409.64685247838497 12436.507805049419 3674.2045536339283 7172.261257275939 622.11762188374996 749.51922199130058 6584.189236626029 1718.2725582569838 5533.7391074746847 2778.2031649649143 2946.1694945842028 4022.5481537431479 794.50309370458126 7195.8079068213701 832.08705812692642 2257.3266345262527 3468.2313188910484 2426.8854044377804 2067.3322418481112
leaf_count=18183 1848 9565 2247 22173 5977 12989 59714 35741 3853 32120 6353 1641 49816 14729 28726 2491 3003 26371 6886 22156 11133 11806 16118 3186 28825 3334 9051 13891 9730 8281
internal_value=1.4652e-05 0.00781962 -0.00391973 0.000247064 -0.00120686 0.000498048 0.00422965 -0.00768435 -0.0100753 -0.00641772 -0.0112309 0.0204126 0.00188079 0.0186487 -0.00909663 -0.0165447 0.0312751 -0.0050885 0.0143845 -0.0176698 0.00446219 0.0156896 0.00783021 0.0232071 -6.22633e-05 0.00891184 0.0195967 -0.00196597 0.0275217 -0.00469772
internal_weight=120312 40321.6 79990.3 37967.5 35416 30269.4 18148.5 42022.9 29630.8 18932.6 5146.57 2551.51 26042.8 14278.8 15192.7 10698.2 1309.78 12120.9 7383.24 10076.1 3739.89 6921.77 6410.48 6895.59 19632.3 1241.73 3975.6 12392.1 3221.39 3653.74
internal_count=481937 161560 320377 152083 141858 121247 72703 168294 118662 75832 20611 10225 104324 57236 60846 42830 5250 48544 29591 40339 14986 27743 25683 27645 78641 4975 15937 49632 12916 14634
is_linear=0
shrinkage=0.04


Tree=2
num_leaves=31
num_cat=0
split_feature=2 9 3 3 9 2 3 26 0 24 2 9 9 0 0 0 23 9 2 2 0 27 26 26 25 20 2 26 0 0
split_gain=2134.6 1536.21 899.815 1066.28 475.988 430.809 311.374 214.783 202.644 201.054 196.425 193.323 176.831 170.06 157.345 156.949 120.241 101.273 97.5961 91.6414 84.7338 83.1349 81.0151 79.2505 77.4054 76.415 75.9683 65.3008 57.1774 48.4386
threshold=2.7529285873129089e-07 3.1268367742517691e-05 -3.1738195449548806e-07 -1.5593938762492596e-07 2.5689593087715052e-05 1.4440937867732376e-07 1.5940745168308015e-07 -0.0068879200000104314 -1.5455262580843507e-07 0.94675391122658581 -3.157880197335316e-07 1.1662211788579664e-05 4.3561020614532114e-05 1.5989045643038938e-07 1.5989045643038938e-07 -1.4346875065740503e-07 -0.78875611347948038 1.1180323490380291e-06 -1.5859808133455997e-07 -1.5674596554049455e-07 -1.5968937194799079e-07 0.08729724500000742 -0.028506890000000788 -1.2216586350000056 0.86704348603312897 -0.51992208026991127 2.115165963090249e-05 -0.038750805000025194 -6.3801572824928588e-07 -1.57975685866063e-07
decision_type=2 2 2 2 2 2 2 2 2 2 2 2 2 2 2 2 2 2 2 2 2 2 2 2 2 2 2 2 2 2
left_child=2 9 4 11 10 7 17 -5 -9 20 14 18 22 16 21 -12 23 -7 -4 -17 -2 -1 -3 -6 29 -22 -27 -13 -24 -14
right_child=1 12 3 5 13 6 -8 8 -10 -11 15 27 24 -15 -16 19 -18 -19 -20 -21 25 -23 28 -25 -26 26 -28 -29 -30 -31
leaf_value=-0.02062600405304953 0.00064321583879856797 -0.0024952729284424551 0.037718383354524591 -0.0042527829184832904 -0.00090360187502980152 -0.0346203332689183 -0.0011189352904567413 0.011730520316417033 0.00096661044927154956 0.025567358930287682 0.0057433510279923617 -0.010441083093914106 -0.0046458127431328444 0.0042710391629463178 0.0065740103328726287 0.0038387052051832853 -0.0034869350152776195 -0.016192554451714119 0.021093316541254931 -0.013122211794877211 -0.0048616954191210895 -0.0070110526424632877 -0.0066779701852727981 -0.010986115465627753 0.015010063990624337 0.011883185895187325 0.019350861464338065 0.012599036705549616 0.010582019734222587 0.00042551227105930376
leaf_weight=6881.8256332278252 615.60977703332901 1076.9553573578596 920.62182176113129 10479.635844275355 1484.4486549645662 576.06603211164474 2685.6319452524185 3393.0056447684765 15929.119313746691 4066.1361263245344 1031.5587917417288 235.66366711258888 3744.8443134427071 2970.6078131198883 397.08775888383389 569.60989600419998 13538.829425573349 2834.279053196311 1506.4611716121435 4726.9875773638487 272.56016544997692 806.18617349863052 325.16562962532043 7865.3863421529531 521.95460098981857 3499.5231794267893 5879.1284318417311 1138.3913736343384 5000.1979179382324 15381.0012922436
leaf_count=27542 2468 4314 3697 41972 5944 2305 10757 13598 63811 16326 4133 944 14999 11898 1590 2282 54216 11344 6039 18926 1093 3227 1303 31490 2091 14035 23587 4562 20042 61613
internal_value=2.09734e-05 0.00751719 -0.00376442 0.000508979 -0.00797688 -0.00162456 -0.0113111 0.000357387 0.00285831 0.0180338 -0.0138014 0.0206479 0.00172952 -0.00472922 -0.0179335 -0.00851645 -0.0058979 -0.0193292 0.0274329 -0.0112961 0.0150443 -0.0192017 0.00750147 -0.00938663 -0.000151682 0.0159619 0.0165688 0.00863176 0.00952447 -0.000567599
internal_weight=120354 40383.1 79971.4 39698.9 40272.5 35897.7 6095.98 29801.8 19322.1 14333 14413.3 3801.14 26050.1 25859.3 8085.1 6328.16 22888.7 3410.35 2427.08 5296.6 10266.8 7688.01 6402.32 9349.83 19647.8 9651.21 9378.65 1374.06 5325.36 19125.8
internal_count=482148 161871 320277 159029 161248 143787 24406 119381 77409 57509 57700 15242 104362 103548 32359 25341 91650 13649 9736 21208 41183 30769 25659 37434 78703 38715 37622 5506 21345 76612
is_linear=0
shrinkage=0.04


Tree=3
num_leaves=31
num_cat=0
split_feature=1 8 4 4 1 1 1 4 24 8 1 26 1 23 8 26 1 24 18 18 28 5 10 4 26 6 13 6 12 21
split_gain=1829 1113.91 923.063 617.976 361.761 426.065 473.894 278.873 260.289 295.828 176.793 149.153 134.86 113.267 102.304 101.801 93.6404 89.8693 73.0201 72.0009 62.6976 74.0166 81.0138 53.8991 73.7302 47.2444 47.1241 43.8043 43.0028 42.2631
threshold=1.5989807433669514e-07 3.2674119241806512e-05 -4.7675844427885744e-07 -1.5609301584618149e-07 1.5453025969947023e-07 -3.0931223271579706e-07 -1.5851020673807168e-07 1.5879986658973169e-07 -0.49372594730878244 4.8780014604269885e-05 -4.688012440468014e-07 -0.08020201000002071 -1.0000000180025095e-35 0.99060729248809898 8.9188652736970175e-08 -0.23874303500001351 -1.5815154963405573e-07 0.95117992676334129 0.013698630139785273 0.99662730912785547 -0.7044886600000223 -0.00015947971452234808 0.99999999967231568 3.090578725561955e-05 0.062470784999991903 6.2363384861389736e-08 0.56438373338022541 0.00011091357607454686 0.49168188029553289 -5.697874461098686
decision_type=2 2 2 2 2 2 2 2 2 2 2 2 2 2 2 2 2 2 2 2 2 2 2 2 2 2 2 2 2 2
left_child=2 11 8 14 5 18 -7 28 9 10 15 26 -12 19 16 -1 -4 23 -5 29 -10 -22 -23 -13 -25 -9 -2 -11 -6 -3
right_child=1 13 3 4 7 6 -8 25 20 27 12 17 -14 -15 -16 -17 -18 -19 -20 -21 21 22 -24 24 -26 -27 -28 -29 -30 -31
leaf_value=-0.012741035251355127 -0.0013078186747534424 0.0021804980755214414 0.043284594566119682 -0.0073579757956775561 -0.035384569185716613 0.025597984568240646 0.002942826447636502 -0.019052967809005315 -0.00034945652212536323 -0.0033482918022888081 0.00019174181578111596 0.012773018607517804 -0.012208426683038348 0.008725346086034088 0.012170674470988043 -0.02271070590757104 0.020307908069294004 0.024512792888573932 -0.00059805747604647593 0.0039373309207321947 -0.0083210406961841763 -0.0016701260550050442 -0.010818975465750063 0.024103509604467797 0.013824134733855123 -0.0030061136863986405 0.014773599137673919 0.0075776273446942193 -0.020089333322273504 -0.0030945846964074951
leaf_weight=2976.9637429565191 827.87048199772835 3877.3068423569202 480.42153085768223 7316.9523442089558 424.39243026077747 1580.3840905427933 22207.202609971166 315.98335532844067 4734.1921987980604 3702.7468723654747 1797.4554806947708 3490.2944508939981 6380.2869423180819 3719.7062401622534 988.30470296740532 3690.5618304759264 714.11622431874275 3171.631722971797 3932.9893687367439 7938.8110736459494 8330.4287969768047 8777.4977540373802 1879.0229762941599 2463.0180728435516 2074.2286189347506 3822.9992736876011 446.87341104447842 695.10666742920876 1025.5016174912453 6498.727865666151
leaf_count=11912 3319 15534 1937 29295 1698 6346 88989 1265 18958 14826 7202 14005 25540 14912 3965 14766 2865 12754 15750 31806 33356 35151 7522 9890 8329 15315 1792 2784 4104 26032
internal_value=-4.13711e-06 0.00777194 -0.00313281 0.00102411 -9.03195e-05 0.00141724 0.00445066 -0.00953905 -0.0072747 -0.0107315 -0.0134306 0.0173223 -0.0094829 0.00236381 0.0217455 -0.0182665 0.029622 0.018798 -0.00499587 0.0010705 -0.00446939 -0.00549616 -0.00328594 0.0165328 0.0194153 -0.00424296 0.00434214 -0.00161683 -0.0246215 -0.00112277
internal_weight=120282 34508.5 85773.5 42809.2 40626.4 35037.5 23787.6 5588.88 42964.3 19243.1 14845.3 12473.9 8177.74 22034.6 2182.84 6667.53 1194.54 11199.2 11249.9 18314.8 23721.1 18986.9 10656.5 8027.54 4537.25 4138.98 1274.74 4397.85 1449.89 10376
internal_count=481919 138373 343546 171529 162762 140380 95335 22382 172017 77030 59420 50089 32742 88284 8767 26678 4802 44978 45045 73372 94987 76029 42673 32224 18219 16580 5111 17610 5802 41566
is_linear=0
shrinkage=0.04


Tree=4
num_leaves=31
num_cat=0
split_feature=2 9 3 3 9 2 3 0 9 0 26 9 4 0 3 9 3 9 6 26 23 26 18 18 28 23 4 21 23 23
split_gain=1873.72 1331.59 764.683 990.654 435.709 386.71 279.066 216.793 209.824 197.913 187.245 176.166 174.891 174.296 124.241 163.659 104.327 99.0632 94.7968 91.2401 83.503 75.3348 73.8776 73.0585 68.9613 65.1747 63.0298 61.8346 48.0676 45.945
threshold=2.7529285873129089e-07 3.0967788410770565e-05 -3.1738195449548806e-07 -1.0000000180025095e-35 3.6030997811933745e-05 1.4440937867732376e-07 1.5940745168308015e-07 -4.6823564137099533e-07 1.0440451450623294e-05 -1.355632770483339e-07 -0.012635445000023103 4.3561020614532114e-05 3.1714800208249022e-07 1.5989045643038938e-07 2.1612321167374663e-05 1.4185522164410449e-05 -1.5852741963584546e-07 4.7271339632050189e-06 7.3983800945830777e-05 -0.031051500000002483 -0.67079429053723072 -0.031051500000002483 0.010039193733468369 0.99450045367099527 0.92413117499998665 0.61170264315773282 -1.5895361471507383e-07 -1.1660198660604701 0.99854146620474038 -0.73378675249467984
decision_type=2 2 2 2 2 2 2 2 2 2 2 2 2 2 2 2 2 2 2 2 2 2 2 2 2 2 2 2 2 2
left_child=2 14 4 8 7 10 17 22 16 29 -5 25 -12 -11 -2 -16 26 -7 20 -17 -6 -10 27 28 -21 -3 -4 -1 -13 -9
right_child=1 11 3 5 18 6 -8 9 21 13 12 23 -14 -15 15 19 -18 -19 -20 24 -22 -23 -24 -25 -26 -27 -28 -29 -30 -31
leaf_value=-0.024061270324574797 0.011524097095911694 0.0020923981360150778 0.015602944849424222 -0.0047094706281341761 -0.0081730037310851107 -0.028616772125412519 -0.0015526954255023226 -0.0065787986098366329 -0.0082799674396018697 -0.012406865227239158 -0.0019608850059263192 -0.0031702545922472091 0.0056368607899571956 0.0071824372256097902 0.028400051313977145 0.0033032913898935314 0.015461920759711048 -0.014010346350168635 0.0016434999368376069 0.02017928485568345 -0.0020539380061199374 0.011693072248491877 -0.0082920060476956749 0.0025815258991092088 0.0098465621660741541 0.010361432700244606 0.035993250540515775 -0.0088417259921821333 0.0059040721278063512 0.0046565459400132146
leaf_weight=3071.063232511282 4724.5650957673788 2436.6690141111612 310.37007670104504 9433.1694020032883 6539.8354271799326 1104.5167634636164 2704.1491865366697 889.69674131274223 368.01977922022343 13231.535765677691 8948.9317488521338 10475.081137016416 10569.863511711359 767.04987244307995 2445.4138461649418 766.19444926083088 1045.5796581208706 2303.8565777987242 4823.2166110277176 4836.4843778312206 7861.7281742990017 1641.4124635756016 779.31356030702591 8189.4488527625799 1326.7500255256891 4089.7509237825871 1227.2896038740873 501.9235711991787 1022.7819587439299 1674.3238128870726
leaf_count=12286 18977 9764 1247 37774 26176 4419 10830 3561 1474 52953 35852 41955 42362 3072 9845 3076 4195 9218 19316 19452 31477 6582 3118 32813 5336 16411 4947 2008 4099 6707
internal_value=-0.0001134 0.00691529 -0.00366445 0.00027488 -0.00755636 -0.00201338 -0.0111534 -0.0115517 0.0177387 -0.00946093 -8.27057e-05 0.00158299 0.00215334 -0.011332 0.0168268 0.0194948 0.0252767 -0.0187623 -0.00320854 0.0163425 -0.00483396 0.00802659 -0.0194972 -0.000304934 0.0179606 0.00727697 0.0319122 -0.0219323 -0.00236147 0.000753118
internal_weight=120110 40313.1 79796.8 39657.2 40139.7 35064.5 6112.52 20914.9 4592.67 16562.6 28952 26213.7 19518.8 13998.6 14099.4 9374.84 2583.24 3408.37 19224.8 6929.43 14401.6 2009.43 4352.3 19687.3 6163.23 6526.42 1537.66 3572.99 11497.9 2564.02
internal_count=481302 161728 319574 158900 160674 140455 24467 83705 18445 66293 115988 105042 78214 56025 56686 37709 10389 13637 76969 27864 57653 8056 17412 78867 24788 26175 6194 14294 46054 10268
is_linear=0
shrinkage=0.04


Tree=5
num_leaves=31
num_cat=0
split_feature=2 2 2 9 1 9 3 2 9 0 24 9 1 8 1 24 4 1 27 7 1 12 26 25 27 26 25 5 9 26
split_gain=1777.19 829.785 967.766 1203 649.739 552.473 466.593 310.894 282.007 246.41 178.346 145.999 141.51 123.564 104.454 88.8101 80.4592 77.8772 76.7238 68.7853 67.8733 57.5375 56.7016 53.7296 53.6971 52.1399 51.5981 41.2196 37.5955 37.4438
threshold=-3.157880197335316e-07 -1.5850123791238954e-07 2.7529285873129089e-07 3.0967788410770565e-05 -1.4488127941802984e-07 3.5693638584842535e-05 1.5940745168308015e-07 1.5481918058668501e-07 1.0440451450623294e-05 1.5989045643038938e-07 0.95117992676334129 4.1930365589034638e-05 -4.688012440468014e-07 1.1179364360619771e-05 2.0093636614149094e-05 -0.64746177553395012 -4.7675844427885744e-07 1.0000000180025095e-35 1.6724763450000188 3.7933563978399244e-05 1.5989807433669514e-07 0.35825067609288014 -0.23874303500001351 0.75487956349419616 1.5768588350000086 -0.028506890000000788 -0.65996547483228885 -7.0876779598272308e-05 2.5650016857957109e-06 -1.2216586350000056
decision_type=2 2 2 2 2 2 2 2 2 2 2 2 2 2 2 2 2 2 2 2 2 2 2 2 2 2 2 2 2 2
left_child=5 8 4 10 13 9 7 -6 16 12 14 25 18 15 -4 -3 -2 -8 22 26 27 -15 -1 -10 -13 -5 -7 -14 -18 -21
right_child=1 2 3 11 6 19 17 -9 23 -11 -12 24 20 21 -16 -17 28 -19 -20 29 -22 -23 -24 -25 -26 -27 -28 -29 -30 -31
leaf_value=-0.012863100766981441 0.016811107942755282 0.0027331722318572733 0.0098336210860041056 -0.0012337582525074164 -0.0049486901785788431 -0.014917963916349008 0.0049336741982546469 -0.016021607932953794 0.0056354600875145201 0.0066157534806134512 0.023473741131484167 0.0010889271793479464 -0.014985409180503301 -0.010570919360128668 0.018009464472220935 0.019423174851451345 0.043128664904690237 -0.0031375149910182042 0.0092194318336572753 0.0025442597141903068 0.0039722258045062596 0.0062184800609226829 -0.019648338264664982 0.026507204620838234 -0.0042376812596186956 0.0089782153736771789 -0.0052418023240402827 -0.0063302348102232684 0.030311907036126209 -0.0028477039500132933
leaf_weight=2822.4256011843681 424.37442052364349 662.06735268235207 5731.1490318924189 955.32142050564289 16922.045506894588 1133.5264083594084 7325.6771409809589 5337.032582655549 1201.3658296912909 938.88303351402283 3912.684487760067 16660.313744902611 1689.9994731396437 361.66902904212475 4459.1561873853207 2246.0025911033154 758.04039168357849 2585.5140109956264 171.40954890847206 2371.9123710542917 608.72439101338387 3168.0784035772085 6747.0121665596962 234.6430885642767 3698.1207228153944 4868.3605829030275 3985.5734723508358 1855.1435287594795 791.65649771690369 15567.722642749548
leaf_count=11291 1702 2656 23034 3827 67759 4536 29356 21354 4818 3761 15786 66745 6763 1449 17954 9019 3067 10354 686 9498 2438 12699 26994 943 14814 19540 15953 7427 3191 62328
internal_value=-9.01422e-06 0.0032912 0.00245573 0.00679261 -0.00206952 -0.00717708 -0.00439104 -0.00760534 0.0226029 -0.0131985 0.0162098 0.0017188 -0.0145388 0.00952766 0.0134153 0.0156309 0.0324076 0.0028273 -0.0171758 -0.00330227 -0.00834702 0.00449047 -0.0176514 0.0090886 0.000120666 0.00730219 -0.00739156 -0.0104653 0.0366421 -0.00213422
internal_weight=120196 82303.3 78893.2 40285.1 38608.1 37892.3 32170.3 22259.1 3410.08 14833.6 14103 26182.1 13894.7 6437.82 10190.3 2908.07 1974.07 9911.19 9740.85 23058.7 4153.87 3529.75 9569.44 1436.01 20358.4 5823.68 5119.1 3545.14 1549.7 17939.6
internal_count=481742 330067 316346 161700 154646 151675 128823 89113 13721 59360 56774 104926 55599 25823 40988 11675 7960 39710 38971 92315 16628 14148 38285 5761 81559 23367 20489 14190 6258 71826
is_linear=0
shrinkage=0.04


Tree=6
num_leaves=31
num_cat=0
split_feature=2 2 2 8 1 8 4 8 2 1 24 27 23 25 8 0 0 0 8 23 4 0 24 3 25 26 5 12 5 2
split_gain=1584.73 770.867 872.315 1061.54 606.562 481.046 373.638 263.783 220.979 183.397 160.457 137.922 124.162 118.397 103.352 102.77 101.764 80.8077 79.595 78.989 74.2633 71.56 67.5695 54.0028 50.7189 47.0065 44.3823 40.1625 38.3593 35.8197
threshold=-3.157880197335316e-07 -1.5850123791238954e-07 2.7529285873129089e-07 3.2361201371515536e-05 -1.4488127941802984e-07 3.2064367465954505e-05 1.1100851731171704e-06 6.4955400929479417e-06 1.5481918058668501e-07 3.1652853138552933e-07 0.95117992676334129 0.049987530000003839 0.9879915976884931 0.95262272094352718 1.0457043897940469e-05 -3.1344955697676364e-07 1.5932332253498774e-07 3.1285303503381106e-07 5.470717074271851e-05 -0.72134408937465955 -1.5895361471507383e-07 -1.5927952201622017e-07 -0.64746177553395012 -9.0029165074056988e-06 0.93120026042464366 -0.97082173000001071 -0.00020902854523896505 0.35825067609288014 -2.2285922813836119e-06 -1.5888690185761331e-07
decision_type=2 2 2 2 2 2 2 2 2 2 2 2 2 2 2 2 2 2 2 2 2 2 2 2 2 2 2 2 2 2
left_child=5 7 4 10 14 9 8 20 -6 11 15 17 21 -8 22 -4 18 23 19 25 -2 -5 -3 -1 29 -7 -13 -16 -22 -9
right_child=1 2 3 12 6 16 13 24 -10 -11 -12 26 -14 -15 27 -17 -18 -19 -20 -21 28 -23 -24 -25 -26 -27 -28 -29 -30 -31
leaf_value=-0.017831863729259826 0.017219804267804551 0.0037144424018565737 -0.0029259810093608331 -0.0049028519229758925 -0.0052860338693937001 -0.0019671899122407728 -0.00049889426060072714 0.00077374396757044111 -0.015353338854462804 0.0061208161874193069 0.021313030456804331 -0.014920973213522185 0.0070738446395985435 0.010345666250238623 -0.007411802684962901 0.013096952394860232 0.0024765974162523118 0.0021761996156159087 -0.0022327184178079522 -0.0029250054269617976 0.023166597253809269 0.0010946635228749125 0.01855484202423556 -0.010157471450665439 0.036267489430884627 -0.012370542964899218 -0.0024165605078146492 0.0063203125841682596 0.039343955062894571 0.013793015798437745
leaf_weight=8327.2808099836111 449.96046224236488 640.2508607506752 678.67563712596893 3992.185578763485 14481.494769826531 837.8912475258112 11253.59919077158 714.27083410322666 4597.010153234005 784.54042087495327 4173.6480575203896 592.56024108827114 4761.5961873233318 1877.2734099179506 378.28143511712551 10976.216336816549 4080.6662015318871 384.84837472438812 11280.426660507917 3739.3693378269672 312.76581329107285 15665.145802021027 2137.1164508908987 1799.5536286234856 99.502944365143776 4140.3556897044182 1931.8934560120106 3247.5904844254255 1161.3490123599768 641.94347457587719
leaf_count=33318 1809 2569 2725 15986 57976 3353 45082 2865 18395 3144 16868 2371 19108 7522 1515 44176 16343 1541 45160 14967 1265 62776 8593 7202 401 16566 7732 13022 4709 2578
internal_value=7.40233e-05 0.00319273 0.00239057 0.00651106 -0.00190436 -0.00669305 -0.00413991 0.0218926 -0.00771371 -0.0126408 0.0145789 -0.0137713 0.00128026 0.00105266 0.00933723 0.012163 -0.00327797 -0.0157878 -0.00445266 -0.00732313 0.0316066 -0.00012351 0.0151421 -0.0164714 0.00901829 -0.0106225 -0.00536546 0.00488205 0.0359589 0.00695411
internal_weight=120139 82239.9 78860.1 40247.5 38612.6 37899.4 32209.4 3379.79 19078.5 13820.7 15828.5 13036.1 24418.9 13130.9 6403.24 11654.9 24078.7 10511.7 19998 8717.62 1924.08 19657.3 2777.37 10126.8 1455.72 4978.25 2524.45 3625.87 1474.11 1356.21
internal_count=481637 329940 316313 161639 154674 151697 128975 13627 76371 55308 63769 52164 97870 52604 25699 46901 96389 42061 80046 34886 7783 78762 11162 40520 5844 19919 10103 14537 5974 5443
is_linear=0
shrinkage=0.04


Tree=7
num_leaves=31
num_cat=0
split_feature=2 9 4 4 2 26 8 1 1 4 24 9 1 8 9 1 2 9 12 23 18 23 27 18 6 28 12 23 16 9
split_gain=1465.63 1030.32 542.489 515.256 265.414 303.732 250.601 271.853 269.469 232.978 162.107 157.705 145.223 136.561 118.188 101.397 81.8577 76.1775 75.1482 65.2734 63.9589 60.8729 51.5784 50.7043 48.798 48.4676 46.6958 46.5908 46.2328 43.5637
threshold=2.7529285873129089e-07 3.0967788410770565e-05 -4.7675844427885744e-07 -1.0000000180025095e-35 1.4440937867732376e-07 -0.0088390200000059427 4.4840315502793092e-05 -4.688012440468014e-07 -1.4488127941802984e-07 1.5879986658973169e-07 0.94675391122658581 6.4729741252314794e-06 1.5453025969947023e-07 1.9122540216009151e-05 4.1930365589034638e-05 4.7966963911960658e-07 -1.5850123791238954e-07 2.4469148473348642e-05 0.26896206416227292 0.3828409945761172 0.99450045367099527 0.62640744257272207 -0.012432465000006295 0.029411764711861733 7.5421139380637411e-05 1.2689562399999799 0.56582974394798236 0.99854146620474038 0.0079681274902188518 3.6621032650778524e-06
decision_type=2 2 2 2 2 2 2 2 2 2 2 2 2 2 2 2 2 2 2 2 2 2 2 2 2 2 2 2 2 2
left_child=2 10 6 11 5 18 7 17 19 29 15 16 -7 -10 21 -2 -4 25 -5 -9 27 -3 -13 -19 -8 -1 -11 -16 -17 -6
right_child=1 14 3 4 9 12 24 8 13 26 -12 22 -14 -15 20 28 -18 23 -20 -21 -22 -23 -24 -25 -26 -27 -28 -29 -30 -31
leaf_value=-0.017873329192782277 0.0064784667248925908 0.0012848391464034814 0.03712002010361496 -0.011665437992298584 -0.029476056981880123 0.0050813958781493031 -0.0033042908259315706 -0.001272546699706136 -0.011320764198732732 -0.007893065283145647 0.021803111193246624 -0.0061708821098568649 -0.0057544544029875678 -0.0036505058329070151 -0.0025731663912990387 0.016081293853640488 0.018114317286438492 -0.012575590398413947 -0.0030495628554702038 0.0093833582916800391 0.0027773313387449788 0.0097524971629264802 0.012365864511373626 -0.0038278636056605321 0.0019536976242393628 0.0085446028903606325 0.0011917480935247228 0.006044104048172425 0.0042743307831247489 -0.015810954284179654
leaf_weight=4641.3221985697746 3272.6714074313641 2171.9130586236715 617.7896446287632 1935.4483035355806 730.00249072909355 16129.904278054833 8898.2101931124926 1767.7081986069679 8124.0374082177877 1995.7715062946081 3999.0408506691456 375.81530797481537 2253.0961849093437 6851.1545037776232 10786.458202645183 6184.3736877739429 901.9408910125494 4154.0746521949768 9914.7533745467663 1911.917581319809 8464.5804039388895 3635.5503481626511 655.80366313457489 1429.7388538122177 4133.2261333018541 112.20111475884914 1652.1871874332428 1104.2448607832193 584.24375554919243 792.32073681056499
leaf_count=18579 13164 8708 2525 7747 2924 64701 35616 7085 32508 7989 16206 1507 9023 27418 43200 24949 3629 16620 39701 7672 33925 14615 2638 5721 16553 449 6615 4429 2355 3171
internal_value=1.8045e-05 0.00624819 -0.00311371 0.000352593 -0.000898857 0.000533432 -0.00624438 -0.00831521 -0.00543019 -0.00927169 0.0149884 0.0177051 0.00375241 -0.00781317 0.00155656 0.0122692 0.0258907 -0.0135185 -0.00445934 0.00426509 0.000119992 0.00658858 0.00560854 -0.0103394 -0.00163608 -0.0172445 -0.00377876 -0.00177135 0.0150649 -0.0224038
internal_weight=120182 40203.1 79978.4 37954.8 35403.5 30233.2 42023.6 28992.2 18654.8 5170.28 14040.3 2551.35 18383 14975.2 26162.7 10041.3 1519.73 10337.3 11850.2 3679.63 20355.3 5807.46 1031.62 5583.81 13031.4 4753.52 3647.96 11890.7 6768.62 1522.32
internal_count=481942 161551 320391 152170 141871 121172 168221 116052 74683 20699 56674 10299 73724 59926 104877 40468 6154 41369 47448 14757 81554 23323 4145 22341 52169 19028 14604 47629 27304 6095
is_linear=0
shrinkage=0.04


Tree=8
num_leaves=31
num_cat=0
split_feature=2 2 1 9 1 9 8 4 9 1 1 9 9 24 3 18 3 5 27 4 5 26 28 4 6 6 10 9 20 6
split_gain=1379.47 839.608 794.543 830.304 424.032 391.565 233.548 226.253 272.088 212.277 177.71 155.108 126.442 114.517 97.3109 80.5504 73.4054 69.6249 66.3856 63.5186 59.7285 59.1834 55.2062 49.9972 49.2697 48.4531 48.4382 43.6142 38.3286 63.6719
threshold=-1.5934707242593047e-07 -1.5850123791238954e-07 1.5989807433669514e-07 3.8994198084406929e-05 1.5453025969947023e-07 3.3853997421636924e-05 4.8535833726001709e-06 1.1100851731171704e-06 2.0932329935508302e-05 -1.4488127941802984e-07 3.1652853138552933e-07 1.0440451450623294e-05 2.3231311152169112e-05 -0.50329094770584348 2.1612321167374663e-05 0.029411764711861733 4.7431386178686816e-06 -2.2285922813836119e-06 -0.33973871499999903 1.5879986658973169e-07 -7.0876779598272308e-05 -0.14426758000001502 1.8695181849999762 -5.3098584345434567e-05 3.1103150706255449e-05 2.399896968103781e-05 0.99999567751677154 1.583415337259973e-05 -0.25879424015035946 6.1195464763282072e-05
decision_type=2 2 2 2 2 2 2 2 2 2 2 2 2 2 2 2 2 2 2 2 2 2 2 2 2 2 2 2 2 2
left_child=5 11 4 12 7 10 19 9 -9 -3 13 17 14 18 -4 28 -8 -2 25 -6 27 -14 -22 -20 -5 -1 -17 -15 -7 -30
right_child=1 2 3 24 6 15 16 8 -10 -11 -12 -13 21 20 -16 26 -18 -19 23 -21 22 -23 -24 -25 -26 -27 -28 -29 29 -31
leaf_value=-0.016374607017424624 0.019011172170302584 0.0043654914845442155 0.011877218537046387 0.0046939789050099981 -0.023985092067753681 -0.003039297471561802 -0.0088088838798579868 0.0097655988726883785 -0.00014349956800918304 -0.0044510200005540915 0.0064921779879273814 0.011508353666265523 -0.0025510016367963763 -0.022347376085813785 0.021961389321208568 -0.0013446981676784855 0.00016393089768750838 0.03559452272563491 -0.023825623999345735 -0.0096216850542654234 -0.0062723835124365206 0.011813403725220344 0.013422231152214754 -0.014694613568726173 -4.3714979043288012e-05 -0.0070610724125463433 0.0072620644028897289 -0.010041637316489384 -0.0098322485076749021 -0.0017929299327904674
leaf_weight=1898.8450495004654 599.1740320622921 6018.622910246253 2339.0274908542633 4990.7487802356482 1684.750697106123 7756.4921052753925 3397.8090516626835 7613.817204490304 10607.185822695494 15924.887944713235 822.23850886523724 1080.9652301371098 495.58596912026405 604.54045471549034 4508.5366453826427 8152.051481038332 2552.4892343133688 1330.5550086647272 2062.1916863024235 704.76344335079193 2963.643509849906 5966.6095626056194 244.25610722601414 1838.7841524928808 11832.040829256177 1704.3071216642857 1197.7742522656918 1976.8113331198692 4668.6797384470701 2383.9967494010925
leaf_count=7601 2421 24162 9446 20010 6748 31044 13598 30575 42530 63765 3295 4346 1989 2420 18291 32637 10238 5428 8258 2823 11863 24050 978 7361 47411 6821 4797 7911 18682 9544
internal_value=2.46289e-05 0.00296198 0.00216784 0.00726885 -0.00100117 -0.00624097 -0.00920736 0.000703079 0.00399752 -0.00203236 -0.0115335 0.023684 0.0147328 -0.0126499 0.018523 -0.00314754 -0.00496031 0.0304786 -0.0159124 -0.0197652 -0.00841514 0.0107103 -0.00476201 -0.0195348 0.00136191 -0.0119786 -0.000239893 -0.012944 -0.00498255 -0.00711712
internal_weight=119922 81647.6 78636.9 30132.5 48504.3 38274.6 8339.81 40164.5 18221 21943.5 14115.6 3010.69 13309.8 13293.4 6847.56 24159 5950.3 1929.73 7504.13 2389.51 5789.25 6462.2 3207.9 3900.98 16822.8 3603.15 9349.83 2581.35 14809.2 7052.68
internal_count=481043 327831 315636 121197 194439 153212 33407 161032 73105 87927 56508 12195 53776 53213 27737 96704 23836 7849 30041 9571 23172 26039 12841 15619 67421 14422 37434 10331 59270 28226
is_linear=0
shrinkage=0.04


Tree=9
num_leaves=31
num_cat=0
split_feature=2 8 3 3 8 2 3 23 25 26 26 10 3 8 1 8 26 23 2 8 18 8 18 1 1 25 11 26 5 18
split_gain=1238.27 840.335 533.308 731.23 336.788 288.071 214.113 159.929 158.844 141.714 133.498 119.614 118.85 113.51 104.874 96.4883 91.4556 85.7232 83.3943 76.322 75.1222 69.2547 65.5798 72.9863 55.0879 48.2629 48.055 47.4032 44.9685 43.6728
threshold=2.7529285873129089e-07 3.2674119241806512e-05 -3.1738195449548806e-07 -1.5593938762492596e-07 1.9387116326126004e-05 1.4440937867732376e-07 1.5940745168308015e-07 -0.83575897646076569 0.9586522765761688 -0.031051500000002483 -0.010062460000006218 0.99999999967231568 2.1612321167374663e-05 5.470717074271851e-05 -2.0021287398641615e-05 1.6708330682848468e-05 -0.02109268000000632 0.9879915976884931 -1.5850123791238954e-07 3.36494885093139e-07 0.99809342057394923 3.6036718995917873e-06 0.029411764711861733 -1.2468930181697144e-06 2.3504972199717149e-06 0.86704348603312897 0.30000000000001503 -1.0371548700000015 1.352621934458398e-05 0.99638989169470749
decision_type=2 2 2 2 2 2 2 2 2 2 2 2 2 2 2 2 2 2 2 2 2 2 2 2 2 2 2 2 2 2
left_child=2 9 4 10 11 8 21 13 16 -2 26 14 -11 27 -1 28 -5 25 -12 -10 -16 -7 23 -9 -17 29 -4 -6 -14 -3
right_child=1 17 3 5 7 6 -8 22 19 12 18 -13 15 -15 20 24 -18 -19 -20 -21 -22 -23 -24 -25 -26 -27 -28 -29 -30 -31
leaf_value=-0.016975632769464757 0.0021338725139764592 -0.0019764699940494541 -0.017132604224845069 -0.003909281876590758 -0.0028173919830574152 -0.021400623765605427 -0.00084952274324978508 -0.0065011550408320849 -0.0011968747990886602 0.0089716848872279341 0.030075388234467943 -0.019761000280234843 0.014574641679140807 -0.0017390678901608057 -0.0050520453231056644 0.0071544401930114269 0.0010308839312734492 0.0058833897785208833 0.016047874379321887 0.014893608052002997 -0.01569133442304194 -0.0099362510598319277 0.0016106778345163319 -0.0001799575636995987 0.015919956393248266 0.012341543100653149 0.0074040284592342192 -0.012043093161892591 0.024341310099263731 0.0019395324162882544
leaf_weight=2380.6956784129143 1752.7574957609177 11543.758980840445 159.13327571749687 8835.2216485291719 1051.7354848980904 1772.0096268504858 2708.2386630028486 5874.5951327085495 656.70178230106831 4686.3765780925751 1051.9099016189575 2441.5811605602503 1059.0195041000843 3384.1639442592859 5313.5764649659395 1611.0834023356438 18641.258883193135 4735.0893229097128 1951.0836160480976 1662.4711040109396 1327.3914561420679 1626.0963162183762 6676.792210355401 5817.8366620391607 4060.8242798447609 482.99475167691708 606.9829965531826 5962.0100126564503 2786.4067272096872 7523.9830865710974
leaf_count=9538 7055 46244 639 35371 4209 7103 10845 23512 2634 18912 4310 9773 4294 13545 21282 6499 74749 19022 7851 6675 5312 6506 26731 23291 16451 1939 2448 23861 11322 30164
internal_value=1.98638e-05 0.00574179 -0.00286199 0.000428771 -0.00610698 -0.00133108 -0.00924402 -0.00379582 0.000291018 0.0128721 0.0171837 -0.0119043 0.0141962 -0.00775951 -0.00977268 0.0167653 -0.000557639 0.0010559 0.0209836 0.0103383 -0.00718442 -0.0159272 -0.00155112 -0.00335709 0.0134353 -0.00011356 0.00226203 -0.010662 0.0216639 -0.000430882
internal_weight=120144 40242.3 79901.5 39671.1 40230.4 35902 6106.34 28767.1 29795.7 15956.5 3769.11 11463.2 14203.7 10397.9 9021.66 9517.33 27476.5 24285.8 3002.99 2319.17 6640.97 3398.11 18369.2 11692.4 5671.91 19550.7 766.116 7013.75 3845.43 19067.7
internal_count=482087 161902 320185 159131 161054 143883 24454 115149 119429 64533 15248 45905 57478 41615 36132 38566 110120 97369 12161 9309 26594 13609 73534 46803 22950 78347 3087 28070 15616 76408
is_linear=0
shrinkage=0.04


Tree=10
num_leaves=31
num_cat=0
split_feature=2 2 3 9 3 9 2 0 1 2 3 8 9 23 1 25 24 0 0 28 27 0 9 8 26 8 23 21 25 27
split_gain=1166.18 732.421 699.029 773.486 385.589 373.929 244.908 214.29 204.016 272.91 161.602 149.562 146.775 138.86 110.353 98.5023 83.5181 79.6347 75.5516 63.4677 55.6248 54.7296 51.6292 46.9865 45.0581 43.6595 88.9718 40.4354 35.3931 28.2638
threshold=-1.5934707242593047e-07 -1.5850123791238954e-07 1.5940745168308015e-07 2.5171861927989489e-05 1.0000000180025095e-35 3.6359018168923121e-05 2.0009511834118147e-05 3.1285303503381106e-07 -1.4488127941802984e-07 2.7529285873129089e-07 -1.5909248585188604e-07 6.4955400929479417e-06 3.6621032650778524e-06 0.98124355827331111 3.1652853138552933e-07 -0.74042381513545175 0.98598891414035483 -1.5968937194799079e-07 1.5989045643038938e-07 -0.80784174500002226 1.6724763450000188 -1.5968937194799079e-07 9.0798687300312614e-08 3.6877189262931519e-05 0.23973090000000338 5.7228164624695476e-05 -0.657146771230812 -5.2265596556252474 0.90090746234287622 0.063085000000012562
decision_type=2 2 2 2 2 2 2 2 2 2 2 2 2 2 2 2 2 2 2 2 2 2 2 2 2 2 2 2 2 2
left_child=5 11 4 6 8 7 16 14 10 -10 -3 22 -6 21 15 19 -4 -8 25 -1 -17 -5 -2 -15 -14 26 -7 29 -13 -24
right_child=1 2 3 13 12 18 17 -9 9 -11 -12 28 24 23 -16 20 -18 -19 -20 -21 -22 -23 27 -25 -26 -27 -28 -29 -30 -31
leaf_value=-0.012550470854210117 0.042088175373338983 0.00040846456844910938 0.0065941572414663129 -0.0053167370756579749 -0.026844037657867647 -0.0092029927067065597 -0.0059654832252066985 0.0077722178289369613 -0.0048380433189285279 0.0040217056714850425 0.013342172899986278 0.0082308036836660735 -0.010218269384609005 0.010082408985029809 0.0049313042300320785 -0.010853036503038229 0.015871195273265991 0.019657959491492953 0.0025580978354275081 -0.022758166071918641 0.008228460056568028 0.00055774353165288825 0.030254520783816217 0.0032675825034023886 0.014383247663751628 -0.0018514230313674651 -0.00079435310274793779 0.007968869592230296 0.031937429002851764 0.012167693084442571
leaf_weight=1893.4842159450054 387.53135357797146 3674.0001895278692 7455.8207207024097 2981.8602126985788 998.5008500367403 4860.7711240053177 199.26475188136101 954.92687824368477 18265.484258830547 7995.7228645384312 2667.2823180705309 1031.3595227748156 3072.3675505965948 2996.5380976945162 604.59405021369457 9669.4260353446007 1963.6447844356298 5912.1109676510096 3912.4691288173199 2043.3281004428864 248.75926953554153 16942.237500622869 1137.9553632885218 3532.7982755601406 121.68578831851482 10676.815155819058 3439.4308043718338 187.43284474313259 110.1083201020956 163.734225705266
leaf_count=7583 1611 14729 29981 11940 4004 19447 806 3825 73131 32118 10745 4149 12304 12086 2422 38719 7917 24062 15670 8190 996 67949 4642 14184 488 42735 13765 762 447 667
internal_value=1.46115e-05 0.0027119 0.00197062 0.0054979 -0.00205405 -0.00574505 0.012583 -0.0105607 -0.000585056 -0.00214018 0.0058526 0.0220421 -0.0134691 0.00133726 -0.0117729 -0.012503 0.0085323 0.0188195 -0.00250101 -0.0178607 -0.010372 -0.00032167 0.0289851 0.00639862 -0.00926904 -0.00354455 -0.00572059 0.0255089 0.010585 0.0280106
internal_weight=120101 81797.4 78779.3 41984.3 36795 38304 15530.8 15414.5 32602.5 26261.2 6341.28 3018.12 4192.55 26453.4 14459.6 13855 9419.47 6111.38 22889.5 3936.81 9918.19 19924.1 1876.65 6529.34 3194.05 18977 8300.2 1489.12 1141.47 1301.69
internal_count=482074 328722 316444 168925 147519 153352 62766 61735 130723 105249 25474 12278 16796 106159 57910 55488 37898 24868 91617 15773 39715 79889 7682 26270 12792 75947 33212 6071 4596 5309
is_linear=0
shrinkage=0.04


Tree=11
num_leaves=31
num_cat=0
split_feature=2 8 3 3 8 2 8 0 26 25 26 23 8 21 5 1 0 8 0 1 8 23 7 2 3 12 27 12 15 3
split_gain=1076.24 709.234 488.936 696.174 275.257 263.898 172.517 142.824 141.399 141.355 122.098 119.36 114.819 96.679 85.9664 85.1922 114.365 82.7673 81.2893 65.543 60.7168 56.0583 55.7867 54.248 51.9919 45.7458 45.1495 39.049 38.508 37.3719
threshold=1.5916939055671267e-07 3.2361201371515536e-05 -3.1738195449548806e-07 -1.5593938762492596e-07 1.9387116326126004e-05 1.4440937867732376e-07 7.4134217077478737e-07 3.1285303503381106e-07 -0.031051500000002483 0.98041935922387158 -0.0088390200000059427 -0.67079429053723072 5.7228164624695476e-05 -7.7223810637293848 3.6259555514561732e-05 -4.688012440468014e-07 -1.4346875065740503e-07 4.201615191918306e-06 -4.6823564137099533e-07 3.1652853138552933e-07 1.5509128907419834e-05 0.99984343711255674 5.4532269056679747e-06 -1.5545188780663463e-07 -1.5866194669200692e-07 0.62592437531017431 0.59327657000001699 0.4870504824732847 0.23100961538526329 2.1612321167374663e-05
decision_type=2 2 2 2 2 2 2 2 2 2 2 2 2 2 2 2 2 2 2 2 2 2 2 2 2 2 2 2 2 2
left_child=2 8 4 10 15 9 -7 11 25 13 27 12 -6 -5 -10 28 -17 24 -3 -18 29 -20 -8 -11 -12 -2 -22 -4 -1 -16
right_child=1 18 3 5 7 6 22 -9 14 23 17 -13 -14 -15 20 16 19 -19 21 -21 26 -23 -24 -25 -26 -27 -28 -29 -30 -31
leaf_value=-0.016230253128131096 -0.0024476361751309991 -0.0041686362280088651 -0.0098205378523904176 0.0018270745560269128 -0.010186090312152648 -0.020820057524550913 -0.0093307376941020714 0.0043728308118917824 0.0096261248973999614 0.027693971619192303 0.032402460132476933 -0.0021304692952704451 -0.0017430933353035406 -0.0028587120017256884 0.012837678662009988 0.0029841967738589215 -0.011481659451330744 0.01183306597671213 0.0013317806526134698 0.010040880577318907 0.015200182673094829 0.008351307938068972 -0.00026799652808573692 0.0083764991753706892 0.018901757701026759 0.012925771935562996 0.0060002946510469158 0.0090660699679090545 0.0037320169404982677 0.023057087399040062
leaf_weight=4181.25792722404 1347.7538613975048 4060.8038644790649 262.74940364062786 14692.436175480485 8418.9142772704363 1486.5427397787571 2295.2639119625092 3092.4409927725792 6277.4867832511663 283.32848308980465 926.05591489374638 13467.321352615952 3717.9112883806229 13530.184297904372 790.54105658829212 1180.791980728507 5723.8676134943962 1118.4633879363537 18455.145252391696 233.64613592624664 3870.0143007785082 2017.9195362180471 2065.0141772031784 1286.7306120246649 936.14700794219971 399.40078258514404 1103.5876340419054 513.29044729471207 159.20373094081879 2220.1971759051085
leaf_count=16771 5427 16259 1056 58924 33703 5971 9188 12389 25423 1145 3815 53906 14879 54213 3199 4735 22913 4511 74009 936 15703 8116 8271 5164 3800 1611 4481 2075 638 9070
internal_value=-3.08513e-05 0.00527335 -0.00273357 0.000432665 -0.00583839 -0.00129395 -0.00906186 -0.0037435 0.0118221 0.000230916 0.0168048 -0.00472434 -0.00760107 -0.000419174 0.0131377 -0.0110732 -0.00837929 0.0204822 0.000999161 -0.0106329 0.0158941 0.00202485 -0.00504254 0.0119032 0.0256518 0.00107622 0.0131639 0.00265322 -0.015495 0.0203881
internal_weight=120114 40542.9 79571.6 39396.2 40175.4 35639.5 5846.82 28696.6 16009 29792.7 3756.71 25604.1 12136.8 28222.6 14261.8 11478.8 7138.31 2980.67 24533.9 5957.51 7984.34 20473.1 4360.28 1570.06 1862.2 1747.15 4973.6 776.04 4340.46 3010.74
internal_count=482301 163298 319003 158133 160870 142876 23430 114877 64914 119446 15257 102488 48582 113137 57876 45993 28584 12126 98384 23849 32453 82125 17459 6309 7615 7038 20184 3131 17409 12269
is_linear=0
shrinkage=0.04


Tree=12
num_leaves=31
num_cat=0
split_feature=1 1 2 9 0 8 3 9 2 8 0 24 8 24 7 9 6 10 21 21 18 24 26 25 9 23 18 3 20 21
split_gain=963.039 628.499 752.822 682.188 320.731 306.213 259.422 234.608 230.317 138.163 114.831 113.955 111.611 83.7387 71.6401 63.521 60.0172 55.7748 50.7696 48.7652 39.9769 37.1313 35.4446 33.6485 32.7481 32.5315 29.3797 28.9154 28.9111 26.6077
threshold=-3.0931223271579706e-07 -1.5851020673807168e-07 2.7529285873129089e-07 3.5693638584842535e-05 -1.4669004944067862e-07 4.4396529892417644e-05 4.7121119539639272e-07 1.0440451450623294e-05 1.5481918058668501e-07 1.0930073002334077e-05 1.5989045643038938e-07 0.96316955970637685 2.5818321247311907e-05 -0.50329094770584348 1.0856700907915923e-05 2.3482456363014469e-05 2.8276114042116169e-05 0.97553833743779217 -5.5284326639051029 -4.6612131641467984 0.029411764711861733 0.51871885663151285 -0.23874303500001351 0.75487956349419616 2.3231311152169112e-05 0.99356792938695848 0.018518518513403394 -3.1738195449548806e-07 -0.23163193432897386 -5.2265596556252474
decision_type=2 2 2 2 2 2 2 2 2 2 2 2 2 2 2 2 2 2 2 2 2 2 2 2 2 2 2 2 2 2
left_child=5 7 4 11 9 10 8 18 -6 21 13 15 -8 16 -5 -4 28 -16 27 -11 -7 -3 -18 29 -13 26 -15 -2 -1 -9
right_child=1 2 3 14 6 20 12 23 -10 19 -12 24 -14 25 17 -17 22 -19 -20 -21 -22 -23 -24 -25 -26 -27 -28 -29 -30 -31
leaf_value=-0.01276702948042692 0.017719118025821812 0.010107637777721392 0.01290072585458028 0.017637784374705673 -0.0033512063933514992 -0.0036688461040244634 0.0053257358806118437 0.0077207482754930905 -0.012490209183461845 0.0051253078456624081 0.0026430332652179638 0.020863166898043836 -0.0024100012992830698 -0.0097894047697335215 -0.00093748126596380338 0.0069536145144796857 -0.0053942875049706566 0.0034000430136090242 0.012770139164856167 -0.0044286018141788553 0.00032796811806397623 0.020689866338077036 -0.01477932806556588 0.02091898312536996 0.012933519609320203 0.003354796519098804 -0.0033323728085162875 0.033310626422428137 -0.019077232791395133 -0.0062561598593414451
leaf_weight=2043.0536912530661 233.26919147372246 1204.3127291202545 6519.0568394213915 408.24873651564121 24482.501205414534 10347.148612245917 6813.7483921945095 1038.025991126895 5381.6880685091019 2986.2480982095003 1083.5240146070719 2551.4178933054209 5304.9323973208666 5001.037829875946 12129.09995007515 5168.9740598797798 1689.9485589116812 7784.8574210256338 291.53091895580292 1194.5171364992857 6525.8368393629789 964.61209237575531 1045.8258410841227 244.71020397543907 1270.4372950643301 403.09413097798824 1463.6866611838341 1381.5604089796543 2802.7968496531248 273.24471969902515
leaf_count=8195 938 4844 26496 1643 98091 41407 27332 4178 21570 11974 4341 10476 21252 20032 48622 20870 6769 31238 1191 4784 26130 3892 4194 993 5163 1620 5861 5700 11247 1098
internal_value=3.68708e-05 0.00221577 0.00152832 0.00592181 -0.00172886 -0.00585449 -0.00299624 0.0189121 -0.00499918 0.0066478 -0.00990672 0.0122388 0.00193913 -0.0108485 0.0010995 0.0102731 -0.0137485 0.000758068 0.0283126 0.00239318 -0.00212285 0.0148344 -0.00899398 0.00736513 0.0182386 -0.00764253 -0.00833017 0.0310917 -0.0164257 0.00479754
internal_weight=120033 87627 84164.7 35832.1 48332.6 32406 41982.9 3462.34 29864.2 6349.69 15533 15509.9 12118.7 14449.4 20322.2 11688 7581.62 19914 1906.36 4180.77 16873 2168.92 2735.77 1555.98 3821.86 6867.82 6464.72 1614.83 4845.85 1311.27
internal_count=482141 352345 338247 144508 193739 129796 168245 14098 119661 25494 62259 63005 48584 57918 81503 47366 30405 79860 7829 16758 67537 8736 10963 6269 15639 27513 25893 6638 19442 5276
is_linear=0
shrinkage=0.04


Tree=13
num_leaves=31
num_cat=0
split_feature=1 9 3 3 1 9 24 7 3 9 23 1 1 21 23 9 0 0 0 3 7 6 13 18 19 23 9 4 24 15
split_gain=946.065 605.217 529.06 583.335 244.307 213.721 174.56 172.689 170.8 143.502 122.199 117.539 125.453 86.5813 72.2827 69.6158 67.1507 61.7533 61.405 57.7206 52.398 49.6129 47.7934 47.7898 51.9634 45.9085 45.531 46.0366 42.7021 42.514
threshold=1.5989807433669514e-07 3.8994198084406929e-05 -3.1738195449548806e-07 -1.0000000180025095e-35 1.5453025969947023e-07 2.4697952702025696e-05 0.92623031862129013 1.1290508484014398e-07 1.5940745168308015e-07 1.0440451450623294e-05 0.98124355827331111 -4.688012440468014e-07 -1.5466872937963669e-07 -8.0405243216793156 -0.78875611347948038 1.1180323490380291e-06 -1.4346875065740503e-07 -1.5968937194799079e-07 1.5989045643038938e-07 -1.5852741963584546e-07 7.7577949250830883e-08 5.7504632792433812e-05 0.42201277602919851 0.99315068492763281 -0.22870544720357908 -0.6968355352641501 2.422952787209075e-05 3.5100342107519118e-05 0.60688343089398045 0.015775647524505585
decision_type=2 2 2 2 2 2 2 2 2 2 2 2 2 2 2 2 2 2 2 2 2 2 2 2 2 2 2 2 2 2
left_child=2 10 5 9 6 11 13 -8 15 19 17 18 25 -5 21 -6 -14 -2 29 20 -4 -7 -11 24 -3 -13 27 -19 -16 -1
right_child=1 23 3 4 8 14 7 -9 -10 22 -12 12 16 -15 28 -17 -18 26 -20 -21 -22 -23 -24 -25 -26 -27 -28 -29 -30 -31
leaf_value=-0.015914863955419984 -0.0036345159449299451 0.0013688049232620722 0.033596980529236417 0.0013759471537571157 -0.027724478447905411 -0.0078733660267579185 -0.0020618683960853357 0.01033768926241164 -0.0015152916736432523 -0.010022902910862393 0.015978137585644477 -0.0071395414355732573 0.0048333173513579169 -0.0031804113191147418 -0.0011929619977538389 -0.011878128303604837 -0.010407136665888137 0.0078232977166050651 0.0044498153939302306 0.013240237786193357 0.018489129000426853 -0.0015558752223017967 0.0085726898388325187 0.0032144224095734444 -0.0043901166617843551 0.0069394545343104295 0.0063827605800357151 0.016779887190008974 -0.0081347652482440976 0.001895693385865926
leaf_weight=5008.9036127328873 613.05325865745544 6913.2808524221182 699.58421520888805 12626.555294305086 533.58673739433289 7385.7775113582611 2835.8227449208498 4897.2522884756327 3244.2889577895403 250.14379122853279 6372.5548976361752 523.7142957597971 499.51117117702961 14143.956103488803 14695.284098282456 2664.481340944767 5964.7698941230774 1707.5387472808361 267.26512557268143 1041.6559438407421 805.00750251114368 2727.0129745453596 1779.5529959350824 9082.1101820021868 3929.3891648054123 1250.1559907644987 3663.3273380845785 2012.1892850100994 1567.5891280323267 222.8922246992588
leaf_count=20124 2468 27706 2914 50682 2149 29570 11377 19738 13027 1003 26019 2098 2001 56695 58832 10680 23884 6915 1070 4204 3315 10916 7167 36426 15740 5020 14766 8231 6276 894
internal_value=-2.63365e-05 0.00558747 -0.00227462 0.00067662 -0.000837265 -0.0056238 0.000497844 0.0057906 -0.00798621 0.0142176 0.0118442 -0.00966946 -0.00664196 -0.00103121 -0.00351579 -0.0145427 -0.00922718 0.00854516 -0.014199 0.0205397 0.0255601 -0.00617116 0.00626885 0.00107424 -0.000718188 0.00277539 0.00955816 0.0126777 -0.00186356 -0.0151544
internal_weight=119928 34293.4 85634.8 45521.9 40945.9 40112.9 34503.6 7733.08 6442.36 4575.94 14368.7 13737.2 8238.15 26770.5 26375.7 3198.07 6464.28 7996.11 5499.06 2546.25 1504.59 10112.8 2029.7 19924.8 10842.7 1773.87 7383.06 3719.73 16262.9 5231.8
internal_count=481907 138271 343636 182951 164348 160685 138492 31115 25856 18603 58399 55091 33003 107377 105594 12829 25885 32380 22088 10433 6229 40486 8170 79872 43446 7118 29912 15146 65108 21018
is_linear=0
shrinkage=0.04


Tree=14
num_leaves=31
num_cat=0
split_feature=1 9 3 3 1 8 25 9 13 10 1 23 24 9 26 8 8 5 21 0 3 26 10 19 5 26 21 3 27 9
split_gain=851.38 588.684 499.419 487.29 233.402 218.818 172.215 171.171 136.341 125.687 114.247 109.631 107.681 104.445 85.1379 82.4151 78.2164 75.2648 75.1033 67.7374 61.8224 54.3826 48.224 47.6316 47.3585 44.8331 39.8271 38.9576 36.867 46.7672
threshold=1.5989807433669514e-07 3.8994198084406929e-05 -3.1738195449548806e-07 -1.0000000180025095e-35 1.4446315077520924e-07 1.9913628304731526e-05 0.95262272094352718 5.3249303244118485e-06 0.50640550694040765 0.99999999967231568 -3.0931223271579706e-07 -0.78875611347948038 0.96686672999749856 2.2430991496209272e-06 0.091590104999989416 5.248746187247771e-05 3.36494885093139e-07 -5.9239196547267163e-05 -5.2738140557386108 -1.5968937194799079e-07 1.5940745168308015e-07 -0.076265169999988724 0.93171499350613607 -0.22699260427059445 3.899419602770849e-05 -0.22892809499999769 -3.4008624379050008 -1.5866194669200692e-07 -0.84019953999999974 0.00017912398230634786
decision_type=2 2 2 2 2 2 2 2 2 2 2 2 2 2 2 2 2 2 2 2 2 2 2 2 2 2 2 2 2 2
left_child=2 12 5 8 6 9 10 -6 -4 14 -5 15 19 27 17 25 -8 -1 -15 -2 -9 -21 23 -3 -23 -7 -11 -10 -13 -30
right_child=1 22 3 4 7 11 16 20 13 26 -12 28 -14 18 -16 -17 -18 -19 -20 21 -22 24 -24 -25 -26 -27 -28 -29 29 -31
leaf_value=-0.012535259709401433 -0.0018630149662726184 0.0011398551331242364 -4.5794573132247427e-05 -0.0038790618303685864 -0.020191216034658503 -0.0058935266144700404 -0.0021484016772871785 -0.0094176900517741659 0.036481443583342571 -0.018909452233577699 0.001439481538543212 0.002150900900853799 0.018255284191623835 0.015885121687046526 0.0072659976445795006 -0.0018930089340974548 0.01346782352420106 -0.0051502026581534055 -0.0019504212387877144 0.003343746052716551 -0.00062153287786742074 0.0085452510442389096 0.0032010098867128402 -0.0043198199243564238 0.01436162784042372 -0.012322548041347374 0.0039478530327536464 0.019382524313155292 -0.0019831492688726186 -0.017068101032533322
leaf_weight=4222.035332724452 744.88142387568951 7314.2148947417736 973.44223672151566 9102.5481022745371 1339.0558355748653 3461.7874885946512 658.84781265258789 2150.1342227309942 480.87821826338768 2400.7762029767036 22261.117948874831 3684.2051410973072 3056.0478626936674 2244.1318421214819 568.80422289669514 3943.6433503776789 2299.0848444402218 4646.4207815825939 452.81777906417847 1430.6080097258091 3153.1110074222088 4097.7982749789953 8679.0167827308178 3926.986439704895 5002.3458635210991 3505.7317272871733 127.24378384649754 405.27019871771336 13292.779994145036 334.96277567744255
leaf_count=16945 3001 29315 3926 36442 5389 13866 2646 8617 2025 9629 89409 14751 12574 9118 2280 15781 9279 18642 1831 5760 12659 16626 34815 15729 20380 14050 510 1662 53222 1341
internal_value=7.97015e-05 0.00541009 -0.00205051 0.000818361 -0.000562075 -0.00530001 0.000766188 -0.00742408 0.0132237 -0.00983293 -0.000104085 -0.00337738 0.0115918 0.016828 -0.00770646 -0.00651733 0.00998853 -0.00866915 0.0128892 0.00978175 -0.0041916 0.0106062 0.000961467 -0.000767402 0.0117461 -0.0091323 -0.0177539 0.0287417 -0.00139739 -0.00235731
internal_weight=119961 34251.9 85708.8 45520.4 40963.9 40188.4 34321.6 6642.3 4556.54 11965.3 31363.7 28223.1 14331.7 3583.1 9437.26 10911.2 2957.93 8868.46 2696.95 11275.6 5303.25 10530.8 19920.2 11241.2 9100.14 6967.52 2528.02 886.148 17311.9 13627.7
internal_count=482220 138200 344020 183003 164441 161017 137776 26665 18562 48006 125851 113011 58341 14636 37867 43697 11925 35587 10949 45767 21276 42766 79859 45044 37006 27916 10139 3687 69314 54563
is_linear=0
shrinkage=0.04


Tree=15
num_leaves=31
num_cat=0
split_feature=2 2 3 9 9 3 2 10 9 23 9 23 24 9 26 18 27 9 24 4 5 12 10 4 26 28 9 26 20 10
split_gain=792.412 610.313 455.076 583.273 290.575 287.713 162.38 157.514 134.428 133.906 109.73 99.2981 93.0135 87.3508 77.3005 71.5795 68.0956 67.4379 59.7981 59.2532 58.6364 58.243 52.3566 49.6924 49.2554 45.4054 45.175 43.9497 41.4388 36.8858
threshold=-1.5934707242593047e-07 -1.5850123791238954e-07 4.7121119539639272e-07 2.5171861927989489e-05 3.5693638584842535e-05 1.0000000180025095e-35 2.115165963090249e-05 0.99999999967231568 3.6621032650778524e-06 0.99999978084873475 7.8800267412917718e-06 0.89004165388271039 -0.50329094770584348 1.5595954117538359e-05 -0.26002793999999108 0.56744633960131186 0.85081435500000246 1.4185522164410449e-05 -0.93544710073946724 -1.7754516822066076e-05 -0.00019092131608022808 0.11726656541632721 0.99999519206046994 -4.7675844427885744e-07 -0.97082173000001071 1.6018441949999893 2.4697952702025696e-05 0.28705304499998568 -0.2200884505937834 0.1015760195865175
decision_type=2 2 2 2 2 2 2 2 2 2 2 2 2 2 2 2 2 2 2 2 2 2 2 2 2 2 2 2 2 2
left_child=4 10 5 6 12 7 15 9 -7 -3 23 29 14 -9 21 -4 -13 -8 -6 26 -14 -1 24 -2 -20 28 -16 -10 -22 -5
right_child=1 2 3 11 18 8 17 13 27 -11 -12 16 20 -15 19 -17 -18 -19 22 -21 25 -23 -24 -25 -26 -27 -28 -29 -30 -31
leaf_value=-0.033711759797328426 0.012690225225233111 0.0016627368119785501 0.0094437883283821061 -0.0030142737679847522 -0.0094117514281557794 -0.023466756600690732 0.022323475575434178 -0.011191501192101305 -0.0080512350225632311 -0.011414994366292871 0.011544868399295241 0.0063965548407319229 -0.01186827766133792 -0.0012578345199418628 -0.020535156192843788 0.0011590945860905063 -0.00099064596339654273 0.0130316620120623 0.0030790482246029691 -0.0080455060096251002 -0.00089449028908503972 -0.0054034491621667699 0.0044517987319165784 0.030435611626816739 -0.0027802233013204218 0.0087501458662831589 -0.011388059853871361 0.016101727563656142 -0.0085180639575975978 0.00075021194807802719
leaf_weight=119.13811033964157 319.70312239229679 25562.036196574569 7324.6227951645851 7491.4559717923403 1558.8605403900146 1056.5817667394876 1877.8282272219658 2883.3890119791031 3397.1846136301756 1314.8083311617374 1342.1505793780088 6671.9090174585581 1716.8864289820194 2785.7962297052145 2487.1101503521204 2163.8371029645205 2845.9987850934267 3809.9455996602774 2657.4219727814198 1553.9702899158001 2414.6582661122084 2817.5587821304798 2260.8370825946331 1321.334321603179 16736.797206640244 452.2443066239357 1346.7508760988712 122.64223694801331 2164.4612490683794 9368.2711949199438
leaf_count=478 1296 102636 29543 30034 6240 4251 7756 11563 13618 5268 5433 26905 6883 11168 10015 8766 11451 15640 10637 6233 9678 11305 9053 5542 66985 1812 5405 493 8678 37576
internal_value=8.87829e-05 0.00231502 0.00164125 0.00451654 -0.00465911 -0.00157718 0.0107637 -0.000256184 -0.0109654 0.00102179 0.0200667 0.000921389 -0.00898334 -0.00631383 -0.0118131 0.00755587 0.00418735 0.0161085 -0.0018505 -0.0146599 -0.0054887 -0.00658051 -0.00130493 0.0270057 -0.00197679 -0.00330593 -0.0173327 -0.00719757 -0.00450189 -0.000922336
internal_weight=119946 81659.5 78676.3 41553.9 38286.7 37122.4 15176.2 32546 4576.41 26876.8 2983.19 26377.6 15072.8 5669.19 8324.53 9488.46 9517.91 5687.77 23213.9 5387.83 6748.25 2936.7 21655.1 1641.04 19394.2 5031.36 3833.86 3519.83 4579.12 16859.7
internal_count=482341 328939 316668 167671 153402 148997 61705 130635 18362 107904 12271 105966 60487 22731 33436 38309 38356 23396 92915 21653 27051 11783 86675 6838 77622 20168 15420 14111 18356 67610
is_linear=0
shrinkage=0.04


Tree=16
num_leaves=31
num_cat=0
split_feature=1 1 3 9 3 9 10 9 1 21 23 0 9 0 24 28 26 0 21 18 26 26 5 12 24 5 28 26 26 27
split_gain=750.727 513.598 518.388 523.554 303.153 238.491 199.231 182.619 141.518 130.885 118.428 112.59 100.024 95.6926 82.4308 92.7013 64.8216 60.6415 59.6004 59.3317 45.4154 42.0732 54.3523 46.5736 37.6485 34.8681 34.4415 33.4347 30.2579 25.6776
threshold=-3.0931223271579706e-07 -1.5851020673807168e-07 1.5940745168308015e-07 2.5171861927989489e-05 1.0000000180025095e-35 3.6702170978672378e-05 0.99999999967231568 1.0440451450623294e-05 4.7966963911960658e-07 -3.719982789544289 0.99999978084873475 3.1285303503381106e-07 3.4158973756712203e-06 1.0000000180025095e-35 0.87521384398944035 5.5570482449999927 0.021792514999986624 3.1285303503381106e-07 -8.5167682770175137 0.029411764711861733 0.23973090000000338 -0.23874303500001351 -4.3362559281057138e-05 0.13330288530609533 -0.93544710073946724 -0.00020902854523896505 -0.036110735000021869 -1.2216586350000056 -1.0371548700000015 -0.059699059999995106
decision_type=2 2 2 2 2 2 2 2 2 2 2 2 2 2 2 2 2 2 2 2 2 2 2 2 2 2 2 2 2 2
left_child=5 7 4 8 6 11 10 26 13 -8 -3 16 29 -4 17 -16 21 -5 -10 24 -14 23 -23 -1 -7 -18 -2 -21 -26 -6
right_child=1 2 3 14 12 19 9 -9 18 -11 -12 -13 20 -15 15 -17 25 -19 -20 27 -22 22 -24 -25 28 -27 -28 -29 -30 -31
leaf_value=-0.031008134897102017 0.01679698756027842 0.001141852712018814 0.0088726616362249551 -0.0019253321593315803 -0.0041700634222335865 -0.012237265111179115 -0.0088437520570419127 0.0068013766359995721 0.019910116849757839 0.009736937385373786 -0.010858653083622452 0.0051828327679070904 -0.0096289164680727242 -0.0023583676159375112 0.0066802699242287334 -0.015462304911712672 -0.01350604275175275 0.0024807268985361998 0.011881633046764803 0.0070235042741283059 0.015195638306796298 -0.017095060957806482 -0.009835319461665647 -0.0069620038017470702 0.0021192246231596561 0.00093378986092945563 0.028870212796605923 -0.00084169151757645673 -0.0043806532476514774 -0.025834652912756596
leaf_weight=132.83844991028309 548.59927237033844 30220.406250193715 7560.2379470020533 12339.381366327405 99.648297861218452 882.94532842934132 6024.3610499501228 1533.8031813204288 2364.1409240961075 672.17994169890881 1373.1914999336004 756.18214026093483 3157.9595340937376 1443.9032420516014 5145.4882106781006 319.0154896825552 355.72488911449909 8396.6573420763016 4023.6195630133152 992.38824075460434 120.21780639886856 3540.5352639257908 3127.0860788226128 2946.6404456943274 1281.4167307913303 1054.5340881794691 1341.127158716321 6611.7079584002495 10640.74262560904 834.89282447099686
leaf_count=534 2251 121328 30497 49505 402 3535 24150 6191 9759 2701 5502 3030 12658 5815 20757 1282 1426 33721 16577 3974 483 14255 12560 11828 5128 4232 5614 26469 42580 3363
internal_value=-2.88779e-05 0.00189506 0.00127647 0.0044511 -0.00183008 -0.00523818 -0.000709065 0.0170766 0.0103057 -0.00697496 0.000619285 -0.00973496 -0.0120116 0.00707084 0.00101085 0.00538028 -0.0107474 -0.000140814 0.0148603 -0.00261212 -0.00870627 -0.0119072 -0.0136959 -0.00802456 -0.00427386 -0.00272104 0.0253942 0.000185875 -0.00368124 -0.0235476
internal_weight=119842 87518.8 84095.3 41592.4 42502.9 32322.7 38290.1 3423.53 15391.9 6696.54 31593.6 11913.5 4212.72 9004.14 26200.5 5464.5 11157.4 20736 6387.76 20409.2 3278.18 9747.1 6667.62 3079.48 12805.1 1410.26 1889.73 7604.1 11922.2 934.541
internal_count=482107 352556 338500 167913 170587 129551 153681 14056 62648 26851 126830 47865 16906 36312 105265 22039 44835 83226 26336 81686 13141 39177 26815 12362 51243 5658 7865 30443 47708 3765
is_linear=0
shrinkage=0.04


Tree=17
num_leaves=31
num_cat=0
split_feature=2 2 1 9 1 9 25 9 8 1 2 26 24 10 25 27 5 26 26 28 12 26 25 27 9 26 24 8 28 5
split_gain=720.29 457.333 439.129 485.937 266.834 239.047 166.743 153.601 149.189 147.057 114.589 90.1344 70.9291 61.6969 60.5215 59.8609 56.0999 51.6589 47.8138 47.5556 44.9173 42.7881 42.2796 48.7615 41.9521 40.1437 38.8645 36.4595 31.6616 28.4256
threshold=-3.157880197335316e-07 -1.5850123791238954e-07 1.5989807433669514e-07 3.5693638584842535e-05 1.5453025969947023e-07 3.5693638584842535e-05 0.9586522765761688 1.0440451450623294e-05 5.0886816848963948e-06 1.5989807433669514e-07 -1.4448638196995486e-07 0.02853901499999802 0.94173384254972736 0.24693265154840707 -0.74784611306041693 -0.27492249999999913 -6.3674940609104159e-07 -2.5739878899999939 0.043692159999999806 -0.63523888000001139 0.4870504824732847 -0.12874243000001118 0.77214071038047349 0.92861437499999389 4.3561020614532114e-05 -0.036000945000023425 -0.92514501862744514 2.6084621632358195e-05 2.3026515049999863 -0.00035466380305404494
decision_type=2 2 2 2 2 2 2 2 2 2 2 2 2 2 2 2 2 2 2 2 2 2 2 2 2 2 2 2 2 2
left_child=5 7 4 12 6 9 10 16 20 11 -3 14 21 17 15 -1 -2 -7 -10 -16 -6 -4 24 -24 -5 -9 29 -8 -13 -19
right_child=1 2 3 22 8 13 27 25 18 -11 -12 28 -14 -15 19 -17 -18 26 -20 -21 -22 -23 23 -25 -26 -27 -28 -29 -30 -31
leaf_value=-0.01082853110052978 0.014209151873001265 0.0056315655407494173 0.00057090025774835017 0.0055244995593976675 -0.024507818978054569 0.0076913021562246865 0.011467632341830862 -0.0072758108230310901 -0.005438353695562983 0.0070107364797766308 -0.0009913669989812181 -0.0016350581722938205 0.016562116393773731 9.5305387871687334e-05 -0.0011587210768829192 -0.021158982153917906 0.028961178224099021 -0.0035675133557630822 0.0043082023171575091 -0.0098397090697475553 -0.012255817666011772 0.01059325357692255 0.016632147545718214 0.0014978366752005597 -0.00012478043419452282 0.0099601545123489069 -0.0039377346486071654 -0.002399560122742176 0.019521277357294677 -0.018373051864579812
leaf_weight=2413.5776767283678 622.89859481155872 4793.5655808746815 749.16970102488995 2463.4659576267004 664.60103222727776 568.23825359344482 2550.9570966511965 263.69379267096519 4945.4377610832453 922.1761876642704 32533.643505364656 1245.4373959600925 3396.0160273611546 11783.467018052936 1169.2692921310663 1442.0738239437342 1278.8289026767015 339.44169947504997 959.32486511766911 7502.734224781394 1760.5584460645914 7727.4590830951929 592.2657512575388 800.8537727445364 14288.840438693762 1153.4802962690592 9891.647981852293 342.61731998622417 122.06162461638451 541.66822446882725
leaf_count=9706 2563 19268 3028 9922 2684 2275 10302 1058 19831 3699 130581 4990 14083 47170 4691 5816 5406 1359 3857 30131 7084 31561 2386 3216 57283 4662 39585 1382 489 2169
internal_value=8.23184e-05 0.00219333 0.0015786 0.00538151 -0.000772707 -0.00447345 0.000576799 0.0167325 -0.00728777 -0.00843954 -0.000140381 -0.00946639 0.0116724 -0.00193125 -0.0105306 -0.0147046 0.0241564 -0.00403697 -0.00385274 -0.00867056 -0.0156368 0.00970859 0.00126401 0.00795382 0.000706274 0.00674195 -0.00465774 0.00982297 0.000279848 -0.0127013
internal_weight=119829 81887.7 78568.8 30018.1 48550.7 37941.8 40220.8 3318.9 8329.92 14817.3 37327.2 13895.2 11872.6 23124.5 12527.7 3855.65 1901.73 11341 5904.76 8672 2425.16 8476.63 18145.4 1393.12 16752.3 1417.17 10772.8 2893.57 1367.5 881.11
internal_count=482237 330157 316468 121479 194989 152080 161533 13689 33456 59522 149849 55823 48672 92558 50344 15522 7969 45388 23688 34822 9768 34589 72807 5602 67205 5720 43113 11684 5479 3528
is_linear=0
shrinkage=0.04


Tree=18
num_leaves=31
num_cat=0
split_feature=1 1 4 24 9 1 0 9 1 0 9 13 9 8 8 28 6 24 6 9 28 13 5 25 5 9 10 9 9 28
split_gain=626.238 491.355 498.568 268.417 216.062 188.784 302.493 162.187 152.603 112.063 104.488 103.569 102.937 87.5734 79.8032 78.0277 62.4137 58.4462 45.9569 44.0428 43.5674 42.1697 41.8481 40.0013 38.4581 35.8689 35.5998 33.0573 33.0572 25.3374
threshold=-3.0931223271579706e-07 -1.5851020673807168e-07 1.1100851731171704e-06 0.87521384398944035 3.5693638584842535e-05 1.5989807433669514e-07 -1.0000000180025095e-35 7.8800267412917718e-06 1.5453025969947023e-07 1.5932332253498774e-07 4.3561020614532114e-05 0.37200882385742323 2.0704065771849945e-05 3.2361201371515536e-05 2.518768424282057e-06 5.5570482449999927 8.1161408772661276e-06 -0.50329094770584348 7.2607365305474907e-05 2.1877952658921507e-05 -3.0132904150000228 0.41641490278443577 -0.00020902854523896505 0.71270753865813219 -0.0012137776788323504 0.00016571853843908173 0.24693265154840707 5.5896474394589849e-05 4.7271339632050189e-06 -1.3444933750000143
decision_type=2 2 2 2 2 2 2 2 2 2 2 2 2 2 2 2 2 2 2 2 2 2 2 2 2 2 2 2 2 2
left_child=4 7 5 11 9 6 14 -2 -8 17 21 27 16 -13 -3 -14 -5 19 26 28 -20 -7 -19 -9 -12 -22 -6 -4 -1 -21
right_child=1 2 3 12 18 10 8 23 -10 -11 24 13 15 -15 -16 -17 -18 22 20 29 25 -23 -24 -25 -26 -27 -28 -29 -30 -31
leaf_value=-0.0025919635808302434 0.026017470332240826 0.016995945490135604 -0.00086408225043342363 0.010513363178965425 -0.0054193530685904831 -0.0016472560397331579 -0.003751707937491992 0.0056295158659366755 -0.011409878402020098 0.0056501697766992067 0.0091848617468584248 0.0056484221389440951 0.0069855812016642749 0.0010569067108020895 0.0034316468034335085 -0.012426708628371998 0.019772129532201338 -0.013797284167194595 0.0073464810394011804 -0.0030586432139621247 0.00033240897359971188 0.0082021039703336091 -0.004883551960318611 0.020800520921658773 -0.0018679863391977687 -0.0088988473318288505 -0.0014325064536665768 -0.007956063250203451 -0.017407417482103373 -0.011550335424251157
leaf_weight=265.41032527387142 1585.5479480773211 892.28506782650948 3905.4304253458977 3649.6797015964985 7662.92679284513 829.59876477718353 19617.183697864413 1479.370941594243 5285.9212105572224 764.52255974709988 545.02827909588814 13130.971454143524 5511.0923248082399 13466.27238380909 3110.4081327021122 350.10919496417046 1723.2182170152664 1089.6400627344847 1209.3827799409628 780.10272690653801 4416.7978799790144 4246.9644850045443 3736.5923799425364 341.73236912488937 6288.8658476173878 791.98821164667606 6743.3573721796274 1438.3117668181658 2832.6338670253754 2050.6231151074171
leaf_count=1072 6678 3621 15716 14794 30668 3351 78683 5978 21243 3064 2184 53104 22326 54004 12481 1409 7200 4378 4843 3133 17679 17245 15001 1402 25209 3170 26990 5762 11447 8252
internal_value=2.24186e-05 0.00178223 0.00117789 0.00417426 -0.00473243 -0.00199156 -0.00373776 0.0166692 -0.00537841 -0.00912771 0.00224575 0.00230323 0.00949185 0.00332425 0.00646529 0.00582039 0.0134915 -0.0101798 -0.00230002 -0.0128422 0.000514313 0.00659135 -0.00690315 0.00850329 -0.000982688 -0.00107349 -0.00355414 -0.00277678 -0.0161431 -0.00921685
internal_weight=119742 87398 83991.3 43175.1 32344 40816.3 28905.8 3406.65 24903.1 11519.5 11910.5 31941 11234.1 26597.2 4002.69 5861.2 5372.9 10755 20824.5 5928.77 6418.17 5076.56 4826.23 1821.1 6833.89 5208.79 14406.3 5343.74 3098.04 2830.73
internal_count=482087 352390 338332 174315 129697 164017 116028 14058 99926 46347 47989 128586 45729 107108 16102 23735 21994 43283 83350 23904 25692 20596 19379 7380 27393 20849 57658 21478 12519 11385
is_linear=0
shrinkage=0.04


Tree=19
num_leaves=31
num_cat=0
split_feature=2 9 25 10 0 0 2 21 9 8 2 9 0 5 9 20 14 23 25 26 9 21 6 2 9 28 0 10 21 26
split_gain=601.277 528.934 279.107 210.789 206.276 300.736 187.379 137.531 137.323 132.348 104.155 96.383 85.3158 84.1928 75.8323 74.5131 65.0131 63.8043 51.6064 46.3056 42.7893 40.5388 38.3384 38.2896 35.1199 34.9774 34.3984 34.2746 32.3643 30.9405
threshold=2.7529285873129089e-07 3.155048661390511e-05 0.97040209305054403 0.99999999967231568 -3.1344955697676364e-07 -1.584957489697558e-07 1.4440937867732376e-07 -3.4434560326621839 8.1310432142113695e-06 4.4396529892417644e-05 -1.5545188780663463e-07 1.7334992625281142e-05 -1.5968937194799079e-07 3.172235318871231e-07 4.3561020614532114e-05 -0.49214003534676259 0.91794027094650377 0.97918746176057614 0.86704348603312897 -0.028506890000000788 1.3088679413133801e-05 0.24359191616374587 1.9175562625163698e-05 2.0009511834118147e-05 2.1877952658921507e-05 0.030342324999975624 -3.1344955697676364e-07 0.031016918643179004 -2.5512704517827132 1.126135279999976
decision_type=2 2 2 2 2 2 2 2 2 2 2 2 2 2 2 2 2 2 2 2 2 2 2 2 2 2 2 2 2 2
left_child=2 12 3 4 9 8 -7 11 -6 16 24 13 -2 -5 19 25 -1 20 27 -3 -17 -11 -21 -19 -4 -14 -24 28 -16 -20
right_child=1 14 10 7 5 6 -8 -9 -10 21 -12 -13 15 -15 18 17 -18 23 29 22 -22 -23 26 -25 -26 -27 -28 -29 -30 -31
leaf_value=-0.0027601290078016435 -0.003081950170941239 -0.0030878344679537519 0.028972167785490222 -0.016343435088597015 0.023374578560353864 -0.00013252095771982043 -0.0084086897011819445 0.0082431611884383367 0.0050589438564338542 -0.0029916602381139935 0.0062404313376813528 -0.004682310534165045 -0.020084133036417363 -0.0060253956103851949 -0.0013532262711070389 0.014354999920373129 -0.01201873218888873 0.0096406895091719381 0.018109941597209352 0.01038032639839916 0.0069499580996915953 0.0082973844168085353 -0.010098979287902519 0.016468436616884768 0.0045377760145772269 0.0035082677598105984 0.0046411104842133087 0.0003914046277205339 -0.0075152561308212823 -0.0035384159929002209
leaf_weight=1601.9043084979057 716.79322138428688 1046.8320056945086 519.42259855568409 3307.8239395469427 1128.9101671278477 42752.141219869256 4874.1193830668926 829.43867330253124 1562.3165234476328 8097.1595787405968 2286.203135356307 5038.9102136641741 159.188680306077 2058.6154746264219 4625.626419082284 1679.8155841976404 5047.7209026217461 1882.4378227740526 369.01162366569042 2047.6440547406673 4922.0766266733408 540.54344703257084 275.55636137723923 4500.0054073929787 116.77592079341412 263.82455253601074 2847.0177413970232 12597.539851248264 1934.4194128066301 146.04743492603302
leaf_count=6435 2906 4197 2158 13297 4714 171685 19564 3325 6302 32401 9206 20199 645 8263 18534 6902 20308 7713 1485 8273 20093 2164 1106 18649 473 1080 11499 50507 7743 586
internal_value=0.000120626 0.00412187 -0.00188665 -0.00234828 -0.00148105 -0.000244541 -0.000980019 -0.00741047 0.0127582 -0.00554989 0.010241 -0.00866045 0.0103476 -0.0123909 0.00072454 0.0110665 -0.00979102 0.0116049 -0.000492289 0.00457463 0.00883957 -0.00228239 0.00612794 0.01446 0.0245305 -0.00541916 0.00333167 -0.000829165 -0.00317328 0.0119719
internal_weight=119776 40013.8 79762 76839.6 65604.8 50317.5 47626.3 11234.8 2691.23 15287.3 2922.4 10405.3 14124.1 5366.44 25889.7 13407.3 6649.63 12984.3 19672.6 6217.05 6601.89 8637.7 5170.22 6382.44 636.199 423.013 3122.57 19157.6 6560.05 515.059
internal_count=482412 161918 320494 308657 263573 202265 191249 45084 11016 61308 11837 41759 57988 21560 103930 55082 26743 53357 78855 25075 26995 34565 20878 26362 2631 1725 12605 76784 26277 2071
is_linear=0
shrinkage=0.04


Tree=20
num_leaves=31
num_cat=0
split_feature=1 9 3 3 8 1 25 9 23 9 28 21 26 23 10 18 26 7 3 5 9 28 8 9 10 21 5 13 5 12
split_gain=573.905 396.962 340.509 426.902 196.403 184.749 129.022 126.218 108.896 108.658 87.0756 82.4194 75.649 71.6393 64.3034 63.0457 62.0847 49.1172 47.4558 43.9608 62.4202 50.7473 43.07 42.5998 42.5401 52.2415 41.8138 41.2165 38.8274 38.1716
threshold=1.5989807433669514e-07 3.5693638584842535e-05 -3.1738195449548806e-07 -1.0000000180025095e-35 1.8884233092196634e-05 1.3784404107042294e-07 0.98041935922387158 5.3249303244118485e-06 -0.78875611347948038 1.1662211788579664e-05 0.22801471999998785 -8.0405243216793156 -1.2216586350000056 0.87524284227495097 0.99999999967231568 0.99809342057394923 -0.026050895000007103 7.7577949250830883e-08 -1.5866194669200692e-07 3.899419602770849e-05 1.4185522164410449e-05 0.92413117499998665 1.1204532541526677e-07 2.5422767928107176e-05 0.99997095965044713 -6.1756566518526048 1.579333857204546e-05 0.42869386062291659 -0.00017258257334962221 0.1999985094768906
decision_type=2 2 2 2 2 2 2 2 2 2 2 2 2 2 2 2 2 2 2 2 2 2 2 2 2 2 2 2 2 2
left_child=2 13 4 9 10 6 11 26 12 17 14 -5 -6 -2 15 -1 -11 18 -4 -15 -21 -22 -8 -14 25 -3 -7 -9 -12 -27
right_child=1 24 3 5 8 7 22 27 -10 16 28 -13 23 19 -16 -17 -18 -19 -20 20 21 -23 -24 -25 -26 29 -28 -29 -30 -31
leaf_value=-0.0069553227214393821 0.0063571109564523193 0.0027966270029416685 0.031509218639866922 0.0019382450539611987 0.0017736072258168693 -0.021829655826818881 -0.00039173093641438903 -0.011263113525333063 -0.00076948521262575607 -0.010153461072237323 -0.012384188549367511 -0.002108883839775649 -0.012976750094253444 0.008959407331098946 -0.016518386028772501 -0.016665796721650469 0.0083733221101317777 0.011934520697681758 0.0161760056512028 0.023651518252905058 0.015389443899714556 0.0039591478532730508 0.014282530285438029 -0.005969566473413449 0.0045575899262985456 -0.01418544672204149 -0.0053566683693409903 -0.0023268307180034065 0.0036747818111295921 -0.001227256866822377
leaf_weight=6331.0616347789764 5254.1231153160334 6936.6011385172606 578.04405324161053 16202.622472792864 1768.3919152468443 1001.0578043609858 414.35590094327927 1016.6791621744633 17778.384908109903 355.10512828826904 303.78330220282078 15998.073677629232 1697.7591181993484 3278.3143024742603 2100.8763711750507 1289.1129786223173 1516.7226812243462 1326.6389183551073 759.43340328335762 1043.6288788169622 2343.2684381008148 850.3651707470417 1389.8111361414194 7692.5439117848873 4354.1880223453045 375.70387050509453 330.75088672339916 4382.2101649791002 1127.0263671725988 9676.5775788426399
leaf_count=25489 21407 27849 2485 65178 7084 4058 1666 4083 71206 1424 1220 64196 6841 13499 8460 5178 6128 5498 3106 4391 9703 3505 5648 30825 17492 1505 1333 17602 4524 38785
internal_value=-1.5682e-05 0.00436954 -0.0017683 0.000608952 -0.0044529 -0.000687338 0.000511103 -0.00674102 -0.00271413 0.012246 -0.00896263 -7.22861e-05 -0.00581102 0.00994734 -0.0103184 -0.00860357 0.0048469 0.0174333 0.0228519 0.0124536 0.0151491 0.012353 0.010913 -0.00724009 0.00103128 0.000126632 -0.0177601 -0.00401501 0.000245996 -0.00171544
internal_weight=119473 34112.8 85360.4 45271.5 40088.9 40735.6 34004.9 6730.7 28937.1 4535.94 11151.9 32200.7 11158.7 12769.7 9721.05 7620.17 1871.83 2664.12 1337.48 7515.58 4237.26 3193.63 1804.17 9390.3 21343.1 16988.9 1331.81 5398.89 1430.81 10052.3
internal_count=481368 138136 343232 182405 160827 163764 136688 27076 115956 18641 44871 129374 44750 52505 39127 30667 7552 11089 5591 31098 17599 13208 7314 37666 85631 68139 5391 21685 5744 40290
is_linear=0
shrinkage=0.04


Tree=21
num_leaves=31
num_cat=0
split_feature=4 24 0 12 4 24 7 0 9 0 8 3 9 0 8 27 0 0 13 0 21 4 13 7 9 6 27 0 0 0
split_gain=491.462 293.245 229.643 154.871 125.578 122.51 119.82 93.241 124.177 121.652 90.106 194.316 115.344 85.3019 74.143 53.344 52.3169 78.0238 48.5991 45.9073 44.9511 41.6624 41.0002 57.9602 40.0884 39.8118 38.3017 37.5299 32.7773 72.3357
threshold=-4.7675844427885744e-07 0.88221248346186354 1.5989045643038938e-07 0.2046211075121214 -1.5862483593309659e-07 -0.50329094770584348 3.6037258382977206e-05 1.5932332253498774e-07 4.9462827350646389e-05 1.545223682342112e-07 1.1204532541526677e-07 -1.0000000180025095e-35 2.1409448113965142e-05 -1.0000000180025095e-35 8.9188652736970175e-08 1.272359415000005 -1.5968937194799079e-07 -1.3760194761402997e-07 0.87874514695198169 4.1034240894077817e-07 -8.8714425238630081 3.5100342107519118e-05 0.4593616099313908 0.00010568334250165849 3.9320974717515125e-05 6.2626044439184633e-08 -1.2169329850000001 1.5754108595444907e-07 -4.6823564137099533e-07 -1.4486924282408606e-07
decision_type=2 2 2 2 2 2 2 2 2 2 2 2 2 2 2 2 2 2 2 2 2 2 2 2 2 2 2 2 2 2
left_child=2 3 5 -2 14 6 16 9 -9 -6 11 -3 20 -13 -5 19 -1 -18 -15 -14 25 -22 23 -8 -4 -12 -24 28 -7 -30
right_child=1 10 24 4 7 27 22 8 -10 -11 12 13 15 18 -16 -17 17 -19 -20 -21 21 -23 26 -25 -26 -27 -28 -29 29 -31
leaf_value=-0.013676341960579588 -0.0084523782761466021 0.021464333701648578 0.007597532740008464 0.027274890845239895 0.00091233993327825629 -0.0041580028104148707 -0.0069607510009508343 0.009429487440978733 0.00078961329739398107 -0.0069009421373448241 0.0083556471024590316 0.027032853410151964 0.0046696086478699491 -0.010343435178953933 0.0049603816495854139 -0.0013433712702970147 0.001126643334171804 -0.00880334878072697 0.017903254686867268 0.014229997285784215 0.0030748709225617379 0.012612971726316065 0.0057312651877642418 0.0081749396030054572 0.00151449545340054 0.018189517669654244 -0.0027898759004739144 -0.0091886697391520798 0.0050859198862293958 -0.0019657131453377687
leaf_weight=2619.6760325133801 2681.0537598580122 519.7858943939209 2492.3728834539652 460.45283941924572 32343.071585014462 6862.6220885962248 3221.6197427809238 4528.9988274425268 6455.6672563254833 3534.6228305995464 910.6198622584343 112.60981284081936 3297.0919367671013 1560.1522966474295 495.2618540674448 1697.2340618520975 1488.0567272901535 8424.3684864491224 101.64503501355648 1063.8348431140184 1216.9637229442596 1853.9568684399128 1525.2810596972704 460.53334487974644 5697.0102713108063 2467.6573601663113 1882.8438410907984 1147.9736028909683 2730.7595563530922 15671.964069083333
leaf_count=10593 10763 2202 10122 1963 130172 27506 12904 18449 25878 14237 3672 464 13348 6282 2024 6851 5983 33861 407 4357 4972 7676 6111 1844 22842 10198 7551 4613 10999 62920
internal_value=1.22041e-05 0.00234952 -0.00280238 0.000898046 0.00142283 -0.00390034 -0.0062944 0.00112954 0.00435368 0.000142008 0.00730023 1.04512e-05 0.00863663 -0.00629127 0.0157589 0.00466898 -0.00864534 -0.00731214 -0.00858877 0.00700976 0.0123597 0.00884046 -0.00213674 -0.00506198 0.00336823 0.0155484 0.00102329 -0.00212116 -0.00179895 -0.000918476
internal_weight=119526 65300.7 54225.1 50499.1 47818.1 46035.7 19622.4 46862.4 10984.7 35877.7 14801.6 2294.19 12507.4 1774.41 955.715 6058.16 12532.1 9912.43 1661.8 4360.93 6449.2 3070.92 7090.28 3682.15 8189.38 3378.28 3408.12 26413.3 25265.3 18402.7
internal_count=481764 263915 217849 203486 192723 184885 78847 188736 44327 144409 60429 9355 51074 7153 3987 24556 50437 39844 6689 17705 26518 12648 28410 14748 32964 13870 13662 106038 101425 73919
is_linear=0
shrinkage=0.04


Tree=22
num_leaves=31
num_cat=0
split_feature=2 2 3 9 3 9 0 0 6 9 2 8 4 24 24 9 10 0 21 28 8 24 10 26 26 0 6 8 10 6
split_gain=540.671 455.866 319.94 416.78 241.49 202.986 126.231 115.503 147.902 108.131 105.641 105.263 82.1617 76.0592 74.2011 73.2576 63.6706 62.9121 58.7388 57.8121 57.1889 56.0496 54.0521 51.5103 44.8677 43.0585 36.8735 29.7073 29.6025 29.5723
threshold=-1.5934707242593047e-07 -1.5850123791238954e-07 4.7121119539639272e-07 2.5171861927989489e-05 1.0000000180025095e-35 3.6702170978672378e-05 1.5989045643038938e-07 -1.4486924282408606e-07 1.7058397313725102e-07 3.6621032650778524e-06 2.9541438398617007e-05 9.9503606218667356e-06 -4.7675844427885744e-07 0.98960698235904243 0.86807639802576697 1.0967221768111447e-05 0.99999999967231568 -1.9849476910138716e-05 -1.2906203572824466 5.5570482449999927 1.5738754063977174e-05 -0.93544710073946724 0.99999519206046994 -1.2216586350000056 0.02853901499999802 4.1034240894077817e-07 2.375368732225726e-05 1.0420504606992913e-07 0.24693265154840707 2.3456284039446088e-05
decision_type=2 2 2 2 2 2 2 2 2 2 2 2 2 2 2 2 2 2 2 2 2 2 2 2 2 2 2 2 2 2
left_child=5 12 4 10 7 6 16 11 -9 -6 13 -3 -2 -4 25 -12 17 18 -1 -16 -14 29 23 -23 -19 -5 -18 -11 -25 -7
right_child=1 2 3 14 9 21 -8 8 -10 27 15 -13 20 -15 19 -17 26 24 -20 -21 -22 22 -24 28 -26 -27 -28 -29 -30 -31
leaf_value=-0.014973919505668239 0.0073655588718758323 0.013264651977961972 0.0050276074318873158 -0.0019756138007139372 -0.02141075976532 -0.017886225029047475 0.006315411221438607 -0.0032842049312868855 0.0032044033304004082 -0.014403771706696558 0.02502331621048421 0.0013036425914297006 0.024417266217470566 0.013795276551719939 0.0057140393501638846 0.011659813729949191 -0.018364302463452446 -0.0065532577375506844 -0.002578643841171852 -0.011137468092729899 0.0038138510530926072 0.0043761740401658559 0.0049188538434371707 -0.0040050229075702772 0.0025861374625953592 0.0017582802720905006 -0.0071421173762679872 -0.0049601907831003213 -0.00067036302887697817 -0.0054236099783922598
leaf_weight=2550.2331833839417 914.96731542050838 1701.5388304144144 8389.6616871803999 12551.40706987679 1042.792921051383 431.28387843072414 989.50017838180065 18896.369410529733 7997.0480553507805 656.26057381927967 791.68081530928612 3814.7770246267319 1750.4159164428711 1952.4519835710526 5277.0289922505617 3902.371872484684 1467.8816498965025 8057.7266087979078 807.58282826840878 344.73667159676552 247.7019013017416 1984.4489501267672 2184.8685142397881 9006.9093430191278 959.74218587577343 8145.6786786615849 697.1650262773037 2850.185633212328 8090.4327027350664 1044.0943850427866
leaf_count=10305 3710 6906 34028 50366 4221 1729 3969 75826 32204 2641 3342 15312 7483 8001 21358 16265 5925 32422 3250 1384 1005 7946 8751 36047 3848 32748 2809 11436 32382 4182
internal_value=-4.87594e-05 0.00179804 0.00121975 0.00363666 -0.00148454 -0.00396838 -0.00749334 -0.000272663 -0.00135441 -0.0101122 0.0089488 0.00499833 0.0173288 0.00668622 0.000601027 0.0139266 -0.00843435 -0.00732362 -0.0119985 0.0046753 0.0218737 -0.0015605 -0.00103662 -0.00171937 -0.00557944 -0.000505755 -0.0147653 -0.00673799 -0.00242773 -0.00909388
internal_weight=119499 81227.1 78314 41355 36959 38271.9 15529.8 32409.7 26893.4 4549.24 15036.2 5516.32 2913.09 10342.1 26318.9 4694.05 14540.3 12375.3 3357.82 5621.77 1998.12 22742 21266.7 19081.8 9017.47 20697.1 2165.05 3506.45 17097.3 1475.38
internal_count=481801 328236 316038 167492 148546 153565 62528 130248 108030 18298 61636 22218 12198 42029 105856 19607 58559 49825 13555 22742 8488 91037 85126 76375 36270 83114 8734 14077 68429 5911
is_linear=0
shrinkage=0.04


Tree=23
num_leaves=31
num_cat=0
split_feature=1 1 2 9 0 4 8 8 9 9 9 0 3 9 12 10 25 24 23 20 9 25 10 27 18 25 28 3 4 23
split_gain=481.82 401.517 382.317 364.447 208.778 169.583 163.57 153.379 128.745 95.6859 93.9835 85.1727 72.0542 82.4903 63.366 62.7358 61.5744 55.5159 50.0834 39.1561 38.8731 37.6429 36.026 35.6609 33.1616 32.0967 31.5152 36.1785 27.338 23.7103
threshold=-3.0931223271579706e-07 -1.5851020673807168e-07 2.7529285873129089e-07 2.422952787209075e-05 -1.4486924282408606e-07 1.1100851731171704e-06 1.9122540216009151e-05 4.4396529892417644e-05 7.8800267412917718e-06 2.7727118019749339e-05 4.3977630810120755e-05 3.1285303503381106e-07 4.1005328795584724e-05 7.6320781403379933e-06 0.39940568955362982 0.00048593654902175006 -0.74042381513545175 -0.45246364914899873 0.25374241125145541 -0.22447364033848671 8.4700216156574721e-05 0.87657404458107091 0.99999610061010735 -3.5636998650000007 0.0084745762759677566 0.7379571647181743 2.2099304099999926 -0.00029668955521788826 -3.1551200461166214e-06 0.99356792938695848
decision_type=2 2 2 2 2 2 2 2 2 2 2 2 2 2 2 2 2 2 2 2 2 2 2 2 2 2 2 2 2 2
left_child=7 8 4 12 9 6 -6 11 28 17 18 16 15 -14 -7 -4 23 -3 -5 29 22 -12 -9 -1 -21 -10 -22 -28 -2 -18
right_child=1 2 3 10 5 14 -8 20 25 -11 21 -13 13 -15 -16 -17 19 -19 -20 24 26 -23 -24 -25 -26 -27 27 -29 -30 -31
leaf_value=0.005340565284683998 0.01260718231578018 0.002590059396691925 0.016074009555867557 -0.00013908705817053759 -0.0071050772678961371 -0.0032516809046691047 -0.0005811228970995201 -0.0038546682287268061 0.0052712916753930965 -0.00048682989820598267 -0.00042669741904515879 0.003831131197310786 0.035104445111774581 0.012944399967771324 0.0023266050198427423 0.0046118281963035855 -0.0045570535553557424 0.012844984793512638 0.0064946889329997896 -0.010396873547804551 0.0024623782463073013 0.011670004179415478 0.0045006672121645844 -0.013222089146408425 -0.0028203105326209438 0.019231911389912738 -0.012407429545393039 5.8467356838206649e-05 0.026101303376407547 0.0069831647415229585
leaf_weight=172.08380864560604 308.23563633859158 1272.8676669597626 984.36037090420723 2426.2424359321594 14985.52754111588 4489.5741950720549 10430.927259907126 9269.6472425758839 1487.8561926037073 2648.0739498585463 16197.226157099009 1064.6758593767881 284.43685866892338 4629.4423530697823 11856.466169312596 3413.7492767423391 5013.3989484012127 2526.2850518524647 7273.9537222385406 4234.0951410979033 4905.4625402092934 419.91446505486965 903.74210397899151 3507.5963131934404 1188.0484874546528 319.49015161395073 537.00530344247818 1200.6883416324854 1252.5928647816181 299.52309985458851
leaf_count=692 1263 5121 4053 9776 60278 18008 41773 37098 6024 10614 64943 4268 1204 19371 47621 14050 20154 10240 29597 17055 19634 1692 3619 14197 4772 1325 2149 4805 5426 1206
internal_value=-2.90566e-05 0.00151655 0.000972241 0.00411418 -0.00134977 -0.00238418 -0.00442819 -0.00420256 0.015053 0.00534816 0.00170708 -0.00707553 0.0109142 0.0142449 0.000793864 0.00718596 -0.00788202 0.00941456 0.00483519 -0.00634774 -0.00155704 -0.000119012 -0.00311095 -0.0123494 -0.00873986 0.0077647 0.000822011 -0.00380226 0.0234637 -0.00390247
internal_weight=119503 87207.2 83839 35629.3 48209.7 41762.5 25416.5 32296 3368.17 6447.23 26317.3 15479.4 9311.99 4913.88 16346 4398.11 14414.7 3799.15 9700.2 10735.1 16816.5 16617.1 10173.4 3679.68 5422.14 1807.35 6643.16 1737.69 1560.83 5312.92
internal_count=482028 352379 338341 144686 193655 167680 102051 129649 14038 25975 106008 62344 38678 20575 65629 18103 58076 15361 39373 43187 67305 66635 40717 14889 21827 7349 26588 6954 6689 21360
is_linear=0
shrinkage=0.04


Tree=24
num_leaves=31
num_cat=0
split_feature=1 1 2 8 0 8 4 2 8 8 0 21 0 12 19 26 26 13 6 4 21 25 10 20 26 21 21 25 13 4
split_gain=429.977 356.219 337.006 305.084 235.334 157.836 146.243 133.772 118.698 84.9952 75.7521 63.4803 61.6397 59.7848 58.0666 48.0748 60.0782 53.2312 43.3336 42.5642 40.4053 38.0688 34.6209 32.9191 32.105 28.8766 28.1453 26.3367 22.6379 21.5653
threshold=-3.0931223271579706e-07 -1.5851020673807168e-07 2.7529285873129089e-07 2.9520340556668097e-05 -1.4486924282408606e-07 4.4396529892417644e-05 1.9825763263092714e-05 1.5481918058668501e-07 6.4955400929479417e-06 1.0930073002334077e-05 3.1285303503381106e-07 -13.983945532812859 1.9863096821559626e-05 0.39940568955362982 -0.35468315167876352 0.021792514999986624 -0.2013275149999916 0.27753501505494016 2.9174464453279651e-05 -4.0792117322219206e-05 -5.2265596556252474 0.98041935922387158 0.038050400843834882 0.048130164186561387 -0.0032496450000217094 -2.9127964319361372 -4.7633760772962619 0.90845023835218819 0.49846131749663619 -9.9492149356450441e-05
decision_type=2 2 2 2 2 2 2 2 2 2 2 2 2 2 2 2 2 2 2 2 2 2 2 2 2 2 2 2 2 2
left_child=5 8 4 11 9 10 7 -6 20 24 15 14 -13 -8 -4 16 17 -1 21 -18 28 -5 -7 -20 -3 -24 -11 -10 -2 -17
right_child=1 2 3 18 6 22 13 -9 27 26 -12 12 -14 -15 -16 29 19 -19 23 -21 -22 -23 25 -25 -26 -27 -28 -29 -30 -31
leaf_value=-0.016112199009229132 0.0097787749274431523 0.0041032535365661017 0.0073530748395587613 0.0031522041373168988 -0.0027097509284106174 -0.0033483991642288867 -0.0030388206744806335 -0.0099194250102474131 0.0048974215302557524 0.0047264206461239749 0.0034694524379262162 0.004706933405393696 0.011955418786209584 0.0026504746933439407 0.01698430577493534 -0.0070600667748491365 -0.013429749145856373 -0.0033929594374555311 0.00095360995240185216 -0.0074149924006867577 0.0057012798003210265 0.026965351318114866 -0.0014863389335800672 -0.0032822506849796247 0.015236269502465769 0.0030005115336863685 -0.0023803367631510444 0.023645305949152293 0.025572500964824506 0.0014606888895227466
leaf_weight=601.52296262979507 168.7143921405077 564.17521105706692 1761.54279319942 7602.0042369812727 22628.031956478953 7260.2702422589064 4190.198156401515 5033.672194570303 1497.3406020253897 2986.6945582032204 1054.5117130130529 6345.1792661398649 2670.3518098592758 10007.744311228395 2347.060238853097 775.33465997874737 4235.6446677744389 4147.5970521271229 10677.571272388101 3420.9606630653143 229.10153287649155 106.68073211610317 5708.7748213559389 4045.5623163580894 1600.1613435000181 3833.9049294292927 1267.6495912671089 128.49486438930035 1343.0723546594381 1218.2522379308939
leaf_count=2422 706 2281 7266 30624 90793 29054 16805 20289 6066 11997 4228 26129 11136 40194 9747 3110 17147 16710 42898 13772 968 436 22848 16256 6519 15349 5078 539 5804 4890
internal_value=-5.7311e-06 0.0014538 0.000941184 0.0038963 -0.00123516 -0.00395133 -0.0023289 -0.00402268 0.0142067 0.00589502 -0.00686871 0.00873984 0.00685717 0.000970757 0.0128631 -0.00762668 -0.00855322 -0.00501256 0.0010616 -0.0107463 0.0214607 0.00349082 -0.00126723 -0.00021024 0.0123448 0.000315989 0.00260729 0.00641548 0.0238322 -0.00185465
internal_weight=119458 87201 83834.3 35556 48278.3 32256.8 41859.6 27661.7 3366.72 6418.68 15453.8 13124.1 9015.53 14197.9 4108.6 14399.3 12405.7 4749.12 22431.8 7656.61 1740.89 7708.68 16802.9 14723.1 2164.34 9542.68 4254.34 1625.84 1511.79 1993.59
internal_count=482061 352531 338448 144492 193956 129530 168081 111082 14083 25875 62279 54278 37265 56999 17013 58051 50051 19132 90214 30919 7478 31060 67251 59154 8800 38197 17075 6605 6510 8000
is_linear=0
shrinkage=0.04


Tree=25
num_leaves=31
num_cat=0
split_feature=2 9 24 25 2 2 2 9 23 27 10 1 2 21 2 23 27 27 20 9 1 13 10 20 1 9 24 20 3 25
split_gain=434.834 375.4 210.393 146.059 108.763 114.612 265.4 105.169 98.2 97.5159 88.9075 79.0212 101.311 76.3214 65.5312 64.2203 58.3319 54.6933 50.1252 47.8955 47.1708 39.0991 33.8089 43.976 34.1087 33.4655 33.2765 33.0267 34.7376 32.2742
threshold=2.7529285873129089e-07 2.3482456363014469e-05 -0.4633125192146072 0.98041935922387158 1.4440937867732376e-07 -3.157880197335316e-07 -1.4448638196995486e-07 3.1102230191152012e-06 0.9690378058920267 -0.56431490499999792 0.99999999967231568 -3.0931223271579706e-07 1.5536588371389828e-07 -8.7313460287020579 -1.5491731097938552e-07 -0.93383033384704983 -0.31664316499998563 1.0533073700000124 -0.34649576602435955 5.313946697722585e-05 1.9867752730107217e-05 0.27753501505494016 0.94760900179476193 -0.12859561625511953 1.9205197594907023e-05 2.4924797588602471e-05 0.9941694198963712 -0.28861398727998039 -1.9991646349026834e-05 -0.68529808702914674
decision_type=2 2 2 2 2 2 2 2 2 2 2 2 2 2 2 2 2 2 2 2 2 2 2 2 2 2 2 2 2 2
left_child=2 13 9 4 5 16 -7 -6 22 15 11 18 -13 27 -5 21 -4 19 -11 -10 26 -1 23 -3 -24 -12 -15 -2 -29 -17
right_child=1 8 3 14 7 6 -8 -9 17 10 25 12 -14 20 -16 29 -18 -19 -20 -21 -22 -23 24 -25 -26 -27 -28 28 -30 -31
leaf_value=-0.012234028216952556 0.010502065393234689 0.00024010896665404367 0.0029766758991708721 0.023087088102801596 -0.020653628940959585 0.010003600920591646 -0.0003543965186359728 -0.0037540984790952708 0.0086826777208020602 -0.00010963499319316983 -0.015134977589887296 -0.001411025624489036 -0.014329793609812375 0.0023342864267412193 0.0063553671896168949 -0.0019958842512283839 -0.0028726829770194186 -0.0013933499237815861 -0.010605011182387925 0.001193459926342547 0.011264663963888855 -0.0031860372048564266 -0.0019433080756856237 -0.0045266680089773043 0.0038731719343413798 -0.0057431430027842659 0.016194776195106519 -0.00018298737475053547 0.019339767411338943 0.0035720729044505478
leaf_weight=931.98950828611851 1708.1999333947897 9891.0698370486498 3233.4093494862318 475.42812575399876 671.57625126838684 5280.2036243379116 15779.221367642283 4715.5763486623764 4854.8912019282579 874.39776083827019 2123.583088606596 8975.855521813035 1087.0635726004839 2561.0087314099073 1757.6271534711123 2991.1647727489471 17354.971478506923 1728.9993206858635 4384.8925307095051 1904.92072686553 2628.859073355794 4234.1852799654007 2341.2609064131975 4503.9438314586878 5168.1664344519377 858.83866350352764 308.86801965534687 156.28187453746796 2049.2475258558989 3750.8509634137154
leaf_count=3742 7103 39726 12947 1997 2741 21701 63382 18933 19802 3519 8572 36111 4374 10506 7098 12007 69570 6990 17745 7653 11072 17005 9408 18061 20794 3448 1297 636 8587 15029
internal_value=4.88353e-05 0.00346136 -0.00166021 -4.84406e-05 -0.000523328 0.000168447 0.00224321 -0.00587021 0.0012991 -0.0042881 -0.00612096 -0.00488898 -0.00281028 0.0104406 0.00994128 -0.00146955 -0.00195351 0.00495078 -0.00886206 0.00657427 0.00739427 -0.0048244 -0.000116182 -0.00125142 0.00205889 -0.0124392 0.00384038 0.014712 0.017955 0.00110107
internal_weight=119287 39805.7 79480.8 49268 47035 41647.8 21059.4 5387.15 30393.3 30212.8 18304.6 15322.2 10062.9 9412.47 2233.06 11908.2 20588.4 8488.81 5259.29 6759.81 5498.74 5166.17 21904.4 14395 7509.43 2982.42 2869.88 3913.73 2205.53 6742.02
internal_count=481556 161635 319921 198369 189274 167600 85083 21674 122434 121552 73769 61749 40485 39201 9095 47783 82517 34445 21264 27455 22875 20747 87989 57787 30202 12020 11803 16326 9223 27036
is_linear=0
shrinkage=0.04


Tree=26
num_leaves=31
num_cat=0
split_feature=1 9 25 1 3 3 8 8 9 9 23 10 1 23 7 21 10 20 27 4 11 1 3 8 27 25 9 12 28 1
split_gain=393.708 317.537 226.999 159.374 207.551 214.588 122.395 121.629 93.7904 73.669 70.3348 68.1729 66.9478 63.2935 54.9102 47.119 37.9709 46.6183 36.4416 39.5253 34.9674 33.8907 31.7515 35.5282 30.5442 29.2211 29.0438 29.5486 27.5905 25.1251
threshold=1.5989807433669514e-07 3.8994198084406929e-05 0.95262272094352718 1.5453025969947023e-07 -3.1738195449548806e-07 -1.0000000180025095e-35 1.8884233092196634e-05 5.0886816848963948e-06 3.9173463347443636e-06 2.5422767928107176e-05 0.99702414240246739 0.99999999967231568 -1.5559159205480452e-07 -0.78875611347948038 2.2525401329483896e-05 -6.3709695529620189 0.93171499350613607 -0.1159745058184475 0.21063130499999808 -2.7430047289556111e-05 0.41737577744050858 1.3784404107042294e-07 -1.5593938762492596e-07 3.36494885093139e-07 -0.74409492499999963 -0.85407854572580078 4.3850744277097549e-07 0.4333331743113869 -2.7342460600000122 1.558966014059138e-07
decision_type=2 2 2 2 2 2 2 2 2 2 2 2 2 2 2 2 2 2 2 2 2 2 2 2 2 2 2 2 2 2
left_child=2 10 3 4 6 8 11 26 -6 -7 15 -1 14 -8 -4 18 17 -3 19 -2 24 22 -14 -24 -17 28 -5 -28 -9 -23
right_child=1 16 12 7 5 9 13 25 -10 -11 -12 -13 21 -15 -16 20 -18 -19 -20 -21 -22 29 23 -25 -26 -27 27 -29 -30 -31
leaf_value=-0.0056512346943440109 0.0036774536603503532 0.00042845394630193902 0.022150694631404479 -0.024655827391968869 0.018954207848476064 0.0017443235639206657 -0.0044171258474206701 0.0047501095499465299 0.0055622778552751806 -0.0021254555341291312 0.012191190625059158 -0.014229905763387158 0.021095152696731505 -0.00048034282153593295 -0.0079736152367004091 -0.015548506949951708 0.0023740390283553759 -0.0053380707159192877 0.0033376262086690523 0.013979386715607667 0.0054933194381321208 -0.016816068383683738 -0.0024722283837971589 0.0085805861976554123 0.0006664947506407194 -0.0033042519388590563 -0.023938046184021528 -0.010473431884320412 -0.015625715471166545 0.0012817897216989725
leaf_weight=7972.0984562635422 795.5860882550478 8157.7266890257597 687.6640390008688 422.65648095309734 1201.6428435146809 15347.142185077071 10817.397903889418 128.37443634867668 2760.8893888145685 16152.066487312317 4744.7092280387878 1822.482088431716 237.97017666697502 16508.948505967855 111.04285745322704 223.47481891512871 8599.0898739993572 3090.4255075007677 1235.7042267024517 2417.9369750767946 3648.9012575894594 150.98563919961452 616.64320705831051 1872.9382385313511 1045.3432841897011 5583.1401401609182 319.60870841145515 1458.1745068430901 580.27309212088585 610.70370343327522
leaf_count=32175 3229 32711 2908 1737 5141 61933 43452 515 11248 64735 19866 7372 975 66152 452 902 34537 12374 5105 9991 14996 610 2476 7620 4282 22424 1299 5888 2333 2467
internal_value=-7.49969e-06 0.00363518 -0.00145676 -0.00193126 -0.00132441 0.000863882 -0.00341497 -0.00711545 0.00963393 -0.00023983 0.00822178 -0.00725118 0.00750967 -0.00203923 0.0179437 0.00620788 0.000373145 -0.00115616 0.00919073 0.0114354 0.00350481 0.00510885 0.00719124 0.00584077 -0.00220867 -0.00428006 -0.0152066 -0.0129265 -0.0119225 -0.00233935
internal_weight=119322 33958.9 85362.8 81074.9 72582.7 35461.7 37120.9 8492.23 3962.53 31499.2 14111.7 9794.58 4287.95 27326.3 798.707 9366.95 19847.2 11248.2 4449.23 3213.52 4917.72 3489.24 2727.55 2489.58 1268.82 6291.79 2200.44 1777.78 708.648 761.689
internal_count=481905 137993 343912 326404 292208 143057 149151 34196 16389 126668 58371 39547 17508 109604 3360 38505 79622 45085 18325 13220 20180 14148 11071 10096 5184 25272 8924 7187 2848 3077
is_linear=0
shrinkage=0.04


Tree=27
num_leaves=31
num_cat=0
split_feature=1 1 4 8 2 26 10 8 1 9 18 21 11 9 26 9 27 0 26 5 5 21 10 5 0 1 12 21 4 21
split_gain=395.176 317.41 284.435 157.284 155.034 141.518 153.418 137.311 114.327 88.198 73.2348 58.2787 57.1364 55.9172 52.2692 48.2157 47.5091 45.3033 50.2282 42.6387 39.4499 31.8098 32.2972 31.5828 29.2926 26.6644 24.7568 23.513 23.2924 22.0636
threshold=-3.0931223271579706e-07 -1.5851020673807168e-07 1.1657627592143173e-05 2.6890446680440362e-05 2.115165963090249e-05 0.02663046500000386 1.0000000180025095e-35 4.4396529892417644e-05 -1.4488127941802984e-07 1.0440451450623294e-05 0.63610713148672693 -5.352917174930103 0.10000000000004809 1.4185522164410449e-05 0.02663046500000386 5.1030218437307492e-05 1.4133352600000111 1.5989045643038938e-07 -0.2013275149999916 -4.3362559281057138e-05 -0.0012137776788323504 0.24359191616374587 0.038050400843834882 -2.2285922813836119e-06 1.5885627302481001e-07 -1.589168601157098e-07 0.47082322300309992 -2.9127964319361372 -0.00010246422498294548 -9.8916577859008417
decision_type=2 2 2 2 2 2 2 2 2 2 2 2 2 2 2 2 2 2 2 2 2 2 2 2 2 2 2 2 2 2
left_child=7 9 5 4 10 6 11 14 -8 23 -4 -3 -5 -6 17 24 -14 18 26 -20 -17 22 -9 -2 -7 -11 -1 -24 -27 -19
right_child=1 2 3 12 13 15 8 21 -10 25 -12 -13 16 -15 -16 20 -18 29 19 -21 -22 -23 27 -25 -26 28 -28 -29 -30 -31
leaf_value=-0.0075203225759896946 0.011709817770193649 0.0045650303551877996 0.0050111804387132346 -0.0081747478938912349 0.017703236947902459 0.0026730697579237222 0.0044816375502422607 -0.0037693292487506751 -0.0051294850778561994 0.0012002099002272873 -0.0023688486758887011 -0.0056010289867574406 0.0023121327900304809 0.0089071356275881603 -0.00078764692171588344 0.012098422734546184 -0.0025434859884513328 0.014479290216999853 -0.01287589732054034 -0.0069117957249218579 -0.0024383728463393921 0.0070112457794447971 -0.0017318336521146332 0.023041035699922361 0.0083107663263058927 -0.00095476360157945061 -0.0017070767853208278 0.0024350636552168091 0.015580913782189334 -0.0017262422933556391
leaf_weight=2552.5446934849024 596.94276031851768 5092.1517953276634 10562.913547351956 1049.0529128313065 1606.4730090051889 6005.1285443305969 2169.5889059752226 6921.8010088503361 22420.321773573756 793.23820516467094 2698.7421250194311 1093.810275182128 16825.072562023997 4182.3963292390108 2156.6092221140862 321.9929586648941 3985.0447737574577 166.60096190869808 4118.8737730681896 3621.1368233710527 3759.5831256508827 696.26835712790489 5714.4659645110369 1221.8010422289371 1956.7823785096407 176.90314425528049 2174.8956602364779 3486.4301439672709 578.00869381427765 653.39230936765671
leaf_count=10290 2505 20522 42705 4206 6876 24267 8744 27700 90229 3212 10956 4395 67725 17435 8657 1291 16012 668 16705 14608 15072 2788 22870 5368 8006 713 8778 13958 2366 2618
internal_value=-6.34172e-05 0.00133735 0.00085286 0.00323799 0.00589458 -0.00142581 -0.00286436 -0.00384489 -0.00428089 0.0133749 0.00350874 0.00276501 0.000922074 0.0113555 -0.00656789 0.0022496 0.00138183 -0.00750529 -0.00810427 -0.0100894 -0.00128367 -0.00134354 -0.00170571 0.0193456 0.00406148 0.00633778 -0.00484939 -0.000152026 0.0117073 0.00159164
internal_weight=119359 87095.9 83729.1 40909.7 19050.5 42819.4 30775.9 32263 24589.9 3366.89 13261.7 6185.96 21859.2 5788.87 15444.1 12043.5 20810.1 13287.4 12467.5 7740.01 4081.58 16819 16122.7 1818.74 7961.91 1548.15 4727.44 9200.9 754.912 819.993
internal_count=482245 352605 338441 165915 77972 172526 123890 129640 98973 14164 53661 24917 87943 24311 62324 48636 83737 53667 50381 31313 16363 67316 64528 7873 32273 6291 19068 36828 3079 3286
is_linear=0
shrinkage=0.04


Tree=28
num_leaves=31
num_cat=0
split_feature=1 1 2 0 6 6 2 23 5 5 3 21 27 21 26 3 22 26 13 10 5 26 21 2 26 27 10 12 10 1
split_gain=360.243 286.771 271.252 206.137 162.628 119.208 114.864 91.3344 81.6531 76.6566 71.3034 49.6199 48.9751 48.1979 48.005 45.8144 52.507 42.9335 45.288 42.9326 42.8744 34.8135 32.4552 31.3269 30.8112 32.5844 27.6006 27.2872 26.5093 25.885
threshold=-3.0931223271579706e-07 -1.5851020673807168e-07 2.7529285873129089e-07 -1.4486924282408606e-07 3.0110846633640312e-05 2.375368732225726e-05 1.5481918058668501e-07 0.99825419253004022 3.172235318871231e-07 -9.7187427583023109e-05 1.5940745168308015e-07 -3.4434560326621839 -0.084408274999991456 -5.2265596556252474 -0.97082173000001071 -2.508956420577135e-05 0.25669411653491686 0.29938192499999267 0.7544639228515605 0.24693265154840707 -0.00015947971452234808 0.058905630000002838 -2.9655325117105211 -0.00044987018491049463 0.02853901499999802 -0.65843401499999088 0.88235474216413368 0.46543838302766738 0.56566646042999491 -1.589168601157098e-07
decision_type=2 2 2 2 2 2 2 2 2 2 2 2 2 2 2 2 2 2 2 2 2 2 2 2 2 2 2 2 2 2
left_child=5 9 3 11 7 15 8 12 -5 -2 -8 20 -4 21 23 24 -17 18 -6 -16 -3 29 -21 -7 25 -1 -13 -25 -9 -11
right_child=1 2 4 6 17 14 10 28 -10 13 -12 26 -14 -15 19 16 -18 -19 -20 22 -22 -23 -24 27 -26 -27 -28 -29 -30 -31
leaf_value=-0.0051436619061257542 0.00057364850747616944 0.00083890356340087663 0.00043499519264801617 -0.0029239841918031833 0.001777520231275969 0.012028493311238604 -0.0091953136065783432 0.014131799915880988 0.0010244049652547937 0.010977726351551809 -0.00099549382407781539 -0.0050341129552870104 0.0057420331796852039 0.0030147242018422294 -0.0046751817684477356 -3.4965498250724033e-05 -0.0082867982647140733 -0.0019149076385985169 0.018178906357600413 -0.0023999131261735001 0.0091786891647976446 -0.0034646277965829208 0.0028323056224251368 -0.002086734010375472 -0.0022639927134667863 -0.012344977036829805 0.011355160846078832 0.0059448230729691057 0.00827346714562208 0.021562486242489652
leaf_weight=1363.5831208825111 662.34636643528938 1310.5307305902243 3895.8346101939678 18806.099209934473 9399.2595768868923 469.01222893595695 5269.8473761826754 1931.3691389262676 15109.792593687773 488.782929494977 2505.454641699791 923.58201405405998 9756.4923694133759 403.95660170912743 9062.6900668740273 2465.9147693812847 2469.7759528458118 6706.2182349860668 275.06486344337463 6011.9152210652828 4010.7135650515556 113.18273662030697 2767.6949102580547 1814.2454614937305 849.32957977056503 3915.3372414261103 197.41745898127556 1075.9860026091337 3508.7105970531702 1668.3600316494703
leaf_count=5500 2684 5264 15769 75495 37928 1879 21288 8035 60689 2035 10045 3704 40021 1685 36363 9920 9941 27060 1134 24134 16244 473 11085 7271 3406 15875 795 4314 14571 7201
internal_value=-6.58683e-05 0.00127363 0.000814439 -0.00114138 0.00346837 -0.0036753 -0.00217053 0.00597682 -0.00116482 0.0127689 -0.00655496 0.00551621 0.0042284 0.0157839 -0.00191817 -0.00704077 -0.00416735 0.000543813 0.00224887 -0.00274418 0.00712717 0.0180477 -0.000749496 0.00246616 -0.00935151 -0.0104891 -0.00212439 0.000903661 0.0103597 0.0191817
internal_weight=119209 86943 83606.4 48133.4 35472.9 32265.5 41691.2 19092.4 33915.9 3336.63 7775.3 6442.24 13652.3 2674.28 21201.5 11063.9 4935.69 16380.5 9674.32 17842.3 5321.24 2270.33 8779.61 3359.24 6128.25 5278.92 1121 2890.23 5440.08 2157.14
internal_count=481808 352120 338042 193524 144518 129688 167517 78396 136184 14078 31333 26007 55790 11394 85046 44642 19861 66122 39062 71582 21508 9709 35219 13464 24781 21375 4499 11585 22606 9236
is_linear=0
shrinkage=0.04


Tree=29
num_leaves=31
num_cat=0
split_feature=24 0 0 1 1 9 3 2 9 9 2 9 5 28 9 5 7 1 2 21 24 13 5 18 8 6 28 3 25 28
split_gain=295.474 216.624 134.628 164.545 165.35 128.416 116.802 133.599 113.921 105.301 91.1072 76.6986 69.9735 67.952 66.7428 62.4415 40.0005 44.6129 37.5806 39.0997 36.954 36.3402 36.4678 35.4367 33.1956 32.5956 30.2372 28.4462 27.5413 25.8125
threshold=0.86807639802576697 1.5989045643038938e-07 1.545223682342112e-07 -3.0931223271579706e-07 -1.5851020673807168e-07 3.7035432981424349e-05 4.7121119539639272e-07 -1.5491731097938552e-07 2.0704065771849945e-05 4.3561020614532114e-05 -6.2965794533909037e-07 6.2217920002206293e-06 3.172235318871231e-07 5.5570482449999927 1.0440451450623294e-05 -6.3674940609104159e-07 7.0812591445080583e-06 1.5989807433669514e-07 1.5602023584193605e-07 -3.6547603860621938 0.9941694198963712 0.87874514695198169 -1.0000000180025095e-35 0.99450045367099527 7.1077643088249039e-08 2.0969668620597034e-06 -0.80784174500002226 1.5810760434220586e-07 0.78087652351527936 -1.7528901700000181
decision_type=2 2 2 2 2 2 2 2 2 2 2 2 2 2 2 2 2 2 2 2 2 2 2 2 2 2 2 2 2 2
left_child=1 2 3 5 14 26 7 10 20 29 -2 -4 21 16 -5 -6 28 -18 19 -13 -8 22 -9 -11 -12 -7 -1 -14 -10 -3
right_child=6 9 11 4 15 25 8 12 13 23 24 18 27 -15 -16 -17 17 -19 -20 -21 -22 -23 -24 -25 -26 -27 -28 -29 -30 -31
leaf_value=-0.0033255895930849491 -0.0060106552770304699 -0.00033665414395373536 -0.017876665891527661 0.016665036974615292 -0.0020424895448842555 -0.01748411479459399 0.0084847836766793767 -0.0050176933306679316 0.019636053661280618 -0.001841399225687369 0.027241072571328639 -0.0098459088863515707 0.0050380572903791212 -0.011789229999560159 0.0034262944655398015 0.00097271967911570728 -0.00013752114650608462 0.0065502676799333061 -0.0020400679140206179 0.0034585606017704341 0.015307561375965549 0.012669669554128182 -0.015391318599151825 0.0025331004966353673 0.011523626572132115 -0.0014671379818243112 -0.0085880071507387044 -0.0085268291239971126 0.0023430368301417055 0.00798698402801893
leaf_weight=2262.7131672054529 455.51762466132641 663.9577043056488 916.64611795544624 1253.0866403728724 20891.848019137979 203.56911285221577 3433.4953122287989 2609.8855197429657 433.27198462188244 4935.744158372283 265.79212839901447 3025.7786282449961 1719.7447517216206 438.93219968676567 1189.4888444393873 23175.525588497519 2998.6346319168806 3404.910308137536 2795.2703192532063 398.20031860470772 2035.7206126451492 152.04734268784523 684.94280971586704 7402.2694538980722 1155.1796145737171 16273.536009684205 7789.5827698260546 286.33056437969208 225.01404912769794 5699.2076846808195
leaf_count=9152 1830 2685 3727 5419 83964 816 14283 10512 1763 19776 1171 12161 6927 1766 4820 93456 12102 13991 11293 1597 8566 610 2772 29698 4832 65156 31577 1154 922 23360
internal_value=-3.46019e-05 -0.000937121 -0.0018414 -0.00132884 0.000104958 -0.00384251 0.00436077 0.000323427 0.00664137 0.00293912 0.00952316 -0.00708469 -0.00284412 0.00343733 0.0102302 -0.000456654 0.00438828 0.00341871 -0.00548683 -0.00829554 0.011031 -0.00629986 -0.00718566 0.000782606 0.0145088 -0.0016679 -0.00740514 0.00309106 0.0137641 0.00711772
internal_weight=119176 98876.4 80175.2 73039.4 46509.9 26529.4 20299.4 7329.44 12970 18701.2 1876.49 7135.9 5452.95 7500.76 2442.58 44067.4 7061.83 6403.54 6219.25 3423.98 5469.22 3446.88 3294.83 12338 1420.97 16477.1 10052.3 2006.08 658.286 6363.17
internal_count=481858 398657 323138 294360 187659 106701 83201 29808 53393 75519 7833 28778 21975 30544 10239 177420 28778 26093 25051 13758 22849 13894 13284 49474 6003 65972 40729 8081 2685 26045
is_linear=0
shrinkage=0.04


Tree=30
num_leaves=31
num_cat=0
split_feature=0 1 0 9 9 1 4 8 23 9 9 9 5 10 21 21 25 21 6 16 9 19 25 9 9 20 21 16 9 11
split_gain=296.632 256.631 283.312 218.607 169.672 154.138 119.933 114.87 104.469 100.056 91.3534 58.8728 54.6244 54.5332 45.5125 43.6414 52.6624 47.3112 42.6119 40.2857 36.5797 34.6961 32.876 31.8406 29.8326 29.639 26.5201 26.1853 25.9903 25.3675
threshold=-3.1344955697676364e-07 1.5989807433669514e-07 -1.4486924282408606e-07 2.422952787209075e-05 1.0440451450623294e-05 1.5453025969947023e-07 3.1714800208249022e-07 5.248746187247771e-05 -1.0000000000064133 6.2217920002206293e-06 1.3958236124849368e-05 4.3561020614532114e-05 -2.2285922813836119e-06 0.99999999967231568 -3.4434560326621839 -1.2046230173098811 -0.72513053076106304 -14.58128409406879 6.2363384861389736e-08 0.2708192419584492 1.3523607840922419e-05 -0.32950361905489106 0.87657404458107091 8.9706920930174738e-06 8.4700216156574721e-05 -0.4234762619822246 -4.5654890072356658 0.0097545816188825494 1.3742424173135022e-05 0.60000000000004539
decision_type=2 2 2 2 2 2 2 2 2 2 2 2 2 2 2 2 2 2 2 2 2 2 2 2 2 2 2 2 2 2
left_child=7 2 4 13 12 6 8 15 -4 29 -8 25 -2 19 21 16 -1 28 -11 20 -3 -6 -13 -15 -9 -5 -14 -19 -18 -7
right_child=1 3 5 11 14 9 10 24 -10 18 -12 22 26 23 -16 -17 17 27 -20 -21 -22 -23 -24 -25 -26 -27 -28 -29 -30 -31
leaf_value=-0.01470443428594884 0.0072959377539439695 0.01683120269692516 0.0099261679765449227 -0.0019441508534797664 0.00060603010179080378 -0.018984708071764139 0.0067929319675202708 -0.0036786017603340293 -0.0026680598143052981 -0.014770438687594509 0.00033502893096681716 0.00031290586007653152 0.022002185414247762 -0.0073196081044129037 -0.0062347336483788421 -0.0015324301573157535 0.022738329577722673 -0.0091093082052297932 -0.0033878122043450583 -0.0007223263626232368 0.010041665654502962 0.0069420692304099042 0.012435967015662004 0.0066763165559138313 0.00053308763585606877 0.0057794938513116671 0.0068847240274303133 -0.0020027704529302351 0.00019077493959636659 -0.0088223088985589643
leaf_weight=1794.5287170857191 882.37897565960884 2043.627101585269 1091.1107629239559 896.36080335080624 2537.2998599410057 1029.1688361018896 4505.4449225962162 5218.2506942600012 28960.286149457097 568.29457205533981 15762.40084888041 14799.211027160287 1307.1333740502596 372.2530564814806 780.20870465040207 1666.3031715303659 99.8015276491642 5098.1594177335501 6872.1028634756804 388.66383969783783 3424.6885403841734 3043.9200479835272 364.437290802598 847.18456320464611 5547.8033680319786 6878.3252838551998 220.9853500276804 995.30540210008621 412.66820156574249 651.0145098567009
leaf_count=7309 3641 8673 4426 3640 10229 4205 18307 20883 116627 2289 63388 59366 5597 1564 3134 6704 410 20589 27647 1627 14430 12311 1472 3562 22201 28084 921 4007 1668 2650
internal_value=-4.63552e-05 0.000873108 -0.00048308 0.00395518 0.00622628 -0.00147354 -0.000606074 -0.0043815 -0.00220983 -0.00625734 0.00177152 0.00205832 0.0152588 0.0101003 0.00279824 -0.00745282 -0.00862569 -0.00696872 -0.0042625 0.0117023 0.0125864 0.00406419 0.000606584 0.00239294 -0.0015081 0.00488792 0.0198342 -0.00795076 0.004679 -0.0150689
internal_weight=119059 98226.5 68211.7 30014.8 8771.93 59439.8 50319.2 20832.8 30051.4 9120.58 20267.8 22938.3 2410.5 7076.42 6361.43 10066.8 8400.46 6605.93 7440.4 5856.98 5468.32 5581.22 15163.6 1219.44 10766.1 7774.69 1528.12 6093.46 512.47 1680.18
internal_count=481561 397790 275372 122418 35833 239539 202748 83771 121053 36791 81695 92562 10159 29856 25674 40687 33983 26674 29936 24730 23103 22540 60838 5126 43084 31724 6518 24596 2078 6855
is_linear=0
shrinkage=0.04


end of trees

feature_importances:
rv_60=126
ret_3=85
ret_5=68
ret_1=64
rv_30=64
cvd_5=57
ret_15=56
imb_5=44
ret_30=37
log_vol=37
imb_15=35
tbr=33
ret_60=31
imb_30=31
cvd_15=27
rv_5=25
cvd_30=22
close_loc=20
tbr_15=17
tbr_30=13
vol_z_60=12
rv_15=11
tbr_5=4
vol_z_30=4
lower_wick=3
upper_wick=2
body_ratio=1
vol_shock_5=1

parameters:
[boosting: gbdt]
[objective: binary]
[metric: auc,binary_logloss]
[tree_learner: serial]
[device_type: cpu]
[data_sample_strategy: bagging]
[data: ]
[valid: ]
[num_iterations: 400]
[learning_rate: 0.04]
[num_leaves: 31]
[num_threads: 0]
[seed: 42]
[deterministic: 0]
[force_col_wise: 0]
[force_row_wise: 0]
[histogram_pool_size: -1]
[max_depth: 6]
[min_data_in_leaf: 400]
[min_sum_hessian_in_leaf: 0.001]
[bagging_fraction: 0.8]
[pos_bagging_fraction: 1]
[neg_bagging_fraction: 1]
[bagging_freq: 1]
[bagging_seed: 42]
[bagging_by_query: 0]
[feature_fraction: 0.8]
[feature_fraction_bynode: 1]
[feature_fraction_seed: 42]
[extra_trees: 0]
[extra_seed: 12879]
[early_stopping_round: 0]
[early_stopping_min_delta: 0]
[first_metric_only: 0]
[max_delta_step: 0]
[lambda_l1: 0.15]
[lambda_l2: 2.4]
[linear_lambda: 0]
[min_gain_to_split: 0.01]
[drop_rate: 0.1]
[max_drop: 50]
[skip_drop: 0.5]
[xgboost_dart_mode: 0]
[uniform_drop: 0]
[drop_seed: 17869]
[top_rate: 0.2]
[other_rate: 0.1]
[min_data_per_group: 100]
[max_cat_threshold: 32]
[cat_l2: 10]
[cat_smooth: 10]
[max_cat_to_onehot: 4]
[top_k: 20]
[monotone_constraints: ]
[monotone_constraints_method: basic]
[monotone_penalty: 0]
[feature_contri: ]
[forcedsplits_filename: ]
[refit_decay_rate: 0.9]
[cegb_tradeoff: 1]
[cegb_penalty_split: 0]
[cegb_penalty_feature_lazy: ]
[cegb_penalty_feature_coupled: ]
[path_smooth: 0]
[interaction_constraints: ]
[verbosity: -1]
[saved_feature_importance_type: 0]
[use_quantized_grad: 0]
[num_grad_quant_bins: 4]
[quant_train_renew_leaf: 0]
[stochastic_rounding: 1]
[linear_tree: 0]
[max_bin: 255]
[max_bin_by_feature: ]
[min_data_in_bin: 3]
[bin_construct_sample_cnt: 200000]
[data_random_seed: 175]
[is_enable_sparse: 1]
[enable_bundle: 1]
[use_missing: 1]
[zero_as_missing: 0]
[feature_pre_filter: 1]
[pre_partition: 0]
[two_round: 0]
[header: 0]
[label_column: ]
[weight_column: ]
[group_column: ]
[ignore_column: ]
[categorical_feature: ]
[forcedbins_filename: ]
[precise_float_parser: 0]
[parser_config_file: ]
[objective_seed: 16083]
[num_class: 1]
[is_unbalance: 0]
[scale_pos_weight: 1]
[sigmoid: 1]
[boost_from_average: 1]
[reg_sqrt: 0]
[alpha: 0.9]
[fair_c: 1]
[poisson_max_delta_step: 0.7]
[tweedie_variance_power: 1.5]
[lambdarank_truncation_level: 30]
[lambdarank_norm: 1]
[label_gain: ]
[lambdarank_position_bias_regularization: 0]
[eval_at: ]
[multi_error_top_k: 1]
[auc_mu_weights: ]
[num_machines: 1]
[local_listen_port: 12400]
[time_out: 120]
[machine_list_filename: ]
[machines: ]
[gpu_platform_id: -1]
[gpu_device_id: -1]
[gpu_device_id_list: ]
[gpu_use_dp: 0]
[num_gpu: 1]

end of parameters

pandas_categorical:null
