tree
version=v4
num_class=1
num_tree_per_iteration=1
label_index=0
max_feature_idx=29
objective=binary sigmoid:1
feature_names=ret_1 ret_3 ret_5 ret_15 ret_30 ret_60 rv_5 rv_15 rv_30 rv_60 tbr tbr_5 tbr_15 tbr_30 body_ratio upper_wick lower_wick log_hl close_loc vol_z_30 vol_z_60 log_vol vol_shock_5 imb_5 imb_15 imb_30 cvd_5 cvd_15 cvd_30 trade_z_30
feature_infos=[-0.0039010133553141202:0.003499546771465134] [-0.0070080867085806631:0.0054226258711214115] [-0.0063984464414819087:0.0080666877044155427] [-0.0070290914387847181:0.017216693507320358] [-0.010096002981093477:0.027842889760245626] [-0.013527519382723341:0.030709752469821439] [0:0.0026351828525430668] [0:0.0023241134864151396] [0:0.0019688225679489082] [6.0515376729633474e-12:0.0016183525466666761] [0:1] [0:1] [0:1] [0:0.99999055552407501] [0:1] [0:1] [0:1] [0:0.0045796288501286685] [0:1] [-5.3525753149864554:5.3851647898719337] [-2.0003793656484214:7.6811239404791234] [-27.631021115928547:5.7443476307242873] [0:5.0000026645366793] [-1.0000025757185038:1.0000003552715258] [-1.0000003247403788:1.0000002030783131] [-0.99999999999999634:0.99999999999999356] [-326.12699616999987:108.97318622999998] [-330.31427688999986:190.70238210999997] [-334.76577277999991:190.30981777999989] [-2.9696040791875618:5.3839338440727253]
tree_sizes=3545 3610 3606 3608 3612 3623 3617 3613 3618 3634 3625 3623 3609 3616 3612 3622 3605 3622 3620 3630 3629 3633 3623 3629 3613 3618 3588 3633 3607 3621 3624 3631 3633 3635 3644 3642 3618 3628 3630 3629 3615 3627 3638 3618 3627 3613 3646 3619 3625 3634 3632 3630 3645 3633 3631 3636 3617 3623 3606 3626 3631 3622 3632 3631 3617 3638 3610 3610 3647 3638 3613 3614 3636 3618 3626 3625 3620 3628 3624 3620 3641 3639 3629 3628 3622 3623 3651 3626 3607 3627 3618 3608 3605 3631 3636 3622 3619 3638 3611 3614 3613 3641 3605 3626 3627 3596 3621 3639 3613 3625 3636 3613 3645 3626 3623 3636 3609 3621 3603 3628 3615 3621 3626

Tree=0
num_leaves=31
num_cat=0
split_feature=10 1 1 1 18 23 9 1 9 8 9 16 23 23 3 21 3 21 12 22 8 1 26 14 10 13 26 18 9 21
split_gain=7168.04 5994.15 5043.6 3030.09 5182.36 3428.83 2452.2 1954.76 922.015 588.971 516.141 453.764 358.315 328.234 323.053 311.692 311.408 246.076 231.551 207.589 182.966 177.019 139.837 113.478 153.138 112.797 105.326 96.3023 133.081 105.757
threshold=0.99999999894144032 -3.1727463500885728e-07 -1.5471119141352571e-07 3.1211712059331381e-07 0.99893729954353383 0.99999929935792309 3.6071232449815141e-05 1.5934976360654221e-07 2.4421847921544622e-05 4.5872400734799559e-06 1.8755386844683032e-05 0.0078125000006291287 0.98097478617478817 -0.79063949560372182 6.2195345584825656e-07 -3.6209066608298808 -1.5945582187981697e-07 -3.6209066608298808 0.66652531596292952 0.63069183258748074 4.452278252347756e-05 -1.5853278512167887e-07 -0.027940255000013042 0.98122329059636282 0.73901418136438568 0.88134470896027961 -0.0044776650000120204 0.99929792655445338 4.2947311339624289e-05 -23.025800932440287
decision_type=2 2 2 2 2 2 2 2 2 2 2 2 2 2 2 2 2 2 2 2 2 2 2 2 2 2 2 2 2 2
left_child=1 13 8 4 5 -4 11 10 16 -6 14 -5 -8 19 18 -12 26 -9 -2 27 -21 -18 -10 -15 -25 -20 -3 29 -29 -1
right_child=7 2 3 6 9 -7 12 17 22 -11 15 -13 -14 23 -16 -17 21 -19 25 20 -22 -23 -24 24 -26 -27 -28 28 -30 -31
leaf_value=0.060321435871824591 0.032520013036486488 0.093825615833999731 0.091610613785973641 0.11147608367735003 0.033380198326675568 0.044261700170909288 0.083346279095649636 0.077957704732647987 0.082012755400109716 0.058172528654013268 0.055907665003369758 0.085118314632301836 0.097242705478945174 0.075631084782920702 0.059517499579180247 0.086158124781979151 0.1345204372270915 0.10333747076978168 0.04519599598144295 0.051689931656179695 0.066415038141336202 0.12032153742428219 0.10148608387439009 0.064731968856979474 0.076016367163929552 0.072238112813744787 0.11443839163831435 0.048127851952974629 0.070063408134419358 0.073189733692185899
leaf_weight=1308.9053338766098 3503.1438522040844 575.07968902587891 24666.775289922953 10763.524926155806 1875.4986038804054 2714.1564837098122 16017.61670306325 1558.7554939091206 785.74256122112274 8444.7357286512852 5324.7287352383137 1159.1449981927872 3642.9201655089855 7815.243117660284 1639.3764746189117 605.78055784106255 2692.940436154604 1002.3958468437195 2933.8049760460854 3263.2777145504951 2318.7891975045204 3061.6004624962807 2381.1893373727798 5205.9188689291477 3057.6068535447121 271.81500926613808 1319.6381579339504 834.66427087783813 947.98292487859726 4669.0280655026436
leaf_count=5244 14035 2304 98825 43123 7514 10874 64173 6245 3148 33833 21333 4644 14595 31311 6568 2427 10789 4016 11754 13074 9290 12266 9540 20857 12250 1089 5287 3344 3798 18706
internal_value=0.0800249 0.0837608 0.0894321 0.0854656 0.0778094 0.0869142 0.0946046 0.0557309 0.114833 0.0536566 0.0499597 0.108916 0.0859233 0.0683211 0.0435462 0.0589999 0.122347 0.0879012 0.039653 0.0636827 0.0577972 0.126987 0.0966617 0.0721724 0.0689042 0.0474796 0.108211 0.0679223 0.0597604 0.0703644
internal_weight=126362 109522 80100.6 69284.4 37701.2 27380.9 31583.2 16839.8 10816.2 10320.2 14278.6 11922.7 19660.5 29421.4 8348.14 5930.51 7649.26 2561.15 6708.76 13342.6 5582.07 5754.54 3166.93 16078.8 8263.53 3205.62 1894.72 7760.58 1782.65 5977.93
internal_count=506256 438789 320915 277581 151046 109699 126535 67467 43334 41347 57206 47767 78768 117874 33446 23760 30646 10261 26878 53456 22364 23055 12688 64418 33107 12843 7591 31092 7142 23950
is_linear=0
shrinkage=1


Tree=1
num_leaves=31
num_cat=0
split_feature=10 2 2 6 2 9 18 2 18 9 0 9 0 7 21 1 18 21 8 13 22 21 2 9 8 21 8 4 9 29
split_gain=6637.72 6151.2 4721.9 3165.33 3967.15 2421.07 2387.59 2067.46 811.594 730.197 569.679 481.121 455.421 397.164 313.958 281.095 296.974 280.815 267.333 259.202 197.7 179.96 160.184 154.89 128.642 125.735 115.973 115.865 101.125 97.6818
threshold=0.99999999894144032 -3.1450148352263335e-07 -1.4468937514777733e-07 1.3848913930346537e-07 1.4558396088659722e-07 3.1806175050880956e-05 0.99731903485297579 1.5940394515467918e-07 0.99991568296800382 1.2006752026273524e-05 2.7499649402074061e-07 1.8306461263571474e-05 -3.1852510140595308e-07 5.5380141116148436e-06 -3.6209066608298808 -3.1727463500885728e-07 0.99801192057127619 -3.4165272394903545 4.452278252347756e-05 0.74611180920976161 0.10620024694685808 -4.0161068371708692 -1.585107982648992e-07 3.3249650498074338e-06 2.5270960852202027e-05 -23.025800932440287 4.7423602523129659e-05 1.5701377135357578e-05 2.8721739189665212e-05 0.47967613899172218
decision_type=2 2 2 2 2 2 2 2 2 2 2 2 2 2 2 2 2 2 2 2 2 2 2 2 2 2 2 2 2 2
left_child=1 10 9 4 6 8 -4 11 -5 22 15 19 -7 -6 -9 18 25 26 20 23 -1 24 -3 -2 -11 -17 -13 -21 -18 -25
right_child=7 2 3 5 13 12 -8 14 -10 21 -12 17 -14 -15 -16 16 28 -19 -20 27 -22 -23 -24 29 -26 -27 -28 -29 -30 -31
leaf_value=-0.013048728370631386 -0.051749431789570657 0.054488929713205909 0.010000226193310671 0.032942867360282846 -0.043656113574391274 -0.0065189956238622861 -0.026187931058087716 -0.002755100567621971 0.012957069937905666 0.033221213867472399 0.0032047346257414767 -0.02675000455712807 0.0080259591833711751 -0.022685147207558664 0.024487458242361156 -0.012148988766421894 -0.032991883490564131 0.0044177242697677269 -0.010128138717107476 -0.028626513889298197 -0.023440766506039198 0.0045152628476972561 0.038872915955704322 -0.039351488420358363 0.018995492936564776 0.0024004704592054346 -0.0091540342891883227 -0.0042325827890164827 -0.013051282176649279 -0.023545040258475241
leaf_weight=5304.2176277935505 1484.4115778505802 2584.9140821844339 16527.946958214045 9587.3338470906019 3103.8088785260916 4117.9299049675465 3539.7323785424232 2119.9023011475801 4927.1688071489334 3067.8926481753588 4233.119008526206 4540.095417112112 20993.785623952746 2724.5713588893414 991.44335494935513 1224.3865316212177 585.06733492016792 601.31657430529594 10893.18027639389 1276.127989962697 6584.8541858941317 564.67708037793636 1839.7838604450226 3952.3935059607029 1543.8881401717663 4214.2257360368967 695.39054161310196 413.92970795929432 1351.4457922875881 761.6401250064373
leaf_count=21242 5940 10376 66255 38454 12428 16498 14169 8490 19756 12306 16959 18175 84135 10911 3976 4908 2343 2410 43627 5108 26365 2264 7381 15817 6190 16893 2784 1657 5412 3048
internal_value=-0.000118009 0.00347689 0.00989096 0.00605136 -0.00482371 0.0131583 0.00361434 -0.0234985 0.0261621 0.0360853 -0.0105337 -0.0301713 0.00564018 -0.0338673 0.00593611 -0.0124624 -0.0056712 -0.0214468 -0.0146598 -0.0366174 -0.0188085 0.0258636 0.0480218 -0.040409 0.0284725 -0.000877839 -0.0244193 -0.02267 -0.0191123 -0.0368122
internal_weight=126351 109514 75123.4 65522.3 25896.1 39626.2 20067.7 16836.7 14514.5 9601.16 34390.5 13725.3 25111.7 5828.38 3111.35 30157.4 7375.13 5836.8 22782.3 7888.5 11889.1 5176.46 4424.7 6198.45 4611.78 5438.61 5235.49 1690.06 1936.51 4714.03
internal_count=506277 438872 301123 262606 103763 158843 80424 67405 58210 38517 137749 54939 100633 23339 12466 120790 29556 23369 91234 31570 47607 20760 17757 24805 18496 21801 20959 6765 7755 18865
is_linear=0
shrinkage=0.04


Tree=2
num_leaves=31
num_cat=0
split_feature=2 2 2 2 11 0 9 0 0 9 9 21 0 0 9 23 15 0 26 26 3 0 29 2 3 9 14 24 3 23
split_gain=5866.22 4473.71 3774.58 6366.01 2653 2219.04 2056.67 1537.21 718.708 693.503 596.296 411.512 391.496 421.221 355.831 293.242 278.77 237.097 235.582 228.453 202.277 175.68 162.372 145.666 135.736 114.529 92.9564 77.1173 74.205 71.354
threshold=3.1539746814246433e-07 1.4558396088659722e-07 -3.1450148352263335e-07 -1.4468937514777733e-07 0.60000000000000087 -1.0000000180025095e-35 3.9038568201982652e-05 1.0000000180025095e-35 2.7499649402074061e-07 1.2006752026273524e-05 7.0783446745661142e-06 -14.096568692480515 2.7499649402074061e-07 1.0000000180025095e-35 3.5050676994072081e-05 0.98097478617478817 0.25527630732676265 -1.5947507225888555e-07 0.037596254999999308 -0.0086147949999882314 3.1213748385994227e-07 -2.9310409210836491e-07 -0.22253020479479377 -1.585107982648992e-07 2.2860852653572298e-05 1.9634482584638048e-05 0.97297297298200824 0.90332437147572631 1.5895203464566523e-07 0.87596494053215934
decision_type=2 2 2 2 2 2 2 2 2 2 2 2 2 2 2 2 2 2 2 2 2 2 2 2 2 2 2 2 2 2
left_child=1 2 8 9 7 -6 11 -5 14 23 28 22 13 17 16 21 -1 -13 20 -11 25 -8 27 -4 -14 -12 -16 -2 -3 -26
right_child=6 10 3 4 5 -7 15 -9 -10 19 18 12 24 -15 26 -17 -18 -19 -20 -21 -22 -23 -24 -25 29 -27 -28 -29 -30 -31
leaf_value=-0.019560896636790656 0.022947571839924113 -0.050873534309024818 0.051919934164756071 0.012160805418020906 0.031610934930059252 -0.022180627736754124 -0.0063152523714759354 -0.029306512016001443 0.0030501612107506184 0.0093211387665856488 -0.040646629824162311 -0.0022213517875974034 0.016771897328157297 -0.0061716675650966973 -0.0071955292249035454 0.013543162667122773 0.0071418806183617504 0.02058811672401779 -0.0080988589081278269 0.028975232898406759 -0.018995566547068455 0.0037196284258893481 0.041988942165553877 0.037094449457567541 0.022663896033972081 -0.026780853070872971 -0.012800600935054527 0.034592522746552092 -0.032008419135766832 0.033466236029697241
leaf_weight=13757.775123044848 2759.7889344245195 2154.5657416582108 2613.6695262342691 13941.235867440701 1368.5108498185873 11703.808335915208 3527.3940099775791 1591.4883547574282 4729.2199373990297 1244.0221668183804 2013.7622821778059 861.36707590520382 1952.1880649328232 1606.2081905156374 9463.106682240963 4101.6342750787735 653.83424820005894 4715.4117698818445 1074.8732829988003 4004.5018165409565 2306.0152534544468 13337.984427288175 1583.4664944112301 1853.7204511165619 1572.4854626208544 1865.7385931909084 9514.4999680072069 1388.4326658546925 416.31454767286777 2732.1055330634117
leaf_count=55074 11083 8620 10532 55913 5494 46852 14128 6369 18948 4993 8057 3456 7836 6439 37894 16449 2619 18928 4303 16087 9229 53461 6362 7455 6313 7466 38092 5577 1666 10970
internal_value=-1.92395e-05 -0.00589685 -0.00262963 0.00623521 -0.0032668 -0.0165441 0.0126131 0.00790779 -0.0115416 0.034205 -0.0312925 0.0220813 0.018247 0.0118675 -0.0136086 0.00395392 -0.018348 0.0170645 -0.0254135 0.0243243 -0.028417 0.00161988 0.0310597 0.0457927 0.0255626 -0.0340005 -0.0100072 0.0268644 -0.0478537 0.0295363
internal_weight=126409 86270.7 76439.4 38321 28605 13072.3 40138.5 15532.7 38118.4 9715.91 9831.27 19171.5 13439.8 7182.99 33389.2 20967 14411.6 5576.78 7260.39 5248.52 6185.52 16865.4 5731.69 4467.39 6256.78 3879.5 18977.6 4148.22 2570.88 4304.59
internal_count=506665 345663 306322 153695 114628 52346 161002 62282 152627 39067 39341 76964 53942 28823 133679 84038 57693 22384 29055 21080 24752 67589 23022 17987 25119 15523 75986 16660 10286 17283
is_linear=0
shrinkage=0.04


Tree=3
num_leaves=31
num_cat=0
split_feature=10 1 1 10 1 18 1 8 8 8 12 21 4 8 21 23 21 22 1 26 8 6 13 14 10 22 5 16 12 18
split_gain=5783.52 4877.04 4536.38 2510.04 3049.36 2399.34 1636.53 1286.27 961.397 695.547 415.109 409.414 314.986 323.619 296.017 287.758 204.408 199.775 159.87 150.594 137.863 132.883 121.138 87.7679 132.755 89.9321 87.3625 84.0058 80.3324 79.7486
threshold=0.99999999894144032 -1.5966206490247711e-07 -1.5471119141352571e-07 1.0000000180025095e-35 4.6341563475493791e-07 0.99893729954353383 1.5934976360654221e-07 2.5556996596842358e-05 3.8637651990574353e-05 1.1417824471126244e-05 0.36410477406159608 -3.6888792540739779 1.0927695086593305e-06 1.9163443066681538e-05 -5.659633062081066 -0.79063949560372182 -3.6209066608298808 0.63069183258748074 -1.5833149014099488e-07 -0.0076799500000058257 5.4082817042822506e-05 8.5851924361987812e-13 0.77518180587761998 0.9895833333312215 0.6155658015887171 0.03158676734293691 0.00015177583378900297 0.99496848180956954 0.75498882812728796 0.99929792655445338
decision_type=2 2 2 2 2 2 2 2 2 2 2 2 2 2 2 2 2 2 2 2 2 2 2 2 2 2 2 2 2 2
left_child=1 15 9 7 5 -5 11 10 -6 18 -4 12 13 21 -9 17 -8 29 -3 -11 -19 -2 26 27 25 -25 -14 -17 -15 -1
right_child=6 2 3 4 8 -7 16 14 -10 19 -12 -13 22 28 -16 23 -18 20 -20 -21 -22 -23 -24 24 -26 -27 -28 -29 -30 -31
leaf_value=-0.008422537410753007 -0.028662943907403808 0.049505283853602186 0.016105501922711069 0.00036533547743794763 0.021180743920885745 -0.023936363415864439 -0.0015239150426346656 0.011352338000885833 0.0045197626247935807 0.010905927407867409 0.035307036325130471 -0.003121774757953021 -0.026519501403388199 -0.025479477995833354 -0.0058546699459411898 -0.0023567128897888155 0.021506748978309908 -0.024700117574807296 0.035619975803489287 0.026531194719807916 -0.01110521777156105 -0.041984634491086553 -0.0023205630818783339 -0.00130070634709582 -0.0035517618481223346 -0.016316029723576125 -0.012646846152729803 -0.014473025362689372 -0.0087421197368319388 -0.018012504310651926
leaf_weight=6032.7199477553368 1674.8457159101963 2876.1135777980089 2649.457849919796 17595.709758073092 9048.8149656504393 10305.836171403527 1569.4407449513674 7544.9709327965975 14298.188773795962 1352.9351610839367 5678.3495500534773 1058.0923046171665 2497.1097963452339 2418.3342677205801 2027.7531441301107 7085.170434743166 1012.4441997855902 3896.4594169557095 2548.4215719401836 3710.7194199115038 1731.7505327761173 4480.0080665200949 553.82971550524235 756.89683392643929 3260.6465788781643 4113.467876046896 1036.7637891918421 1049.7336457967758 571.66180457174778 1806.5174392461777
leaf_count=24147 6700 11627 10640 70582 36375 41240 6289 30285 57328 5430 22837 4237 9991 9675 8131 28376 4071 15589 10267 14929 6931 17926 2216 3030 13057 16462 4148 4203 2287 7230
internal_value=1.19179e-05 0.00337483 0.00853604 0.00481735 0.000312975 -0.00861192 -0.0217841 0.0177111 0.010979 0.0330462 0.0292053 -0.0270786 -0.0289929 -0.0331228 0.00770626 -0.0104482 0.00751645 -0.0147732 0.0430018 0.0223647 -0.0205247 -0.0383731 -0.0197381 -0.00686529 -0.00980447 -0.0139855 -0.0224626 -0.00392476 -0.022291 -0.0106381
internal_weight=126243 109371 79637.3 69149.1 51248.5 27901.5 16872.5 17900.5 23347 10488.2 8327.81 14290.6 13232.6 9144.85 9572.72 29733.4 2581.88 13467.4 5424.54 5063.65 5628.21 6154.85 4087.7 16265.9 8131.01 4870.36 3533.87 8134.9 2990 7839.24
internal_count=506236 438696 319671 277418 205525 111822 67540 71893 93703 42253 33477 57180 52943 36588 38416 119025 10360 53897 21894 20359 22520 24626 16355 65128 32549 19492 14139 32579 11962 31377
is_linear=0
shrinkage=0.04


Tree=4
num_leaves=31
num_cat=0
split_feature=10 2 2 6 2 9 18 2 18 9 0 9 23 7 21 21 0 18 21 9 7 26 12 9 13 13 22 9 4 2
split_gain=5248.92 4856.02 3874.81 2563.42 3256.34 2066.23 1882.85 1546.87 761.079 637.754 442.297 425.128 345 342.443 328.789 238.73 223.272 494.167 404.416 252.868 230.728 206.074 158.172 183.479 141.413 129.556 118.628 110.026 81.5458 81.1621
threshold=0.99999999894144032 -3.1450148352263335e-07 -1.4468937514777733e-07 1.2371015927215016e-07 1.4558396088659722e-07 3.3207106353628299e-05 0.74490287607302486 1.5940394515467918e-07 0.99991568296800382 1.2006752026273524e-05 2.7499649402074061e-07 7.0783446745661142e-06 0.96569496669222143 5.5380141116148436e-06 -3.4165272394903545 -3.6209066608298808 -3.1852510140595308e-07 0.77386851033875603 -23.025800932440287 2.8974436796432182e-05 5.0863065260408674e-05 -0.032713585000006186 0.72321687617157615 3.4099311599028101e-05 0.49411574726084262 0.86026162764763592 0.022223863695839809 3.2667692169133205e-05 1.2377361580995229e-05 -1.585107982648992e-07
decision_type=2 2 2 2 2 2 2 2 2 2 2 2 2 2 2 2 2 2 2 2 2 2 2 2 2 2 2 2 2 2
left_child=1 10 9 4 6 8 -4 11 -5 24 16 25 -7 -6 22 -9 20 18 -18 -19 26 -11 23 -13 -3 28 -1 -23 -2 -26
right_child=7 2 3 5 13 12 -8 15 -10 21 -12 14 -14 -15 -16 -17 17 19 -20 -21 -22 27 -24 -25 29 -27 -28 -29 -30 -31
leaf_value=-0.0065649763684966101 -0.043341573007766775 0.026224416707650612 0.0088891598611024487 0.02973134845686435 -0.040238287975775083 0.0018933211654717634 -0.023499357725218703 -0.0028055556337603848 0.011014032616356679 0.0051451121711379253 0.0028287034511647962 -0.03123679143225112 0.013041191955354596 -0.020516594184265793 0.0020559229392585177 0.021038239941805436 -0.015274461090195843 -0.034126674410472742 0.0018952178777067298 -0.012904531792148328 -0.0089971021180148287 0.030403155121704488 -0.01647532659048679 -0.014843798459357412 0.051658400423263855 -0.0072305996233701262 -0.021016242684847287 0.015472184339884759 -0.025397318561910468 0.039321973638026593
leaf_weight=1051.9129840731621 2746.6475205272436 628.34667938947678 16399.847633987665 10093.444093510509 3048.2097506821156 18528.906985744834 3478.9087783843279 2109.0729649066925 5308.9880545735359 848.07342943549156 4262.1340432316065 5324.496998116374 5841.096368253231 2638.9328707009554 806.59433357417583 982.9928602129221 3049.7642834037542 1224.2500182688236 7812.1851854622364 3386.6097952127457 6667.6111101657152 3242.9420101344585 2777.5695271641016 1384.8063804507256 2305.7661644816399 198.71781347692013 6873.5871952325106 1057.2006219029427 491.96714989840984 1450.6067058295012
leaf_count=4210 11002 2544 65857 40698 12200 74287 13918 8448 21346 3408 17080 21309 23456 10558 3231 3959 12207 4898 31289 13551 26684 13084 11113 5540 9384 795 27500 4256 1969 5869
internal_value=2.45062e-05 0.00322883 0.00894038 0.00546385 -0.00441777 0.0118158 0.00321851 -0.0207723 0.0232829 0.0327604 -0.00922794 -0.0265274 0.00456655 -0.0311006 -0.0224488 0.00478308 -0.0109374 -0.00758703 -0.00292736 -0.0185554 -0.0144874 0.0231915 -0.0245329 -0.0278607 0.0439751 -0.0387152 -0.0191015 0.0267444 -0.0406384 0.0469242
internal_weight=126022 109199 74871.3 65338.3 25565.9 39772.4 19878.8 16822.9 15402.4 9532.94 34328.1 13730.8 24370 5687.14 10293.5 3092.07 30065.9 15472.8 10861.9 4610.86 14593.1 5148.22 9486.87 6709.3 4384.72 3437.33 7925.5 4300.14 3238.61 3756.37
internal_count=505650 438284 300865 262320 102533 159787 79775 67366 62044 38545 137419 54959 97743 22758 41193 12407 120339 61945 43496 18449 58394 20748 37962 26849 17797 13766 31710 17340 12971 15253
is_linear=0
shrinkage=0.04


Tree=5
num_leaves=31
num_cat=0
split_feature=2 2 2 2 1 11 9 9 8 0 16 9 9 1 21 1 0 3 26 26 9 3 9 0 15 21 9 26 9 0
split_gain=4814.63 3754.39 2968.45 5116.88 2304.25 2703.99 1721.23 585.085 565.565 560.534 384.715 330.733 307.978 288.378 284.503 253.954 246.117 237.93 185.654 146.594 125.877 118.331 116.574 106.301 102.504 88.7137 85.7529 76.8083 73.0275 66.1178
threshold=3.1539746814246433e-07 1.4558396088659722e-07 -3.1450148352263335e-07 -1.4468937514777733e-07 -1.4552156990532692e-07 0.500000000000001 3.9038568201982652e-05 2.0525214740975267e-05 4.2330809048288357e-06 2.7499649402074061e-07 0.29550349967608763 2.4421847921544622e-05 4.5087843308981298e-05 2.0163390775707061e-05 -8.9014963011953707 -3.1727463500885728e-07 -3.1852510140595308e-07 -1.5945582187981697e-07 0.029727434999983631 -0.032713585000006186 2.5122273179647785e-05 1.5895203464566523e-07 5.9850689835566773e-05 3.1433112557266446e-07 0.0071428571417249155 -11.057718251830275 3.0759800485315724e-06 -0.020536705000026315 1.8755386844683032e-05 -1.5947507225888555e-07
decision_type=2 2 2 2 2 2 2 2 2 2 2 2 2 2 2 2 2 2 2 2 2 2 2 2 2 2 2 2 2 2
left_child=1 2 9 7 11 -6 10 17 26 12 13 -5 15 14 27 -1 -8 -4 21 -9 25 28 23 -18 -16 -15 -3 -2 -10 -22
right_child=6 8 3 4 5 -7 16 19 18 -11 -12 -13 -14 20 24 -17 22 -19 -20 -21 29 -23 -24 -25 -26 -27 -28 -29 -30 -31
leaf_value=-0.01844789422420539 0.0081359248876093429 -0.050570317548140342 0.022376726061243208 0.035721683194461014 0.0083122943806121282 -0.018403599696015339 -0.0058944166565111644 -0.0013299529531160489 -0.036438488841170763 0.0026616586753121945 -0.0015457292118812454 0.0098496979175357584 -0.0076974692070699985 0.040106245090105935 0.0076478648822353454 -0.0082470615046328598 0.0048773363617688175 0.041629574903800974 -0.0077442404392277829 0.020815306595379428 0.00024102976204850641 -0.018447591642881692 0.0027363159847039655 0.014615546676584653 0.02184237101499812 0.027786848768942694 -0.036775156797261475 0.026285535163868362 -0.024331460211332506 0.023006965374727888
leaf_weight=13283.996260225773 417.92119097709656 1360.0235866755247 1297.943224593997 2376.400016695261 10396.590680718422 14530.623342439532 3661.6101477146149 586.53504446148872 1572.9988033622503 4716.7059258073568 1224.9674139618874 1188.6908992826939 14568.831673920155 1373.1558734923601 4135.7592490315437 5542.3757637292147 3873.3066690713167 5129.4961673021317 1178.0612826049328 2570.2089208215475 216.32361912727356 2400.9173593074083 10079.526663243771 3347.7447463423014 1013.8997581601143 3105.460801795125 1651.4280736148357 3784.6573666036129 1684.1028849035501 3794.8106355220079
leaf_count=53153 1685 5459 5265 9596 41756 58218 14665 2356 6304 18903 4920 4779 58304 5565 16633 22203 15543 20896 4717 10377 870 9609 40432 13438 4091 12538 6621 15279 6741 15303
internal_value=-2.4856e-05 -0.00535691 -0.00235236 0.00554655 -0.0029583 -0.00726102 0.011435 0.0308252 -0.0285957 -0.010244 0.0201313 0.0271094 -0.012067 0.0216199 0.0167648 -0.0154466 0.00352325 0.0377524 -0.0222177 0.0167008 0.0269613 -0.0252256 0.00551735 0.00939625 0.0104526 0.0315848 -0.0430426 0.0244878 -0.0302028 0.0217816
internal_weight=126065 86035.9 76188.4 38076.5 28492.3 24927.2 40029.1 9584.18 9847.53 38111.9 19067 3565.09 33395.2 17842 9352.24 18826.4 20962.2 6427.44 6836.08 3156.74 8489.75 5658.02 17300.6 7221.05 5149.66 4478.62 3011.45 4202.58 3257.1 4011.13
internal_count=506219 345257 305806 153243 114349 99974 160962 38894 39451 152563 76884 14375 133660 71964 37688 75356 84078 26161 27371 12733 34276 22654 69413 28981 20724 18103 12080 16964 13045 16173
is_linear=0
shrinkage=0.04


Tree=6
num_leaves=31
num_cat=0
split_feature=2 2 2 2 1 11 8 8 0 8 21 0 18 8 23 8 1 0 26 26 3 0 29 3 8 8 26 27 21 14
split_gain=4478.7 3419.69 2865.7 4713.36 2130.54 2500.83 1529.7 568.372 496.169 494.091 355.013 333.508 452.678 298.943 258.878 258.301 237.717 184.826 181.734 181.345 155.544 146.952 128.928 126.382 118.952 78.7455 77.8639 65.3694 64.6229 60.7683
threshold=3.1539746814246433e-07 1.4558396088659722e-07 -3.1450148352263335e-07 -1.4468937514777733e-07 -1.4552156990532692e-07 0.49999960849057479 3.6731985529864508e-05 1.0943480912356133e-05 2.7499649402074061e-07 4.2330809048288357e-06 -14.096568692480515 2.7499649402074061e-07 0.51410440041444272 4.452278252347756e-05 0.89070310082448556 2.5556996596842358e-05 -3.1727463500885728e-07 1.546607881763862e-07 -0.0096745600000117966 0.029727434999983631 2.2860852653572298e-05 -3.1852510140595308e-07 -0.35035679683830118 1.5895203464566523e-07 2.5270960852202027e-05 2.6100974664498206e-05 0.054090780000002885 1.2961180150000098 -1.5568866160204184 0.94915254237486713
decision_type=2 2 2 2 2 2 2 2 2 2 2 2 2 2 2 2 2 2 2 2 2 2 2 2 2 2 2 2 2 2
left_child=1 2 8 7 15 -6 10 18 13 26 22 12 17 16 21 -5 -1 -12 -4 23 -13 -8 -2 25 -9 -11 -3 -16 -23 -22
right_child=6 9 3 4 5 -7 14 24 -10 19 11 20 -14 -15 27 -17 -18 -19 -20 -21 29 28 -24 -25 -26 -27 -28 -29 -30 -31
leaf_value=-0.017968135597350946 0.023268123867114049 -0.042905816336923294 0.022743978349374184 0.032616742340494304 0.0096637102130460971 -0.01654446144008374 -0.0066703728247404451 0.024568219533832193 0.0020414233368176529 -0.033453148973465553 0.019930077614163419 0.013167993787356206 -0.0043740141957774072 -0.0074127127549064491 0.012485240683396849 0.0080635610989000361 -0.0081790826129624402 -0.0057845154552263979 0.042003377494446728 -0.0070105729595307531 0.017904718664874589 0.0045729088161289948 0.036020320593536499 -0.017416271307778276 0.011034343817134591 -0.019331557146259032 -0.018606068671689052 0.0031948464423448577 -0.0025722641095808204 0.029617096382387739
leaf_weight=13432.879468262196 3511.7490127831697 2753.3499326705933 971.16292905807495 2632.5159258842468 9250.1670282930136 15725.609598323703 3294.3599739223719 2469.18790794909 4731.6514989882708 2344.7413139492273 4119.5726962983608 1898.0987399071455 2362.9120182394981 14252.848774001002 5079.2670088857412 930.17601582407951 5646.3041263073683 500.20090831816196 4324.467304199934 1155.5766970813274 929.79497024416924 8749.3474018275738 2016.1189084351063 2385.8149618953466 1807.9847312867641 885.33272935450077 235.09291872382164 1596.3559135496616 2632.1581088602543 3237.2622641026974
leaf_count=53755 14213 11074 3964 10661 37171 63020 13191 10021 18965 9406 16630 7656 9495 57032 20420 3743 22616 2005 17727 4627 3761 35106 8190 9551 7295 3545 944 6414 10560 13084
internal_value=-2.81489e-05 -0.00517144 -0.00231479 0.00543846 -0.00270899 -0.00683762 0.0110412 0.0297229 -0.0100777 -0.0274606 0.0194346 0.0158288 0.00986187 -0.0117983 0.00373736 0.0262176 -0.0150729 0.017143 0.0384844 -0.0214664 0.0226908 0.000765863 0.0279338 -0.0244356 0.0188582 -0.0296016 -0.0410127 0.0102665 0.00291975 0.027017
internal_weight=125862 85934.9 76175 38111.3 28538.5 24975.8 39927.2 9572.8 38063.7 9759.91 18575.7 13047.8 6982.69 33332 21351.5 3562.69 19079.2 4619.77 5295.63 6771.47 6065.16 14675.9 5527.87 5615.89 4277.17 3230.07 2988.44 6675.62 11381.5 4167.06
internal_count=505842 345117 305970 153602 114595 100191 160725 39007 152368 39147 75034 52631 28130 133403 85691 14404 76371 18635 21691 27129 24501 58857 22403 22502 17316 12951 12018 26834 45666 16845
is_linear=0
shrinkage=0.04


Tree=7
num_leaves=31
num_cat=0
split_feature=10 2 2 6 11 2 18 6 9 1 9 9 21 1 9 21 23 12 26 19 8 21 18 13 13 23 9 1 2 9
split_gain=4548.84 3829.41 3087.44 2088.82 2129.5 1225.69 1218.01 2007.53 1325.88 1104.63 501.748 404.597 391.127 299.175 275.141 217.187 176.221 174.044 169.414 162.435 162.216 140.322 125.105 120.087 118.858 101.341 87.2479 84.9628 67.9518 57.9144
threshold=0.99999999894144032 -3.1450148352263335e-07 -1.4468937514777733e-07 9.0836062323045588e-08 0.500000000000001 1.5940394515467918e-07 0.00060387266197613209 1.8209793553828014e-07 3.2667692169133205e-05 1.3851120428398647e-07 1.2006752026273524e-05 9.2808912779100954e-06 -3.6888792540739779 3.1211712059331381e-07 5.6021592983251241e-06 -3.6209066608298808 -0.76793991819141028 0.75030950126889062 -0.0086147949999882314 -0.084893501356832254 3.8242046776978826e-05 -1.0428693938932139 0.99876771364205474 0.86026162764763592 0.49411574726084262 0.99999986579251154 3.2667692169133205e-05 1.5517130602660248e-07 -1.585107982648992e-07 5.6021592983251241e-06
decision_type=2 2 2 2 2 2 2 2 2 2 2 2 2 2 2 2 2 2 2 2 2 2 2 2 2 2 2 2 2 2
left_child=1 13 10 4 9 12 8 -8 -5 -4 24 -6 14 16 23 29 19 20 -12 22 -16 -21 -1 -2 -3 27 -20 -18 -26 -7
right_child=5 2 3 6 11 15 7 -9 -10 -11 18 -13 -14 -15 17 -17 25 -19 26 21 -22 -23 -24 -25 28 -27 -28 -29 -30 -31
leaf_value=-0.007161769671000599 -0.039814388140184689 0.023429193420370364 0.011698548760191161 0.023231817676485998 -0.037881179978347952 -0.02209481454894751 -0.024157082681261981 0.0074913183636169303 0.0048211583512399892 -0.030599336941591077 0.0080297050064088282 -0.017411476249206841 -0.0014585501536911996 0.0026343469984845512 -0.028718094616540287 0.018983714692238581 -0.0054246835287148857 -0.01388487630736349 0.028522581193513627 -0.022625513547974419 -0.011884085202796506 -0.0081290891030367345 -0.017580775767350124 -0.0027090964563198476 0.046731261286518042 -0.041798960807142578 0.014579866061894034 -0.024654046160853666 0.035316803659299241 -0.0013931433410780669
leaf_weight=8284.1351386159658 2553.3239949792624 635.74649275839329 7098.2148869037628 14175.633118897676 2311.6665796935558 242.38419145345688 3788.9970525056124 20796.56022657454 11209.59765791893 1145.1258898824453 1227.6051708310843 4682.8995052576065 1089.0461678206921 3749.6702303141356 6479.4681714624166 978.22158464789391 14453.630762383342 2374.4879145771265 2940.424440830946 3507.0401845872402 1073.6698728501797 1543.5514932721853 2374.2873515635729 148.36810120940208 2247.4584781229496 124.73815011978149 963.84700974822044 375.27170896530151 1419.7691075354815 1864.3396643549204
leaf_count=33151 10285 2608 28540 57443 9275 972 15188 83665 45032 4595 4955 18760 4363 15028 25996 3961 57847 9512 11987 14040 4297 6178 9502 594 9339 499 3900 1502 5833 7476
internal_value=2.54049e-05 0.00301055 0.00809987 0.0050048 -0.00795851 -0.0193459 0.0089581 0.00261171 0.0151035 0.0058148 0.029484 -0.0241881 -0.0244682 -0.00802827 -0.0264513 0.00343167 -0.00933248 -0.0233584 0.0210182 -0.0122916 -0.0263305 -0.0182023 -0.00948672 -0.0377831 0.0395618 -0.00622202 0.0250932 -0.00591563 0.0423398 -0.0038002
internal_weight=125859 109056 74643.5 65208.7 15237.9 16803.3 49970.8 24585.6 25385.2 8243.34 9434.85 6994.57 13718.4 34412.3 12629.3 3084.95 30662.7 9927.63 5131.88 15709 7553.14 5050.59 10658.4 2701.69 4302.97 14953.6 3904.27 14828.9 3667.23 2106.72
internal_count=506323 438867 301120 262498 61170 67456 201328 98853 102475 33135 38622 28035 55047 137747 50684 12409 122719 39805 20842 62871 30293 20218 42653 10879 17780 59848 15887 59349 15172 8448
is_linear=0
shrinkage=0.04


Tree=8
num_leaves=31
num_cat=0
split_feature=10 2 2 6 1 11 9 1 18 9 21 3 9 1 9 6 11 26 6 15 10 21 2 9 3 9 9 9 29 8
split_gain=4158.04 3453.76 2819.02 1983.33 2503.81 1761.45 1648.98 1132.97 589.814 522.956 342.224 306.912 237.712 234.521 228.176 221.068 191.857 178.36 164.687 164.129 173.374 150.046 131.975 87.0636 73.1753 62.6966 61.2279 55.7082 52.0692 49.9401
threshold=0.99999999894144032 -3.1450148352263335e-07 -1.4468937514777733e-07 1.2371015927215016e-07 1.4555762195556102e-07 0.60000000000000087 3.2667692169133205e-05 1.5934976360654221e-07 0.99991568296800382 1.2224784558197219e-05 -3.7556352643646007 6.2195345584825656e-07 1.6825039332686633e-05 1.5934976360654221e-07 2.5122273179647785e-05 3.9774334817213324e-05 0.70000000000000451 -0.032713585000006186 6.5239682125772631e-05 0.17234321231040808 1.0000000180025095e-35 -3.6209066608298808 -1.585107982648992e-07 3.0081771764047216e-05 -1.5945582187981697e-07 4.646584033593404e-05 7.0783446745661142e-06 4.126805612787293e-05 1.9328259962684868 1.6347445015137521e-05
decision_type=2 2 2 2 2 2 2 2 2 2 2 2 2 2 2 2 2 2 2 2 2 2 2 2 2 2 2 2 2 2
left_child=1 13 9 4 5 -4 8 10 -5 22 11 14 -6 18 16 -8 -2 -11 19 20 -1 26 24 -19 -3 -16 -9 -15 29 -12
right_child=7 2 3 6 12 -7 15 21 -10 17 28 -13 -14 27 25 -17 -18 23 -20 -21 -22 -23 -24 -25 -26 -27 -28 -29 -30 -31
leaf_value=-0.005668900836963274 -0.038534367935785629 0.026571766494273629 0.011300653081426059 0.026628374553441924 -0.038751359562697395 -0.012747415849874407 0.0080992618251508209 -0.020822930602600868 0.0098952343057475255 0.0027059459433530094 -0.016175411915365895 -0.012946911844165573 -0.020958177595716755 0.0095157520830526331 -0.020871237936272654 0.00050183494802041157 -0.025767610288721886 0.026647887172310893 -0.0027938835013666462 0.00045356134571002788 -0.013445575181812292 0.018092009601466161 0.030062859879061821 0.014053229059097783 0.047037358335831413 -0.0056207667507691848 0.0015068688481987113 -0.0012573896139975714 0.018892418856461594 0.0024275361539399911
leaf_weight=6438.0191479027271 3393.7452784329653 334.42466630041599 12793.39816853404 9794.5394845455885 2406.2871919125319 7868.7281108945608 11427.123982086778 227.65492145717144 5146.3437882512808 846.58843840658665 391.4622940570116 2777.2374133467674 2425.8231930136681 1066.6577104330063 2018.5430835038424 13215.490843638778 4311.4903727918863 2928.4168239533901 5944.8060061335564 2107.5796199738979 16022.668811783195 993.08207754790783 1797.8486533463001 1271.1979905515909 2195.7725779265165 552.59639228880405 1342.2025769501925 2723.1223782896996 165.39940516650677 555.66271065175533
leaf_count=25774 13680 1389 51536 39912 9679 31619 45942 913 20781 3414 1569 11135 9729 4278 8092 53045 17346 11981 23789 8436 64129 4028 7419 5154 9207 2212 5384 10912 663 2226
internal_value=4.01089e-05 0.00289604 0.00773448 0.00477977 -0.00392102 0.00214175 0.0103837 -0.0185235 0.0208676 0.0282396 -0.0229507 -0.0247654 -0.0298349 -0.00760511 -0.0279551 0.00402556 -0.0314017 0.0194722 -0.00877067 -0.0102162 -0.0112176 0.00594307 0.0384438 0.0228472 0.0443625 -0.0176042 -0.00175434 0.0017773 -0.00164498 -0.0052765
internal_weight=125484 108755 74452 65077.7 25494.2 20662.1 39583.5 16729.1 14940.9 9374.25 14166.1 13053.6 4832.11 34302.9 10276.4 24642.6 7705.24 5046.2 30513.1 24568.3 22460.7 2562.94 4328.05 4199.61 2530.2 2571.14 1569.86 3789.78 1112.52 947.125
internal_count=505373 438125 300807 262243 102563 83155 159680 67248 60693 38564 56923 52465 19408 137318 41330 98987 31026 20549 122128 98339 89903 10325 18015 17135 10596 10304 6297 15190 4458 3795
is_linear=0
shrinkage=0.04


Tree=9
num_leaves=31
num_cat=0
split_feature=10 2 2 6 11 18 18 1 8 1 8 3 8 8 1 26 11 23 22 26 18 7 2 7 10 10 26 13 29 13
split_gain=3817.78 3270.77 2545.28 1882.72 1815.66 1049.42 1044.68 1737.27 1144.15 937.173 520.695 452.208 359.719 285.962 226.847 185.334 167.029 158.994 183.757 151.237 133.998 112.527 104.245 100.963 77.2236 77.1537 74.5633 74.4825 70.3597 57.1703
threshold=0.99999999894144032 -6.2052689830949237e-07 -1.4468937514777733e-07 9.0836062323045588e-08 0.500000000000001 0.0021929824557886885 1.0000000180025095e-35 1.5934976360654221e-07 3.6367324394529738e-05 1.0000000180025095e-35 1.0943480912356133e-05 3.1213748385994227e-07 1.4944900250144747e-05 1.9422651192480379e-05 1.5934976360654221e-07 -0.0096745600000117966 0.60038638071604455 -0.79063949560372182 0.57151614458027367 -0.032713585000006186 0.99862448418228744 4.3102502575767612e-05 -1.585107982648992e-07 5.7920245887727269e-08 0.9999947625705089 1.0000000180025095e-35 0.025998990000001176 0.77518180587761998 1.0000000180025095e-35 0.41167896762020556
decision_type=2 2 2 2 2 2 2 2 2 2 2 2 2 2 2 2 2 2 2 2 2 2 2 2 2 2 2 2 2 2
left_child=1 14 10 4 9 11 8 -8 -5 -4 15 13 -6 16 17 -3 -2 18 20 -12 -1 -20 -17 -18 25 -19 -15 28 -13 -21
right_child=5 2 3 6 12 -7 7 -9 -10 -11 19 27 -14 26 -16 22 23 24 21 29 -22 -23 -24 -25 -26 -27 -28 -29 -30 -31
leaf_value=-0.0055629787326023587 -0.038190838142820573 0.019675104982936821 0.010417925812831399 0.020432320221580053 -0.03009849771707783 0.010911937467142465 -0.013955627279029322 0.0093135007376753971 0.0027332316679294002 -0.027913670049036124 0.0011163872809060655 -0.014498469035655492 -0.011390770139130611 -0.018827132763230038 0.0016789647257714555 0.044458000405598171 -0.014600921959944413 -0.00050370217373922903 -0.021979534527346096 0.0061555378503787951 -0.016831270433016327 -0.010453276298380054 0.031735362286958009 -0.028431101907182711 0.0044289415131528714 -0.0080556730301864204 -0.0042505825867459037 0.0056169671295467931 -0.00026342499806889902 0.021798226167391261
leaf_weight=7197.685479387641 2497.3674733936787 1031.7253255099058 7063.1004904061556 16067.799385160208 4258.0262171775103 1812.5330258309841 7294.8535115718842 17311.863552600145 9186.0323133468628 1190.4176394641399 845.39245752990246 2454.0959736853838 2687.6003714799881 2978.3011347353458 3766.7616346925497 2305.5983067452908 1081.0753919631243 2668.8837005496025 3376.2052384763956 427.94608667492867 2206.8903846144676 2280.016607388854 1942.4339033067226 4036.9339452981949 1084.7901642620564 11497.348652169108 695.21167805790901 478.78086502850056 719.14774940907955 3152.9623107612133
leaf_count=28802 10102 4264 28449 65330 17110 7322 29271 69790 36922 4793 3410 9846 10772 11952 15099 9731 4350 10682 13532 1743 8837 9124 8051 16287 4343 46012 2787 1919 2887 12896
internal_value=-4.25776e-05 0.00269354 0.00737486 0.00452363 -0.00779971 -0.0178168 0.0082805 0.00241425 0.0139954 0.00488207 0.0264802 -0.0213036 -0.0228669 -0.0252618 -0.00757655 0.0349644 -0.0296862 -0.00872695 -0.0116427 0.0163454 -0.00821147 -0.0173408 0.0386631 -0.0255191 -0.00584581 -0.00663365 -0.0160747 -0.00905826 -0.0112769 0.0199359
internal_weight=125598 108844 74765.8 65059.7 15199.1 16753.4 49860.5 24606.7 25253.8 8253.52 9706.06 14940.9 6945.63 11288.9 34078.6 5279.76 7615.38 30311.8 15060.8 4426.3 9404.58 5656.22 4248.03 5118.01 15251 14166.2 3673.51 3652.02 3173.24 3580.91
internal_count=506415 438963 302532 262437 61124 67452 201313 99061 102252 33242 40095 60130 27882 45478 136431 22046 30739 121332 60295 18049 37639 22656 17782 20637 61037 56694 14739 14652 12733 14639
is_linear=0
shrinkage=0.04


Tree=10
num_leaves=31
num_cat=0
split_feature=2 2 2 1 11 0 9 1 9 0 8 16 1 0 1 26 0 23 21 0 1 26 5 0 9 1 9 21 0 9
split_gain=3266.46 2852.41 2041.49 3526.37 2268.42 1624.98 1346.95 937.622 469.905 459.314 401.49 326.022 281.582 242.144 237.584 188.124 183.497 183.358 174.946 160.301 155.079 138.597 116.819 115.983 101.366 93.4602 69.3311 65.1518 63.6202 57.7696
threshold=1.5940394515467918e-07 1.4558396088659722e-07 -3.1450148352263335e-07 -1.4552156990532692e-07 0.49999960849057479 -1.0000000180025095e-35 3.9038568201982652e-05 1.0000000180025095e-35 2.6109583975746856e-05 2.7499649402074061e-07 2.7810755313037767e-06 0.36058077182808351 4.6341563475493791e-07 1.5435644407091334e-07 1.546083137071719e-07 -0.0059247600000020464 -2.9310409210836491e-07 0.97888254049515111 -8.5799998747392703 2.0134303230889831e-05 -3.1727463500885728e-07 0.029727434999983631 0.00015584660346412707 -1.5913366357978018e-07 2.2982067468036042e-05 -1.5966206490247711e-07 2.8721739189665212e-05 -1.356610906489953 2.7499649402074061e-07 3.6060372546186128e-06
decision_type=2 2 2 2 2 2 2 2 2 2 2 2 2 2 2 2 2 2 2 2 2 2 2 2 2 2 2 2 2 2
left_child=1 2 9 8 7 -6 11 -5 15 13 29 12 14 16 20 -4 -1 23 24 -20 -2 22 -12 -8 -14 -10 -15 28 -25 -3
right_child=6 10 3 4 5 -7 17 -9 25 -11 21 -13 18 26 -16 -17 -18 -19 19 -21 -22 -23 -24 27 -26 -27 -28 -29 -30 -31
leaf_value=-0.012274926721058066 0.00016908177793399217 -0.045262738932363739 0.018200496984849972 0.015279845306504104 0.027459180344767214 -0.015383566249369532 -0.0057807030762836234 -0.022207715686578467 -0.0092524253120194744 0.0033117994681425809 -0.025729527077684469 -0.002773784383685622 0.033836190765960686 -0.031548109530310259 -0.0049753641746481704 0.034775690999420489 -0.0061614554762116662 0.0099237032033291806 0.013361759453369265 0.024817772552093435 0.019140508048762911 -0.0071369574966215548 -0.011866882906055882 0.00043675264612782669 0.021665169142275138 0.013694750462881778 -0.01639459185480362 -0.0033311517883510928 0.0066355191694070738 -0.032589797780854642
leaf_weight=15413.658524528146 866.17292661964893 1274.6459122598171 1376.873396769166 10464.363611355424 1557.2698962241411 15438.73386746645 3597.4736907482147 1186.511947363615 333.80699023604393 4725.5810665041208 4599.6011993438005 1232.8966311961412 2371.1068177819252 933.73352983593941 1182.1312730908394 5570.320265814662 16049.613797679543 4202.3608111441135 4600.6816954314709 3417.2746946066618 3388.7846015840769 1076.1501628756523 1243.5990694463253 5023.619521021843 2082.6591746360064 1835.6352016627789 1026.4550334215164 2619.8591934740543 5608.3335090279579 1134.8832959979773
leaf_count=61729 3498 5210 5684 42438 6327 62124 14408 4771 1342 18940 18556 4960 9766 3755 4760 23256 64279 16934 18695 13908 13809 4319 5000 20173 8505 7459 4111 10521 22533 4610
internal_value=3.45039e-05 -0.00439786 -0.00183235 0.00476039 -0.00213544 -0.0114544 0.00943444 0.0114579 0.0264244 -0.00835852 -0.0252679 0.0171129 0.0184825 -0.0100088 0.0108765 0.0314989 -0.0091573 0.00245117 0.0217952 0.0182511 0.0152822 -0.0203566 -0.0227863 0.000585954 0.0281609 0.0101548 -0.0236458 0.0023155 0.00370791 -0.0393347
internal_weight=125435 85241.4 75912.6 37763.5 28646.9 16996 40193.4 11650.9 9116.64 38149 9328.88 19141.7 17908.8 33423.5 5437.09 6947.19 31463.3 21051.6 12471.7 8017.96 4254.96 6919.35 5843.2 16849.3 4453.77 2169.44 1960.19 13251.8 10632 2409.53
internal_count=506380 343910 306215 153401 115660 68451 162470 47209 37741 152814 37695 77901 72941 133874 22067 28940 126008 84569 50874 32603 17307 27875 23556 67635 18271 8801 7866 53227 42706 9820
is_linear=0
shrinkage=0.04


Tree=11
num_leaves=31
num_cat=0
split_feature=2 2 2 2 1 11 8 0 8 8 16 1 23 7 1 8 15 21 26 3 0 26 0 1 26 8 28 21 0 8
split_gain=2953.43 2614 1942.1 3354.84 1539.88 1666.7 1111.5 401.999 398.653 360.388 271.356 247.042 239.726 229.472 209.5 208.665 195.424 173.941 152.865 128.268 128.108 121.159 119.142 116.308 85.1694 68.1049 51.7613 50.8732 50.8718 64.1274
threshold=1.5940394515467918e-07 1.4558396088659722e-07 -3.1450148352263335e-07 -1.4468937514777733e-07 -1.4552156990532692e-07 0.49999960849057479 3.6731985529864508e-05 2.7499649402074061e-07 8.3059095702329317e-06 2.7810755313037767e-06 0.090909090863992015 4.6341563475493791e-07 0.89070310082448556 4.730568252707086e-05 1.0000000180025095e-35 1.3728837913217001e-05 0.20523202763482021 -10.224106107168717 -0.0096745600000117966 2.6000941201864695e-05 2.0134303230889831e-05 -0.032713585000006186 -3.1852510140595308e-07 -3.1727463500885728e-07 0.01264693999999107 2.3941308508892996e-05 -1.9932959300000372 -1.356610906489953 2.7499649402074061e-07 6.1715092121811171e-05
decision_type=2 2 2 2 2 2 2 2 2 2 2 2 2 2 2 2 2 2 2 2 2 2 2 2 2 2 2 2 2 2
left_child=1 2 7 8 15 -6 10 13 18 -3 11 14 22 16 23 -5 -1 25 -4 24 -19 -10 -8 -2 -11 -13 -15 -24 -14 -30
right_child=6 9 3 4 5 -7 12 -9 21 19 -12 17 28 26 -16 -17 -18 20 -20 -21 -22 -23 27 -25 -26 -27 -28 -29 29 -31
leaf_value=-0.013189768978878342 0.00080229173433222394 -0.037641131260313883 0.018388895322194419 0.031681776363926883 0.0078255116419140378 -0.013633872792333379 -0.0067629010208199196 0.0027807108132865098 0.0034695188348457251 -0.02607412433592084 -0.0010649060221492365 0.031712135954977912 0.0056685270286840062 -0.00068549989946256682 -0.0045091005628597599 0.012135991763306923 0.0028875922203722777 0.013172142133607651 0.037480046241614329 -0.010708885582002234 0.02332646349562496 0.020312684050221325 0.0031566240550037904 0.017893821707322878 -0.014211288665556362 0.020457954060724242 -0.0067818022190944847 -0.0035173604543506875 0.017803259880954065 0.0064116909496776259
leaf_weight=19810.252423629165 794.41588354110718 2385.238509401679 830.83180603384972 1875.5627283602953 9190.2916846871376 15646.196999594569 3337.4725689291954 4730.9350865036249 826.14494968950748 3692.6153321415186 1368.3085451573133 2430.4597557634115 3527.4525406509638 2924.1123088598251 1198.777673125267 1645.8316747844219 1286.859875485301 4901.6497503072023 3688.9000705480576 1898.2612410336733 3366.1229055970907 4006.5013917088509 9153.1310122609138 3233.4202490001917 1329.9750636070967 1370.0732095241547 9401.9552522003651 2280.238577067852 1748.311951443553 1453.2245637178421
leaf_count=79429 3209 9776 3465 7724 37113 62943 13364 18964 3347 14947 5507 10060 14212 11701 4826 6688 5151 19955 15692 7625 13741 16533 36785 13207 5357 5616 37624 9155 7066 5852
internal_value=-6.03214e-06 -0.00422263 -0.00176787 0.00466939 -0.00218247 -0.00569299 0.00893532 -0.0081303 0.0254412 -0.0242278 0.0160768 0.0174333 0.00273464 -0.00967499 0.0101595 0.0225626 -0.0122086 0.0205804 0.0339836 -0.0195927 0.0173126 0.0174377 -0.000116124 0.0145268 -0.0229423 0.0276721 -0.00533648 0.0018246 0.00899108 0.012643
internal_weight=125334 85170.5 75864.4 37710.3 28357.9 24836.5 40163.1 38154.1 9352.38 9306.09 18663.2 17294.9 21499.8 33423.2 5226.61 3521.39 21097.1 12068.3 4519.73 6920.85 8267.77 4832.65 14770.8 4027.84 5022.59 3800.53 12326.1 11433.4 6728.99 3201.54
internal_count=506634 344079 306374 153505 114468 100056 162555 152869 39037 37705 76121 70614 86434 133905 21242 14412 84580 49372 19157 27929 33696 19880 59304 16416 20304 15676 49325 45940 27130 12918
is_linear=0
shrinkage=0.04


Tree=12
num_leaves=31
num_cat=0
split_feature=10 1 1 2 18 23 9 18 8 9 3 18 9 0 23 14 12 1 0 18 8 16 21 24 21 8 26 9 21 7
split_gain=3189.5 2647.5 2635.88 1788.37 1830.65 1669.52 1193.6 870.871 562.215 475.076 397.757 301.599 285.458 222.627 212.466 192.588 183.421 164.784 134.955 267.398 172.617 101.726 113.072 87.9029 84.5076 83.0939 76.2178 70.8017 69.3361 69.324
threshold=0.99999999894144032 -1.5966206490247711e-07 -1.5471119141352571e-07 3.1539746814246433e-07 0.99991568296800382 0.99999929935792309 3.3807842778498888e-05 0.99876771364205474 1.9163443066681538e-05 2.0754516431252737e-05 3.1213748385994227e-07 0.99991568296800382 2.8195753035045937e-05 1.5933596397843533e-07 0.98097478617478817 0.94915254237486713 0.69846594092795766 -1.5853278512167887e-07 -2.9310409210836491e-07 0.99075143272920274 4.4073914716872562e-05 0.84236134408177665 -23.025800932440287 -0.56288087393595776 -3.4165272394903545 3.0880330225595616e-05 -0.032713585000006186 3.0759800485315724e-06 -3.8943572183350712 5.7568447362217219e-08
decision_type=2 2 2 2 2 2 2 2 2 2 2 2 2 2 2 2 2 2 2 2 2 2 2 2 2 2 2 2 2 2
left_child=1 13 9 4 5 -4 11 10 -6 17 12 -5 16 15 -8 21 27 -3 20 -20 -17 22 -1 -19 -14 -23 -11 -2 -12 -18
right_child=7 2 3 6 8 -7 14 -9 -10 26 28 -13 24 -15 -16 18 29 23 19 -21 -22 25 -24 -25 -26 -27 -28 -29 -30 -31
leaf_value=-0.011854863319872094 -0.040984220419982328 0.038999445788345306 0.0064926203763268544 0.02483567864052889 -0.027291337328080163 -0.026922309855159119 0.0019543655098361035 0.011467663541121545 -0.0084729928483304913 0.0030110722296884853 -0.0097005089191899343 0.012017173510874984 -0.013348837723624185 0.0019741996926560374 0.011841508056943511 -0.019520862608087369 -0.0089855245101467338 0.016251916829884704 0.0056947365252048385 -0.017163056694273759 -0.0095025111792659059 -0.02600264449220601 -0.0012970431921988596 0.030224257491271653 0.012407602777847374 -0.0081691383657211819 0.016986747888609606 -0.028840381984095824 0.009111764923331751 -0.02233864455927035
leaf_weight=2043.014550998807 952.63337574899197 2931.6010936498642 23478.749678164721 7845.5946204960346 4565.8724166303873 2661.3623716682196 15086.43057474494 1630.4314507097006 5731.8297843039036 797.67513830959797 3393.0739154517651 4709.2935138344765 2266.182513281703 3393.1909862905741 4518.2211824506521 5129.3104672729969 825.12664338946342 1040.1244952231646 1763.7356017827988 1524.3044304251671 5961.2243095636368 583.18596607446671 7871.9386500716209 2436.7824781835079 221.82913613319397 1481.1183915585279 2909.1952292770147 4448.5312379747629 343.14818923175335 2607.0662994533777
leaf_count=8193 3929 12515 94984 32429 18471 10723 60646 6616 23016 3213 13641 19146 9108 13597 18268 20593 3328 4314 7067 6110 23857 2341 31535 10205 890 5930 11915 18066 1383 10549
internal_value=-7.24187e-06 0.00249756 0.00633962 0.00352825 -0.00253914 0.00308821 0.0104027 -0.0162856 -0.0168218 0.025399 -0.0192924 0.0200312 -0.0230272 -0.00766694 0.0042345 -0.0089084 -0.0263988 0.0319926 -0.0120295 -0.00490489 -0.0141397 -0.00516 -0.00347547 0.0260602 -0.0110403 -0.0132345 0.0139849 -0.0310006 -0.00796638 -0.0191387
internal_weight=125152 108464 78712.7 68597.4 36437.8 26140.1 32159.5 16688 10297.7 10115.4 15057.6 12554.9 11321.4 29751 19604.7 26357.8 8833.36 6408.51 14378.6 3288.04 11090.5 11979.3 9914.95 3476.91 2488.01 2064.3 3706.87 5401.16 3736.22 3432.19
internal_count=506578 439068 319845 277683 147194 105707 130489 67510 41487 42162 60894 51575 45870 119223 78914 105626 35872 27034 57627 13177 44450 47999 39728 14519 9998 8271 15128 21995 15024 13877
is_linear=0
shrinkage=0.04


Tree=13
num_leaves=31
num_cat=0
split_feature=1 1 1 1 11 9 0 18 9 3 9 7 16 24 9 3 21 0 15 23 21 21 29 0 28 9 21 0 12 21
split_gain=2437.67 2887.76 1885.58 3061.49 2539.2 1086.55 1028.77 799.547 530.328 404.267 284.025 278.119 268.658 196.446 176.646 174.615 139.38 145.745 133.679 129.298 91.6144 86.3232 82.4151 81.4264 64.9316 61.0652 56.5546 49.4565 46.9714 41.5889
threshold=3.1211712059331381e-07 1.546083137071719e-07 -3.1727463500885728e-07 -1.4552156990532692e-07 0.60000000000000087 4.3382323031768753e-05 -1.0000000180025095e-35 0.99876771364205474 2.4421847921544622e-05 3.1213748385994227e-07 1.555827375683606e-05 4.6745938591796482e-05 0.28379762959652144 0.95777897472119766 3.3249650498074338e-06 -2.0009982427460212e-05 -9.1487280033919163 2.7499649402074061e-07 0.076263177022930187 0.98097478617478817 -14.625252434635852 -3.8943572183350712 -0.31542695836140339 -3.1852510140595308e-07 -1.9932959300000372 2.7647949969785283e-06 -1.356610906489953 2.7499649402074061e-07 0.5947359874187953 -3.4165272394903545
decision_type=2 2 2 2 2 2 2 2 2 2 2 2 2 2 2 2 2 2 2 2 2 2 2 2 2 2 2 2 2 2
left_child=1 2 11 8 7 12 -6 -5 14 10 25 15 13 16 -4 18 22 -18 -1 23 -17 -10 -2 -7 -13 -3 -25 -26 -27 -12
right_child=5 9 3 4 6 19 -8 -9 21 -11 29 24 -14 -15 -16 20 17 -19 -20 -21 -22 -23 -24 26 27 28 -28 -29 -30 -31
leaf_value=-0.015541584819901364 0.017101408329811579 -0.044582827460029305 0.040624623866019276 0.010747785157048479 0.02236171359239101 -0.0056683464288203493 -0.015490282840123938 -0.01499220912526493 0.012307717207029632 -0.012056560526176952 -0.021540192266161631 0.00065311874424619956 -0.0031109281008553681 0.026427658763087093 0.02562977829482465 0.0041151359078194089 0.005657058460672478 0.016722795802743908 0.0016043450001606118 0.010105268008373526 -0.0084811099081650316 -0.0064800766509330952 0.029253979452727764 0.0036389540231537934 -0.006866023918100244 -0.037671513302313379 -0.0029704032629828733 0.00037075325744063032 -0.02652232747574558 -0.0055061184598200474
leaf_weight=11153.750862002373 2286.6713095754385 1054.7347755283117 1615.9718550592661 18872.200967848301 1237.6374608278275 2594.8361836224794 15648.707459300756 2148.5876007527113 2953.9784657359123 3589.2737892568111 3070.7695937156677 3390.0175036340952 1030.0734064877033 3426.5496948510408 5843.0466235429049 1166.7770173996687 3042.8621333837509 5111.8478911221027 777.17219796776772 2821.1979956775904 4402.1544755250216 449.00383791327477 1487.3823536485434 9195.1188870221376 9188.3367634862661 1472.4173058867455 2670.5942590981722 1806.0856196731329 1093.5161043405533 285.89251126348972
leaf_count=44793 9396 4347 6990 76671 5040 10391 63241 8633 12035 14453 12402 13570 4152 14125 24565 4688 12381 20865 3112 11406 17683 1813 6168 36952 36781 6015 10723 7237 4448 1149
internal_value=7.53959e-05 -0.00331962 -0.000743228 0.00420187 -0.0011631 0.00927384 -0.0127129 0.00811514 0.0229217 -0.0229797 -0.0285918 -0.00830702 0.016653 0.0179795 0.0288912 -0.011694 0.0155474 0.0125973 -0.0144241 0.00227576 -0.00584029 0.00982419 0.021908 0.000746421 -0.00418477 -0.0363689 0.00215059 -0.00567685 -0.0329517 -0.0201812
internal_weight=124887 91220 80653.4 48769.1 37907.1 33667.1 16886.3 21020.8 10862 10566.6 6977.33 31884.3 16385.4 15355.3 7459.02 17499.9 11928.8 8154.71 11930.9 17281.7 5568.93 3402.98 3774.05 14460.5 14384.4 3620.67 11865.7 10994.4 2565.93 3356.66
internal_count=506225 369666 326852 198988 153585 136559 68281 85304 45403 42814 28361 127864 67087 62935 31555 70276 48810 33246 47905 69472 22371 13848 15564 58066 57588 14810 47675 44018 10463 13551
is_linear=0
shrinkage=0.04


Tree=14
num_leaves=31
num_cat=0
split_feature=10 1 1 23 10 1 9 21 9 3 9 0 3 14 0 8 8 1 9 12 9 0 13 16 21 9 24 13 29 8
split_gain=2753.57 2266.17 2247.99 1345.89 1016.66 1082.35 1056.39 806.659 407.717 392.795 221.467 220.276 157.678 156.448 130.639 152.371 119.659 114.192 107.028 138.874 105.374 101.57 98.5677 95.9277 106.86 90.9344 89.954 78.3162 78.0258 66.9773
threshold=0.99999999894144032 -1.5966206490247711e-07 -1.5471119141352571e-07 0.99999986579251154 1.0000000180025095e-35 4.6341563475493791e-07 2.1881625561652947e-05 -3.6888792540739779 1.2006752026273524e-05 1.5428163805175647e-05 7.5969442901794571e-06 1.5933596397843533e-07 3.1213748385994227e-07 0.95483054369676856 -2.9310409210836491e-07 4.4073914716872562e-05 2.5556996596842358e-05 -1.5833149014099488e-07 3.2092041842167288e-05 0.65636054185277082 7.5969442901794571e-06 1.5435644407091334e-07 0.88134470896027961 0.84236134408177665 -23.025800932440287 2.8436127989223407e-05 -0.43279363744602434 0.80103950112700739 1.7712873398816649 5.6268804858433887e-06
decision_type=2 2 2 2 2 2 2 2 2 2 2 2 2 2 2 2 2 2 2 2 2 2 2 2 2 2 2 2 2 2
left_child=1 11 8 4 6 -6 -4 9 17 10 22 13 20 23 15 -15 26 -3 19 -12 -5 -16 -2 24 -1 -25 -10 -11 29 -9
right_child=7 2 3 12 5 -7 -8 28 16 27 18 -13 -14 14 21 -17 -18 -19 -20 -21 -22 -23 -24 25 -26 -27 -28 -29 -30 -31
leaf_value=-0.011503411009754515 -0.032026803497751166 0.038856538979679049 0.026285943094992218 -0.040481927795706092 -0.0043042408522599761 0.0076990704868540151 0.0056031975097841011 -0.018478305601756749 0.012807375807866594 -0.0075945657721332551 -0.026415342540738351 0.0025269811982915951 -0.0043263659184732692 -0.018273956877761736 -0.0012305971140856367 -0.0088340713329347793 0.0095308569890333109 0.025155413106502111 -0.0098528311673146476 -0.014562049416048932 -0.022201830164923417 -0.021294470720700787 0.0020427188850029908 -0.028853422145832523 -0.0012159380635838536 -0.0083678157331126459 0.025920479992555329 0.015143171610363094 0.020045644345145025 0.00650996406759893
leaf_weight=2024.6806496977806 3165.3323594480753 2433.7693731337786 6018.1525680720806 807.84211407601833 25035.848476827145 23113.450380444527 11503.678737938404 196.23762610554695 1304.7475249320269 2753.2448823153973 3329.1189720630646 3401.9421646893024 514.02326741814613 5095.2029142230749 2818.7984453290701 5932.7688938081264 2224.1059120297432 1664.1796002686024 1869.2527659982443 3041.5241515040398 1385.6394741535187 469.01235418021679 141.3223641961813 440.657954454422 7970.036223128438 1619.5011374205351 2386.1764538139105 263.36068421602249 620.1103293299675 1258.3081327974796
leaf_count=8125 13035 10644 24862 3282 101330 93659 46676 795 5395 11083 13564 13632 2081 20495 11299 23751 9066 7081 7518 12314 5593 1884 569 1774 31932 6488 9992 1058 2539 5089
internal_value=1.45915e-05 0.00234499 0.00591311 0.00332056 0.00446044 0.00145777 0.01271 -0.0151334 0.023612 -0.0184575 -0.021815 -0.00704942 -0.0243047 -0.00828517 -0.0111127 -0.0131991 0.0168801 0.0333119 -0.0182937 -0.0207648 -0.0289739 -0.00410801 -0.0305685 -0.00492531 -0.00330279 -0.012781 0.0212979 -0.00559703 0.00819203 0.00310971
internal_weight=124802 108164 78391.6 68378.6 65671.1 48149.3 17521.8 16637.8 10013 14563.2 11546.6 29772.6 2707.5 26370.7 14315.8 11028 5915.03 4097.95 8239.9 6370.64 2193.48 3287.81 3306.65 12054.9 9994.72 2060.16 3690.92 3016.61 2074.66 1454.55
internal_count=506605 439041 319661 277483 266527 194989 71538 67564 42178 59141 47000 119380 10956 105748 57429 44246 24453 17725 33396 25878 8875 13183 13604 48319 40057 8262 15387 12141 8423 5884
is_linear=0
shrinkage=0.04


Tree=15
num_leaves=31
num_cat=0
split_feature=10 2 2 6 2 9 18 2 18 9 9 23 9 3 4 23 19 26 26 13 18 9 29 18 7 13 10 10 10 17
split_gain=2578.06 2012.75 1771.5 1324.3 1667.92 1167.6 994.425 699.648 479.082 422.704 264.37 246.531 229.019 187.576 173.999 149.462 156.107 153.835 133.122 129.554 111.73 157.934 102.674 95.5606 93.7124 84.8333 83.5117 79.9661 85.2425 73.6225
threshold=0.99999999894144032 -6.2052689830949237e-07 -1.4468937514777733e-07 1.2371015927215016e-07 1.4558396088659722e-07 3.1806175050880956e-05 0.66550569627921974 1.5940394515467918e-07 0.99991568296800382 2.0525214740975267e-05 1.8306461263571474e-05 0.85924351212984529 1.6825039332686633e-05 -1.5945582187981697e-07 3.1747157969164169e-07 -0.68195513278011555 -0.16872790987103095 -0.69770574000000718 -0.032713585000006186 0.46663967411853957 0.99929792655445338 4.0498448186802677e-05 -0.012741315738597466 0.3322603130327228 5.7920245887727269e-08 0.83211474425939014 0.67445376204040719 0.99999226042559608 1.0000000180025095e-35 1.9872910727691167e-05
decision_type=2 2 2 2 2 2 2 2 2 2 2 2 2 2 2 2 2 2 2 2 2 2 2 2 2 2 2 2 2 2
left_child=1 15 9 4 6 8 -4 10 -5 13 14 -7 -6 -3 24 16 20 -18 -11 -15 26 -22 -9 -12 -2 -16 -1 28 29 -17
right_child=7 2 3 5 12 11 -8 22 -10 18 23 -13 -14 19 25 27 17 -19 -20 -21 21 -23 -24 -25 -26 -27 -28 -29 -30 -31
leaf_value=-0.0054612189805281833 -0.015291988648772226 0.014750030374980516 0.0060715349714245172 0.022667403718725651 -0.030890390871657378 5.6293456575936019e-05 -0.017498124483156234 -0.0044358806562672061 0.0072269420956300161 -0.0056844111136113351 -0.013360224152233376 0.0083662678521767894 -0.014693796001942989 0.013497583432378011 -0.016607941419776569 0.0062546079031794979 -0.0041989318771195024 -0.017731962385708459 0.014469315825528852 0.034150832080468589 -0.023658957726812729 -0.0044947014249674703 0.010191036016285222 0.0090856837886030776 -0.02960586447618219 0.0097432735233008699 0.0038780992357248206 0.0056512572196153812 -0.0054314085495795698 -0.0086027639096889642
leaf_weight=7172.3480132818222 883.10771667957306 1312.6691100895405 16222.334277167916 9291.2507408708334 2806.6961710900068 16279.898808315396 3475.608611792326 1604.9091303646564 4922.6121367514133 657.83199867606163 5491.0789197981358 8798.3343224525452 2799.0500273108482 553.08673433959484 2077.5948012024164 2046.3517040610313 1971.0121277570724 4243.1168411374092 2554.1610867828131 4344.4905563741922 1188.1918436735868 1635.7366448193789 1467.5232639014721 319.2819892168045 4581.5279352068901 213.89105767011642 1945.1740893572569 1545.6812437325716 11530.424999088049 719.06582646071911
leaf_count=28734 3609 5548 65866 38713 11521 65456 14028 6446 20067 2654 22191 35614 11317 2341 8462 8200 7908 17076 10562 18926 4784 6556 5987 1283 18882 860 7790 6197 46208 2882
internal_value=-2.58706e-05 0.00223191 0.00593244 0.00356852 -0.00356806 0.00816449 0.00191085 -0.0146813 0.0173225 0.022133 -0.0185842 0.00297249 -0.022814 0.0282258 -0.0234188 -0.0058245 -0.00830195 -0.0134438 0.0103387 0.0318274 -0.00562357 -0.0125736 0.0025511 -0.0121225 -0.0273015 -0.014138 -0.00346757 -0.00298394 -0.0039188 0.00238511
internal_weight=124654 108015 74018 64595.8 25303.7 39292.1 19697.9 16638.9 14213.9 9422.24 13566.5 25078.2 5605.75 6210.25 7756.12 33997.1 18155.6 6214.13 3211.99 4897.58 11941.5 2823.93 3072.43 5810.36 5464.64 2291.49 9117.52 15841.5 14295.8 2765.42
internal_count=506668 438948 302613 262582 102732 159850 79894 67720 58780 40031 55287 101070 22838 26815 31813 136335 72848 24984 13216 21267 47864 11340 12433 23474 22491 9322 36524 63487 57290 11082
is_linear=0
shrinkage=0.04


Tree=16
num_leaves=31
num_cat=0
split_feature=10 1 1 3 3 23 8 1 18 9 9 23 10 21 0 12 14 10 8 18 8 12 1 16 21 13 9 8 21 13
split_gain=2344.83 1948.93 2028.37 1254.35 1467.03 776.469 734.126 688.064 459.309 408.102 257.321 234.057 215.856 202.278 164.328 152.95 135.788 119.002 141.053 119.063 117.675 112.744 104.689 84.745 92.4235 84.3004 81.2668 67.5275 59.5959 58.9513
threshold=0.99999999894144032 -1.5966206490247711e-07 -1.4552156990532692e-07 6.2195345584825656e-07 1.0000000180025095e-35 0.99999929935792309 2.7524738907240264e-05 1.5934976360654221e-07 0.99991568296800382 1.4406038882262094e-05 3.6060372546186128e-06 0.89070310082448556 7.9956150172845303e-07 -3.7556352643646007 1.5933596397843533e-07 0.75498882812728796 0.97101762700701955 0.49997986002718908 4.452278252347756e-05 0.0010869578057788212 4.7423602523129659e-05 0.53200778326796372 -1.5833149014099488e-07 0.84236134408177665 -23.025800932440287 0.84435981130785531 8.8376850988736705e-06 2.8144723297470942e-05 -4.444753906313645 0.61846316678794189
decision_type=2 2 2 2 2 2 2 2 2 2 2 2 2 2 2 2 2 2 2 2 2 2 2 2 2 2 2 2 2 2
left_child=1 14 9 4 5 -4 8 10 -5 22 25 -8 -6 15 16 20 23 18 -18 -19 -12 -11 28 24 -1 -2 -9 -25 -3 -24
right_child=7 2 3 6 12 -7 11 26 -10 21 13 -13 -14 -15 -16 -17 17 19 -20 -21 -22 -23 29 27 -26 -27 -28 -29 -30 -31
leaf_value=-0.010624336781886843 -0.033270447623179093 0.037836965057969733 0.0018326789070465502 0.019799400047691679 0.021176003119226371 -0.025826567048635056 0.00033723115202522364 -0.01070965947269518 0.0046989341116928061 0.007568917822192248 -0.02080264264393536 0.0093018206204947707 -0.030158534787089901 0.0018909379256908988 0.0017877998071637233 -0.0084416137858413891 -0.017549422277096709 0.0015583835873124164 -0.0080585181443982752 -0.012135609665065534 -0.0028345982198647759 0.019298285877676583 0.018426007222672233 -0.024763971232267239 -0.0010373484496665752 -0.00095652775576084126 0.0084003715048491679 -0.0077563675563006723 0.015746133637247677 0.032155155641682462
leaf_weight=2008.4775884151459 1798.4446156919003 2423.1620751172304 27223.325960278511 10118.906132936478 134.99105294048786 1724.5159159898758 13850.278283759952 425.52999004721642 4732.9788681715727 2169.2084464281797 7767.3916698098183 7021.6480464935303 3145.850633174181 1009.7390221953392 3385.0154712051153 2667.150558590889 4783.7725980877876 2296.9220044463873 5281.3772807568312 1817.4330739974976 632.2391624301672 3339.1887772232294 1260.548179730773 492.68256159126759 8062.2476916909218 139.72237826883793 2117.520098567009 1546.820530295372 218.73231564462185 850.95384050905704
leaf_count=8067 7519 10777 110486 41838 552 6999 55825 1726 19294 8930 31737 28546 12815 4057 13566 10801 19290 9208 21154 7295 2538 13891 5381 1988 32310 565 8599 6200 957 3673
internal_value=7.15265e-05 0.00222264 0.00553411 0.00303041 -0.00269105 0.000182717 0.00819211 -0.0139429 0.0149891 0.0221082 -0.017416 0.00335407 -0.0280306 -0.015238 -0.00650501 -0.0168015 -0.00757307 -0.01023 -0.0125731 -0.00449275 -0.0194521 0.0146857 0.0306966 -0.00446019 -0.00295202 -0.0309481 0.00519324 -0.0118921 0.0360262 0.023992
internal_weight=124447 107889 78214.3 67952.5 32228.7 28947.8 35723.8 16557.7 14851.9 10261.8 14014.7 20871.9 3280.84 12076.5 29674.7 11066.8 26289.7 14179.5 10065.1 4114.36 8399.63 5508.4 4753.4 12110.2 10070.7 1938.17 2543.05 2039.5 2641.89 2111.5
internal_count=506584 439042 319964 276355 130852 117485 145503 67542 61132 43609 57217 84371 13367 49133 119078 45076 105512 56947 40444 16503 34275 22821 20788 48565 40377 8084 10325 8188 11734 9054
is_linear=0
shrinkage=0.04


Tree=17
num_leaves=31
num_cat=0
split_feature=10 2 2 2 1 9 18 21 9 3 26 8 9 10 18 21 14 10 9 9 12 11 8 10 13 9 21 9 13 8
split_gain=2234.96 1834.46 1689.24 1110.7 1610.87 1096.19 1088.14 656.324 348.728 338.364 302.561 266.284 191.903 135.017 229.366 280.125 198.531 139.877 134.361 131.003 123.979 114.583 112.921 110.636 108.64 108.083 104.606 95.3785 83.7525 82.1913
threshold=0.99999999894144032 -3.1450148352263335e-07 -1.4468937514777733e-07 1.5940394515467918e-07 1.4555762195556102e-07 3.9038568201982652e-05 0.99991568296800382 -3.6888792540739779 1.2006752026273524e-05 1.5428163805175647e-05 -0.030484099999992621 4.5872400734799559e-06 7.0783446745661142e-06 0.63048323386671257 0.99862448418228744 -4.0161068371708692 0.97297297298200824 1.0000000180025095e-35 2.0525214740975267e-05 3.8722244042486543e-05 0.46332623113414362 0.72491892075470588 2.4196428126161693e-05 0.92501551889012845 0.45335659635443087 5.7076976689492703e-05 -4.1228332394261029 3.5050676994072081e-05 0.88134470896027961 3.9816336785169427e-05
decision_type=2 2 2 2 2 2 2 2 2 2 2 2 2 2 2 2 2 2 2 2 2 2 2 2 2 2 2 2 2 2
left_child=1 13 8 4 6 10 -4 9 24 12 -5 -6 28 16 22 19 17 18 -1 -16 -10 29 -15 -7 -3 26 -18 -19 -2 -14
right_child=7 2 3 5 11 23 -8 -9 20 -11 -12 -13 21 14 15 -17 25 27 -20 -21 -22 -23 -24 -25 -26 -27 -28 -29 -30 -31
leaf_value=0.014113044847974113 -0.029701238160565819 0.009246418548337661 0.0063007418775713961 0.00099717874079125108 -0.03656031419496554 -0.00054545971277670613 -0.016528496026078345 0.0074428165530965743 0.0030637262160299996 -0.0046907276652666235 0.017678240114880235 -0.016712970125843402 -0.02304406281218694 0.014768250673548878 -0.02300981957674943 0.0056682671470869904 -0.0065465804340454617 -0.012325550365063 -0.0019950660406795472 -0.0076138878854136172 0.018272844321961152 -0.011368507942668167 0.00075063360286919522 0.0054983627847306369 0.032792451413293129 -0.0063397609060060634 -0.017856754120640344 -0.0030973340672898315 0.0021914523946007566 -0.0080457686686334004
leaf_weight=1040.5536296218634 2966.1013576388359 346.16175293922424 18197.431179895997 1978.1549552679062 1517.6832800209522 12468.168753325939 4089.1586205512285 2064.7858189195395 1105.9311079382896 3000.1317646503448 14497.615699529648 3792.2952996492386 3949.0668589621782 1121.927344083786 1561.6896100342274 1632.595439940691 1853.6539542078972 3324.7704086899757 4026.3410407602787 2046.9425973892212 3848.240296036005 3713.2033211737871 5054.5267500579357 7922.8849530220032 3661.991223603487 4305.6168763935566 4493.7532340586185 3893.3685995340347 137.16590391099453 691.61808644235134
leaf_count=4176 12406 1483 74156 8128 6257 50146 16566 8407 4570 12101 60137 15353 16197 4500 6295 6547 7451 13346 16127 8206 16156 15105 20245 31943 16348 17252 18133 15593 553 2781
internal_value=5.42434e-05 0.00215435 0.00572392 0.00346118 -0.00260721 0.00800368 0.00211042 -0.0136437 0.0219932 -0.0166564 0.0156762 -0.0224008 -0.0197876 -0.00547429 -0.00191882 -0.00807176 -0.00724342 -0.00377622 0.00131688 -0.0142892 0.014882 -0.0166216 0.00330259 0.00180293 0.0307672 -0.0112395 -0.0145585 -0.00735149 -0.028289 -0.0208154
internal_weight=124304 107781 73425.7 64463.4 27596.6 36866.8 22286.6 16522.1 8962.32 14457.3 16475.8 5309.98 11457.2 34355.7 11417.7 5241.23 22938.1 12285 5066.89 3608.63 4954.17 8353.89 6176.45 20391.1 4008.15 10653 6347.41 7218.14 3103.27 4640.68
internal_count=506664 439114 301243 262686 112332 150354 90722 67550 38557 59143 68265 21610 47042 137871 45793 21048 92078 49242 20303 14501 20726 34083 24745 82089 17831 42836 25584 28939 12959 18978
is_linear=0
shrinkage=0.04


Tree=18
num_leaves=31
num_cat=0
split_feature=10 1 1 10 1 1 9 21 9 9 3 21 13 9 0 14 1 13 0 18 9 24 9 0 13 11 9 29 9 9
split_gain=2044.18 1648.82 1789.94 1117.03 1249.78 1257.82 964.878 555.113 486.893 373.393 311.778 263.842 258.988 179.865 179.675 151.798 149.093 123.05 100.826 191.39 109.093 86.763 78.7409 74.5711 69.6839 68.8736 61.0148 59.1214 71.0848 53.4361
threshold=0.99999999894144032 -1.5966206490247711e-07 -1.4552156990532692e-07 1.0000000180025095e-35 4.6341563475493791e-07 1.546083137071719e-07 2.1881625561652947e-05 -3.6209066608298808 4.2947311339624289e-05 2.4421847921544622e-05 1.2406238553808182e-05 -4.7383319335074257 0.41420793521485372 1.6000855894613852e-05 1.5933596397843533e-07 0.94915254237486713 -1.5833149014099488e-07 0.75916287988328868 -2.9310409210836491e-07 0.99075143272920274 4.5087843308981298e-05 0.4249107640199124 2.7647949969785283e-06 -1.4612237198008413e-07 0.80103950112700739 0.60426737610014392 1.9936880152691946e-06 1.7712873398816649 1.9208576534584091e-05 3.5737983105585553e-05
decision_type=2 2 2 2 2 2 2 2 2 2 2 2 2 2 2 2 2 2 2 2 2 2 2 2 2 2 2 2 2 2
left_child=1 14 9 6 5 -5 12 10 -6 16 13 -8 -4 17 15 23 22 26 20 -20 -17 -18 -3 -1 -12 29 -2 28 -9 -15
right_child=7 2 3 4 8 -7 11 27 -10 -11 24 -13 -14 25 -16 18 21 -19 19 -21 -22 -23 -24 -25 -26 -27 -28 -29 -30 -31
leaf_value=-0.00056261789745186831 -0.035521380861349268 0.041553579707240884 0.011890798373627923 -0.0013761034254701663 0.013309174984570191 -0.021395183514417243 0.0072113836822384923 -0.010209617458185915 0.0015218675121190001 0.0090324988678953909 -0.00669194149568545 -0.0092895639999181351 0.030048230836682625 -0.023810614159430355 0.0024859933808868188 -0.016210151539530072 0.015168606715557142 -0.011901352458021562 0.0050535292338970616 -0.01424065191140342 -0.0082172654703728098 0.027314410226806789 0.027806397603194269 -0.0069047643365578813 0.014210790043349677 -0.01018637740303948 -0.024323581966818299 0.016955205143307443 0.0086139260552685563 -0.0097430040550538135
leaf_weight=5557.061729118228 999.95012594759464 990.60582789778709 1823.6703531444073 20789.477210849524 9590.2066720575094 6619.044943228364 9594.7255063503981 494.21347799897194 13499.452826857567 3111.340394988656 2851.2201911509037 1846.7107798010111 4084.2346947640181 1427.3400025218725 3398.0173519849777 5072.3709245920181 2210.8543974757195 1121.1700759530067 1765.8094259053469 1535.6813185214996 5951.8912849128246 1660.3255427479744 2173.018577799201 6366.8151060044765 277.83404037356377 3311.9564712494612 3833.7271087765694 599.72667936980724 904.96015065908432 628.69278500974178
leaf_count=22274 4268 4561 7530 84411 39547 26934 39132 2009 54338 12776 11508 7449 17184 5850 13621 20494 9404 4584 7080 6176 23861 7196 9601 25568 1117 13467 15948 2470 3665 2534
internal_value=-0.000143936 0.00186312 0.00491541 0.00257164 -0.000436729 -0.0062123 0.0113272 -0.0132753 0.00641882 0.0205833 -0.0160079 0.00454613 0.0244515 -0.0190961 -0.00616602 -0.00728638 0.0256863 -0.0238864 -0.0100616 -0.00392313 -0.0118981 0.0203931 0.0321411 -0.00395025 -0.00482457 -0.0137727 -0.0266578 0.00647323 0.00195473 -0.0195283
internal_weight=124092 107641 77993.7 67847.5 50498.2 27408.5 17349.3 16450.8 23089.7 10146.1 14451.9 11441.4 5907.91 11322.8 29647.6 26249.6 7034.8 5954.85 14325.8 3301.49 11024.3 3871.18 3163.62 11923.9 3129.05 5367.99 4833.68 1998.9 1399.17 2056.03
internal_count=506557 439137 320063 276525 205230 111345 71295 67420 93885 43538 59276 46581 24714 46651 119074 105453 30762 24800 57611 13256 44355 16600 14162 47842 12625 21851 20216 8144 5674 8384
is_linear=0
shrinkage=0.04


Tree=19
num_leaves=31
num_cat=0
split_feature=10 1 1 2 2 18 9 2 9 16 9 10 12 0 0 7 1 21 21 6 0 0 18 14 9 9 5 9 23 26
split_gain=1875.03 1495.73 1710.18 1245.54 1449.76 878.701 849.087 546.76 323.175 242.287 219.199 214.036 166.248 162.144 148.477 146.912 130.482 111.648 103.527 93.7898 93.0607 106.234 115.466 84.8325 72.0078 68.6829 68.4936 65.4439 62.0137 56.0436
threshold=0.99999999894144032 -1.5966206490247711e-07 -1.5471119141352571e-07 1.5940394515467918e-07 1.4558396088659722e-07 0.99991568296800382 3.1806175050880956e-05 1.5940394515467918e-07 2.4421847921544622e-05 0.0078740157496329389 1.8306461263571474e-05 1.6398318830199706e-07 0.65890589174832292 -3.1852510140595308e-07 -3.1852510140595308e-07 5.0863065260408674e-05 -1.5853278512167887e-07 -3.6209066608298808 -3.6209066608298808 1.0004776241789721e-07 -1.4612237198008413e-07 1.5933596397843533e-07 0.78756703400375205 0.99001246883134153 1.9936880152691946e-06 2.5122273179647785e-05 3.6087020512276531e-05 5.6021592983251241e-06 0.59260928797454038 -0.0059247600000020464
decision_type=2 2 2 2 2 2 2 2 2 2 2 2 2 2 2 2 2 2 2 2 2 2 2 2 2 2 2 2 2 2
left_child=1 14 8 4 5 -4 9 10 16 -5 12 -6 -2 -8 15 23 24 -12 27 26 25 22 -22 -1 -3 -16 -14 -9 -10 -18
right_child=7 2 3 6 11 -7 13 18 28 -11 17 -13 19 -15 20 -17 29 -19 -20 -21 21 -23 -24 -25 -26 -27 -28 -29 -30 -31
leaf_value=-0.0057669671366853918 -0.026604260201747588 0.042339243444486883 0.0046784368130106573 0.018917119101785337 0.032542337172601458 -0.011556103287553859 -0.0062046609411721019 -0.02171754826060867 0.0035368820314919413 -0.00077701458909155269 -0.012146242918701883 -0.022227500482419872 -0.01412890997931859 0.0047755863478519435 0.01704000457858235 -0.0042420716039552149 0.011886129863288629 0.0054228946880793757 0.013593503321410983 -0.0233374856956612 -0.002939509298377985 0.0021341768270507055 -0.012471871086245956 -0.014675285598412633 0.027860511044971635 0.00016221509224268076 0.00072983835446941824 0.00025826295304270469 0.015255099363756684 0.023125595765853921
leaf_weight=2434.1109444648027 3693.3237545788288 757.81602980196476 23366.356627687812 10428.238807395101 114.45089508593082 6909.7108595967293 2438.4726878404617 242.47879348695278 1478.7460838258266 1104.5591855347157 5107.7688560634851 5530.9645711928606 1897.4434403330088 18157.933184280992 590.67623436450958 7266.3103751838207 942.39545775949955 650.75188614428043 950.95340071618557 1335.9828993678093 5997.3863503485918 3375.4879529625177 3077.0730347186327 5807.1623520702124 2165.6895438730717 1105.9260378479958 670.5928789973259 1887.5189362764359 1417.3261359781027 3018.8142367601395
leaf_count=9777 15534 3553 95032 43832 460 27894 9783 973 6047 4487 20790 22733 7834 73439 2377 29107 3977 2612 3934 5533 24070 13532 12382 23475 9699 4432 2735 7581 5875 13131
internal_value=3.14777e-05 0.00195569 0.00486827 0.00261994 -0.00249784 0.000972512 0.00834172 -0.0125496 0.0205061 0.0170306 -0.0160531 -0.0211027 -0.0205157 0.00347474 -0.00568836 -0.00839167 0.0252219 -0.0101583 0.00263653 -0.0147414 -0.00272362 -0.00392169 -0.00617496 -0.0120473 0.0316473 0.00605756 -0.0102494 -0.00226228 0.00928168 0.020462
internal_weight=123922 107486 77831.5 68050.7 35921.5 30276.1 32129.2 16436.8 9780.79 11532.8 13355.9 5645.42 7597.34 20596.4 29654.1 15507.6 6884.72 5758.52 3080.95 3904.02 14146.5 12449.9 9074.46 8241.27 2923.51 1696.6 2568.04 2130 2896.07 3961.21
internal_count=506620 439094 319942 277660 146119 122926 131541 67526 42282 48319 55038 23193 31636 83222 119152 62359 30360 23402 12488 16102 56793 49984 36452 33252 13252 6809 10569 8554 11922 17108
is_linear=0
shrinkage=0.04


Tree=20
num_leaves=31
num_cat=0
split_feature=10 2 2 23 18 2 9 18 9 3 9 3 9 26 10 18 21 10 21 9 9 12 8 9 2 7 26 13 29 9
split_gain=1697.73 1428.18 1377.63 1104.18 776.087 1563.15 617.298 543.137 353.032 234.283 206.798 167.491 150.245 132.19 130.316 196.359 263.464 159.278 211.801 157.996 143.187 122.216 119.765 115.815 111.637 82.3133 75.4542 67.8962 66.6844 64.5384
threshold=0.99999999894144032 -6.2052689830949237e-07 -1.4468937514777733e-07 0.99999986579251154 1.0000000180025095e-35 1.5940394515467918e-07 4.2947311339624289e-05 0.99598393574507849 2.1881625561652947e-05 3.1213748385994227e-07 2.5863674516504164e-05 -1.5945582187981697e-07 6.838696512723945e-06 -0.032713585000006186 0.64516253933283652 0.63174946913898666 -4.1228332394261029 1.0000000180025095e-35 -4.0725524454601327 8.4195267074981491e-05 2.7404805957633274e-05 0.64299706195612882 2.7238840166555385e-05 2.0525214740975267e-05 -1.585107982648992e-07 5.7568447362217219e-08 0.013381349999987722 0.83211474425939014 -0.056166600477329694 5.3280549406871134e-06
decision_type=2 2 2 2 2 2 2 2 2 2 2 2 2 2 2 2 2 2 2 2 2 2 2 2 2 2 2 2 2 2
left_child=1 14 8 4 6 -6 -4 9 11 10 21 -3 -5 -10 17 22 20 18 23 -19 -17 -2 -16 -1 -13 -23 -14 28 -11 -9
right_child=7 2 3 12 5 -7 -8 29 13 27 -12 24 26 -15 15 16 -18 19 -20 -21 -22 25 -24 -25 -26 -27 -28 -29 -30 -31
leaf_value=0.014233025617462354 -0.025750708936342206 0.012383614366819258 0.011237121211378175 -0.036444390385873292 -0.016769820197521199 0.0047185488442627755 -0.001084349792052425 -0.017261304895725596 -0.0083761668619390765 -0.010488792918620926 -0.0081956433228043586 0.034458703858074612 -0.02044635331564524 0.012385593328570428 0.015288937244110677 -0.026596926641013239 0.0046718717770034141 -0.011390656794851614 -0.010730338270893659 -0.0013152754160879587 -0.0083863163932312735 -0.0049846623535607856 0.00090200304002807858 -0.00042463461708932741 0.022273682328355797 -0.018765702426234127 -0.00094659436296053612 0.014750550487193604 0.0020860284696764052 0.012272658175249496
leaf_weight=1095.3084702193737 3904.4381717741489 1360.1856845617294 24956.397004842758 843.48755969107151 7381.8199654519558 20322.990881532431 8797.4964638948441 126.31912414729595 618.36155936121941 2543.2016505002975 2906.2805733531713 2402.276142463088 1362.612909168005 2342.0782568454742 1201.4949483722448 909.12510439753532 2180.9065056145191 11478.295105487108 2953.5907306373119 3182.671055778861 2879.2462596297264 878.8093326985836 4013.8278677761555 4021.2119213789701 2466.785613566637 3347.1765327602625 414.90125647187233 239.79040119051933 916.13537338376045 1493.2993956953287
leaf_count=4405 16479 5865 103259 3470 30159 82580 35464 514 2500 10294 11792 11093 5537 9776 4822 3685 8750 46192 11921 12750 11570 3600 16078 16118 10805 13890 1687 964 3716 6114
internal_value=-2.67403e-05 0.00180499 0.00494639 0.00286883 0.00395358 -0.00100767 0.00802567 -0.0120298 0.019428 -0.0144465 -0.0173664 0.0248322 -0.0225449 0.00804369 -0.0049812 -0.00144535 -0.00639854 -0.00672038 -0.00220546 -0.00920443 -0.0127721 -0.0206405 0.00422309 0.0027172 0.0283007 -0.0159058 -0.0159056 -0.0057273 -0.00715774 0.00994338
internal_weight=123541 107185 73269.4 64079.7 61458.7 27704.8 33753.9 16355.5 9189.69 14735.8 11036.7 6229.25 2621 2960.44 33915.7 11184.6 5969.28 22731.1 8070.11 14661 3788.37 8130.42 5215.32 5116.52 4869.06 4225.99 1777.51 3699.13 3459.34 1619.62
internal_count=505849 438486 302195 262156 251462 112739 138723 67363 40039 60735 45761 27763 10694 12276 136291 44905 24005 91386 32444 58942 15255 33969 20900 20523 21898 17490 7224 14974 14010 6628
is_linear=0
shrinkage=0.04


Tree=21
num_leaves=31
num_cat=0
split_feature=3 3 3 3 8 0 23 0 0 26 8 23 6 0 9 15 18 26 23 3 26 0 0 6 22 9 0 18 16 21
split_gain=1366.11 1449.27 785.692 1970.09 719.007 662.97 520.943 455.746 322.941 307.908 241.329 235.061 229.428 281.637 204.479 201.302 188.963 125.187 119.748 100.928 93.5966 92.9059 82.9577 72.6403 71.3008 70.5431 90.8236 116.209 63.1207 62.1517
threshold=6.2195345584825656e-07 1.0000000180025095e-35 -6.1898346359612322e-07 -1.0000000180025095e-35 2.9651782251278443e-05 -1.4612237198008413e-07 -0.9999941522032566 2.7499649402074061e-07 1.546607881763862e-07 -0.027940255000013042 1.098590038227258e-07 0.78025990146308066 8.0498555630529875e-06 -1.4612237198008413e-07 4.3151271614171291e-06 0.56354685356537404 0.99371633246068891 -0.022911110000007857 0.96877522614952183 1.5895203464566523e-07 0.048066829999987112 -1.5947507225888555e-07 -3.1852510140595308e-07 5.0510309456448675e-05 0.011456090618207548 6.5366242261560324e-05 3.1433112557266446e-07 0.0016583747930393256 0.20444270919308757 -23.025800932440287
decision_type=2 2 2 2 2 2 2 2 2 2 2 2 2 2 2 2 2 2 2 2 2 2 2 2 2 2 2 2 2 2
left_child=1 2 7 14 9 22 -7 8 15 24 -3 21 13 -11 -4 -1 -15 -16 -14 29 -10 -6 -5 -9 -2 26 27 -13 -20 -12
right_child=4 10 3 5 11 6 -8 23 20 12 19 25 18 16 17 -17 -18 -19 28 -21 -22 -23 -24 -25 -26 -27 -28 -29 -30 -31
leaf_value=-0.0056864112190153342 0.0062101209535698311 -0.035133585965544917 0.036482148919740096 -0.010087883716208801 -0.0064387280305402781 0.017404047083096976 -0.010289796911894789 0.0089448434198384982 -0.02072358731463908 0.025317380087441266 -0.02999205661447446 0.0088795305779959654 0.011916718195471646 0.0091975553124239405 0.004363452964444947 0.0058791254015059715 -0.0039935784666180205 0.023560512153201194 0.022953625386141079 -0.0040369278158612996 -0.0028949813771061389 -9.7604385225873101e-05 0.025125572670167424 0.00069217469857265051 -0.0056256387475822154 0.00052415300483695253 0.014576731089421688 -0.0060971490878703027 0.0013102890457499029 -0.01707387577488105
leaf_weight=36739.276228770614 1364.5300643891096 1782.7636038959026 1816.4884717017412 115.21591620147228 5037.0812540054321 1228.6146444231272 9276.7920427620411 3704.6810046434402 2840.3062977343798 1420.5922603458166 814.61169075965881 2970.048291683197 3483.609304279089 7935.4262356311083 671.15150454640388 2574.3563885092735 2222.2280571013689 2901.9592817276716 4213.2468774169683 742.5898954719305 566.71992285549641 13883.589788615704 1286.7244505882263 3166.0978123098612 2011.8335118144751 2639.787112429738 2340.8867025375366 1147.1020679920912 228.15537387132645 2305.2678338736296
leaf_count=149155 5607 7513 8143 469 20206 5094 38603 15038 11663 6078 3319 12142 14524 32788 2793 10406 9072 12452 17778 3052 2293 56002 5602 12726 8234 10653 9598 4642 923 9601
internal_value=2.67952e-05 -0.0034982 -0.00185512 0.00548479 0.00505022 -0.00359763 -0.00704718 -0.00441546 -0.00595332 0.0103109 -0.0229564 0.000753668 0.0122414 0.00864812 0.0255445 -0.00492861 0.00631083 0.0199617 0.0174862 -0.017316 -0.0177639 -0.00178666 0.0222151 0.0051444 -0.000839523 0.00603651 0.00828779 0.00470422 0.0218445 -0.0204692
internal_weight=123432 72533.6 66888.4 17296.9 50898.1 11907.3 10505.4 49591.4 42720.7 22879.6 5645.23 28018.5 19503.3 11578.2 5389.6 39313.6 10157.7 3573.11 7925.01 3862.47 3407.03 18920.7 1401.94 6870.78 3376.36 9097.82 6458.04 4117.15 4441.4 3119.88
internal_count=506169 297922 274437 73156 208247 49768 43697 201281 173517 95004 23485 113243 81163 47938 23388 159561 41860 15245 33225 15972 13956 76208 6071 27764 13841 37035 26382 16784 18701 12920
is_linear=0
shrinkage=0.04


Tree=22
num_leaves=31
num_cat=0
split_feature=10 2 2 6 2 12 18 0 9 21 2 3 0 0 14 8 9 0 18 13 7 7 9 9 21 9 9 21 2 13
split_gain=1528.1 1255.3 1391.23 932.461 754.328 616.012 544.916 1159.74 716.056 449.461 278.369 245.523 176.644 244.176 147.265 146.099 127.238 122.725 135.073 116.121 108.855 101.728 99.3712 85.907 77.9672 73.4787 66.795 59.2924 49.7661 47.5686
threshold=0.99999999894144032 -1.5924288199187228e-07 -1.4468937514777733e-07 7.5566578081712337e-08 1.4558396088659722e-07 0.53332057149335854 1.0000000180025095e-35 2.7499649402074061e-07 3.0910189752499433e-05 -3.6888792540739779 -1.585107982648992e-07 1.5895203464566523e-07 -2.9310409210836491e-07 -1.4612237198008413e-07 0.95483054369676856 1.9163443066681538e-05 4.7851542087561212e-06 2.7499649402074061e-07 0.99893729954353383 0.44698551652691376 4.3102502575767612e-05 5.7920245887727269e-08 1.9936880152691946e-06 2.7676108301377405e-05 -4.2873308253925089 8.8376850988736705e-06 1.1214689321891733e-07 -5.2982803670330263 1.5913296813607761e-07 0.77518180587761998
decision_type=2 2 2 2 2 2 2 2 2 2 2 2 2 2 2 2 2 2 2 2 2 2 2 2 2 2 2 2 2 2
left_child=1 12 10 4 5 -4 8 -8 -5 11 22 15 14 23 -1 21 -6 18 -15 -12 25 -2 -3 -14 -21 -16 -23 -24 -11 -13
right_child=9 2 3 6 16 -7 7 -9 -10 28 19 29 13 17 20 -17 -18 -19 -20 24 -22 26 27 -25 -26 -27 -28 -29 -30 -31
leaf_value=-0.0016929582731829186 -0.0098683400548086747 0.041870747347411176 0.0072874381829592149 0.016043496512350815 -0.036294226243352753 -0.012329729656431625 -0.0085145796249991041 0.0089934492975849503 0.0024751468226157816 0.00018346069049586362 0.0019882832583717957 -0.0071679407079284288 0.018561524868508674 -0.0026862735618567992 0.0013569299812628412 -0.010489447363905405 -0.01764381877827674 0.0022552446580737999 -0.011226442834613101 0.019283274611207754 -0.0063712137508385655 -0.0357510452739431 0.028138222383409503 0.0032374277433956911 0.0026117480791675043 -0.016030172457720364 -0.021355827619878819 0.010029419615242514 0.012676503361535172 0.005973309103257665
leaf_weight=4414.803170144558 1171.8871044963598 801.74153715372086 6375.4233788102865 12983.157284960151 718.00595803558826 4277.3691519349813 10977.458888843656 13489.407286211848 11954.454689383507 1072.5664321929216 964.49770665168762 3510.4856836795807 1044.7524385303259 8812.3252080231905 423.08492229878902 3448.74862010777 3228.4016415774822 4238.3352331519127 4465.642114713788 3850.5348797440529 5247.487605035305 581.62498699128628 1899.5067719966173 1332.6635214537382 509.8930903673172 4673.9044898748398 5013.2553995102644 346.64901015162468 972.41226062178612 501.60156588256359
leaf_count=17701 4876 3875 25933 54815 3072 17311 44507 55090 48414 4328 4043 14240 4221 35379 1721 14088 13302 17004 18017 16716 21071 2551 8673 5345 2168 18963 21144 1550 4045 2021
internal_value=2.73276e-05 0.00176376 0.00476122 0.00275491 -0.00612581 -0.000589797 0.00537949 0.00113788 0.00954028 -0.0113919 0.020092 -0.0139121 -0.00449647 -0.00203578 -0.00781191 -0.0172051 -0.0210586 -0.00366894 -0.00556046 0.0145607 -0.0104218 -0.0206219 0.0297345 0.00998603 0.0173376 -0.0145858 -0.0228681 0.0253598 0.00613488 -0.0055209
internal_weight=123302 107029 72376.5 64003.7 14599.2 10652.8 49404.5 24466.9 24937.6 16272.6 8372.82 14227.6 34653 19893.7 14759.3 10215.5 3946.41 17516.3 13278 5324.93 10344.5 6766.77 3047.9 2377.42 4360.43 5096.99 5594.88 2246.16 2044.98 4012.09
internal_count=506184 438891 299469 262444 59618 43244 202826 99597 103229 67293 37025 58920 139422 79966 59456 42659 16374 70400 53396 22927 41755 28571 14098 9566 18884 20684 23695 10223 8373 16261
is_linear=0
shrinkage=0.04


Tree=23
num_leaves=31
num_cat=0
split_feature=10 1 1 23 18 0 22 1 8 9 27 4 0 7 11 1 9 13 9 0 0 18 9 13 9 22 4 24 16 9
split_gain=1415.04 1163.94 1319.87 941.656 746.611 1676.09 627.727 444.407 295.093 209.152 148.521 123.208 108.28 142.261 105.997 98.9263 84.3684 83.5769 81.4375 78.6714 76.0495 86.922 75.32 68.2499 66.7604 63.3183 54.1518 54.0776 50.4731 46.0958
threshold=0.99999999894144032 -1.5966206490247711e-07 -1.5471119141352571e-07 0.99999986579251154 0.00060387266197613209 2.7499649402074061e-07 1.0000000180025095e-35 1.5934976360654221e-07 1.1417824471126244e-05 3.6060372546186128e-06 0.028864405000019293 6.5987919825261101e-05 -1.5947507225888555e-07 6.2437446210901723e-05 0.79409228186102931 -1.5833149014099488e-07 2.5619602511924599e-05 0.45145091124974152 8.8376850988736705e-06 -1.4612237198008413e-07 1.5933596397843533e-07 0.49999999972715164 6.0981880391596884e-06 0.86026162764763592 2.5122273179647785e-05 0.0086907013972130163 -1.5912764883552197e-07 -0.60195976819419383 0.023809523801480662 2.795762958832521e-05
decision_type=2 2 2 2 2 2 2 2 2 2 2 2 2 2 2 2 2 2 2 2 2 2 2 2 2 2 2 2 2 2
left_child=1 12 8 4 6 -6 -4 9 15 23 22 14 13 25 16 26 -11 -10 -9 24 21 -21 -5 -2 -14 -1 -3 -17 -15 -19
right_child=7 2 3 10 5 -7 -8 18 17 11 -12 -13 19 28 -16 27 -18 29 -20 20 -22 -23 -24 -25 -26 -27 -28 -29 -30 -31
leaf_value=-0.0009402342573337554 -0.028267125051265118 0.021028266241326924 -0.0013899670741935111 -0.038836290400211478 -0.010588163365646205 0.0084599844955121697 0.010496107673067166 -0.011542087633846265 0.00094371618847241892 -0.020352036040894399 -0.0063237797382583961 -0.0026500409850160741 0.01789353634206883 -0.0044664085949737533 -0.0085350293638535892 0.0091552193795219599 -0.010226347809637073 0.017489090701827123 0.0076325012005667141 -0.0025665264175204804 0.0016329450797329388 -0.010832948207461347 -0.021507412914322933 0.0033540000937248809 -0.00012246642709786768 -0.011275867766975247 0.034529717445720275 0.022981847161659845 0.0041536617432639698 0.0084745201443591194
leaf_weight=1062.4412729740143 1742.7407678067684 673.43183708190918 9843.9034696370363 592.48928432166576 15344.529646575451 14255.150050804019 25573.829033985734 423.47042591869831 1010.1410143971443 4008.226156771183 792.46223451197147 1946.9879070073366 516.42871204018593 4293.7305700033903 3913.8011869490147 626.53591088950634 1977.1002601981163 2285.8286399394274 2108.7243562340736 5969.2994440644979 3388.9354182928801 3089.6173378676176 1298.4073519855738 115.63063770532608 898.04317803680897 8966.7303178161383 1777.6269850432873 1688.8206538110971 1452.1110234409571 1523.2233873009682
leaf_count=4268 7585 3098 40324 2472 62486 58230 105532 1722 4190 16835 3239 7934 2078 17212 16107 2725 8048 9856 8612 23977 13593 12470 5308 470 3599 36277 8530 7554 5812 6283
internal_value=2.73847e-05 0.00169829 0.00428268 0.00231535 0.0032741 -0.00141447 0.00719249 -0.0109743 0.0181727 -0.0138186 -0.020895 -0.011856 -0.00504072 -0.0073072 -0.013665 0.0252303 -0.0170137 0.0111821 0.00441559 -0.00246027 -0.00347658 -0.00538864 -0.0269827 -0.0262946 0.00647017 -0.010182 0.0308468 0.0192563 -0.00228604 0.0138934
internal_weight=123160 106924 77286.4 67700.8 65017.4 29599.7 35417.7 16236.7 9585.61 13704.5 2683.36 11846.1 29637.3 15775 9899.13 4766.42 5985.33 4819.19 2532.19 13862.3 12447.9 9058.92 1890.9 1858.37 1414.47 10029.2 2451.06 2315.36 5745.84 3809.05
internal_count=506426 439113 319827 277591 266572 120716 145856 67313 42236 56979 11019 48924 119286 63569 40990 21907 24883 20329 10334 55717 50040 36447 7780 8055 5677 40545 11628 10279 23024 16139
is_linear=0
shrinkage=0.04


Tree=24
num_leaves=31
num_cat=0
split_feature=2 2 10 2 2 1 8 2 8 26 10 0 21 0 0 12 8 10 6 8 15 0 21 26 7 12 14 6 26 14
split_gain=1337.2 1282.96 983.263 1104.1 1101.49 787.252 671.778 290.715 259.339 205.888 192.905 166.423 140.778 133.956 200.713 133.385 133.296 117.642 115.167 110.139 108.78 93.112 86.5763 81.9063 74.7674 72.2539 67.4888 60.8967 48.8088 48.1648
threshold=1.5940394515467918e-07 1.4558396088659722e-07 0.99999999894144032 -1.5924288199187228e-07 -1.4468937514777733e-07 1.546083137071719e-07 3.8637651990574353e-05 -1.585107982648992e-07 2.7810755313037767e-06 -0.032713585000006186 1.6398318830199706e-07 2.000222702047694e-05 -3.055705233304653 -2.9310409210836491e-07 -1.5430883060219e-07 0.75498882812728796 4.7423602523129659e-05 1.6398318830199706e-07 5.897314393440133e-05 1.5187692416084998e-05 0.482856583076755 -3.1852510140595308e-07 -5.2982803670330263 0.029727434999983631 5.6173017377108093e-05 0.56605234024172368 0.9208552890127647 9.9763048991345862e-08 0.029727434999983631 0.99662637027127354
decision_type=2 2 2 2 2 2 2 2 2 2 2 2 2 2 2 2 2 2 2 2 2 2 2 2 2 2 2 2 2 2
left_child=1 2 3 13 7 -6 9 -5 28 -2 19 20 15 18 -15 16 -4 -10 -1 -11 -12 -8 -21 25 -23 -19 -13 -17 -3 -26
right_child=6 8 12 4 5 -7 21 -9 17 10 11 26 -14 14 -16 27 -18 23 -20 22 -22 24 -24 -25 29 -27 -28 -29 -30 -31
leaf_value=-0.0093950191164744994 0.00019034158691799062 -0.030945498764457541 -0.018872452192568917 0.028702157512401422 0.0040456135787847467 -0.02214295202491447 -0.0046868133354424531 0.013104047717473101 0.024359879696041264 0.029439843534066236 0.0058768228540581067 0.0036887541797044937 0.0056744050912727953 0.009224172757215883 -0.0034395842577841606 -0.0023836899023706578 0.0011180165646143935 -0.02003328688730412 -0.0016928678794022483 0.018170524579372817 0.019437998859332811 0.0055133429046470344 -0.0030001681712487865 -0.0034713570704544821 -0.0024105965587163857 -0.010895073973157974 0.020326627120573509 -0.015324815047068686 -0.011976797704356923 0.0032369035380773988
leaf_weight=10177.155794382095 2260.0524098873138 1991.9317964762449 6010.5303244590759 2990.8539505749941 19642.355347365141 2023.5686603486538 3656.2190033495426 5322.8338291496038 129.05713391304016 1383.8921607881784 7783.0757950395346 454.21725200116634 616.43215729296207 2255.7942947298288 17675.168504118919 1830.0289109051228 584.770392999053 2989.383559897542 4474.8922514170408 2943.5605739206076 1076.5612042397261 6992.9198711365461 344.05622127652168 1025.7149510085583 5438.0894932448864 2607.1552095413208 2854.1093404442072 852.34979557991028 249.37130142748356 4344.1410790830851
leaf_count=41155 9321 8738 25145 14097 80641 8205 14645 23089 521 6049 32124 1902 2485 9088 71088 7510 2356 12430 17954 12551 4538 28349 1429 4176 21935 10819 11964 3520 1067 17551
internal_value=7.69164e-05 -0.00279379 -0.00106983 0.000729699 0.00634764 0.00159718 0.00613691 0.0187229 -0.017063 0.0115296 0.0130508 0.0103935 -0.0128103 -0.00414036 -0.00200506 -0.0140403 -0.0170993 -0.0131393 -0.00704377 0.0199624 0.00753018 0.0010947 0.0159526 -0.0138796 0.00235565 -0.0157838 0.0180485 -0.00650811 -0.0288528 9.69387e-05
internal_weight=122980 83449.3 74456.7 64562.6 29979.6 21665.9 39530.9 8313.69 8992.61 19099.5 16839.5 12168 9894.11 34583 19931 9277.68 6595.3 6751.31 14652 4671.51 8859.64 20431.4 3287.62 6622.25 16775.2 5596.54 3308.33 2682.38 2241.3 9782.23
internal_count=506442 344084 306333 265317 126032 88846 162358 37186 37751 79878 70557 50528 41016 139285 80176 38531 27501 27946 59109 20029 36662 82480 13980 27425 67835 23249 13866 11030 9805 39486
is_linear=0
shrinkage=0.04


Tree=25
num_leaves=31
num_cat=0
split_feature=1 1 1 1 11 9 21 9 9 9 16 26 10 8 10 26 9 9 23 18 3 28 27 9 13 21 21 22 10 21
split_gain=1265.42 1740.25 904.838 1487.77 1258.25 686.116 579.877 435.518 292.113 274.428 191.266 151.831 148.627 144.303 192.921 138.439 137.186 129.599 104.775 108.88 104.384 92.271 76.7936 74.9847 74.2732 72.0786 63.7636 57.0655 53.7835 47.634
threshold=1.5934976360654221e-07 1.546083137071719e-07 -1.5966206490247711e-07 -1.5471119141352571e-07 0.60000000000000087 4.2092241493302545e-05 -23.025800932440287 2.0525214740975267e-05 7.0783446745661142e-06 1.291979436446835e-05 0.28379762959652144 -0.071399009999990423 0.99999992121020276 4.4987841354486638e-05 0.99999999894144032 0.033222304999990959 5.8477027850864611e-06 2.5122273179647785e-05 0.98295034450993068 0.99876771364205474 3.1213748385994227e-07 -0.012129065000010927 -0.4076485649999973 8.8376850988736705e-06 0.45145091124974152 -5.255434137823296 -4.0161068371708692 4.8465690112640268e-06 0.14793956130394179 -23.025800932440287
decision_type=2 2 2 2 2 2 2 2 2 2 2 2 2 2 2 2 2 2 2 2 2 2 2 2 2 2 2 2 2 2
left_child=1 2 13 9 7 10 -6 -5 27 21 11 -2 17 14 16 20 -1 -13 19 25 29 -4 -15 -14 -11 -7 -16 -3 -24 -10
right_child=5 8 3 4 6 18 -8 -9 15 24 -12 12 23 22 26 -17 -18 -19 -20 -21 -22 -23 28 -25 -26 -27 -28 -29 -30 -31
leaf_value=0.010772608363842473 0.0025121292480255763 -0.041095773944322185 0.017385864532073591 0.012110232931503808 -0.02273518414168732 0.0018535916026778756 -0.0048109747766442472 0.0005307603961785751 -0.029549933172925973 0.0020808404965231759 -0.0042141812091608085 0.021212449887818587 -0.010122440973201705 0.00023255201306929607 -0.023272678487256403 -0.0026415296461780209 -0.0076958427333367243 0.012581513343925099 0.0081517665634774118 0.0039426277533270212 -0.010349570493829794 0.029933114824664396 -0.0086372928635011954 0.0090885120377120297 0.013630599955401787 -0.0056901253347391833 -0.0009861887700921845 -0.026858958644740048 -0.0025358819883620452 -0.018702545333424456
leaf_weight=673.29335263371468 1692.3912624418736 643.10491037368774 1550.4866764396429 9727.8532442003489 3716.6168096065521 3150.2476357221603 12937.48963612318 11157.646096423268 834.23107096552849 1116.9960826337337 1006.2891752719879 5737.400668874383 412.66879662871361 6666.269765406847 1636.9362611919641 1291.4134269654751 13555.161042287946 5447.8777948915958 2903.5917041301727 6134.964247122407 2355.1606807559729 2439.5256928503513 4347.8296379297972 1497.0348757952452 4441.7708611488342 5669.1299485266209 235.7233304977417 1642.6974902898073 4946.6991944313049 3098.5486667156219
leaf_count=2731 6961 2685 7149 40521 15171 12687 53497 45483 3416 4658 4074 24646 1681 26744 6822 5244 54848 22690 11836 24731 9593 11660 17448 6164 19008 22785 953 7178 19840 13008
internal_value=-3.339e-05 -0.00253139 -0.000556577 0.00297234 -0.000613741 0.00657387 -0.00881409 0.0059252 -0.0183712 0.0170677 0.0126466 0.0137949 0.0152519 -0.00573941 -0.00841124 -0.0145815 -0.00681982 0.0170128 0.00120179 -0.000148338 -0.0170308 0.0250722 -0.00304286 0.00492658 0.0113127 -0.00299509 -0.0204754 -0.030906 -0.00539216 -0.0210217
internal_weight=122667 89015.5 79150.3 47088.4 37539.6 33651.6 16654.1 20885.5 9865.16 9548.78 15793.7 14787.4 13095 32061.9 16101.1 7579.35 14228.5 11185.3 17857.9 14954.3 6287.94 3990.01 15960.8 1909.7 5558.77 8819.38 1872.66 2285.8 9294.53 3932.78
internal_count=505912 367657 326533 197147 154672 138255 68668 86004 41124 42475 66216 62142 55181 129386 65354 31261 57579 47336 72039 60203 26017 18809 64032 7845 23666 35472 7775 9863 37288 16424
is_linear=0
shrinkage=0.04


Tree=26
num_leaves=31
num_cat=0
split_feature=10 1 1 23 10 9 23 21 9 3 9 27 23 11 21 20 22 6 1 9 9 10 13 21 12 29 8 13 9 10
split_gain=1210.24 940.951 1186.26 780.2 557.873 751.256 623.208 370.837 249.694 200.876 143.878 137.762 110.29 106.585 95.1157 89.4804 87.0651 86.1193 84.7509 82.1422 80.6494 64.4184 63.9277 63.613 55.5608 55.2628 54.2879 50.2464 50.0598 53.1224
threshold=0.99999999894144032 -1.5966206490247711e-07 -1.5471119141352571e-07 0.99999986579251154 1.0000000180025095e-35 2.0525214740975267e-05 -0.9999941522032566 -3.7556352643646007 1.040742187801241e-05 1.5428163805175647e-05 3.6060372546186128e-06 0.028864405000019293 -0.81104186319158411 0.70000000000000451 -3.9547731626077116 -0.29398474981409201 0.25188980817571044 2.7511075334502432e-05 -1.5833149014099488e-07 2.5122273179647785e-05 6.838696512723945e-06 0.99999533740793733 0.80103950112700739 -0.3075386078107088 0.5006132523107466 1.848146902437342 6.1054639388012589e-06 0.91002501896133758 8.8376850988736705e-06 7.9956150172845303e-07
decision_type=2 2 2 2 2 2 2 2 2 2 2 2 2 2 2 2 2 2 2 2 2 2 2 2 2 2 2 2 2 2
left_child=1 12 8 4 5 -4 -6 9 18 10 -2 20 16 19 15 -10 -1 -18 -3 -12 -5 28 -11 -19 -20 26 -9 -15 29 -14
right_child=7 2 3 11 6 -7 -8 25 14 22 13 -13 21 27 -16 -17 17 23 24 -21 -22 -23 -24 -25 -26 -27 -28 -29 -30 -31
leaf_value=-0.0040845209161295502 -0.025558817787146478 0.03121865419186131 0.021515692490578855 -0.037035900486746487 0.021839733460442625 0.0034909498940527296 -0.0002825449701937157 -0.016192220613752095 0.0074248278881697827 -0.0051088195388498811 -0.021641511300336154 -0.0052719771187542787 0.028230309873808077 -0.0096651003611743832 -0.0021425498489461648 0.018046081479344809 -0.015854920649477224 -0.009009124815936775 0.0044832515209422517 -0.010111238016908053 -0.019211317747016326 0.0071743738282450883 0.015365967869095051 0.0049897416452024477 0.023101231226274856 0.015861607239883491 0.0046573927341803231 0.015170996850104286 -0.0033991227761916492 0.00076565200339191047
leaf_weight=6694.305129006505 1733.50358325243 2014.9068731814623 5371.9142719209194 613.73461630940437 2130.7185169756413 11881.074177727103 45433.312862917781 233.7811858355999 2019.6280573904514 2719.9812197089195 2814.8981123417616 800.1499274969101 158.89569710195065 4861.7590612322092 640.97183394432068 3447.6155091822147 2803.4756014049053 2743.6993139237165 355.09115949273109 1537.6266253292561 1239.9384063929319 1067.7484235018492 265.56993854045868 638.27669288218021 942.05832460522652 587.86677105724812 1294.0857468992472 131.6704583466053 15031.500700473785 375.90355248749256
leaf_count=26939 7664 9959 23059 2597 8809 48796 186030 962 8621 11032 12047 3283 644 20203 2680 14961 11420 11104 1586 6304 5103 4286 1069 2574 4352 2458 5280 537 60434 1524
internal_value=5.03682e-05 0.00160035 0.0039308 0.00207396 0.00294467 0.00910572 0.000709389 -0.0101407 0.0172255 -0.0124892 -0.0149705 -0.0191735 -0.00447071 -0.0129998 0.01242 0.0141286 -0.00724948 -0.0106709 0.0260708 -0.0175774 -0.0251564 -0.002318 -0.00327466 -0.0063637 0.0180269 0.00546544 0.00144285 -0.00900203 -0.00297051 0.00902659
internal_weight=122586 106405 76891.1 67470.8 64817 17253 47564 16180.7 9420.27 14065 11079.5 2653.82 29513.8 9345.95 6108.22 5467.24 12879.8 6185.45 3312.06 4352.52 1853.67 16634 2985.55 3381.98 1297.15 2115.73 1527.87 4993.43 15566.3 534.799
internal_count=506317 438761 319836 277677 266694 71855 194839 67556 42159 58856 46755 10983 118925 39091 26262 23582 52037 25098 15897 18351 7700 66888 12101 13678 5938 8700 6242 20740 62602 2168
is_linear=0
shrinkage=0.04


Tree=27
num_leaves=31
num_cat=0
split_feature=2 2 10 2 18 2 9 8 26 8 10 0 18 9 8 6 0 0 14 10 5 0 4 26 21 27 29 14 6 1
split_gain=1101.68 1044.53 815.257 917.609 1098.02 703.323 636.706 234.505 216.5 171.615 165.177 157.544 230.721 147.199 130.801 146.244 120.049 165.461 127.108 106.381 104.118 85.9687 83.4717 79.9056 73.0903 64.79 63.8775 52.3609 48.8391 54.2429
threshold=1.5940394515467918e-07 1.4558396088659722e-07 0.99999999894144032 -1.5924288199187228e-07 0.66550569627921974 -1.585107982648992e-07 3.9038568201982652e-05 3.5676172483920812e-06 -0.030484099999992621 1.4944900250144747e-05 1.6398318830199706e-07 2.000222702047694e-05 0.99239532732021174 1.555827375683606e-05 1.9163443066681538e-05 1.0004776241789721e-07 -2.9310409210836491e-07 -1.5430883060219e-07 0.98122329059636282 5.4956023957899377e-06 0.00019095041008565519 -1.5947507225888555e-07 3.1747157969164169e-07 0.01264693999999107 -4.5952485683434379 1.8662286699999935 0.82236808593361721 0.9895833333312215 4.0263322902508575e-05 4.6341563475493791e-07
decision_type=2 2 2 2 2 2 2 2 2 2 2 2 2 2 2 2 2 2 2 2 2 2 2 2 2 2 2 2 2 2
left_child=1 2 3 16 5 -5 8 -3 -2 -6 13 12 -12 -10 15 22 18 -18 -1 -9 23 -8 -4 -21 -15 28 -17 -13 29 -23
right_child=6 7 14 4 9 -7 21 19 10 -11 11 27 -14 24 -16 26 17 -19 -20 20 -22 25 -24 -25 -26 -27 -28 -29 -30 -31
leaf_value=-0.0012132532795352514 -0.0011018410387290082 -0.026262769637171723 -0.014131754597781404 0.027390129901573711 -0.022223823455063092 0.0064339013125892103 -0.0047460503901747917 0.022861712355410933 0.031724867782922862 -0.0059693376035735461 0.012286073485710994 0.0058521721728246106 -0.0011743053359342386 0.016462955950741917 -0.00588003507878938 -0.02442561856258757 0.0083506774900366006 -0.0031721194036699717 -0.0091982712156887299 -0.017692615858305748 -0.0013291218025753291 -0.00054949257635431958 -0.00070015025074503983 -0.0063921494795639924 -0.0061549349778579525 -0.0041892743441808225 -0.0030259278140244966 0.019718148773639747 0.00060244313918928058 0.0072546016349495073
leaf_weight=4694.9512399584055 2135.9799273610115 2408.0404769182205 2390.6216068863869 2887.2778083980083 1879.9472654759884 22674.663132444024 3804.4878268241882 137.70046457648277 1092.9948034584522 2328.9537881016731 5299.8313108235598 523.82716794312 3307.15103726089 3183.7673023790121 3702.5103317797184 2420.8704622089863 2245.2824747115374 17647.685406401753 9963.3847583085299 3873.7820628732443 1122.0289728045464 1931.7262820601463 1073.6522998213768 1357.3798931092024 244.66385547816753 2403.9862928688526 247.33811682462692 2706.8144090771675 7441.1670974045992 5411.7912220060825
leaf_count=18851 8842 10694 10082 13983 7732 94844 15240 558 4902 9455 22255 2212 13517 13745 15179 10322 9059 71019 40384 16243 4609 7788 4429 5586 1020 9710 1051 11449 30044 21962
internal_value=-3.9707e-05 -0.00265486 -0.00110063 0.000539413 0.00568615 0.00880354 0.00546045 -0.0156022 0.0108713 -0.0132395 0.0124349 0.00994622 0.00711447 0.0189407 -0.0118248 -0.0154094 -0.00389514 -0.00187041 -0.00664176 -0.0116381 -0.0123951 0.000692463 -0.00997411 -0.0147658 0.0148439 0.00189705 -0.0224487 0.0174777 0.00288761 0.00520139
internal_weight=122544 83056.1 74157.1 64322.1 29770.8 25561.9 39488.2 8898.93 18495 4208.9 16359 11837.6 8606.98 4521.43 9834.99 6132.48 34551.3 19893 14658.3 6490.89 6353.19 20993.2 3464.27 5231.16 3428.43 17188.7 2668.21 3230.64 14784.7 7343.52
internal_count=506766 344080 306390 265327 126014 108827 162686 37690 77942 17187 69100 49433 35772 19667 41063 25884 139313 80078 59235 26996 26438 84744 14511 21829 14765 69504 11373 13661 59794 29750
is_linear=0
shrinkage=0.04


Tree=28
num_leaves=31
num_cat=0
split_feature=1 1 3 3 23 18 6 3 23 10 26 5 23 23 21 10 23 10 21 18 21 21 10 18 12 29 10 16 29 22
split_gain=1092.71 1485.81 728.365 1414.9 438.238 451.151 438 211.927 206.517 185.747 151.712 146.821 134.429 161.192 133.609 99.5174 89.3137 81.2314 91.4218 118.249 76.7507 70.1195 76.592 65.4029 62.093 59.8042 59.1382 53.0205 52.2603 50.9453
threshold=1.5934976360654221e-07 1.546083137071719e-07 -6.1898346359612322e-07 -1.0000000180025095e-35 0.99999783469701986 0.000905388722374423 4.0894747418423761e-05 3.1213748385994227e-07 0.88322666940943173 0.99999999894144032 -0.010971735000007988 8.5855228529219132e-05 0.99999986579251154 -0.64059646567256701 -23.025800932440287 0.99999923489161147 0.97888254049515111 0.012369558030094808 -3.6209066608298808 0.99991568296800382 -3.055705233304653 -2.3030916712784442 0.79315118997943601 0.99849962406262927 0.33340439695434665 -0.36961104502211822 0.00016525645651673527 0.0078125000006291287 -0.15347455908882221 0.002572739610274499
decision_type=2 2 2 2 2 2 2 2 2 2 2 2 2 2 2 2 2 2 2 2 2 2 2 2 2 2 2 2 2 2
left_child=1 2 9 10 5 -5 8 14 21 12 24 -6 13 -1 -3 -12 23 25 19 -19 -11 27 -23 29 -4 -10 -16 28 -2 -8
right_child=6 7 3 4 11 -7 16 -9 17 20 15 -13 -14 -15 26 -17 -18 18 -20 -21 -22 22 -24 -25 -26 -27 -28 -29 -30 -31
leaf_value=-0.0059964116653979981 0.0059294968180045628 -0.031706484891619813 -0.018270114000495833 0.004472785550429687 -0.016628224867665499 -0.0067388286175866646 0.0035310904172727326 -0.008752102199160703 0.013977454035387221 -0.013615127673558014 0.02777755255535248 0.0032723331593665127 -0.021180878133665825 -0.00034442049555317311 0.012522251733815914 -0.014741121494030398 0.0078496564181412491 0.014758911202649425 0.017879111003638721 0.002191055377627346 0.0065952845653665061 -0.0065964561896130359 0.0087778858247658138 0.00286043037590639 0.012933984188311145 0.026222306310285146 -0.018627064959901386 -0.0014880732656578268 0.013122775436115022 -0.0050668088631810786
leaf_weight=15778.660831600428 3966.9390842318535 1484.3396434187889 112.72427701950073 25331.037141084671 2940.3272675126791 7423.245599642396 1386.72715690732 3348.5717274844646 1284.717667222023 4154.3171435445547 3844.2617942988873 741.43282155692577 669.76857709884644 16535.679099902511 97.690920576453209 88.553115010261536 2313.4092613607645 2440.5919456779957 2635.2668530791998 2354.5580959022045 322.27754130959511 1306.9298743009567 855.85953442752361 4686.9682420641184 902.84936910867691 1295.6654718220234 4926.8155716657639 894.03643387556076 2739.5227536261082 5340.1802624762058
leaf_count=64010 16322 6168 465 105997 12313 30109 5631 13683 5456 17395 17535 3054 2743 67433 401 375 9584 10261 11045 9702 1297 5317 3507 18939 3933 5730 21163 3617 11448 21501
internal_value=2.26606e-05 -0.00230182 -0.000471035 0.00318657 0.000460135 0.00193136 0.00617716 -0.0169412 0.00998756 -0.00451185 0.0232507 -0.0126195 -0.00347339 -0.00310464 -0.0211484 0.0268103 0.000687067 0.0140247 0.011892 0.00859316 -0.0121561 0.00584502 -0.000506761 -0.000765494 0.00942966 0.0201468 -0.0180145 0.00765285 0.00887242 -0.00329286
internal_weight=122204 88702.6 78845.1 41384.4 36436 32754.3 33501.4 9857.42 19774.1 37460.7 4948.39 3681.76 32984.1 32314.3 6508.85 3932.81 13727.3 10010.8 7430.42 4795.15 4476.59 9763.29 2162.79 11413.9 1015.57 2580.38 5024.51 7600.5 6706.46 6726.91
internal_count=506134 368074 326659 173781 151473 136106 138060 41415 82405 152878 22308 15367 134186 131443 27732 17910 55655 42194 31008 19963 18692 40211 8824 46071 4398 11186 21564 31387 27770 27132
is_linear=0
shrinkage=0.04


Tree=29
num_leaves=31
num_cat=0
split_feature=2 2 3 3 9 1 6 7 24 9 0 0 3 26 15 0 18 27 26 5 25 27 4 21 18 0 8 6 4 13
split_gain=950.228 973.61 640.169 1522.22 547.582 386.419 269.563 255.531 225.891 199.717 172.415 203.172 143.394 124.566 118.111 112.458 282.074 81.3902 80.0278 73.9665 65.6574 65.5028 64.2048 62.1204 58.1335 132.447 56.0448 44.1363 42.7972 41.5517
threshold=1.5940394515467918e-07 1.5483841764307729e-07 -1.5945582187981697e-07 -1.0000000180025095e-35 4.3382323031768753e-05 1.4555762195556102e-07 1.4207304715332441e-07 7.0269382084801301e-08 0.96160693299540168 6.585512838052096e-06 2.7499649402074061e-07 1.546607881763862e-07 -1.5799529240467789e-07 -0.11922550000001321 0.17234321231040808 2.7499649402074061e-07 0.76140480306624247 1.551823845000009 0.029727434999983631 0.00021027943288753906 0.86264113307756152 -0.0058188149999998046 -1.5912764883552197e-07 -8.0719145940866621 0.9974259931628936 2.7499649402074061e-07 1.9422651192480379e-05 5.3701528235262958e-05 1.5885655013647695e-07 0.42709990789384283
decision_type=2 2 2 2 2 2 2 2 2 2 2 2 2 2 2 2 2 2 2 2 2 2 2 2 2 2 2 2 2 2
left_child=1 2 10 12 8 7 -7 -5 13 28 11 14 22 -2 -1 16 -15 20 19 -11 27 -14 -4 -17 -10 -26 -13 29 -3 -6
right_child=4 9 3 5 17 6 -8 -9 24 18 -12 26 21 15 -16 23 -18 -19 -20 -21 -22 -23 -24 -25 25 -27 -28 -29 -30 -31
leaf_value=-0.0052446069053610749 -0.0032034275068268648 -0.029524141686364063 0.019197441344040233 -0.0062456626185599393 -0.0011645538970277581 -0.02062585970929192 -0.00054605389569681035 0.0034977104309637064 0.021108595462219069 -0.015690793985089255 0.004226967980742409 -0.025237494252694771 0.0083239662695031962 0.0097837540106327451 0.003799816496754236 0.022545496278310054 -0.0067953963520004171 -0.0052893091357490863 -0.0012387322554645171 -0.0029863669258510519 0.020356522045694821 0.022462355156721635 0.03537403983714929 0.011199166420226841 -0.004075787492731648 0.019377463102950798 -0.012022340625556243 -0.0013776058151346324 -0.016521398611495642 0.0048530184944703758
leaf_weight=30584.689224779606 1591.8898136913776 1516.1546491086483 522.46377223730087 5390.7141239643097 2658.0813045501709 2319.8731826394796 1984.6338934153318 21373.24849575758 2791.234292909503 4548.2250270545483 3291.5059986263514 844.18385918438435 821.53576318919659 7015.4397338926792 2496.4716058671474 946.02750217914581 2141.1212065070868 3504.2435888499022 985.25769969820976 877.0519020408392 286.42396254837513 1475.3063472956419 1737.0277964919806 4282.9445152133703 568.65948387980461 1185.0250405818224 1336.7727712243795 6522.2429241687059 571.37651726603508 5917.6601581424475
leaf_count=124965 6556 6890 2405 22480 10739 9715 8003 88893 12098 19231 13231 3581 3536 29792 10092 4067 8691 14120 4033 3625 1168 6556 8313 18003 2319 5027 5478 26258 2492 23946
internal_value=1.3848e-05 -0.00242254 -0.000953026 0.00291244 0.00512489 -0.000254504 -0.0113747 0.00153462 0.00964787 -0.0152451 -0.00452496 -0.0053423 0.0244971 0.007407 -0.00456166 0.0085819 0.00590555 0.000209794 -0.0117364 -0.0136403 0.00146339 0.0174219 0.0316605 0.0132625 0.0175161 0.0117738 -0.0171624 0.0011014 -0.0259911 0.00298735
internal_weight=122087 82676.5 74178.4 35624.8 39411 31068.5 4304.51 26764 20522.3 8498.07 38553.6 35262.1 4556.33 15977.4 33081.2 14385.5 9156.56 18888.7 6410.53 5425.28 15384.4 2296.84 2259.49 5228.97 4544.92 1753.68 2180.96 15098 2087.53 8575.74
internal_count=506303 343519 307248 149901 162784 129091 17718 111373 86553 36271 157347 144116 20810 67109 135057 60553 38483 76231 26889 22856 62111 10092 10718 22070 19444 7346 9059 60943 9382 34685
is_linear=0
shrinkage=0.04


Tree=30
num_leaves=31
num_cat=0
split_feature=2 2 10 2 2 0 9 2 9 24 0 8 6 0 10 6 10 16 23 27 13 10 21 12 9 9 10 9 16 11
split_gain=964.92 835.671 679.994 736.173 796.896 583.147 532.853 211.731 207.469 190.319 118.584 116.395 135.454 108.243 101.794 98.4298 96.016 117.473 83.6267 80.9611 68.9283 54.6372 67.9585 49.869 60.3041 49.0191 47.7822 46.3572 43.9461 42.7627
threshold=1.5940394515467918e-07 1.4558396088659722e-07 0.99999999894144032 -1.5924288199187228e-07 -1.4468937514777733e-07 -1.4612237198008413e-07 3.9038568201982652e-05 -1.585107982648992e-07 6.585512838052096e-06 0.95777897472119766 2.7499649402074061e-07 1.9163443066681538e-05 1.0004776241789721e-07 -1.5947507225888555e-07 1.6398318830199706e-07 6.0951164581041442e-05 0.99999992121020276 0.011068099130460187 0.98097478617478817 0.022655134999998234 0.77518180587761998 0.94126201615585459 -5.4054394356382751 0.74091822353688852 3.9786627471043279e-05 3.8722244042486543e-05 0.99999979642583192 1.8755386844683032e-05 0.58814749778252218 0.60038638071604455
decision_type=2 2 2 2 2 2 2 2 2 2 2 2 2 2 2 2 2 2 2 2 2 2 2 2 2 2 2 2 2 2
left_child=1 2 3 10 7 -6 9 -5 -3 13 15 12 20 -2 -10 -1 17 -15 21 27 -4 22 -8 24 -13 -12 28 -16 -11 -14
right_child=6 8 11 4 5 -7 18 -9 14 26 25 23 29 16 19 -17 -18 -19 -20 -21 -22 -23 -24 -25 -26 -27 -28 -29 -30 -31
leaf_value=-0.0055499163602496151 -0.0053507582245234412 -0.025026713395798254 -0.012605890483348934 0.024581673730299698 0.017619295689710466 -0.0015583329299307361 0.0022297231359982694 0.011008048315697922 0.025101081567326135 0.020508318998870078 0.011195523550402224 -0.01162798263726603 -0.026915951730841183 0.01142934398723746 -0.019499991665089939 0.00010744949057589777 -0.00011287570179824059 -0.0024636612561652828 0.0059881362582070866 -0.0058842755968763483 2.4929029970889436e-05 0.0026981458348378498 -0.004364837643114349 0.0042636241235150312 0.00037695567956018281 0.00055699261642729785 0.0086416206542335606 -0.010750214538414238 0.0016563700515599647 -0.016537993550601988
leaf_weight=24056.443901866674 924.19090096652508 2108.8443781733513 2457.6827398985624 2849.9687886238098 2936.5803370028734 18540.987668469548 3825.2570548504591 5205.7147742211819 122.92294193804264 3370.8258774578571 870.3193618953228 1967.696406275034 1161.138230368495 10307.839179426432 1878.2169170081615 6183.014553129673 1683.5822853446007 1073.7432397603989 4037.1262902319431 2640.7965097427368 960.11456826329231 5871.6616892367601 7204.8558966070414 704.87346628308296 1012.456157669425 3373.057733014226 819.62529522180557 2036.0362035781145 211.381602242589 1458.0569903254509
leaf_count=97300 3820 9557 10431 14101 12477 76166 15437 22948 498 14703 3501 8174 5046 44042 8110 24826 6888 4355 16503 10946 3956 23700 28950 2879 4103 13528 3402 8506 854 6237
internal_value=2.56678e-05 -0.00243155 -0.00104177 0.00045521 0.00509009 0.00106518 0.00518155 0.0158168 -0.0140903 0.010149 -0.0035143 -0.0108972 -0.0143167 0.00786333 -0.010628 -0.00439305 0.00879932 0.0101179 0.000817543 -0.0113079 -0.00905841 -0.000417815 -0.0020773 -0.00528774 -0.00755048 0.00274547 0.0174035 -0.0149596 0.0193994 -0.0211615
internal_weight=121855 82524.9 73738.1 64016.1 29533.3 21477.6 39330.1 8055.68 8786.82 18391.2 34482.8 9722.02 6036.99 13989.4 6677.97 30239.5 13065.2 11381.6 20938.9 6555.05 3417.8 16901.8 11030.1 3685.03 2980.15 4243.38 4401.83 3914.25 3582.21 2619.2
internal_count=505944 343290 305673 264847 125692 88643 162654 37049 37617 78064 139155 40826 25670 59105 28060 122126 55285 48397 84590 27562 14387 68087 44387 15156 12277 17029 18959 16616 15557 11283
is_linear=0
shrinkage=0.04


Tree=31
num_leaves=31
num_cat=0
split_feature=1 1 2 2 23 18 9 9 9 9 10 9 10 10 21 0 18 0 10 26 6 10 18 10 9 12 26 4 18 21
split_gain=877.939 1103.82 604.816 1019.6 456.197 511.655 438.104 246.986 214.461 160.659 144.523 157.92 121.916 116.51 139.053 117.637 149.965 126.913 120.207 100.357 97.2554 93.938 133.709 99.2257 87.5623 79.9424 77.2727 76.7518 74.7364 62.9829
threshold=3.1211712059331381e-07 1.546083137071719e-07 -1.5924288199187228e-07 -1.4468937514777733e-07 0.99999694596729927 0.8924242242105932 3.6071232449815141e-05 7.0783446745661142e-06 9.7492825504405296e-06 6.0981880391596884e-06 0.99999992121020276 3.5050676994072081e-05 1.3456215320103785e-06 1.6398318830199706e-07 -4.0725524454601327 2.0134303230889831e-05 0.3322603130327228 1.5918308537976602e-07 0.99999999894144032 0.029727434999983631 3.1344231161938553e-05 0.64516253933283652 0.0013386904840240314 1.0000000180025095e-35 1.4406038882262094e-05 0.42949933625101577 -0.0096745600000117966 0.00012733185780966497 0.99530516432000271 -5.9563754482478322
decision_type=2 2 2 2 2 2 2 2 2 2 2 2 2 2 2 2 2 2 2 2 2 2 2 2 2 2 2 2 2 2
left_child=1 2 10 8 5 -5 13 -3 26 -6 21 -12 -9 14 24 16 18 -18 -15 27 -8 23 -23 -1 -2 -10 -4 -14 29 -22
right_child=6 7 3 4 9 -7 20 12 25 -11 11 -13 19 15 -16 -17 17 -19 -20 -21 28 22 -24 -25 -26 -27 -28 -29 -30 -31
leaf_value=-0.0015233415964539204 0.032084125953013888 -0.026249122387373394 0.010207815012986879 0.0038964306977161364 -0.022714146858324149 -0.0089793580235996255 0.0061573945983748324 0.023636909389695739 -0.0012338503484819099 -0.006903975480128971 -0.019573880117833693 -5.64524652532123e-05 -0.016120686832925092 0.016694004329804005 -0.0094531819356790271 0.015367120595684425 -0.0083327935457902791 0.0073146149552499743 -0.00318868276966248 -0.0023365310092197437 0.00246828268443466 0.0056702307861732837 -0.0042604991320401523 -0.0072645505076736321 0.016330574807755464 0.012589728486667923 0.026913861623414814 -0.0045669025488140509 0.0033178012095485226 -0.0051053684178939129
leaf_weight=7490.1684362739325 744.26011982560158 2230.2883308231831 546.01726868748665 26562.493734613061 1436.6148858219385 6062.9367784559727 6052.4753960818052 155.58840303122997 795.25010269880295 3623.5242636650801 1967.1002476960421 1001.091571778059 5157.1517427414656 2301.6149501502514 275.78458781540394 3147.9592458158731 1540.087898671627 1791.4588830322027 615.26833495497704 1439.1541624218225 2664.1747183203697 3576.610342130065 5504.8225229978561 13514.020827025175 2395.8810910731554 4186.4443284422159 2472.3508877456188 1124.2937740683556 6364.4301951229572 5144.9163071513176
leaf_count=30278 3421 9952 2585 110442 6174 24756 24638 637 3372 15021 8352 4065 21707 9927 1159 13468 6295 7495 2491 5862 10782 14366 22213 54643 10562 18543 12507 4616 25757 20683
internal_value=1.38604e-05 -0.00205628 -0.000458688 0.0025231 -0.000230308 0.00150299 0.00558076 -0.0144994 0.0154904 -0.0114024 -0.00458006 -0.0129986 -0.0111646 0.0113675 0.0176962 0.00906221 0.00588015 7.86317e-05 0.0124989 -0.0118738 0.0019139 -0.00374834 -0.000348278 -0.00521791 0.020088 0.0103823 0.0239043 -0.0140562 0.000100649 -0.00252078
internal_weight=121884 88845.9 78739.4 45685.6 37685.6 32625.4 33038.3 10106.5 8000.06 5060.14 33053.8 2968.19 7876.19 12812.3 3415.93 9396.39 6248.43 3331.55 2916.88 7720.6 20226 30085.6 9081.43 21004.2 3140.14 4981.69 3018.37 6281.45 14173.5 7809.09
internal_count=506769 370091 327317 193400 156393 135198 136678 42774 37007 21195 133917 12417 32822 54818 15142 39676 26208 13790 12418 32185 81860 121500 36579 84921 13983 21915 15092 26323 57222 31465
is_linear=0
shrinkage=0.04


Tree=32
num_leaves=31
num_cat=0
split_feature=10 26 23 18 0 8 21 9 7 21 0 5 22 10 27 13 9 10 8 21 13 18 12 9 12 9 26 0 0 2
split_gain=800.498 757.659 799.061 771.357 922.657 704.838 682.85 315.882 310.535 270.14 192.508 191.465 172.141 121.89 120.29 104.849 104.818 101.831 141.31 101.604 72.8649 70.8145 65.296 72.7267 62.668 58.3697 52.7128 47.8678 44.864 42.8219
threshold=0.99999999894144032 -0.0086147949999882314 0.99999986579251154 1.0000000180025095e-35 2.7499649402074061e-07 2.7238840166555385e-05 -23.025800932440287 5.9148668218403831e-05 5.5380141116148436e-06 -3.4165272394903545 -1.5947507225888555e-07 4.7813480603231546e-05 0.84636303854953276 0.63048323386671257 0.028864405000019293 0.26113595612605228 7.0783446745661142e-06 1.3456215320103785e-06 1.3728837913217001e-05 -0.88196312560306178 0.84435981130785531 0.99991568296800382 0.76774803089615073 4.8458536923821772e-05 0.65636054185277082 4.7851542087561212e-06 -0.030484099999992621 -6.3110094028040451e-05 1.585336271148208e-07 1.561308042852261e-07
decision_type=2 2 2 2 2 2 2 2 2 2 2 2 2 2 2 2 2 2 2 2 2 2 2 2 2 2 2 2 2 2
left_child=1 12 3 5 8 6 -3 -6 -5 11 -7 16 15 19 25 -1 20 18 -17 26 28 -19 23 -18 -13 -4 -14 -21 -2 -16
right_child=9 2 14 4 7 10 -8 -9 -10 -11 -12 24 13 -15 29 17 22 21 -20 27 -22 -23 -24 -25 -26 -27 -28 -29 -30 -31
leaf_value=-0.010060700839646487 -0.017820573995352019 0.0040461635907696929 -0.034912446174245229 -0.018903412452126043 0.013395050658387194 -0.0074303442597827979 0.018176785137875181 0.00021277181878259554 -0.0044416754114537911 0.0062256993853494003 0.0038672199943524496 -0.0070696194619577404 -0.011246376865069008 0.0048934698811239795 -0.010849358619523495 0.018331806875056228 -0.013835884139095074 -0.00013200100210372808 0.0013848095172182215 0.0036620616751104184 0.0026844962924632071 -0.0054922521887235303 -0.0029288229039067305 0.0015870443605087204 0.003218676363673529 -0.018790627523193635 -0.0029784626022128086 -0.0064272132094044532 -0.029066031180388748 0.0088802329106533913
leaf_weight=1974.4767408668995 2017.5851734131575 8911.5945425033569 492.55255515873432 3037.4589321017265 6613.9469305425882 3011.5393035709858 14185.092398419976 5191.6665295958519 10894.07832659781 1793.8703040033579 12102.959345847368 2200.164478495717 8106.5137504190207 1298.2166105061769 548.06851142644882 933.28974142670631 5207.6544884890318 11256.337768346071 4971.9064916223288 1452.4944305717945 222.09978479146957 6069.5322646945715 1469.20366320014 538.60943648219109 1659.3004200011492 1391.8439631462097 1460.1273930072784 1555.2685149163008 807.34927816689014 256.32480542361736
leaf_count=8007 9028 38051 2145 12853 27800 12128 62809 20965 44229 7442 49757 9206 33148 5247 2239 3964 22056 45770 20155 5866 914 24662 6059 2182 6841 5806 6095 6302 3651 1093
internal_value=-2.45596e-05 0.00123456 0.00382775 0.00472622 -0.000626463 0.00833149 0.0127259 0.00759971 -0.00759788 -0.0083871 0.00161498 -0.0102445 -0.00318724 -0.00676547 -0.0175236 -0.00121716 -0.0131004 -0.000464304 0.00407058 -0.00797035 -0.0193252 -0.00201063 -0.0104653 -0.0123892 -0.00264557 -0.0230469 -0.00998616 -0.00155392 -0.0210585 -0.00454725
internal_weight=121631 105715 66637.1 63948.3 25737.2 38211.2 23096.7 11805.6 13931.5 15915.8 15114.5 14122 39078.2 13872.6 2688.79 25205.5 10262.5 23231.1 5905.2 12574.4 3047.03 17325.9 7215.47 5746.26 3859.46 1884.4 9566.64 3007.76 2824.93 804.393
internal_count=506470 439091 279875 268592 105847 162745 100860 48765 57082 67379 61885 59937 159216 56658 11283 102558 43890 94551 24119 51411 13593 70432 30297 24238 16047 7951 39243 12168 12679 3332
is_linear=0
shrinkage=0.04


Tree=33
num_leaves=31
num_cat=0
split_feature=1 1 1 1 11 9 9 15 9 9 26 8 10 9 26 24 3 24 27 10 9 10 10 28 29 9 11 27 25 24
split_gain=772.384 1082.23 563.957 1029.76 790.67 475.388 369.246 334.796 212.394 209.166 164.885 141.205 164.518 121.934 110.088 99.8209 97.1082 97.0234 67.3356 64.4412 103.135 60.4794 56.1801 54.711 52.7842 50.1661 46.6017 45.7073 47.2218 37.6553
threshold=1.5934976360654221e-07 1.546083137071719e-07 -1.5966206490247711e-07 -1.4552156990532692e-07 0.60000000000000087 5.115486113589569e-05 2.0525214740975267e-05 0.98611111110325134 7.3255645676564909e-06 1.9860787355380655e-05 -0.067656000000009445 4.452278252347756e-05 1.0000000180025095e-35 8.5742426789648493e-06 0.029727434999983631 -0.81241824164228615 -1.5945582187981697e-07 0.95777897472119766 -0.4076485649999973 1.6398318830199706e-07 2.1881625561652947e-05 1.2676635862091759e-05 0.67445376204040719 -1.8448607300000137 0.70807986741379991 5.6021592983251241e-06 0.4000000000000033 1.2305727400000033 0.60295099427476073 -0.95653916569939812
decision_type=2 2 2 2 2 2 2 2 2 2 2 2 2 2 2 2 2 2 2 2 2 2 2 2 2 2 2 2 2 2
left_child=1 2 11 9 6 10 -5 -6 24 16 23 12 13 -1 21 -14 -4 19 29 20 -12 -10 -23 -2 -3 -21 -11 28 -7 -13
right_child=5 8 3 4 7 27 -8 -9 14 26 17 18 15 -15 -16 -17 -18 -19 -20 25 -22 22 -24 -25 -26 -27 -28 -29 -30 -31
leaf_value=0.020686930346592473 -0.0097718936067392754 -0.028041551785252791 0.009769154396721054 0.010369400953664792 -0.0083759751666725099 0.00033937263566881473 -0.00039576687907243315 0.020009773783505574 0.017898259977764491 -0.0013748746811909948 0.024604118845442616 -0.0090630104170548991 -0.015198753240742473 -0.0025904193161612995 -0.00095359495108662069 -0.0071437510722143199 0.022110723827939591 0.016683663562504676 -0.0040227406506067979 -0.0062487119882528239 0.0092349835385223868 -0.019920640929726563 -0.011476474336101699 0.0035036613723458333 -0.011866662051544108 0.0081800719139626284 0.0093135770634428742 -0.0042174342220858436 0.010531656777639602 0.0020977835104791145
leaf_weight=394.66444607079029 666.06982047855854 1874.8109814077616 1355.7636058330536 9553.2164494842291 15648.429361790419 10394.637510001659 10925.504180550575 691.95668660104275 94.206582948565483 815.38890548050404 1024.7408053427935 522.10139368474483 3555.6579737067223 3860.3940584510565 1359.6561038345098 8040.1610538810492 4215.2722019404173 3659.0481085926294 9339.7599488049746 401.10426510870457 2208.6976110488176 1821.8836416006088 4173.5875180512667 1930.4068962782621 397.68244284391403 8771.4120898246765 3238.040164232254 3441.041062027216 779.78414687514305 6197.1609579473734
leaf_count=1610 2707 8433 6054 40381 65302 41939 44728 2841 386 3394 4724 2102 14630 15676 5550 32835 20792 15927 37522 1685 9339 7559 17712 7931 1813 36717 13801 13868 3163 24892
internal_value=2.27792e-05 -0.00193872 -0.000376614 0.00243616 -0.000609153 0.00521429 0.00462646 -0.00717081 -0.0145247 0.0140841 0.0094449 -0.00447055 -0.0071487 -0.000419549 -0.0112514 -0.00961683 0.0191139 0.0109563 -0.00182607 0.00926363 0.0141223 -0.0135483 -0.0140504 8.99177e-05 -0.0252291 0.00754699 0.00716246 -0.000187738 0.00105327 0.00122675
internal_weight=121352 88075.3 78353.5 46443.6 36819.1 33276.9 20478.7 16340.4 9721.83 9624.46 18661.5 31909.9 15850.9 4255.06 7449.33 11595.8 5571.04 16065 16059 12406 3233.44 6089.68 5995.47 2596.48 2272.49 9172.52 4053.43 14615.5 11174.4 6719.26
internal_count=506013 368013 326560 197293 153252 138000 85109 68143 41453 44041 79030 129267 64751 17286 31207 47465 26846 68392 64516 52465 14063 25657 25271 10638 10246 38402 17195 58970 45102 26994
is_linear=0
shrinkage=0.04


Tree=34
num_leaves=31
num_cat=0
split_feature=2 2 10 2 18 2 9 8 10 21 3 8 6 9 8 6 13 0 0 18 18 10 21 10 5 7 0 5 18 21
split_gain=738.551 692.846 512.72 597.087 782.747 514.095 410.015 189.977 144.117 156.64 138.297 138.188 106.329 105.655 104.754 123.41 94.7527 95.3042 91.2335 129.49 79.2843 131.424 88.7083 70.2334 70.7087 63.3804 60.7073 60.2872 54.1875 48.4619
threshold=1.5940394515467918e-07 1.5483841764307729e-07 0.99999999894144032 -1.5924288199187228e-07 0.99991568296800382 -1.585107982648992e-07 3.1806175050880956e-05 2.7810755313037767e-06 7.9956150172845303e-07 -4.5952485683434379 4.2255401154989165e-05 1.7090985620749232e-06 3.9200031812634345e-05 1.4641516024348508e-05 1.9422651192480379e-05 1.0025927918428045e-07 0.20345540815506544 -3.1852510140595308e-07 2.7499649402074061e-07 0.00076190487235392628 0.41113807982777245 0.99999992121020276 -3.8215504172506845 1.3456215320103785e-06 0.00019095041008565519 7.6843662217235294e-06 2.7499649402074061e-07 6.1377035134313487e-05 0.99849962406262927 -5.1314225253367374
decision_type=2 2 2 2 2 2 2 2 2 2 2 2 2 2 2 2 2 2 2 2 2 2 2 2 2 2 2 2 2 2
left_child=1 2 3 16 5 -5 8 -3 9 13 20 -6 25 -2 15 27 -1 -18 19 -12 21 -10 -22 -9 29 -8 -27 -4 -14 -25
right_child=6 7 14 4 11 -7 12 23 10 -11 18 -13 28 -15 -16 -17 17 -19 -20 -21 22 -23 -24 24 -26 26 -28 -29 -30 -31
leaf_value=-0.014068250527314813 0.030643635505831102 -0.023588219959902325 -0.010556074128337501 0.023637173677776492 -0.027423286297775195 0.0053198036559212614 0.020831201299743824 0.02161259904330606 0.013873903576508742 -0.0070456638058398807 0.014185550403168825 -0.0079131694045010276 -0.0029585451358540476 0.014986001542424699 -0.0040607938980804312 -0.019398303687352389 -0.0052613771995546612 -0.00091602740768852251 0.017693613711871267 -0.0032798042740940763 -0.0084813551170597728 -0.0054334566938764855 0.0067733493116273608 -0.013882172198953635 -0.00077061409937589117 0.0013873868870999029 0.0074710438366892423 0.0021479986291128355 0.0022432209888949518 -0.0037000524459299693
leaf_weight=1221.3890707194805 954.88940365612507 2045.5737053304911 2745.5090764909983 2749.4618474692106 688.29248069226742 22514.634556919336 358.74440005421638 111.31027044355869 1772.6582703739405 401.12610520422459 1681.6442583650351 3694.5628457665443 8179.6873971968889 2522.5496064722538 3633.8073008358479 2528.6983458548784 13876.795767590404 19326.456097841263 2465.1783206164837 1136.2403106689453 1482.7385469079018 824.74905802309513 1032.3907470405102 4221.5364951640368 1071.5362541675568 6644.2821602970362 4340.258237183094 761.91901603341103 5263.3645361214876 913.47108940780163
leaf_count=4939 4482 9530 11717 14029 2903 95109 1484 454 7686 1703 7265 15177 32987 11354 15018 11060 56248 77939 10688 4629 6114 3330 4376 18042 4438 27031 17850 3174 21330 3840
internal_value=6.78184e-05 -0.00208612 -0.00084839 0.000447399 0.00460822 0.00731555 0.00459539 -0.0129953 0.00999521 0.0165759 0.00753613 -0.0109918 0.00148479 0.0193054 -0.00943271 -0.0126628 -0.00313585 -0.00273253 0.0120737 0.00714416 0.0028426 0.00774162 -0.00221685 -0.00955693 -0.010125 0.00433652 0.00379284 -0.00779508 -0.000921412 -0.0120746
internal_weight=121165 82105 73741.5 64071.6 29647 25264.1 39060.5 8363.43 14274.2 3878.57 10395.6 4382.86 24786.3 3477.44 9669.93 6036.13 34424.6 33203.3 5283.06 2817.88 5112.54 2597.41 2515.13 6317.85 6206.54 11343.3 10984.5 3507.43 13443.1 5135.01
internal_count=505926 343617 307313 266344 127218 109138 162309 36304 61627 17539 44088 18080 100682 15836 40969 25951 139126 134187 22582 11894 21506 11016 10490 26774 26320 46365 44881 14891 54317 21882
is_linear=0
shrinkage=0.04


Tree=35
num_leaves=31
num_cat=0
split_feature=3 3 8 10 3 3 2 10 18 17 1 0 22 1 9 9 0 9 7 9 3 9 26 24 27 6 24 9 18 17
split_gain=703.657 915.655 455.009 448.023 622.293 868.513 348.524 238.067 263.383 328.202 189.463 183.172 168.035 153.914 146.182 145.092 114.357 130.869 109.076 108.867 87.6561 84.8969 65.93 62.9571 63.5478 61.1228 60.5172 58.1903 57.3418 53.6443
threshold=3.1213748385994227e-07 1.0000000180025095e-35 2.7524738907240264e-05 0.99999999894144032 -1.5945582187981697e-07 -1.0000000180025095e-35 -1.4468937514777733e-07 0.99999999894144032 0.99991568296800382 1.5964243929273617e-07 3.1211712059331381e-07 -1.5947507225888555e-07 2.1666053531665357e-07 1.546083137071719e-07 2.8195753035045937e-05 4.3151271614171291e-06 2.7499649402074061e-07 6.1404255090335082e-05 5.7920245887727269e-08 1.4185764119890045e-05 2.2860852653572298e-05 2.7647949969785283e-06 0.0026192699999769342 0.92053080697178724 1.2305727400000033 3.9774334817213324e-05 0.99414602387867235 1.7450804711856863e-05 0.16398630395204472 1.5964243929273617e-07
decision_type=2 2 2 2 2 2 2 2 2 2 2 2 2 2 2 2 2 2 2 2 2 2 2 2 2 2 2 2 2 2
left_child=1 3 7 4 10 15 -7 8 11 -10 13 29 22 -1 18 -6 23 -18 -5 -13 -11 -14 -3 -4 28 -12 -9 -20 -25 -2
right_child=2 12 16 14 5 6 -8 26 9 20 25 19 21 -15 -16 -17 17 -19 27 -21 -22 -23 -24 24 -26 -27 -28 -29 -30 -31
leaf_value=-0.002878142660110643 0.015783673009171956 -0.037141944319272466 -0.0022490124621927171 -0.0006017514089245215 0.031872468251808166 0.015303746273898491 -0.0041369550430852839 -0.0038268566261551798 -0.0060221436007830403 -0.0040137260462163498 0.0066136106411278719 0.019526619209052621 -0.027047018093775216 -0.014495356626357796 -0.0013134621470584627 0.016715663433320423 0.0087655054558657425 -0.00030891429907972862 -0.017780450996555622 0.011505368376778496 0.019012442456607836 -0.011245522604810302 -0.019455791840904811 0.012234870640721681 -0.0056404207461417822 -0.00030205723780658491 0.0091457018368644658 -0.0092606191630543941 -0.0047016296494171751 -0.0099264330266664955
leaf_weight=33153.2933036834 158.37001249194145 907.27019484341145 16766.373025432229 1032.2669666111469 1539.8925913572311 1896.8523670434952 6609.9133471846581 2874.5407438278198 3003.5737749785185 315.85813501477242 4190.4561147689819 4268.5405480265617 675.22728702425957 1929.1799730062485 2560.1092968285084 2980.796912536025 4711.5509626567364 5518.0479112118483 3625.6953335404396 7470.6868807375431 1589.069428563118 2826.4397872239351 554.73905082046986 1422.0774258524179 709.7733835875988 3987.889230415225 716.70455451309681 2004.8361069411039 410.46370609104633 672.70267668366432
leaf_count=135419 688 3827 67992 4384 7708 8897 27768 11877 12372 1330 17349 19000 3187 8011 10535 13524 19549 22264 16135 32222 6862 12237 2335 5937 2922 16077 2967 8495 1674 2769
internal_value=5.7408e-05 -0.00252651 0.00365572 -0.00127105 6.79773e-05 0.00773145 0.000200353 0.00814613 0.0100732 0.00221261 -0.00223994 0.0131412 -0.0190863 -0.00351809 -0.00944183 0.0218941 0.000452049 0.00387107 -0.0125626 0.0144259 0.0151911 -0.0143107 -0.0304782 -0.00135927 0.00450275 0.00324159 -0.00123188 -0.0147531 0.00843687 -0.00498855
internal_weight=121083 70474.9 50608.3 65511.2 56288.3 13027.5 8506.77 21070 17478.8 4908.5 43260.8 12570.3 4963.68 35082.5 9222.91 4520.69 29538.3 10229.6 6662.8 11739.2 1904.93 3501.67 1462.01 19308.7 2542.31 8178.35 3591.25 5630.53 1832.54 831.073
internal_count=506313 295888 210425 274302 234753 57897 36665 90087 75243 20564 176856 54679 21586 143430 39549 21232 120338 41813 29014 51222 8192 15424 6162 78525 10533 33426 14844 24630 7611 3457
is_linear=0
shrinkage=0.04


Tree=36
num_leaves=31
num_cat=0
split_feature=4 10 9 4 24 1 1 10 21 0 0 11 9 17 8 1 9 9 10 18 17 9 1 21 18 12 20 21 13 10
split_gain=658.217 512.975 530.504 506.625 389.577 240.813 407.328 230.555 220.817 183.261 166.325 162.905 139.817 112.232 109.571 105.53 147.294 104.373 97.2544 143.629 226.312 104.856 89.071 87.4854 79.203 74.1174 62.8928 55.7288 52.3165 51.2653
threshold=1.0927695086593305e-06 1.0000000180025095e-35 9.9558937623341332e-06 1.0000000180025095e-35 0.8834642791165962 3.1211712059331381e-07 1.546083137071719e-07 0.99999999894144032 -4.0725524454601327 -2.9310409210836491e-07 -1.5430883060219e-07 0.2962754952415842 1.6194213567683155e-05 7.0612591004289338e-05 1.098590038227258e-07 2.0163390775707061e-05 4.4224231270074348e-05 2.3222011489007417e-05 0.99999985984033624 0.9974259931628936 1.5929746008037509e-07 2.1881625561652947e-05 1.546083137071719e-07 -23.025800932440287 0.010204081633978858 0.29928202410670174 -0.30015067215043539 -5.3371559130148638 0.30164508456082961 0.38462280634221518
decision_type=2 2 2 2 2 2 2 2 2 2 2 2 2 2 2 2 2 2 2 2 2 2 2 2 2 2 2 2 2 2
left_child=1 2 25 5 9 6 7 -3 11 24 17 28 -8 -10 -5 22 -17 -11 19 21 -21 23 -12 -6 -2 -1 -13 -27 -4 -7
right_child=4 3 8 14 18 29 12 -9 13 10 15 26 -14 -15 -16 16 -18 -19 -20 20 -22 -23 -24 -25 -26 27 -28 -29 -30 -31
leaf_value=0.00052164438566989753 -0.0071977294423618788 -0.0020626725105204876 -0.011095095533867963 -0.026990149101410333 0.011349525903431017 -0.0037520136376436469 -0.023619304817113222 -0.010492482616772311 -0.015034210782623986 0.020077123907081256 0.0016062948145485546 0.0031678910588975335 -0.0097699176707665286 0.0035328203648038159 -0.010604775487543466 0.010746371467940425 0.0012764299176583733 0.0045624930755222299 0.0015956172302127886 -0.0063763509202758532 0.015950671202113319 0.0091913130814135387 -0.0042267619044792327 0.024168526960897312 0.0017381058386043704 0.026096817168779683 0.011777215142201739 0.010703883391057791 -0.00013539098163116604 0.0037834033517949103
leaf_weight=266.29906791448593 5089.9027775526047 29433.126363828778 1069.203584343195 1810.4664486199617 1429.2143614292145 1810.2182870358229 2137.1449840664864 6301.6829096823931 1882.8773736208677 1312.8502596318722 16041.38660620153 2667.4114400148392 2582.176902666688 718.01240062713623 1030.2315267473459 4232.6471589505672 6931.5157172977924 1474.8913269937038 2069.0889917016029 1606.386308953166 1321.8518929183483 3360.2217195481062 5665.9450730234385 2142.1371243298054 2303.0500172525644 1796.8669731616974 2772.6542716175318 483.78418971598148 1996.3351736217737 7104.8806031048298
leaf_count=1120 20628 122308 4361 8074 6123 7325 9610 26909 7695 5984 66324 11108 10798 2918 4402 18181 28037 6106 8646 6633 5666 14172 23734 9864 9275 8565 11812 2143 8176 29221
internal_value=-0.000141433 -0.00283865 0.00406366 -0.0046439 0.00308951 -0.003698 -0.00500945 -0.00355001 0.000285839 0.00131677 0.00250518 0.00340549 -0.0160517 -0.00990768 -0.0210638 0.00170897 0.00486883 0.011882 0.0094854 0.0111397 0.00370517 0.0142771 8.32026e-05 0.0190513 -0.00441357 0.0205195 0.00756019 0.0228489 -0.00396558 0.00225206
internal_weight=120844 65863.4 13653.4 52209.9 54981.1 49369.2 40454.1 35734.8 11106.5 43052.2 35659.2 8505.6 4719.32 2600.89 2840.7 32871.5 11164.2 2787.74 11928.9 9859.81 2928.24 6931.57 21707.3 3571.35 7392.95 2546.95 5440.07 2280.65 3065.54 8915.1
internal_count=505918 276545 57898 218647 229373 206171 169625 149217 46070 178269 148366 35457 20408 10613 12476 136276 46218 12090 51104 42458 12299 30159 90058 15987 29903 11828 22920 10708 12537 36546
is_linear=0
shrinkage=0.04


Tree=37
num_leaves=31
num_cat=0
split_feature=4 4 10 9 24 0 0 21 18 13 0 0 9 10 9 1 1 8 18 9 25 1 18 10 14 18 17 11 17 21
split_gain=601.322 589.735 399.533 438.269 330.375 228.295 409.289 210.258 169.189 164.069 160.293 174.994 101.39 98.4176 96.0767 95.6355 205.647 112.566 92.3789 88.0992 82.7488 78.4272 98.624 74.4436 68.7697 68.4315 68.0633 66.1498 57.5952 55.7245
threshold=3.1747157969164169e-07 1.0000000180025095e-35 1.0000000180025095e-35 9.9558937623341332e-06 0.8834642791165962 2.7499649402074061e-07 1.546607881763862e-07 -4.6378499045035397 0.84097210552770274 0.4199469583728736 -2.9310409210836491e-07 -1.5430883060219e-07 2.3222011489007417e-05 1.6398318830199706e-07 1.7652961750099532e-05 1.5934976360654221e-07 1.546083137071719e-07 2.9951426852993017e-05 0.0078740157524974895 1.1214689321891733e-07 0.95265041081967372 4.6341563475493791e-07 0.9235185018320613 0.99999999894144032 0.93749999999261047 0.99780701754261758 7.0612591004289338e-05 0.20000000000003296 1.5929746008037509e-07 -2.9189200398427553
decision_type=2 2 2 2 2 2 2 2 2 2 2 2 2 2 2 2 2 2 2 2 2 2 2 2 2 2 2 2 2 2
left_child=1 2 3 27 10 6 8 9 -4 -5 18 12 -12 -3 -8 16 -13 -17 -2 -15 21 22 23 -6 -7 -22 -9 -1 -27 -14
right_child=4 13 5 7 20 24 14 26 -10 -11 11 15 29 19 -16 17 -18 -19 -20 -21 25 -23 -24 -25 -26 28 -28 -29 -30 -31
leaf_value=0.0023111643746028978 -0.0070043404109332843 0.015687387389442069 -0.0020053033882318091 -0.0030272787435856856 0.0087112668915349523 -0.0022124508303480645 -0.022869383374069213 -0.012052388774715846 -0.0090284633602722448 0.0086496626096327911 0.020066136902566409 0.001576688384649973 0.0077974760045388626 -0.035949440179815273 -0.011084738694517935 0.0096820229267952675 -0.010178146386953846 0.0018686983888002451 0.0025687174360872322 -0.018492814177479028 0.016671103759370875 0.011218801893724182 -0.0096313280031430221 -0.0048723008567887454 0.0060149802499131037 -0.004816056760401497 0.0020056947911608015 0.022059808645562177 0.013892263498072585 -0.015533588310275683
leaf_weight=312.23281683027744 5039.4460646212101 109.07110652327538 31040.945014372468 3131.2818324118853 3036.5186856389046 2506.7184996157885 1868.3463892042637 2136.2396601736546 6666.3273923397064 4989.7314764559269 1335.5129755735397 16175.237714231014 1303.6738027483225 618.22062781453133 2743.0415880829096 4199.4165785163641 2789.8699412047863 9919.2636254429817 2368.808766156435 1893.4214609712362 2982.6987811923027 3341.3699979931116 794.24217757582664 817.34716288745403 4611.725955247879 511.62253776192665 740.53313311934471 2139.1285968124866 537.33977063000202 184.8765978962183
leaf_count=1334 20436 477 130359 12825 13027 10186 8393 8744 27353 21072 6137 66889 5415 2848 11395 18174 11759 40408 9539 8290 13011 14455 3276 3405 18917 2119 3008 10137 2337 752
internal_value=-2.80567e-05 -0.00262144 -0.00184614 0.0042659 0.0030418 -0.00350915 -0.00462401 0.000854722 -0.00324759 0.00414699 0.00141324 0.0025186 0.0120722 -0.0212043 -0.0158701 0.00170209 -0.000153264 0.00419434 -0.00394268 -0.0228222 0.00890808 0.00654579 0.00318117 0.0058276 0.00311713 0.0135812 -0.00843285 0.0195516 0.00477157 0.00487541
internal_weight=120844 65507 62886.3 13449.1 55337.2 49437.1 42318.7 10997.8 37707.3 8121.01 43316.1 35907.9 2824.06 2620.71 4611.39 33083.8 18965.1 14118.7 7408.25 2511.64 12021.1 7989.48 4648.11 3853.87 7118.44 4031.66 2876.77 2451.36 1048.96 1488.55
internal_count=506477 275338 263723 57120 231139 206603 177500 45649 157712 33897 179509 149534 12304 11615 19788 137230 78648 58582 29975 11138 51630 34163 19708 16432 29103 17467 11752 11471 4456 6167
is_linear=0
shrinkage=0.04


Tree=38
num_leaves=31
num_cat=0
split_feature=2 2 3 3 9 4 4 9 8 7 10 15 21 0 9 12 13 10 9 29 6 13 15 14 12 7 10 22 21 0
split_gain=537.052 547.208 405.309 1036.33 344.854 248.38 312.647 170.869 165.12 142.507 168.795 170.446 129.823 130.145 119.528 112.66 87.0934 79.7936 79.6707 79.4913 79.2631 72.186 60.5757 59.1652 54.5439 53.7324 47.063 45.7373 44.171 41.8735
threshold=1.5940394515467918e-07 1.4558396088659722e-07 -1.5945582187981697e-07 -1.0000000180025095e-35 3.1806175050880956e-05 1.0927695086593305e-06 1.0000000180025095e-35 3.6060372546186128e-06 2.5835444165431017e-05 4.730568252707086e-05 1.0000000180025095e-35 0.071536080010793937 -8.7794999515652261 2.000222702047694e-05 4.3151271614171291e-06 0.3479436623142706 0.42709990789384283 1.6398318830199706e-07 1.8755386844683032e-05 -0.3551700830105386 3.9200031812634345e-05 0.75916287988328868 0.3412612705274482 0.99038461538441369 0.63026897018845729 1.1474942269800298e-05 0.97705465437850381 0.027556123146502246 -3.6888792540739779 2.7499649402074061e-07
decision_type=2 2 2 2 2 2 2 2 2 2 2 2 2 2 2 2 2 2 2 2 2 2 2 2 2 2 2 2 2 2
left_child=1 2 9 14 12 6 -5 -3 -7 10 15 -12 19 21 -4 -1 -16 -9 24 -2 25 22 -14 -15 -19 -6 27 -22 -20 -27
right_child=4 7 3 5 20 8 -8 17 -10 -11 11 -13 13 23 16 -17 -18 18 28 -21 26 -23 -24 -25 -26 29 -28 -29 -30 -31
leaf_value=-0.0070318592446078666 0.0091671444377030425 -0.025140918736333246 0.029559475842633697 -0.0021365704107734252 0.014257441777561249 0.0066157604749932887 -0.021357521241537291 0.021654788744492639 -0.001266755981726491 0.00015143840733401067 -0.0080648528296392227 0.0047395463654366808 -0.00058595675181988358 9.5886053625284209e-05 -0.0050513440727109563 0.0043189608096208315 0.018013478443196323 -0.017276656013002011 -0.0069026530915853477 0.018795768403285035 0.001350441344662543 0.01513058387929447 0.012238498445174242 0.01610182391680956 -0.0070130529811555636 0.00070570309244544194 0.0020892306397760183 -0.0048629506738694806 0.0075456300673357483 0.0058367804916777035
leaf_weight=2092.8611829280853 3008.221312597394 1241.6870681345463 1529.1883922666311 11901.684007555246 689.01230575144291 9128.5563998073339 1525.7274995446205 130.26293161511421 7954.2311766892672 11403.385969936848 18806.712008953094 1822.575484290719 4727.8070846796036 448.95700734853745 290.13217197358608 4207.6894075870514 2573.2193682789803 2428.8732005804777 3150.5638361573219 2540.0359784215689 2798.9378514438868 646.824801415205 670.69532358646393 2106.4626042246819 1267.8332790285349 6408.8075984418392 4783.8660513758659 5856.2582085728645 376.90419481694698 4222.4772874563932
leaf_count=8534 13316 6050 7791 50505 2864 38822 6571 532 32279 45934 77987 7415 19898 1972 1233 17508 11904 10778 13276 11561 11360 2729 2944 9246 5510 26088 19438 23539 1546 17419
internal_value=-3.7923e-05 -0.00187747 -0.000756584 0.00236175 0.00383074 -0.000253922 -0.00432448 -0.0114235 0.00294542 -0.00359598 -0.00518292 -0.00693289 0.00881176 0.00573057 0.0205216 0.000546352 0.015672 -0.00909921 -0.00966159 0.0135825 0.000983458 0.00252808 0.00101094 0.0132948 -0.0137651 0.00344917 -0.00109331 -0.00285314 -0.0053531 0.00274506
internal_weight=120740 81832.1 73236 34902.7 38908.4 30510.2 13427.4 8596.12 17082.8 38333.2 26929.8 20629.3 14149 8600.75 4392.54 6300.55 2863.35 7354.44 7224.17 5548.26 24759.4 6045.33 5398.5 2555.42 3696.71 11320.3 13439.1 8655.2 3527.47 10631.3
internal_count=506549 344175 306483 149105 162374 128177 57076 37692 71101 157378 111444 85402 61666 36789 20928 26042 13137 31642 31110 24877 100708 25571 22842 11218 16288 46371 54337 34899 14822 43507
is_linear=0
shrinkage=0.04


Tree=39
num_leaves=31
num_cat=0
split_feature=1 1 1 0 1 23 9 21 9 8 8 10 21 9 16 24 10 24 21 21 0 10 22 29 27 18 18 21 2 3
split_gain=523.19 806.309 437.014 783.771 495.77 373.024 305.478 196.299 178.022 139.254 129.007 140.489 124.711 109.867 106.564 102.204 94.6407 80.936 80.0884 58.642 73.1041 58.562 58.4883 55.8234 54.0753 51.0963 51.0756 55.6079 48.1685 41.6414
threshold=1.5934976360654221e-07 1.546083137071719e-07 -1.5966206490247711e-07 -1.4612237198008413e-07 -1.5471119141352571e-07 -1.0000000000033988 4.2092241493302545e-05 -3.3598812217763587 6.0981880391596884e-06 1.0731219283719759e-05 4.361581788163611e-05 1.0000000180025095e-35 -3.5588882373662503 2.1197955620755339e-05 0.28379762959652144 -0.6917975327695266 1.3456215320103785e-06 0.95777897472119766 -15.222211833019296 -9.8914601964929663 2.7499649402074061e-07 0.70103642187102355 3.7505066015376889e-06 -0.31542695836140339 -0.79309198499999967 0.0021929824557886885 0.99295774648001001 -4.7383319335074257 1.5593474422814782e-07 3.1213748385994227e-07
decision_type=2 2 2 2 2 2 2 2 2 2 2 2 2 2 2 2 2 2 2 2 2 2 2 2 2 2 2 2 2 2
left_child=1 2 10 7 13 -6 14 9 22 -4 11 12 -1 -5 17 -13 -10 19 28 23 -21 -9 -3 -2 -12 -26 27 -8 -18 -20
right_child=6 8 3 4 5 -7 26 21 16 -11 24 15 -14 -15 -16 -17 18 -19 29 20 -22 -23 -24 -25 25 -27 -28 -29 -30 -31
leaf_value=0.0053647604801960545 0.0081015740143582978 -0.034711732547700477 0.022884145473693978 0.016404111419354609 0.013564934411420038 -0.0029805579607666459 0.0020674362639351543 -0.010224535882242479 0.024671214483622347 0.01119891170662312 0.0020147614009878374 -0.013413639592182626 -0.0088355186709682173 0.0044176916733573478 -0.0040482267610617894 -0.0056539451115894569 -0.025257116288265987 0.01499294988433781 -0.011010121583605478 0.00097567039478580007 0.0089093768165519945 0.016838108346768542 -0.019041461721557903 0.018829698831467206 -0.0052885153898114788 0.00014581592324408168 0.0030708326651629862 -0.0040276354088682907 -0.011418896262321567 -0.0041441847859015101
leaf_weight=2524.9341003149748 2047.2630925029516 542.44980035722256 2934.140002310276 3035.5822976082563 2341.6526963114738 31178.036139115691 4415.170397028327 628.39749351143837 122.60663448274136 3701.2924639731646 5120.3556414991617 4574.7044299244881 1623.835847735405 2055.1121544539928 1018.268892750144 6705.4370442181826 804.46131929755211 3153.1072214692831 3534.8209597617388 3035.4072382897139 4799.4728345125914 158.07974648475647 1341.5779338032007 1257.8741967380047 6404.2541123628616 4870.7532739043236 8105.3276236057281 5227.005695939064 822.09989248216152 2366.9454213231802
leaf_count=10205 8912 2396 14404 14731 9912 130298 17894 2684 507 15942 20583 18929 6684 8707 4129 27468 3301 14149 15400 12762 20529 685 6460 5734 25777 19575 32875 21018 3506 9764
internal_value=1.65859e-05 -0.00160479 -0.000259966 0.00223168 -5.68548e-05 -0.00182364 0.00430269 0.0141341 -0.0125823 0.0163733 -0.0038641 -0.00648924 -0.000193703 0.0115707 0.00844194 -0.00880363 -0.00986316 0.00933271 -0.0104341 0.0077272 0.00583769 -0.00474274 -0.0235949 0.012197 -0.00139275 -0.00294084 0.000730617 -0.00123625 -0.0182938 -0.00826031
internal_weight=120450 87391.5 77856.6 46032.3 38610.4 33519.7 33058.9 7421.91 9534.96 6635.43 31824.3 15428.9 4148.77 5090.69 15311.4 11280.1 7650.93 14293.1 7528.33 11140 7834.88 786.477 1884.03 3305.14 16395.4 11275 17747.5 9642.18 1626.56 5901.77
internal_count=505920 367918 326584 197363 163648 140210 138002 33715 41334 30346 129221 63286 16889 23438 66215 46397 32478 62086 31971 47937 33291 3369 8856 14646 65935 45352 71787 38912 6807 25164
is_linear=0
shrinkage=0.04


Tree=40
num_leaves=31
num_cat=0
split_feature=10 0 0 4 4 21 9 8 18 18 5 14 21 9 7 21 9 10 0 21 21 12 9 10 12 8 20 21 10 24
split_gain=512.59 427.497 911.925 426.237 407.904 227.368 214.927 207.77 251.483 189.797 137.511 133.95 93.2707 83.1216 79.8954 75.2164 73.609 71.5622 65.7064 65.5059 69.841 63.668 70.2919 55.502 53.5606 39.7746 33.0543 32.3861 31.6423 25.6077
threshold=0.99999999894144032 -1.5947507225888555e-07 -1.5430883060219e-07 1.0927695086593305e-06 1.0000000180025095e-35 -3.6888792540739779 2.488810931308594e-05 2.5556996596842358e-05 0.99991568296800382 0.99929792655445338 6.1377035134313487e-05 0.98122329059636282 -5.2099887739617357 1.9936880152691946e-06 1.0787140150207576e-07 -3.249197928350295 8.5561518057800884e-05 0.99999226042559608 -1.5851602430672071e-07 -14.386477494618955 -0.93526192751559389 0.70877132022873734 4.8458536923821772e-05 0.49038644167932804 0.65636054185277082 2.6356253595183979e-05 -0.31508595500442371 -5.4546694754653249 0.78302877855033648 -0.93324646235906983
decision_type=2 2 2 2 2 2 2 2 2 2 2 2 2 2 2 2 2 2 2 2 2 2 2 2 2 2 2 2 2 2
left_child=1 11 6 4 9 10 12 8 -5 -4 13 29 18 -2 -6 26 19 -9 -3 25 -21 22 -15 -14 27 -13 -8 -12 -17 -1
right_child=5 2 3 7 14 -7 15 17 -10 -11 24 16 23 21 -16 28 -18 -19 -20 20 -22 -23 -24 -25 -26 -27 -28 -29 -30 -31
leaf_value=-0.0089411220096492199 -0.02144787294565207 0.027282575537153048 0.00068771295131143245 0.010536893527682398 -0.027275872261875795 0.0058143831079430211 0.0035739037654529422 0.0004221666797116095 -0.0005564875983863235 -0.0054940771690787432 -0.0084862434004508835 0.029383912825919793 0.0030912090664135332 -0.013403814773430105 -0.0092176589801820103 -0.015183733060936358 -0.0010125812382657791 0.0075311076463532717 0.017389917667817729 -0.010252666995388496 0.00016585299774976949 -0.0050790095293140134 0.0023730869490237432 0.021495066974858701 0.0041429794356518477 -0.00072060853982968244 0.011841538433184138 0.0043342679944348801 0.010521263681409716 0.00067418142095302628
leaf_weight=472.03974455595016 1081.1287271529436 1862.1576250195503 24074.248289659619 11056.366735368967 1150.9608148485422 1994.4813922196627 1303.9455081820488 19622.897793114185 4640.3887366205454 11858.473827213049 1598.251360565424 105.14245665073395 825.29023811221123 5537.2032387554646 600.78409594297409 330.72956985235214 2759.7744316607714 2559.4219481498003 2611.2828209102154 8439.6371675282717 1171.0848410874605 3132.6069429963827 490.5497130304575 383.24490396678448 1446.7173616737127 200.94852536916733 1919.7028481513262 390.31026230752468 97.353061139583588 6718.8719954043627
leaf_count=1913 5198 9322 101173 48220 5087 8337 5394 80321 19649 48937 6759 448 3748 24274 2548 1340 11095 10529 11888 34492 4781 13219 1993 1768 5993 814 8045 1637 401 27121
internal_value=-4.85172e-05 0.000960758 0.00219689 0.000739596 -0.00227219 -0.00679518 0.0139909 0.00373602 0.00725742 -0.00135246 -0.00863516 -0.00432075 0.0188565 -0.0109578 -0.0211071 0.00641104 -0.00679409 0.0012434 0.0215217 -0.0084018 -0.0089828 -0.00971375 -0.0121184 0.00896334 -0.00170631 0.00974902 0.00850434 -0.00596466 -0.00929799 3.93884e-05
internal_weight=120436 104765 84897.2 75563.5 37684.5 15671.2 9333.71 37879.1 15696.8 35932.7 13676.8 19867.5 5681.98 10241.5 1751.74 3651.73 12676.6 22182.3 4473.44 9916.81 9610.72 9160.36 6027.75 1208.54 3435.28 306.091 3223.65 1988.56 428.083 7190.91
internal_count=506444 439034 358370 316464 157745 67410 41906 158719 67869 150110 59073 80664 26726 44684 7635 15180 51630 90850 21210 40535 39273 39486 26267 5516 14389 1262 13439 8396 1741 29034
is_linear=0
shrinkage=0.04


Tree=41
num_leaves=31
num_cat=0
split_feature=1 1 3 3 9 23 18 8 23 9 27 9 15 25 13 10 10 16 18 23 17 29 5 27 18 0 28 9 29 0
split_gain=467.749 648.223 376.274 791.271 296.853 236.188 272.179 173.712 136.288 124.243 113.976 111.203 101.933 93.8484 91.1445 81.1572 64.1221 63.2761 60.3149 59.3906 56.1773 50.4975 48.8729 78.4538 51.5047 101.736 42.36 41.9182 39.7624 38.9068
threshold=4.6341563475493791e-07 1.546083137071719e-07 -6.1898346359612322e-07 -1.0000000180025095e-35 5.115486113589569e-05 0.99999694596729927 0.39292662590256161 4.5872400734799559e-06 0.63726740939793702 4.3151271614171291e-06 -0.64590180499998817 4.5399427318734032e-06 0.55606590933276434 -0.74940349043806187 0.42709990789384283 1.3456215320103785e-06 0.58438312763464684 0.032583417592848378 0.99295774648001001 -0.93171698309310502 2.9254430084747899e-07 -0.25773133484192839 6.1377035134313487e-05 0.97493238000000459 0.12155623861543015 2.7499649402074061e-07 -1.7023060700000117 1.8755386844683032e-05 -0.32084447396030308 1.5933596397843533e-07
decision_type=2 2 2 2 2 2 2 2 2 2 2 2 2 2 2 2 2 2 2 2 2 2 2 2 2 2 2 2 2 2
left_child=1 2 10 9 8 6 -5 21 17 -4 19 -7 13 -12 -11 -9 27 26 -6 -1 -18 -3 24 -24 28 -26 -2 -17 -10 -28
right_child=4 7 3 5 18 11 -8 15 22 14 12 -13 -14 -15 -16 16 20 -19 -20 -21 -22 -23 23 -25 25 -27 29 -29 -30 -31
leaf_value=-0.003358257644836775 -0.0041528893463998878 -0.025620682710080524 0.027234679814265465 0.0032740301155762294 -0.0024995527196549567 -0.020064580966256421 -0.0061278582098172416 0.017324908456822347 0.0065062226130613923 -0.0060026029237762527 -0.010340653039905572 -0.0047545948436429923 0.0049446834527239296 -0.0040120885082636452 0.01574561820697936 -0.02096842234114318 -0.0071061002578325285 -0.0083900603424104658 0.0026860925206835728 0.0029433025356402909 0.01452157868376246 -0.014375269812381278 0.014910591125392716 0.0033818814876389811 -0.0089720691959576902 0.0080750893415737542 0.0023473951816188198 -0.009423142392193145 0.01686345897059198 0.0095132995357703788
leaf_weight=3933.6177062392235 812.68221712112427 1276.751327291131 1542.2103724181652 26076.122480735183 7882.8152470886707 1064.1930550187826 6071.3998320549726 195.85200066864491 1163.4672066420317 345.61162541806698 4573.9836378991604 2646.4404596239328 1704.7367454618216 20835.776579290628 2744.7130177766085 920.53117993474007 5148.6429527103901 705.68151821196079 6583.6364797055721 6100.9146792590618 197.25065384805202 1312.2926068603992 4846.786965161562 1176.6978163570166 734.51163586974144 2331.9098743796349 2599.8284658193588 1129.1919239759445 1223.2973108440638 2277.2090737819672
leaf_count=16045 3336 5861 7993 110610 31761 4745 24865 818 5068 1463 19111 11116 6944 85941 12764 3870 21884 2860 26663 24824 802 6261 21316 5106 3017 10027 10996 4659 5503 9635
internal_value=7.70807e-06 -0.00150669 -0.000262047 0.00240507 0.00412027 0.000394572 0.00149787 -0.0109958 0.00756789 0.0179577 -0.0031692 -0.00915718 -0.00451697 -0.00515239 0.0133087 -0.0079387 -0.00861395 0.00288588 -0.000139113 0.00047223 -0.00630081 -0.0199417 0.0101753 0.0126617 0.00742341 0.00398594 0.00428841 -0.0146295 0.0118288 0.0056976
internal_weight=120159 87820.2 77639.7 40490.7 32338.5 35858.2 32147.5 10180.5 17872.1 4632.54 37149 3710.63 27114.5 25409.8 3090.32 7591.47 7395.62 6395.4 14466.5 10034.5 5345.89 2589.04 11476.7 6023.48 5453.19 3066.42 5689.72 2049.72 2386.76 4877.04
internal_count=505864 370576 326421 173556 135288 151336 135475 44155 76864 22220 152865 15861 111996 105052 14227 32033 31215 26827 58424 40869 22686 12122 50037 26422 23615 13044 23967 8529 10571 20631
is_linear=0
shrinkage=0.04


Tree=42
num_leaves=31
num_cat=0
split_feature=10 23 26 18 0 9 22 8 9 0 29 9 22 26 10 13 18 12 5 8 9 18 13 9 2 9 4 13 12 3
split_gain=452.186 484.593 616.356 478.389 613.041 494.147 589.117 221.559 194.222 167.322 162.775 141.966 114.957 106.607 104.516 88.2155 87.9275 95.175 84.4932 81.3387 69.5145 66.8192 60.3606 45.9334 43.1979 39.1253 27.2801 25.5052 24.7767 24.6377
threshold=0.99999999894144032 0.99999986579251154 -0.0096745600000117966 0.00076190487235392628 2.7499649402074061e-07 2.1881625561652947e-05 1.0000000180025095e-35 4.5872400734799559e-06 6.1404255090335082e-05 -1.5947507225888555e-07 0.70807986741379991 7.0783446745661142e-06 0.84636303854953276 0.035258239999988929 0.63048323386671257 0.24504965934704323 0.0068027210873410687 0.72644921252392092 6.6904734794093215e-05 5.2959024848918088e-05 2.8721739189665212e-05 0.30867757070676921 0.84435981130785531 8.8376850988736705e-06 -1.5491092852926156e-07 1.7864685252601787e-05 4.6850586271851575e-05 0.69833207067736081 0.70000000000000207 3.1213748385994227e-07
decision_type=2 2 2 2 2 2 2 2 2 2 2 2 2 2 2 2 2 2 2 2 2 2 2 2 2 2 2 2 2 2
left_child=1 2 12 5 7 6 -4 -5 -6 -7 11 22 15 18 19 -1 17 20 25 -14 -13 -17 26 28 -19 27 -2 -3 -12 -20
right_child=10 13 3 4 8 9 -8 -9 -10 -11 23 16 14 -15 -16 21 -18 24 29 -21 -22 -23 -24 -25 -26 -27 -28 -29 -30 -31
leaf_value=-0.0098896907920660321 -0.018864712931255315 -0.029800408832005933 0.0031594296410919175 -0.020392908693845736 0.010787973712658123 -0.0056650387581208559 0.018027789970107577 -0.0042768150897407303 0.00035819730533732328 0.0040992485701027851 -0.0085442010518281108 -0.012213363510300473 -0.0091241937866285792 0.0049323553227402939 0.0053613344849266281 0.0012368071149950267 0.0068488816148664323 -0.011576017982859963 -0.01086542356192018 -0.0023977557063426577 -0.0038577403862047484 -0.0033096976195402302 0.0033601632213654409 0.0084707873696392797 0.0014308287054286253 -0.013660883150392411 0.0033529669932625366 -0.01583785513202797 0.0058321835540759894 0.0076884622413576518
leaf_weight=1641.3912537842989 2347.2539601624012 1001.9172965884209 7457.4539612084627 1533.2975436449051 6742.6037326902151 3355.7023284286261 9961.0879559516907 12317.301168739796 4957.9562020301819 17131.998831763864 541.04521936178207 4712.4314023703337 7784.4754879772663 340.64753279089928 1279.6245874911547 15305.222325608134 801.20526152849197 489.74123610556126 325.04799045622349 4569.176608607173 2414.2531935870647 7808.5937995314598 229.7296493947506 1335.3107851743698 2401.1001481413841 520.68287761509418 90.714522674679756 278.9738130569458 293.88381460309029 173.64906807243824
leaf_count=6674 10989 4388 32495 6813 28822 13564 46627 50450 20039 71524 2478 20508 32374 1429 5186 62668 3302 2060 1382 18395 9973 31808 955 5694 9973 2165 381 1180 1276 715
internal_value=5.06997e-05 0.00100071 0.00143958 0.00385983 -0.000370153 0.00671111 0.0116638 -0.00606457 0.00636999 0.00249918 -0.00628813 -0.00792421 -0.002561 -0.0159078 -0.00551033 -0.000936118 -0.00588303 -0.00690333 -0.0189986 -0.00663776 -0.00938589 -0.000299074 -0.0161872 0.00387369 -0.000778379 -0.0230287 -0.0180331 -0.0267994 -0.00347453 -0.004387
internal_weight=120143 104487 101846 63457.4 25551.2 37906.2 17418.5 13850.6 11700.6 20487.7 15656.7 13486.4 38388.5 2640.92 13633.3 24755.2 10818.7 10017.5 2300.27 12353.7 7126.68 23113.8 2667.7 2170.24 2890.84 1801.57 2437.97 1280.89 834.929 498.697
internal_count=506287 438698 427439 270334 106124 164210 79122 57263 48861 85088 67589 58141 157105 11259 55955 101150 45816 42514 9830 50769 30481 94476 12325 9448 12033 7733 11370 5568 3754 2097
is_linear=0
shrinkage=0.04


Tree=43
num_leaves=31
num_cat=0
split_feature=4 4 24 10 23 4 18 23 0 18 0 11 23 9 9 10 18 17 9 29 11 9 18 9 29 27 10 9 5 10
split_gain=434.358 406.979 284.561 267.386 338.172 422.644 469.988 166.691 135.102 117.106 110.232 88.6432 95.8893 82.5555 80.5916 72.7785 105.833 181.97 84.3419 73.2933 71.4177 73.0198 65.2038 61.526 55.2208 51.7899 43.6182 40.2908 35.4545 35.0103
threshold=3.1747157969164169e-07 1.0000000180025095e-35 0.8834642791165962 0.99999999894144032 0.99999929935792309 -1.5912764883552197e-07 0.99764011717222612 0.39159434759812567 -2.9310409210836491e-07 0.51410440041444272 -1.4612237198008413e-07 0.046036391147626823 -0.9999941522032566 2.5122273179647785e-05 1.1214689321891733e-07 0.99999985984033624 0.99801192057127619 2.9254430084747899e-07 2.1881625561652947e-05 -0.50311064341854872 0.80000000000000338 2.5619602511924599e-05 0.010204081633978858 1.8306461263571474e-05 0.12677220276259296 1.4543523850000031 1.3456215320103785e-06 5.060324551064931e-05 7.2645041245600353e-05 0.90217954695775948
decision_type=2 2 2 2 2 2 2 2 2 2 2 2 2 2 2 2 2 2 2 2 2 2 2 2 2 2 2 2 2 2
left_child=1 3 8 4 5 7 -7 -1 22 20 13 -12 -13 -10 -3 16 18 28 19 -4 21 -5 27 -6 -17 -20 -16 -2 -18 -28
right_child=2 14 15 9 23 6 -8 -9 10 -11 11 12 -14 -15 26 24 17 -19 25 -21 -22 -23 -24 -25 -26 -27 29 -29 -30 -31
leaf_value=-0.0030594540956333299 -0.010707437174627594 -0.030961439226451559 0.010178260250356338 -0.015496476919183683 -0.024005689084125557 0.014429169271065934 -0.020385803647325371 0.0019667378686216096 0.016388867069305705 0.0079411717013804575 -0.0085772004176150572 0.012518104351807375 0.0013965416540317511 0.0029479815329897141 0.011052897941512835 -0.0040797224749457321 -0.012878018840525749 0.014672885153042972 0.010474835178489447 0.021735591592832448 -0.0043086134799753322 -0.0056238438652855905 0.001743812866290919 -0.0077114034756848972 0.0091881201381128659 -0.0010399256535172593 -0.021885775148193742 -0.0034431217479805602 -0.00088527919092163526 -0.010645703298838689
leaf_weight=29468.837324425578 2054.3332085758448 587.6987556964159 1622.6747992038727 3485.1784563064575 1075.2290685921907 5097.8579724431038 704.058961763978 16446.680326595902 1429.697352424264 677.3335572630167 1357.1262245625257 1291.5143102556467 30128.665559083223 1499.1098895221949 103.19419306516647 1243.3678693622351 648.22932481765747 1235.0999632924795 2519.7554282993078 1937.5572851449251 2927.5367687642574 1835.805467903614 2287.263575181365 571.91445069015026 837.97666297852993 829.07753250002861 778.52846883237362 3026.3685254603624 1005.5851308703423 1056.0146568268538
leaf_count=120795 8470 2817 7200 15899 4659 23938 3092 69160 6697 2816 5589 5468 125558 6206 453 5180 2708 5397 10811 9118 12535 7645 9216 2383 3573 3457 3376 12180 4151 4835
internal_value=-3.47653e-05 -0.00225281 0.00258122 -0.00161414 -0.00054206 2.64866e-05 0.0101967 -0.00125896 0.00106927 -0.00802117 0.00208703 0.00142209 0.0018548 0.00951924 -0.0179869 0.00806168 0.00950449 0.00306938 0.0121924 0.0164801 -0.00933459 -0.0120955 -0.00386114 -0.0183711 0.00126364 0.00762361 -0.0140153 -0.00638523 -0.00560143 -0.0154413
internal_weight=119769 64815.9 54953.4 62290.4 53364.6 51717.4 5801.92 45915.5 43074.1 8925.85 35706.1 32777.3 31420.2 2928.81 2525.44 11879.3 9797.98 2888.91 6909.07 3560.23 8248.52 5320.98 7367.97 1647.14 2081.34 3348.83 1937.74 5080.7 1653.81 1834.54
internal_count=505382 274403 230979 262922 224027 216985 27030 189955 179384 38895 149518 136615 131026 12903 11481 51595 42842 12256 30586 16318 36079 23544 29866 7042 8753 14268 8664 20650 6859 8211
is_linear=0
shrinkage=0.04


Tree=44
num_leaves=31
num_cat=0
split_feature=2 2 10 23 26 18 23 7 9 22 21 21 5 9 9 16 10 5 18 21 10 21 17 6 9 7 10 25 9 21
split_gain=407.965 413.089 290.693 406.184 468.634 502.138 274.599 145.803 112.154 98.23 89.4144 77.7495 76.0339 74.5626 66.4059 65.5638 57.8294 57.7767 55.3117 51.136 50.9085 99.6618 48.0031 44.8311 42.4957 37.4665 34.2726 33.4015 33.0248 32.7869
threshold=1.5940394515467918e-07 1.5483841764307729e-07 0.99999999894144032 0.99999986579251154 -0.0044776650000120204 1.0000000180025095e-35 0.96877522614952183 6.2199837509144494e-06 2.3222011489007417e-05 0.69298712294723763 -3.055705233304653 -6.5109004660600052 3.87468581015682e-05 6.9340140608121809e-05 1.9936880152691946e-06 0.58814749778252218 0.99999992121020276 0.00017774519835711547 0.99876771364205474 -4.8287194444889741 0.94126201615585459 -2.7771574631406524 1.5983722167404318e-07 1.0004776241789721e-07 5.6021592983251241e-06 5.9214251526179028e-05 0.99996257403324706 -0.8601755650128643 7.5969442901794571e-06 -3.8215504172506845
decision_type=2 2 2 2 2 2 2 2 2 2 2 2 2 2 2 2 2 2 2 2 2 2 2 2 2 2 2 2 2 2
left_child=1 2 3 4 9 -6 8 14 11 -1 12 26 23 15 -3 16 18 28 -8 27 21 -10 29 -4 -18 -24 -2 -9 -5 -22
right_child=6 7 10 17 5 -7 13 19 20 -11 -12 -13 -14 -15 -16 -17 24 -19 -20 -21 22 -23 25 -25 -26 -27 -28 -29 -30 -31
leaf_value=-0.00078758288504519934 0.013800596101046043 -0.025593211642836469 -0.0067417376865587597 -0.028692131640447659 0.0074490572667896505 -0.0044910177353836957 0.013430470454557133 -0.018674464072370365 0.0011438530651349127 -0.0054005093634347922 0.0076927798518220203 0.0013531108514957257 -0.0017622782003544788 -0.00091171686491550892 -0.012687434342964571 -0.0030023679392416026 -0.013075308914393924 0.0067917828856495083 0.0070437388042442562 0.0068306084227506463 -0.0037765266798935309 -0.0057886119091518544 0.0084980648417534964 -0.013338678762701547 0.0055765648871206374 0.0014537146296055628 -0.001559471293637923 -0.0047699392069120612 -0.016523649326656172 0.0097492473141455611
leaf_weight=19972.856774941087 1988.7307939678431 773.02481147646904 3083.4318922609091 570.17428937554359 22611.554292574525 7503.4905159324408 5967.2563803046942 306.1773117184639 8289.0722149610519 11722.288033187389 607.17128756642342 2134.9949541091919 2238.8203528225422 1318.1460188478231 3735.0060683637857 672.88029907643795 220.05376364290714 128.4719697535038 3431.9287002235651 571.50253613293171 2180.9281249195337 5528.343807965517 2308.8509848862886 3575.6776459366083 1604.6043216437101 2538.5132622271776 261.83759757876396 2731.6006468087435 1009.416392609477 327.59451176226139
leaf_count=81680 9024 4001 13354 2418 98610 30790 26680 1334 34020 48346 2464 9202 9450 5381 16941 2721 902 523 14656 2375 8862 22288 9605 15762 6714 10262 1066 11558 4151 1331
internal_value=5.32142e-05 -0.00155955 -0.00060775 0.000368536 0.000900692 0.00447374 0.00342824 -0.0101185 0.00100725 -0.00249412 -0.0071309 0.00682751 -0.00814491 0.00810919 -0.0149143 0.00910918 0.0098363 -0.0188595 0.0111015 -0.00412092 -0.000198642 -0.00162991 0.00248872 -0.0102885 0.00330964 0.0048128 0.0120111 -0.00618698 -0.0209567 -0.00200014
internal_weight=119914 81140.7 73023.4 63518.3 61810.2 30115 38773.7 8117.31 25558.9 31695.1 9505.1 4385.56 8897.93 13214.9 4508.03 11896.7 11223.8 1708.06 9399.19 3609.28 21173.3 13817.4 7355.89 6659.11 1824.66 4847.36 2250.57 3037.78 1579.59 2508.52
internal_count=506471 343757 307548 266518 259426 129400 162714 36209 105660 130026 41030 19292 38566 57054 20942 51673 48952 7092 41336 15267 86368 56308 30060 29116 7616 19867 10090 12892 6569 10193
is_linear=0
shrinkage=0.04


Tree=45
num_leaves=31
num_cat=0
split_feature=4 4 25 23 26 23 18 26 4 8 1 18 22 22 13 6 26 18 17 25 13 6 11 17 13 27 22 7 3 7
split_gain=380.41 386.446 276.362 227.16 157.403 174.986 199.048 153.296 131.498 94.3296 141.733 120.534 93.687 88.8014 68.2455 67.5389 59.0238 56.0021 53.8864 51.5666 49.9685 47.2732 46.5905 40.8427 40.0005 35.8075 31.5963 29.6856 54.291 29.2489
threshold=3.1747157969164169e-07 1.0000000180025095e-35 0.95265041081967372 -1.0000000000011906 0.033222304999990959 0.99999595897799709 0.99991568296800382 -0.038159835000013388 -1.5060842388336935e-05 2.9651782251278443e-05 2.0163390775707061e-05 0.66668599490086067 1.5188480278071765e-06 1.0000000180025095e-35 0.20345540815506544 4.5404455491679314e-05 1.28607153999999 0.99780701754261758 1.5929746008037509e-07 -0.39785745805116285 0.40409351800014942 1.0918964067783498e-05 1.0000000180025095e-35 1.5444375618136621e-07 0.74611180920976161 1.4543523850000031 5.541959897221163e-06 4.8947890177251945e-06 1.0000000180025095e-35 4.4114515035133829e-05
decision_type=2 2 2 2 2 2 2 2 2 2 2 2 2 2 2 2 2 2 2 2 2 2 2 2 2 2 2 2 2 2
left_child=1 3 7 8 5 6 -5 14 26 10 11 -9 -7 -3 -2 19 -12 23 -19 -6 -10 24 -11 27 -16 -24 -1 28 -4 -29
right_child=2 13 17 4 15 12 -8 9 20 22 16 -13 -14 -15 21 -17 -18 18 -20 -21 -22 -23 25 -25 -26 -27 -28 29 -30 -31
leaf_value=0.010446647492130874 -0.016297504415503442 -0.028859047812844887 0.015624787157871011 -0.00098835502103968367 0.0089824698549736699 -0.019695456051822446 -0.0077957611577509391 0.0050319341863933687 0.01107116328155412 -0.013919813835267714 0.013201486891700358 -0.0038829802353623146 -0.0054916976441704481 -0.012454219974940187 -0.0063027875724460669 -0.0022956276058935651 -0.013045642050972354 -0.0043977942624599713 0.012980645678523616 0.0021100270634919756 0.032300533428182121 1.9151461488307036e-06 0.0021487530382362386 0.022994891527751006 0.013572054505735558 -0.0021198251583462711 -0.0054811124112491985 0.016766225155118223 -0.0020018810480084319 -0.0043633838693001234
leaf_weight=371.27873559296131 511.73929126560688 762.53301805257797 567.638074234128 35258.913860723376 2291.731754437089 1432.4126155376434 8535.1946285218 12127.288134902716 276.33576722443104 332.17387190461159 3391.5802561789751 3030.7699531316757 1549.5644980669022 1738.7862956225872 3423.9069067984819 4268.7378744930029 140.78080520033836 586.48063756525517 551.58447654545307 7350.2756944596767 516.80089047551155 9743.7334024459124 13407.751490682364 690.03148224949837 167.67877857387066 4104.0059446245432 424.29781338572502 1611.4851336926222 546.70376329123974 110.68537425994873
leaf_count=1581 2081 3343 2512 150111 9603 6200 35402 52960 1172 1364 15364 12727 6878 8119 14235 17250 634 2448 2448 30913 2473 39519 55025 3149 705 16655 1792 7137 2374 467
internal_value=5.51775e-06 -0.00207203 0.00245042 -0.0014524 -0.00184358 -0.00295452 -0.00231557 0.0015876 0.0134669 0.00294599 0.00493183 0.00324872 -0.0123269 -0.0174805 -0.00199585 0.00189148 0.0121456 0.0117627 0.00402932 0.00374593 0.0249673 -0.00144375 0.000865222 0.0142522 -0.00536479 0.00114789 0.00195358 0.0121056 0.00698593 0.0154005
internal_weight=119823 64776.9 55046 62275.5 60686.8 46776.1 43794.1 50381.4 1588.71 36534.4 18690.4 15158.1 2981.98 2501.32 13847.1 13910.7 3532.36 4664.61 1138.07 9642.01 793.137 13335.3 17843.9 3526.54 3591.59 17511.8 795.577 2836.51 1114.34 1722.17
internal_count=506641 274837 231804 263375 256357 198591 185513 211269 7018 154729 81685 65687 13078 11462 56540 57766 15998 20535 4896 40516 3645 54459 73044 15639 14940 71680 3373 12490 4886 7604
is_linear=0
shrinkage=0.04


Tree=46
num_leaves=31
num_cat=0
split_feature=10 26 23 18 17 9 22 8 29 8 18 22 10 27 11 13 17 18 17 9 22 8 11 5 9 25 26 2 4 18
split_gain=371.426 339.093 427.998 386.324 532.923 426.554 418.675 168.988 149.034 154.979 145.152 111.538 99.7207 97.1068 96.9109 87.158 76.2483 75.7028 160.209 179.121 117.756 198.958 79.162 55.3222 50.4608 42.8833 40.0988 40.0506 39.5632 38.5162
threshold=0.99999999894144032 -0.0096745600000117966 0.99999986579251154 1.0000000180025095e-35 1.5964243929273617e-07 3.8392163541491521e-05 1.5188480278071765e-06 4.8285825490672882e-06 0.63229425304778897 1.7982828559714831e-05 0.97163120567446348 0.84636303854953276 0.63048323386671257 0.028864405000019293 0.10822471810498993 0.77518180587761998 7.2556478650772691e-05 0.30867757070676921 1.5929746008037509e-07 5.7076976689492703e-05 1.0000000180025095e-35 1.3496038873546637e-05 0.40000000000001396 3.87468581015682e-05 6.585512838052096e-06 -0.83870147109757964 -0.86455480500002835 -1.5491092852926156e-07 -2.983495965036553e-05 0.99200000000128064
decision_type=2 2 2 2 2 2 2 2 2 2 2 2 2 2 2 2 2 2 2 2 2 2 2 2 2 2 2 2 2 2
left_child=1 11 3 5 7 6 -3 -5 9 15 -6 17 16 24 -7 23 28 20 19 -19 22 -22 -1 -2 -4 -11 -18 -17 -13 -20
right_child=8 2 13 4 10 14 -8 -9 -10 25 -12 12 -14 -15 -16 27 26 18 29 -21 21 -23 -24 -25 -26 -27 -28 -29 -30 -31
leaf_value=0.0014276617868668551 -0.015601548296341666 0.002158947560806273 -0.028272626410837692 -0.019535613244423586 -0.00062337119606643528 -0.019243644847706735 0.012442994375925706 -0.0051714625642098376 0.0034920341827367296 -0.010457378372182843 0.0076562097169454429 -0.011497241361646289 0.0055638822707642019 -0.0015665807175363994 -0.0001253648809288634 -0.022092067873285083 0.0042562099632884902 -0.014052135513476458 -0.0031114233514192603 0.0031549554217598203 0.016115563600631742 0.00093409976678614161 -0.01064897630290699 -0.0072062335238006463 -0.013823976865049348 -0.00089648845614507676 -0.0043294140774165664 0.00032349466344431762 -0.0059154344900257906 0.0055076789617922815
leaf_weight=1520.6495428681374 4420.4605188518763 10250.056817382574 566.94380530714989 1516.4005579948425 5449.0775214135647 440.06094489991665 16587.232028603554 9603.4117633402348 2344.1351111233234 890.46862421929836 8946.9390891641378 3617.7110263258219 1279.8137069493532 791.49464233219624 10310.809273123741 139.95972752571106 1260.5212175548077 3124.1197490692139 1265.7488386929035 1400.1506869345903 1568.2837810814381 11461.763403505087 2018.4322668761015 1767.4953821003437 1252.6277965754271 4727.1190730631351 2795.9770181775093 1219.6794432103634 4672.9319110661745 2394.3961839675903
leaf_count=6268 20284 44582 2621 6840 22289 1801 75461 39619 10267 3792 37575 14887 5189 3330 41974 607 5093 12927 5101 5656 6736 46442 8386 7628 5338 19704 11391 5132 19435 9694
internal_value=-2.13537e-05 0.000839039 0.00258377 0.00324067 -0.000557761 0.00581917 0.00851594 -0.00713462 -0.00579577 -0.0074503 0.00452228 -0.0021481 -0.00505408 -0.0132782 -0.000912604 -0.0111938 -0.00615602 -0.000547769 -0.00369475 -0.00872679 0.00100665 0.00276442 -0.00546082 -0.0132082 -0.0183605 -0.00241691 -0.00165909 -0.00201439 -0.00835446 0.0025253
internal_weight=119605 104096 65715.1 63104 25515.8 37588.2 26837.3 11119.8 15509.3 13165.2 14396 38380.5 13627 2611.07 10750.9 7547.6 12347.1 24753.5 8184.42 4524.27 16569.1 13030 3539.08 6187.96 1819.57 5617.59 4056.5 1359.64 8290.64 3660.15
internal_count=506049 438635 281430 270141 106323 163818 120043 46459 67414 57147 59864 157205 55995 11289 43775 33651 50806 101210 33378 18583 67832 53178 14654 27912 7959 23496 16484 5739 34322 14795
is_linear=0
shrinkage=0.04


Tree=47
num_leaves=31
num_cat=0
split_feature=1 1 4 23 9 18 9 9 11 5 24 27 24 26 16 10 18 25 29 0 10 12 0 1 10 7 13 4 1 18
split_gain=349.93 576.643 281.627 244.949 303.21 518.49 224.655 131.076 113.99 105.924 97.7927 90.3044 96.2945 77.3493 69.8261 62.9352 57.7075 56.2722 55.6678 54.3443 59.1483 51.8046 48.6433 47.1164 46.027 31.8995 32.2457 31.7579 29.069 28.3274
threshold=1.5934976360654221e-07 1.546083137071719e-07 -2.2448992621271199e-05 0.99999783469701986 2.0754516431252737e-05 0.19999999992724046 5.115486113589569e-05 6.585512838052096e-06 0.046036391147626823 6.6904734794093215e-05 0.95777897472119766 -1.3393158899999735 -0.48455082035873914 0.029727434999983631 0.36058077182808351 0.98541871463408903 0.99295774648001001 -0.86778979150977309 -0.5841205614574897 -2.9310409210836491e-07 0.99999992121020276 0.60034702669903972 -6.2655081123352819e-07 -6.294202634649081e-07 0.99999923489161147 4.6745938591796482e-05 0.41420793521485372 1.5885655013647695e-07 5.3816438221332427e-06 0.9974259931628936
decision_type=2 2 2 2 2 2 2 2 2 2 2 2 2 2 2 2 2 2 2 2 2 2 2 2 2 2 2 2 2 2
left_child=1 2 11 4 5 -4 10 18 -6 15 14 25 23 17 19 -5 -8 -9 -3 28 -21 -11 -14 -13 -19 26 -1 -20 -2 -12
right_child=6 7 3 9 8 -7 16 13 -10 21 29 12 22 -15 -16 -17 -18 24 27 20 -22 -23 -24 -25 -26 -27 -28 -29 -30 -31
leaf_value=-0.0075363594107000064 0.011714559466637948 -0.030349538987693891 0.0092099977868468508 -0.019287866663251357 -0.010201949599101763 -0.012442118511090172 -0.0024452411249466671 -0.020986858900296401 0.00056844359047473624 -0.0083043915355795681 0.015913455205636334 -0.0088559214133720372 -0.0052742752781811831 0.00032595514798559015 -0.0049126176396291198 -0.0062982552139639759 0.0026030708932317011 -0.011574209355152385 -0.01947610498930814 0.0075713640972671662 -0.00069658224491452709 0.011034709006904611 -0.00055543212075357339 -0.0038188574369891395 -0.0038434034023972648 0.0047666932728166449 0.0027461093066613856 -0.0060365466668494128 -0.0063921517482787077 0.0086730422250989678
leaf_weight=867.66144202649593 169.47053276002407 578.90909868478775 15787.847958818078 1198.9549332261086 1708.0834228545427 1990.5485111027956 7926.1552824527025 684.54558035731316 19449.808858588338 370.8732316493988 1859.7985610216856 6167.1713429838419 4737.4696985334158 1371.32018686831 1035.9434589445591 1196.3841673880816 6668.7947472929955 3443.1075405031443 942.84511177241802 11142.93304489553 1578.8351785242558 542.8820793479681 13326.810088098049 5754.9917991757393 1927.6551933139563 3010.4349461346865 1108.1063238382339 406.6693053394556 808.77445739507675 1646.7588907033205
leaf_count=3554 712 2668 71854 5252 6992 8443 31944 3030 79891 1575 8715 25460 19255 5656 4192 5329 27040 14648 4840 48308 6568 2260 55692 24232 8527 12137 4594 1888 3343 7208
internal_value=4.47224e-05 -0.00128882 -0.000152327 0.00204546 0.00293366 0.00678404 0.00356051 -0.0106665 -0.000301829 -0.0083982 0.00651954 -0.00280729 -0.00363618 -0.00824766 0.00508871 -0.0128153 -0.000138082 -0.0101896 -0.019957 0.00584613 0.00654486 0.00317765 -0.00179385 -0.00642622 -0.00880357 0.00217571 -0.00177008 -0.0154485 -0.00322825 0.0125232
internal_weight=119411 86573.1 77218 42245.4 38936.3 17778.4 32837.5 9355.05 21157.9 3309.09 18242.5 34972.6 29986.4 7426.63 14736 2395.34 14595 6055.31 1928.42 13700 12721.8 913.755 18064.3 11922.2 5370.76 4986.2 1975.77 1349.51 978.245 3506.56
internal_count=505807 367777 326520 181596 167180 80297 138030 41257 86883 14416 79046 144924 124639 31861 63123 10581 58984 26205 9396 58931 54876 3835 74947 49692 23175 20285 8148 6728 4055 15923
is_linear=0
shrinkage=0.04


Tree=48
num_leaves=31
num_cat=0
split_feature=4 10 9 4 25 17 11 18 0 9 4 21 13 0 0 2 8 26 21 9 17 14 11 12 9 21 18 10 21 21
split_gain=346.748 292.871 348.885 284.157 225.079 157.181 348.179 237.249 484.358 317.467 198.446 127.491 126.767 125.39 144.282 106.471 182.28 94.2729 81.0492 74.8264 73.6389 72.1705 69.1905 68.2274 59.0076 56.4018 52.523 45.3678 43.411 42.0522
threshold=1.0927695086593305e-06 1.0000000180025095e-35 1.0166403357857471e-05 1.0000000180025095e-35 0.95265041081967372 1.0000000180025095e-35 0.40009659753849286 0.0010085751778428551 -2.9310409210836491e-07 2.5863674516504164e-05 -1.5912764883552197e-07 -4.0725524454601327 0.45335659635443087 -1.5947507225888555e-07 -1.4612237198008413e-07 2.0298705685206645e-05 2.4718093816337382e-05 0.037596254999999308 -15.003085171314199 2.5122273179647785e-05 3.2189251235232433e-05 0.99083618500091186 0.20000000000000931 0.36410477406159608 5.6423398631601339e-05 -5.7037219767813374 0.9974259931628936 0.99999999894144032 -0.47834647909720635 -9.4660716723667395
decision_type=2 2 2 2 2 2 2 2 2 2 2 2 2 2 2 2 2 2 2 2 2 2 2 2 2 2 2 2 2 2
left_child=1 2 22 5 13 6 10 8 -7 -9 -3 12 -4 21 19 23 -17 -8 -5 -15 -13 -2 -1 -16 -14 -24 27 -6 -22 -23
right_child=4 3 11 18 26 7 17 9 -10 -11 -12 20 24 14 15 16 -18 -19 -20 -21 28 29 25 -25 -26 -27 -28 -29 -30 -31
leaf_value=-0.0016679363370529902 0.0013362205209627041 0.00018863192591230354 -0.0025674025556701951 -0.025461793320375462 0.015660616159396221 -0.0063831089062501636 -0.0096286465491554306 -0.012724440802685873 0.0096768309195073565 -0.00074105788702725334 0.022348475231638895 -0.013706530438213379 0.0091964637967187676 0.016321571480033624 -0.0041483284714014289 0.011689073673666178 0.0018235298098740233 9.1157465326869439e-05 -0.010895158310091505 0.0042357698941276802 -0.0040968805760299059 0.0080096374869820137 0.0228193530912261 0.0011527246094133639 -0.0037658789299525727 0.0076538841269686514 0.0033403934591137558 0.0044535017609886518 0.014617836145521099 -0.0075182532358311575
leaf_weight=285.00541211664677 3335.4581094831228 2521.3467593491077 3962.6004284620285 932.39763464033604 2724.4377433806658 4969.3103414773941 12450.70594266057 4740.8428550958633 7591.6856153458357 13917.68735177815 867.47455340623856 1403.7615917921066 3780.0537461340427 1697.6392008811235 4994.5918384045362 3956.4238728284836 12341.218843981624 1829.9296707212925 1794.5091527700424 1590.289201810956 957.72008231282234 297.12958535552025 1673.7581764757633 17448.89733850956 657.86518916487694 518.22571682929993 1133.1054457724094 738.44729389250278 247.52738560736179 4099.3229652941227
leaf_count=1229 13489 10650 16318 4161 12389 20303 54502 20212 32392 56705 4005 5755 16336 8155 20705 17835 50982 7697 8391 6649 3930 1221 8437 73354 2663 2360 4897 3084 1007 16682
internal_value=5.90089e-06 -0.0019632 0.00328474 -0.00333462 0.00236435 -0.0026331 -0.00564769 -0.000926432 0.0033228 -0.00378742 0.00587471 0.000231319 0.00263087 0.00158169 0.002443 0.00175971 0.00422023 -0.00838292 -0.0158961 0.0104851 -0.0074878 -0.00309873 0.0168406 -2.7026e-05 0.00727261 0.019249 0.0108317 0.0132772 -0.00022697 -0.00646366
internal_weight=119459 65102.4 13486.5 51615.9 54357 48889 17669.5 31219.5 12561 18658.5 3388.82 11009.5 8400.52 49761 42029.1 38741.1 16297.6 14280.6 2726.91 3287.93 2609.01 7731.91 2476.99 22443.5 4437.92 2191.98 4595.99 3462.89 1205.25 4396.45
internal_count=506495 277053 58035 219018 229442 206466 76854 129612 52695 76917 14655 46009 35317 209072 177680 162876 68817 62199 12552 14804 10692 31392 12026 94059 18999 10797 20370 15473 4937 17903
is_linear=0
shrinkage=0.04


Tree=49
num_leaves=31
num_cat=0
split_feature=4 4 10 9 23 17 18 26 9 10 18 17 11 9 12 9 9 22 12 11 27 25 10 24 9 12 22 22 11 11
split_gain=302.988 301.671 198.584 342.343 280.621 231.808 235.298 192.307 144.142 164.184 170.45 287.37 114.901 111.954 110.949 89.1351 66.7311 65.9498 59.4578 55.14 44.7502 48.6294 40.8442 36.0455 34.3909 34.3211 34.3189 29.7472 31.0666 28.1931
threshold=3.1747157969164169e-07 1.0000000180025095e-35 1.0000000180025095e-35 1.0166403357857471e-05 -1.0000000000011906 1.3754371139814383e-07 0.0010869578057788212 -0.0038235800000053898 4.2092241493302545e-05 0.99999999894144032 0.99991568296800382 1.5929746008037509e-07 0.49999960849057479 1.3771249719513179e-05 0.34345285198774622 1.1214689321891733e-07 9.9558937623341332e-06 0.36220582159950554 0.26789857069655759 0.20000000000003296 1.6453621250000021 0.67262772002237015 1.6398318830199706e-07 0.99517904694091996 1.1214689321891733e-07 0.68694343534063684 1.5685425581443464 1.8297816892443356e-05 0.47855836473539742 0.19821257310709148
decision_type=2 2 2 2 2 2 2 2 2 2 2 2 2 2 2 2 2 2 2 2 2 2 2 2 2 2 2 2 2 2
left_child=1 2 3 19 16 12 -7 18 9 10 13 -12 -6 -9 -5 -3 -4 -16 -2 -1 21 29 -17 -11 -21 26 -20 -24 -29 -10
right_child=7 15 4 14 5 6 -8 8 20 23 11 -13 -14 -15 17 22 -18 -19 25 24 -22 -23 27 -25 -26 -27 -28 28 -30 -31
leaf_value=0.0011265730370380151 -0.0066498076387627794 -0.029360838127940804 0.031901338566149351 -0.0060841340261791523 -0.00076250812745211772 0.0034984029069055739 -0.0036882061589884876 0.014754764521397703 -0.01328825634102198 -0.0033028873474229047 -0.005906428104216147 0.012327286250867889 -0.0083414286939333913 0.0070899119240381463 0.0051895056877348505 0.013389184041643184 0.0089213246642725515 -0.0028815856763247691 0.00026781684357612674 0.029014805248240742 -0.0038374917064981176 0.0085352699960026899 -0.02051666312255522 0.0063959744189437022 0.016380717269130797 0.0055445783826808164 -0.0043468361609200461 -0.022749281840769412 -0.0062572816078092586 0.0008849226436060065
leaf_weight=313.18406392633915 2727.2897026240826 577.41019649803638 415.98664209246635 3326.0576466470957 4194.1880428344011 12209.697994634509 18079.758990168571 4411.7325736880302 229.03074035048485 3453.9881722927094 3490.5089863836765 2286.9348184168339 13539.188337311149 9914.5559338927269 5207.7970870286226 98.800247967243195 398.01419126987457 2347.7437171936035 10547.497457668185 448.0002601146698 3122.4754129350185 1408.847722157836 548.93835216760635 742.69488273561001 1602.2971306592226 1478.4754708409309 3409.5493027865887 222.37475019693375 1009.5103241056204 7531.0931712538004
leaf_count=1357 11159 2876 1947 13607 17932 51344 74589 20601 931 14637 14581 10135 58931 43563 22017 439 1701 9873 43372 2454 12608 5796 2422 3130 7760 6168 14061 1041 4666 30607
internal_value=-3.19779e-05 -0.00188879 -0.00134432 0.00299916 -0.00252254 -0.00291784 -0.000791034 0.00215651 0.00382658 0.00561194 0.00711407 0.00131226 -0.00654959 0.00945277 3.14638e-07 -0.0156286 0.0207316 0.00268065 -0.00120785 0.0167895 0.000295997 0.00170494 -0.0113749 -0.00158236 0.0191749 -0.00024504 -0.000859615 -0.0127684 -0.00927766 0.000461866
internal_weight=119294 64538.9 62081.9 13245.1 48836.8 48022.8 30289.5 54754.7 36591.9 24300.4 20103.7 5777.44 17733.4 14326.3 10881.6 2457.03 814.001 7555.54 18162.8 2363.48 12291.4 9168.97 1879.62 4196.68 2050.3 15435.5 13957 1780.82 1231.89 7760.12
internal_count=506305 274956 263512 57068 206444 202796 125933 231349 156589 106647 88880 24716 76863 64164 45497 11444 3648 31890 74760 11571 49942 37334 8568 17767 10214 63601 57433 8129 5707 31538
is_linear=0
shrinkage=0.04


Tree=50
num_leaves=31
num_cat=0
split_feature=3 3 8 3 3 2 0 7 10 21 10 18 0 21 10 15 29 21 9 2 3 0 21 13 13 27 10 21 9 29
split_gain=311.676 603.224 247.021 236.966 696.821 215.215 200.184 172.415 146.047 144.958 133.853 135.443 194.104 135.786 118.374 113.638 112.438 101.366 97.6829 81.9643 72.2432 62.0928 66.6111 61.7241 60.6971 58.1495 58.2309 102.182 57.7006 54.6931
threshold=3.1213748385994227e-07 1.0000000180025095e-35 2.7524738907240264e-05 -1.5945582187981697e-07 -1.5541236386695798e-07 -1.4468937514777733e-07 -1.3925381114887611e-07 2.4217120972406794e-05 1.0000000180025095e-35 -23.025800932440287 0.99999999894144032 0.99991568296800382 2.7499649402074061e-07 -3.3598812217763587 0.86815346637812707 0.21710105917755754 -0.22253020479479377 -5.255434137823296 4.3151271614171291e-06 -1.5924288199187228e-07 3.2991024784045926e-05 -2.9310409210836491e-07 1.0000000180025095e-35 0.42709990789384283 0.70026327743058792 1.2961180150000098 0.3203849559071334 -5.4054394356382751 3.3249650498074338e-06 -0.11020775375585042
decision_type=2 2 2 2 2 2 2 2 2 2 2 2 2 2 2 2 2 2 2 2 2 2 2 2 2 2 2 2 2 2
left_child=1 3 10 7 18 19 -7 8 17 -3 11 13 24 16 -15 -10 -2 -1 -5 -6 -14 22 -9 -20 -13 26 27 -4 -11 -12
right_child=2 9 25 4 5 6 -8 21 15 28 29 12 20 14 -16 -17 -18 -19 23 -21 -22 -23 -24 -25 -26 -27 -28 -29 -30 -31
leaf_value=0.0057862295477101693 0.0082062711443498648 -0.026043220191416618 0.0027767799427366787 0.026653245936118619 -0.0082032840156256222 0.017220188091069736 -0.005407806954928116 -0.0036724068771665976 -0.0077651583801371096 -0.020961262226761038 -0.0056280435258331176 -0.0083405927252866129 -0.0026099806175309587 -0.01089842870605009 0.014647665859788175 0.0061734900304410492 0.016844741516782853 -0.0076934282509888196 -0.0054772035112518012 0.013942658845355164 0.016100472288475377 0.0011943570831847218 0.0081840828961005294 0.015508739012237954 0.0042619111510454654 -0.0032407862097794267 0.0030070730948870824 -0.0049480783483267354 -0.0080682333278181331 0.0043348614561446244
leaf_weight=2902.8937352150679 7243.0173681527376 1416.7673351019621 5588.25003670156 1400.4657967090607 314.41266006231308 670.90719728171825 8811.1615228652954 9027.0561613589525 13744.351148337126 703.16063885390759 1960.2804519236088 2096.3036340177059 427.17840011417866 882.83023373782635 429.32540954649448 1001.9847124367952 3623.4222806245089 1285.8852285146713 246.41944494843483 1723.6566727012396 1434.8651720136404 20245.351224094629 825.11382980644703 2333.533891916275 860.42500220239162 6241.4844004660845 12217.242280736566 5369.6922408789396 2661.8712442517281 1597.8345924913883
leaf_count=12352 32117 6163 23164 7629 1303 3022 38457 36696 58418 3615 8128 8709 1851 3722 1945 4167 16945 5360 1060 8575 6453 82838 3332 11210 3555 25405 50190 21719 11854 6731
internal_value=0.000128305 -0.00160768 0.00253633 -0.00059157 0.00371896 -0.00126662 -0.00380217 -0.00195448 -0.00494467 -0.0153123 0.00590037 0.00737706 0.00169799 0.00962286 -0.00252393 -0.0068168 0.0110904 0.00164473 0.0181418 0.0105176 0.011807 -7.28357e-05 -0.00267707 0.0134988 -0.00467068 0.000185143 0.0011083 -0.00100832 -0.0107772 -0.00115243
internal_weight=119287 69315 49972.2 64533.2 15500.6 11520.1 9482.07 49032.6 18935.1 4781.8 20555.5 16997.4 4818.77 12178.6 1312.16 14746.3 10866.4 4188.78 3980.42 2038.07 1862.04 30097.5 9852.17 2579.95 2956.73 29416.7 23175.2 10957.9 3365.03 3558.12
internal_count=506685 296051 210634 274419 71256 51357 41479 203163 80297 21632 90156 75297 20568 54729 5667 62585 49062 17712 19899 9878 8304 122866 40028 12270 12264 120478 95073 44883 15469 14859
is_linear=0
shrinkage=0.04


Tree=51
num_leaves=31
num_cat=0
split_feature=1 1 1 1 0 4 6 21 8 8 10 8 10 21 24 10 24 29 27 27 8 3 16 18 20 27 10 18 22 13
split_gain=283.092 453.617 235.743 495.16 310.705 215.976 186.05 183.012 130 104.596 108.714 85.2664 83.2028 81.743 74.0682 69.9227 64.6166 63.1658 57.4317 55.1712 64.7884 47.8336 45.5558 40.3222 39.0331 38.7052 37.6063 34.4914 52.1154 33.2555
threshold=1.5934976360654221e-07 1.546083137071719e-07 -1.5966206490247711e-07 -1.4552156990532692e-07 -1.4612237198008413e-07 7.0024043878902384e-06 3.1344231161938553e-05 -23.025800932440287 8.3059095702329317e-06 4.361581788163611e-05 1.0000000180025095e-35 1.3262606159307816e-05 1.3456215320103785e-06 -3.5588882373662503 0.95777897472119766 0.13734775442051936 0.43570472448801062 0.99106493049463618 -0.4076485649999973 1.2305727400000033 3.0596302202315638e-05 3.1213748385994227e-07 0.33430101908998694 0.0021929824557886885 -0.46440063985395535 0.0080832649999988907 0.99999979642583192 0.93899827649283807 0.0086907013972130163 0.36520809676909943
decision_type=2 2 2 2 2 2 2 2 2 2 2 2 2 2 2 2 2 2 2 2 2 2 2 2 2 2 2 2 2 2
left_child=1 2 9 8 11 -6 14 25 16 10 13 -5 -9 -1 22 -12 -4 -10 -11 20 -8 29 24 -20 -2 -3 -26 28 -22 -14
right_child=6 7 3 4 5 -7 19 12 17 18 15 -13 21 -15 -16 -17 -18 -19 23 -21 27 -23 -24 -25 26 -27 -28 -29 -30 -31
leaf_value=0.0047168358656044873 -0.0011554844369363814 -0.025305427832626997 0.010560181482516385 0.01902707667490244 -0.0043503736522342113 0.0022560843893173425 0.009009738033641617 0.023464583654192874 0.0070164143922179165 0.002099153640825488 -0.012448858050861268 0.0058120149608394235 -0.020114929709836377 -0.0067894622564702691 0.012223646741888963 -0.0053853413627295236 0.021395381872677893 -0.013235620590034941 -0.0050132206779099622 -0.0040207466627169728 0.0035460575269655333 -0.0029733450341633896 -0.0028773070236414069 0.00022314549633599737 0.0073450832779112145 -0.013917141829044069 0.00039351199302710952 0.0025894995410604238 -0.0044366986137479702 -0.0086429952211424174
leaf_weight=2529.7957536280155 1206.8998252749443 1127.5857771188021 1809.4591814726591 1339.3695497810841 19682.278385877609 13241.483243644238 1576.6834985911846 140.95934568345547 5332.0304039716721 6819.055405035615 3111.6653645336628 1882.0367520451546 449.3795949369669 1617.3320263773203 2705.4467104077339 8063.5936037898064 1736.8131888657808 255.98958919942379 5338.5052036046982 3873.6067820638418 1960.0072071552277 2593.0719759911299 1087.922362729907 4201.5724392384291 9384.0611279159784 853.75491380691528 1438.001384973526 5699.6158183962107 3922.6987758874893 4098.135322034359
leaf_count=10246 5051 4947 9300 6207 83980 55429 7037 590 23766 27464 12929 7934 2084 6726 12403 33419 9708 1138 21536 15823 8052 10846 4400 16905 40655 3625 5983 23279 15840 19080
internal_value=-8.4374e-05 -0.00128833 -0.000281593 0.0015701 -0.000532707 -0.00169319 0.00307495 -0.00964998 0.00988972 -0.00292816 -0.00530277 0.0113184 -0.00671172 0.000226735 0.00619767 -0.00735491 0.0158794 0.0060823 -0.00070322 0.000173313 0.00140888 -0.00731594 0.0049523 -0.00270695 0.00566136 -0.020424 0.00642223 0.000372015 -0.00177561 -0.00978797
internal_weight=119079 86223.9 76961 45279.5 36145.2 32923.8 32854.9 9262.89 9134.29 31681.5 15322.4 3221.41 7281.55 4147.13 15822.3 11175.3 3546.27 5588.02 16359.1 17032.6 13159 7140.59 13116.9 9540.08 12029 1981.34 10822.1 11582.3 5882.71 4547.51
internal_count=506382 367859 326687 197462 153550 139409 138523 41172 43912 129225 63320 14141 32600 16972 68492 46348 19008 24904 65905 70031 54208 32010 56089 38441 51689 8572 46638 47171 23892 21164
is_linear=0
shrinkage=0.04


Tree=52
num_leaves=31
num_cat=0
split_feature=1 1 1 1 11 22 9 9 22 9 9 9 1 23 0 2 9 13 18 22 20 0 18 18 12 20 18 0 9 27
split_gain=271.182 437.45 237.481 440.312 343.763 461.892 226.042 186.012 160.522 137.691 97.7781 99.9427 90.4068 82.8983 76.1183 62.9596 53.7448 48.9156 47.0649 45.6028 41.2804 41.0679 40.2922 38.8928 36.8566 34.0757 32.2773 125.603 68.6177 30.7555
threshold=1.5934976360654221e-07 1.546083137071719e-07 -1.5966206490247711e-07 -1.4552156990532692e-07 0.60000000000000087 1.0000000180025095e-35 2.0525214740975267e-05 5.115486113589569e-05 1.0000000180025095e-35 2.4421847921544622e-05 3.5050676994072081e-05 6.585512838052096e-06 -1.5853278512167887e-07 0.89070310082448556 2.7499649402074061e-07 1.5593474422814782e-07 1.6194213567683155e-05 0.22754343990554934 0.016666666676064781 0.0019748209521896357 -0.10159055851447044 2.7499649402074061e-07 0.67969462023233784 0.99295774648001001 0.53057778693979818 -0.34263553565456839 0.11501930540618871 2.7499649402074061e-07 5.6021592983251241e-06 0.20063972000001165
decision_type=2 2 2 2 2 2 2 2 2 2 2 2 2 2 2 2 2 2 2 2 2 2 2 2 2 2 2 2 2 2
left_child=1 2 10 9 6 -6 -5 13 15 12 11 22 -4 17 -13 -3 24 -2 -12 25 -20 -21 -1 -9 -10 -19 29 -28 -29 -15
right_child=7 8 3 4 5 -7 -8 23 16 -11 18 14 -14 26 -16 -17 -18 19 20 21 -22 -23 -24 -25 -26 -27 27 28 -30 -31
leaf_value=0.0097739799990780012 -0.01213790471837374 -0.026666250363156813 0.018976547156714728 0.0076914481540390767 -0.017374908018162851 -0.0010760666772951677 -0.00080593197044723111 -0.0021997064937430049 -0.016413923169315132 0.0024982914120867963 -0.0026994498126981519 -0.0078507576818963188 0.0089945468630176287 0.014053750751167505 0.0060263673915142381 -0.012317294477200902 -0.0036749423859712789 0.0022126325911336325 -0.00079189218403674601 -0.0017523715124830013 0.0055048607188523894 0.0047992338806806577 -0.016278199537330482 0.0019473904445434973 -0.0073745587176735827 0.012670425483976356 -0.0045926485270163268 -0.013164443429440491 0.010841899702438425 0.0070490205201221845
leaf_weight=816.72827596962452 330.00335274636745 991.45480677485466 2404.7229921966791 9298.6218864321709 3587.409973859787 12367.491452127695 10850.820837408304 7931.5936927646399 1127.983154207468 3026.8951375186443 12777.405874013901 9822.1059679985046 3690.9369445294142 2315.3911896348 673.73233290016651 983.17525500059128 4122.9183974564075 819.94764970242977 5040.8331637978554 2843.3503523617983 2484.4213561266661 3309.1330890506506 105.09733165800571 6648.7265325933695 2031.4523854851723 1280.2404843270779 1290.4468400776386 197.9656458646059 3947.6805893331766 1792.383926436305
leaf_count=3430 1373 4123 13378 40520 15209 52959 44745 31968 5508 12890 51715 40819 17778 10672 2737 4439 17574 3512 20320 11874 9991 14082 435 26974 9585 5621 5312 854 17535 8289
internal_value=-4.60436e-05 -0.00122271 -0.000234188 0.00162671 -0.000357221 -0.00474325 0.00311561 0.00305493 -0.00943682 0.00947718 -0.00288757 -0.00584873 0.0129393 0.00576011 -0.00695823 -0.0195485 -0.00668864 0.00290533 -0.0012215 0.00351095 0.00128724 0.00177095 0.00676272 -0.000308181 -0.0106137 0.00859757 0.00832537 0.00629569 0.00968713 0.0110047
internal_weight=118911 86204.2 76947.2 45226.9 36104.3 15954.9 20149.4 32706.9 9256.98 9122.56 31720.3 11417.7 6095.66 18126.5 10495.8 1974.63 7282.35 8582.67 20302.7 8252.67 7525.25 6152.48 921.826 14580.3 3159.44 2100.19 9543.87 5436.09 4145.65 4107.78
internal_count=506221 368155 326926 197479 153433 68168 85265 138066 41229 44046 129447 47421 31156 79124 43556 8562 32667 36462 82026 35089 30311 25956 3865 58942 15093 9133 42662 23701 18389 18961
is_linear=0
shrinkage=0.04


Tree=53
num_leaves=31
num_cat=0
split_feature=26 4 4 23 0 0 25 9 26 13 0 0 9 5 0 9 26 0 12 0 11 18 29 9 0 2 5 24 29 0
split_gain=250.358 194.549 264.051 160.63 168.401 293.614 139.128 127.238 123.879 103.959 91.7236 130.215 83.24 78.8407 72.671 61.2195 56.4822 77.564 53.7998 51.1583 39.2854 37.2321 45.4914 36.3726 32.4209 31.581 30.8264 34.0752 29.755 29.2028
threshold=-0.0038235800000053898 3.1747157969164169e-07 1.0000000180025095e-35 -0.99995057216070082 -1.4612237198008413e-07 -1.5947507225888555e-07 0.95265041081967372 9.9558937623341332e-06 0.037596254999999308 0.26113595612605228 2.7499649402074061e-07 1.5435644407091334e-07 4.2092241493302545e-05 8.248583341341488e-05 -1.3777453133911874e-07 1.1214689321891733e-07 -0.6531266150000149 -2.9310409210836491e-07 0.22949508227379584 2.7499649402074061e-07 0.19821257310709148 0.99693720568254129 -0.11738634585771594 4.0498448186802677e-05 1.5933596397843533e-07 -1.5626886273878424e-07 -0.00054029432565805269 -0.82604447129366665 -0.19268771656310738 7.7060671967110763e-05
decision_type=2 2 2 2 2 2 2 2 2 2 2 2 2 2 2 2 2 2 2 2 2 2 2 2 2 2 2 2 2 2
left_child=9 2 3 7 5 -5 12 -2 -6 26 11 16 13 14 -3 -4 -11 -18 -9 -15 -14 22 25 -13 -23 -8 -1 -28 -17 -12
right_child=1 6 15 4 8 -7 21 18 -10 10 29 23 20 19 -16 28 17 -19 -20 -21 -22 24 -24 -25 -26 -27 27 -29 -30 -31
leaf_value=0.0008471740768727276 0.026297122151597598 0.010365642721215372 -0.026818568767304145 -0.0031635972923585443 -0.0038993637126667788 0.013175019479055191 0.022952418157560141 -0.016567959898413611 0.0017223965015665727 0.0019049299828620182 0.0042876018793326911 -0.0136895096916307 -0.013476294408050824 0.0050696353191785268 3.229440085172961e-05 -0.015642424225329358 -0.0055405522410242828 -0.0010502580254717734 0.0078300659130680402 0.011772851017749917 0.00038322944282285012 -0.002986906480407911 0.019319198880117631 -0.0025762576397349597 0.01067429251682139 0.0075384416812355973 -0.015315052914956627 -0.0067330123076234615 -0.0044103529511354119 -0.0021682100678490071
leaf_weight=445.50779812037945 645.57427199184895 1261.5481213927269 494.97224715352058 3455.0422062426805 16780.253068238497 3581.7157533615828 236.37363570928574 175.3536706417799 10009.935348510742 5309.345941260457 4663.170024305582 2024.3368435353041 334.18075945973396 8512.2373040765524 7872.5920671373606 844.25712232291698 9411.8648816496134 17796.093972846866 772.4431177675724 2321.5659067928791 11777.952000781894 556.47101008892059 1022.9485536664724 617.44968846440315 550.33164422214031 2058.4532371610403 1296.9023834466934 1746.4565508216619 688.72174541652203 1472.6767807602882
leaf_count=1801 3111 5999 2515 14066 73723 17237 1181 722 41738 21594 19017 8878 1359 36915 34521 3852 38675 74634 3315 10467 47858 2331 4787 2528 2495 9045 5354 7126 3245 5951
internal_value=2.49999e-05 0.00145436 -0.000571108 0.000232853 -0.000351991 0.00515358 0.00353225 0.0126346 -0.00179865 -0.00233517 -0.00177452 -0.00256214 0.00261446 0.00420122 0.00146247 -0.0145998 -0.00186763 -0.00260413 0.00327938 0.0065089 -1.2616e-06 0.0101802 0.0122996 -0.011099 0.00380879 0.00915106 -0.00896365 -0.0104013 -0.0106149 0.00273691
internal_weight=118737 73952.9 37448.3 35420.3 33826.9 7036.76 36504.7 1593.37 26790.2 44783.8 41294.9 35159.1 32080.1 19967.9 9134.14 2027.95 32517.3 27208 947.797 10833.8 12112.1 4424.58 3317.78 2641.79 1106.8 2294.83 3488.87 3043.36 1532.98 6135.85
internal_count=506040 320482 163524 153912 146764 31303 156958 7148 115461 185558 171277 146309 137119 87902 40520 9612 134903 113309 4037 47382 49217 19839 15013 11406 4826 10226 14281 12480 7097 24968
is_linear=0
shrinkage=0.04


Tree=54
num_leaves=31
num_cat=0
split_feature=10 26 23 8 10 23 21 12 27 11 12 22 23 21 11 10 16 5 11 8 17 8 8 10 29 17 8 26 2 16
split_gain=250.576 270.291 312.076 207.675 234.712 310.465 137.479 122.366 96.4058 89.4023 85.4293 66.7905 60.4385 57.5771 94.2203 57.2535 53.1556 52.9542 50.5524 52.4061 48.8916 41.7594 41.3276 40.0986 36.2641 49.9568 37.3086 33.5241 31.5139 31.2623
threshold=0.99999999894144032 -0.0038235800000053898 0.99999986579251154 2.9651782251278443e-05 1.6398318830199706e-07 -0.9999941522032566 -4.0725524454601327 0.39968933161114889 0.028864405000019293 0.60038638071604455 0.20795711713886408 1.2988355483812575 0.97888254049515111 -23.025800932440287 0.40000000000004848 0.56756471850768986 0.41804052649764839 0.00010852078927126031 0.99999999696383979 7.3503944615173229e-06 0.00011299451931085648 1.611870953661484e-05 4.6930693190739299e-05 0.91387043865541862 1.7712873398816649 4.0295072737958377e-05 1.4944900250144747e-05 -0.86455480500002835 1.5593474422814782e-07 0.58814749778252218
decision_type=2 2 2 2 2 2 2 2 2 2 2 2 2 2 2 2 2 2 2 2 2 2 2 2 2 2 2 2 2 2
left_child=1 10 3 4 7 -6 9 -3 21 17 -1 13 15 14 -12 -5 -15 22 19 -11 23 -4 -2 -13 26 -26 -8 -22 -10 -14
right_child=6 2 8 12 5 -7 24 -9 28 18 11 20 29 16 -16 -17 -18 -19 -20 -21 27 -23 -24 -25 25 -27 -28 -29 -30 -31
leaf_value=-0.0078835340087616314 -0.01445227136878059 0.0034707914731817446 -0.020351480662706867 -0.0027320411757079744 0.021141710489699591 0.0018216436466835658 -0.0070061719944759602 0.013887916541210273 -0.0053769562560936537 -0.0091646545272434099 0.0019306392465613109 -0.0058365850698535726 0.0043579993691017019 0.0013559231193513255 -0.010293929600979031 0.0014402560803878817 -0.0043576660509475288 -0.0024604563229128156 0.0065331604019456778 -0.0023844364561530509 0.0081536279492671164 -0.0066774016597901855 0.00094906312343512377 0.0069313734838388078 0.021705092191915309 -0.0017339325189921638 0.0054794214207963586 -0.0021527663581383857 0.011526313371254371 -0.0047680849213504357
leaf_weight=3423.4510826319456 3277.0331868678331 2571.8913369327784 1270.2817322611809 10460.569029524922 1417.9541942477226 21145.921912580729 580.00612157583237 6071.0000129342079 517.03768028318882 2879.334111303091 1889.7616324871778 8398.3581231832504 6812.3468253165483 19502.449480950832 2158.2275928556919 10582.823858454823 3004.2329837530851 939.47602650523186 673.00363083183765 4985.3071151375771 766.01605755090714 503.26024505496025 303.56041836738586 410.51900900900364 370.6743493527174 237.21728299558163 1114.9707438647747 1469.5067722946405 264.84710314869881 656.0473944991827
leaf_count=14015 15200 11409 5798 42651 6358 93576 2472 29808 2159 13149 7903 35143 28629 80060 9048 43104 12284 3988 2864 21208 3091 2139 1238 1680 1588 1071 4621 5980 1168 2680
internal_value=-2.40017e-05 0.000684814 0.00234552 0.00293151 0.00518608 0.00303814 -0.00479038 0.0107906 -0.0113362 -0.00637964 -0.00183605 -0.00128479 0.000463394 -0.000197201 -0.00458777 -0.000633563 0.000592613 -0.0109282 -0.00396842 -0.00486955 -0.00389859 -0.016489 -0.0131451 -0.00523915 0.00421567 0.0125778 0.00119956 0.00138106 0.000358773 0.00355426
internal_weight=118657 103297 62274 59718.6 31206.8 22563.9 15360.6 8642.89 2555.43 13057.7 41022.5 37599.1 28511.8 26554.7 4047.99 21043.4 22506.7 4520.07 8537.64 7864.64 11044.4 1773.54 3580.59 8808.88 2302.87 607.892 1694.98 2235.52 781.885 7468.39
internal_count=506082 438683 269479 258215 141151 99934 67399 41217 11264 57647 169204 155189 117064 109295 16951 85755 92344 20426 37221 34357 45894 7937 16438 36823 9752 2659 7093 9071 3327 31309
is_linear=0
shrinkage=0.04


Tree=55
num_leaves=31
num_cat=0
split_feature=1 1 3 3 22 7 3 7 9 9 21 7 15 10 13 26 10 29 10 21 21 21 15 5 9 9 9 27 2 3
split_gain=229.729 353.974 198.694 545.78 156.447 153.004 262.25 210.619 148.798 105.77 102.213 99.956 75.0678 96.5127 74.5778 69.9087 69.956 62.7219 60.9526 118.091 78.6826 74.548 56.5357 55.5463 54.1673 43.5263 40.1131 39.4344 38.5062 34.6233
threshold=4.6341563475493791e-07 1.546083137071719e-07 -6.1898346359612322e-07 -1.0000000180025095e-35 3.9694430502492649e-07 9.8796840121773119e-08 1.0000000180025095e-35 1.7595447807692071e-05 5.115486113589569e-05 4.3151271614171291e-06 -8.8115642453077392 4.730568252707086e-05 0.076263177022930187 1.0000000180025095e-35 0.42924855916960414 0.033222304999990959 1.3456215320103785e-06 -0.50793280619388403 0.64516253933283652 -4.0725524454601327 -3.6209066608298808 -1.3919581503415797 0.0025125628136684389 2.5393375135962519e-06 3.7757135254292275e-06 1.6000855894613852e-05 3.4734727998241629e-05 -1.1163276699999944 1.5593474422814782e-07 -1.5857757240667067e-07
decision_type=2 2 2 2 2 2 2 2 2 2 2 2 2 2 2 2 2 2 2 2 2 2 2 2 2 2 2 2 2 2
left_child=1 2 11 9 24 6 -5 -7 10 29 17 12 13 -1 -11 16 -6 -2 19 25 22 -22 -20 -18 -3 -12 -14 -13 -26 -4
right_child=8 4 3 5 15 7 -8 -9 -10 14 18 27 26 -15 -16 -17 23 -19 20 -21 21 -23 -24 -25 28 -27 -28 -29 -30 -31
leaf_value=4.255140939271418e-05 0.004665239236524967 -0.032053444208272691 0.028652335265599529 -0.00059757005894529446 0.02057655846315037 0.0057949434966553214 -0.016720122634411319 -0.0014258443502604445 -0.0001336191030892584 -0.0064956792172788293 0.02172869489894335 0.0042451022524753806 0.010089318765259273 -0.0057326942113631795 0.012993570387541807 0.0021073548785898776 -0.011672415697175195 0.013403276050345247 -0.00054417533145472991 -0.0091245015033685865 0.013030927923398765 0.0012857047526493171 0.0098419530436716276 -0.0041109062710542104 -0.021169864748462729 0.0034528905897292885 -0.0019582528533631594 -0.00081785630302544214 -0.0091088942156282091 0.015626166636329125
leaf_weight=6245.2249960154295 2210.1769998371601 361.07536616921425 909.6938394010067 6843.2891253083944 137.02424275875092 11249.239937797189 2110.5855957120657 15183.168027549982 14470.421476721764 354.36525665223598 252.26449033617973 3724.937996044755 917.24654117226601 17873.461686328053 2654.8880793005228 1511.5293805897236 3272.399811565876 3263.3752396702766 4000.3334430009127 1589.9200024008751 2636.4830300062895 1288.6093984395266 1058.1997745931149 2972.4538985937834 825.95181201398373 1165.4550226181746 849.12719359993935 7241.97597040236 885.08184427022934 530.13841315358877
leaf_count=26116 9805 1716 5243 30234 578 49524 9346 62415 58511 1513 1187 15027 3804 75107 12803 6334 15261 15180 16946 6576 11571 5654 4697 13143 3426 5016 3435 29273 3872 2756
internal_value=-3.41968e-05 -0.00110304 -0.000181253 0.00177695 -0.00819405 0.000116201 -0.00440207 0.00164724 0.00286566 0.0149773 0.00535073 -0.00229812 -0.00365404 -0.00423716 0.0106932 -0.00562183 -0.00745351 0.00987961 0.0032814 -0.00164487 0.00493134 0.00917964 0.00163096 -0.00807718 -0.0179718 0.00674028 0.00429965 0.000901795 -0.014956 0.0238943
internal_weight=118588 86652.9 76687.3 39835.4 9965.52 35386.3 8953.87 26432.4 31935.2 4449.09 17464.8 36852 25885.1 24118.7 3009.25 7893.41 6381.88 5473.55 11991.3 3007.64 8983.63 3925.09 5058.53 6244.85 2072.11 1417.72 1766.37 10966.9 1711.03 1439.83
internal_count=506069 370926 326596 173834 44330 151519 39580 111939 135143 22315 76632 152762 108462 101223 14316 35316 28982 24985 51647 12779 38868 17225 21643 28404 9014 6203 7239 44300 7298 7999
is_linear=0
shrinkage=0.04


Tree=56
num_leaves=31
num_cat=0
split_feature=4 4 24 23 9 10 9 17 18 11 11 13 13 21 10 9 27 6 18 17 11 9 10 9 9 9 21 9 11 13
split_gain=225.792 234.992 162.582 143.355 145.94 139.63 188.505 155.544 192.701 97.6429 97.1457 85.9463 72.7923 71.8606 65.4473 84.7315 57.8956 56.6456 77.675 54.7842 51.9012 40.857 37.7272 36.8142 34.9348 32.2777 30.6623 29.7413 27.4484 23.1748
threshold=3.1747157969164169e-07 1.0000000180025095e-35 0.87667664558823843 -1.0000000000011906 9.7492825504405296e-06 1.0000000180025095e-35 1.040742187801241e-05 1.3754371139814383e-07 0.0010085751778428551 0.40000000000004848 0.072520718320550182 0.41167896762020556 0.74611180920976161 -23.025800932440287 0.99999985984033624 1.3967618817671574e-05 1.8662286699999935 6.4814095519766035e-06 0.77386851033875603 1.5528074497436272e-07 0.20000002311621359 3.7097844216034516e-05 1.6398318830199706e-07 4.8231214906066063e-07 2.8195753035045937e-05 1.5135272944435484e-05 -14.032441606996025 2.8195753035045937e-05 0.54527856584016254 0.4999743464307535
decision_type=2 2 2 2 2 2 2 2 2 2 2 2 2 2 2 2 2 2 2 2 2 2 2 2 2 2 2 2 2 2
left_child=1 3 10 4 29 6 20 9 -9 -7 -2 -8 14 25 15 -12 17 18 19 -4 -5 -6 -15 -24 -16 -3 -19 -18 -25 -1
right_child=2 13 16 5 21 7 11 8 -10 -11 12 -13 -14 22 24 -17 27 26 -20 -21 -22 -23 23 28 -26 -27 -28 -29 -30 -31
leaf_value=0.017971186070278509 -0.0078087202508326193 -0.028249081019878778 0.0050177934461267974 -0.0035820076418556284 0.0044192798749351095 0.0018383900252958371 -0.0045688349776033159 0.0032464797564448777 -0.0032731793683731139 -0.0066303296568453818 0.0066441827752574166 0.0029646473965581795 0.0085941561159197516 0.014428518262556186 -0.0074606056446043867 0.0005907284813995745 0.0063532829943141727 0.015310782029011705 -0.0053590129453677873 0.017544858430506845 0.015640136283798071 -0.017194365716250201 -0.021734633362275817 -0.016806283577945901 0.001051991544782687 -0.0067950402287081865 0.0082114667547581698 -0.0051732118801001903 -0.0033773619618249718 0.033229560946869505
leaf_weight=369.34783803671598 2011.953258767724 599.99693387746811 4200.4269493147731 254.52682758867741 725.3771753013134 2546.9546215683222 3872.8209082782269 12101.798464089632 18097.292076081038 14968.890710875392 4200.7483832836151 6463.1948012858629 2016.9395515099168 99.317530870437622 2213.5428101271391 30918.328913092613 550.50870090723038 1459.9486851841211 1037.0912825763226 643.37306436896324 1838.680883012712 170.83860717713833 369.56656630337238 341.44425664842129 1180.653909265995 141.07741266489029 2979.8644466996193 1013.8715561628342 846.43780702352524 300.55823243409395
leaf_count=1668 8278 2778 18408 1106 3131 10924 15876 51165 74872 65655 19115 27497 8654 444 9560 128074 2497 6939 4416 3015 9429 698 2012 1639 4865 617 13270 4197 3931 1611
internal_value=2.58696e-05 -0.00158263 0.00192056 -0.00110487 0.0108328 -0.00141624 0.00235942 -0.00239995 -0.000660282 -0.00539848 0.00076474 0.000140927 0.00119092 -0.0138622 0.000802544 0.00131538 0.0060563 0.00714308 0.00456348 0.00669079 0.0132985 0.000257644 -0.00920251 -0.0107332 -0.00449912 -0.0242081 0.0105543 -0.00110967 -0.00726851 0.0249201
internal_weight=118535 64108.1 54427.3 61710.3 1566.12 60144.2 12429.2 47714.9 30199.1 17515.8 42542.2 10336 40530.2 2397.84 38513.3 35119.1 11885.1 10320.7 5880.89 4843.8 2093.21 896.216 1656.77 1557.45 3394.2 741.074 4439.81 1564.38 1187.88 669.906
internal_count=506341 275053 231288 263632 7108 256524 53908 202616 126037 76579 178546 43373 170268 11421 161614 147189 52742 46048 25839 21423 10535 3829 8026 7582 14425 3395 20209 6694 5570 3279
is_linear=0
shrinkage=0.04


Tree=57
num_leaves=31
num_cat=0
split_feature=0 0 0 0 5 9 11 9 9 11 21 21 21 8 21 16 10 8 21 13 10 10 10 18 20 16 0 17 18 20
split_gain=224.166 499.733 200.292 502.714 187.922 166.781 142.556 131.071 107.299 107.21 78.7844 77.4281 76.9577 74.4051 71.5216 56.691 57.1383 69.7652 54.7057 50.5716 49.9987 46.7065 45.7582 41.203 39.0144 28.8746 28.1758 26.2555 25.9265 22.8463
threshold=2.7499649402074061e-07 1.5435644407091334e-07 -1.5947507225888555e-07 -1.5430883060219e-07 6.9073046216061595e-07 5.5773893078272741e-05 0.49999960849057479 1.3539581885464934e-05 8.5561518057800884e-05 0.046036391147626823 -0.93526192751559389 -1.3919581503415797 -14.879823551744115 4.8285825490672882e-06 -4.7383319335074257 0.63978640294385158 0.99999992121020276 1.0517379910409023e-05 -2.9698764363104022 0.51537605891030658 0.11652752046771744 0.98361172229280946 1.6398318830199706e-07 0.99239532732021174 -0.51519957070989097 0.00073152928700745987 -6.3110094028040451e-05 0.00015935855479975598 0.75547966159965319 -0.35304596712214714
decision_type=2 2 2 2 2 2 2 2 2 2 2 2 2 2 2 2 2 2 2 2 2 2 2 2 2 2 2 2 2 2
left_child=1 2 8 7 6 11 -5 19 10 -6 12 15 -1 28 -9 16 24 -18 22 -4 -20 -13 -15 -7 -2 -10 -12 29 -3 -25
right_child=5 13 3 4 9 23 -8 14 25 -11 26 21 -14 18 -16 -17 17 -19 20 -21 -22 -23 -24 27 -26 -27 -28 -29 -30 -31
leaf_value=0.005924440304088706 -0.0026976220266531977 -0.013035942578944684 0.0070185811056397776 0.0011115876020757018 -0.0082573290979857505 -0.0031547440840817547 -0.0044518280476258335 0.008777714705769879 -0.00079580890978771203 0.0028975974197913458 0.006229137818087602 -0.0090871775035359873 -0.0068798321046304491 0.012125945272880769 -0.0023466334318378097 -0.010918226992283633 -0.011181529841995101 0.007563861319344869 -0.016156521046569214 0.019678150256146963 0.0091351624000355312 0.0042598660851647313 -0.0092324994944818217 -0.00057364402885627598 0.011123070263884139 0.005289000943164022 -0.002959960735464603 -0.0039105255102564341 -0.022920037595308213 0.0051667586813235597
leaf_weight=797.3074276894331 340.50125755369663 1233.986148044467 650.9363606646657 12205.938272766769 1453.2457991242409 3944.9363003522158 18586.014608561993 4833.7644346356392 2987.3063617348671 25981.667055979371 1197.4756038933992 637.87118296325207 12365.025186568499 162.14708632230759 1141.254664182663 229.90660566091537 449.30029071867466 1067.6742132008076 161.76962871849537 2331.2404573410749 522.19787496328354 1213.9980534315109 6801.8431376218796 1651.6469453573227 7303.4888356924057 2138.1394328027964 958.91718664765358 968.28340847790241 664.77019487321377 3362.1106251180172
leaf_count=3333 1428 6168 3160 51841 6029 15886 80507 21279 12019 111298 4877 2643 50913 701 4804 940 1890 4515 674 12629 2136 5302 29011 6683 32023 8580 3910 3917 3142 13637
internal_value=6.64468e-05 -0.000746073 0.000200759 0.00125576 -0.000101395 0.00379609 -0.00224638 0.0100763 -0.00326564 0.00230582 -0.00494176 0.00713172 -0.00610282 -0.00943543 0.00665182 0.00860549 0.00909885 0.00199898 -0.0076701 0.0169248 0.00310894 -0.000340061 -0.00873033 1.69258e-05 0.010506 0.00174266 0.00214135 0.00210995 -0.0165242 0.00327517
internal_weight=118345 97174.9 87628.2 67184.1 58226.9 21169.7 30792 8957.2 20444.2 27434.9 15318.7 11242.7 13162.3 9546.71 5975.02 9390.87 9160.96 1516.97 7647.96 2982.18 683.968 1851.87 6963.99 9926.98 7643.99 5125.45 2156.39 5982.04 1898.76 5013.76
internal_count=505875 417011 375179 291547 249675 88864 132348 41872 83632 117327 63033 48741 54246 41832 26083 40796 39856 6405 32522 15789 2810 7945 29712 40123 33451 20599 8787 24237 9310 20320
is_linear=0
shrinkage=0.04


Tree=58
num_leaves=31
num_cat=0
split_feature=5 10 9 26 5 11 23 9 23 23 21 10 9 11 26 9 29 17 12 12 20 5 29 12 23 29 0 25 7 10
split_gain=208.575 161.978 194.352 180.934 175.754 145.912 137.457 153 131.327 113.049 95.0113 93.5731 96.7461 88.336 71.4264 70.1364 67.6742 62.5902 53.9295 53.1106 47.4957 42.297 41.1778 40.1379 39.0779 46.5236 36.9925 36.191 33.3196 27.2544
threshold=6.9073046216061595e-07 1.0000000180025095e-35 1.2689501762499454e-05 0.040066639999982459 1.0000000180025095e-35 0.046036391147626823 -0.99999999097776582 4.6960564934177568e-05 -0.99999999097776582 0.86773788173730571 -4.1228332394261029 0.034249172340529439 1.555827375683606e-05 0.21211774108026135 -0.041059415000013789 8.3208945160768753e-06 -0.25773133484192839 4.6553601392404795e-05 0.21889353084714827 0.36660752501469901 -0.31508595500442371 -3.9080890537057649e-05 -0.26336723837224535 0.33340439695434665 0.88322666940943173 -0.67461719451472246 -2.9310409210836491e-07 0.25935966829066698 1.9636750777170291e-05 0.82146898051547323
decision_type=2 2 2 2 2 2 2 2 2 2 2 2 2 2 2 2 2 2 2 2 2 2 2 2 2 2 2 2 2 2
left_child=1 2 19 4 6 -2 15 -8 14 18 13 12 -11 27 -7 -3 -13 22 -10 -1 -15 -21 -12 -16 29 -26 -20 -4 -6 -5
right_child=5 3 10 24 28 8 7 -9 9 11 17 16 -14 20 23 -17 -18 -19 26 21 -22 -23 -24 -25 25 -27 -28 -29 -30 -31
leaf_value=-4.995585389502193e-05 -0.0085526622599158414 0.023200910534766719 -0.0010446971567854553 -0.003950180954137082 -0.022919056949152982 -0.0022786732237014373 -0.0056431174403308738 0.00030286696725802075 -0.0071481184843663458 0.02044478413885701 -0.0025038149411113252 -0.00026844803114188271 0.0061652500360116352 0.0010533586049674135 0.007173300087426321 0.0028175351935438844 0.0051144442473647746 0.0011526115601781925 -0.0018799242952544026 0.0079499968696009702 0.0085592889896262299 0.019822706205225679 -0.016634680981818493 0.020761203803638134 -0.0050726859981206386 0.0053318388158535273 0.0014271049538418161 -0.01161198215434682 0.0022849343215778587 0.0017931357530609916
leaf_weight=445.14954696595669 2109.0493620634079 405.46239607781172 1882.5578675121069 2355.0833392292261 902.06891621649265 425.18173633515835 25288.134694062173 9531.5904088765383 1458.030769482255 972.37439169734716 494.01389093697071 6778.4239276349545 3461.6661107242107 2564.0232759267092 530.73294569551945 804.41909152269363 8319.5927901864052 943.43876203894615 6901.346169129014 795.74807290732861 2850.2523327767849 1235.797549918294 1003.5857995450497 1036.080847479403 789.15450496971607 5229.2226791679859 25029.619295284152 714.39874348044395 91.578602179884911 3006.2119712978601
leaf_count=1942 8733 1945 7710 9577 4415 1775 110468 38579 6034 5123 2005 29161 15360 10804 2260 3410 36446 3869 28072 3804 12421 6596 4146 4692 3325 22238 105817 2987 383 12295
internal_value=2.41409e-05 -0.0015949 0.00238194 -0.00265734 -0.00401318 0.00176565 -0.0035545 -0.00401538 0.00216241 0.00178245 -5.70284e-06 0.00419945 0.00930744 0.0020991 0.0122394 0.00968589 0.00269768 -0.00691116 0.000368163 0.0124511 0.00500788 0.01519 -0.0119888 0.0161804 0.00175322 0.00396508 0.00071207 -0.00396201 -0.0205902 -0.00072928
internal_weight=118354 61331.9 12929 48402.9 37023.3 57022.1 36029.6 34819.7 54913 52921.1 10452.3 19532.1 4434.04 8011.23 1992 1209.88 15098 2441.04 33389 2476.7 5414.28 2031.55 1497.6 1566.81 11379.7 6018.38 31931 2596.96 993.648 5361.3
internal_count=506392 262919 56284 206635 159200 243473 154402 149047 234740 226013 43942 86090 20483 33922 8727 5355 65607 10020 139923 12342 23225 10400 6151 6952 47435 25563 133889 10697 4798 21872
is_linear=0
shrinkage=0.04


Tree=59
num_leaves=31
num_cat=0
split_feature=1 1 26 18 10 9 9 21 8 9 21 22 21 10 13 10 27 2 24 8 18 10 0 18 21 9 9 18 29 21
split_gain=184.327 302.685 170.22 213.65 229.735 194.091 136.48 119.991 118.859 103.594 72.5216 63.9682 70.4505 69.141 60.7483 59.1864 53.3868 51.1331 49.3563 47.9109 63.7061 64.5042 55.5409 91.9655 48.4323 45.9861 43.3372 41.3305 39.2076 38.2217
threshold=1.5934976360654221e-07 1.546083137071719e-07 -0.020536705000026315 0.58106251856247448 0.99999999894144032 2.0754516431252737e-05 3.1806175050880956e-05 -18.074032156797202 1.8931264408499553e-05 5.9850689835566773e-05 -11.334360960867249 0.61127882494703734 -1.4368141266596239 0.99999999894144032 0.86026162764763592 1.3456215320103785e-06 1.8662286699999935 1.5593474422814782e-07 0.74796264641057253 6.8482586941731018e-06 0.4044597437360869 0.99999979642583192 2.7499649402074061e-07 0.75000000011368695 -1.3919581503415797 4.5399427318734032e-06 1.6194213567683155e-05 0.0017777791821588153 0.70807986741379991 -3.2047600486192729
decision_type=2 2 2 2 2 2 2 2 2 2 2 2 2 2 2 2 2 2 2 2 2 2 2 2 2 2 2 2 2 2
left_child=1 2 9 4 5 -4 10 17 25 11 -2 13 -13 -1 -6 -9 18 -3 -8 20 21 -12 23 -21 -24 -5 28 -11 -17 -22
right_child=6 7 3 8 14 -7 16 15 -10 27 19 12 -14 -15 -16 26 -18 -19 -20 22 29 -23 24 -25 -26 -27 -28 -29 -30 -31
leaf_value=-0.0012753450813875042 0.011681318429253249 -0.022968013941855266 0.007123210357137413 -0.023547536103921584 -0.005069450231303208 0.00096841431632494694 0.00077438239622003085 0.021245898839621139 -0.001279716050493428 -0.0012977417557287923 0.022267785917580118 -0.0097295524163040492 -0.0012636031739409592 -0.0095839252786790296 0.0089562666945120929 -0.011756228491736105 -0.0041175777371729397 -0.010096562375308619 0.0067710559099151977 0.0069502345457973401 -0.017568215849305121 -0.010207821514783178 0.01062966308870588 -0.0084091240489532013 -0.0015541989400481553 -0.0094837282995018698 -0.0031785758373949935 0.0043097438587366924 -0.00023103867358151959 0.0023345836017429999
leaf_weight=11576.810150906444 2920.2029540091753 990.96823497116566 15623.282709769905 457.55198155343533 6606.8899275064468 17252.659558862448 16498.218336224556 128.33917520940304 4710.8861196935177 4776.5518806576729 238.86475104093552 5020.0549355298281 2293.3965652883053 1858.3649090081453 531.55189158022404 2441.4106528759003 3059.1802174597979 1000.1326887905598 2531.702385827899 1634.605246514082 456.24195127189159 162.47339537739754 3198.8292149454355 1005.1659606844187 622.05504114925861 2013.6586032211781 3998.9096683263779 3752.4608955234289 586.8497476875782 231.19817513227463
leaf_count=47677 14139 4180 72992 2063 29053 71788 67268 541 19163 19277 1141 21062 9489 8198 2208 11856 12423 4592 10746 7374 1932 670 14447 4113 2825 8514 17168 15103 2858 1016
internal_value=6.25191e-06 -0.000967853 -0.000145166 0.00134108 0.0024814 0.00389378 0.00256795 -0.00784377 -0.00500998 -0.00254117 0.00632918 -0.0040666 -0.00707685 -0.00242655 -0.00402155 -0.00542238 0.000784467 -0.0165256 0.00157324 0.00425507 -0.00349781 0.00912332 0.00556336 0.00109714 0.00864478 -0.0121104 -0.00591737 0.00116917 -0.00952668 -0.010881
internal_weight=118179 85620.7 76474.1 47196.5 40014.4 32875.9 32558.7 9146.61 7182.1 29277.6 10469.6 20748.6 7313.45 13435.2 7138.44 7155.51 22089.1 1991.1 19029.9 7549.43 1088.78 401.338 6460.66 2639.77 3820.88 2471.21 7027.17 8529.01 3028.26 687.44
internal_count=505876 367782 326587 205781 176041 144780 138094 41195 29740 120806 47657 86426 30551 55875 31261 32423 90437 8772 78014 33518 4759 1811 28759 11487 17272 10577 31882 34380 14714 2948
is_linear=0
shrinkage=0.04


Tree=60
num_leaves=31
num_cat=0
split_feature=3 3 9 3 3 2 0 7 21 26 9 5 5 23 12 1 0 9 9 0 9 27 13 13 24 27 27 13 23 0
split_gain=219.217 428.229 193.979 162.748 501.868 149.015 159.905 138.428 113.159 98.3363 91.5381 87.5165 83.57 81.3328 67.3173 67.1137 63.7947 60.0255 54.5881 52.8739 50.0453 49.9046 49.0015 46.8075 44.8336 43.4664 42.6369 59.6725 50.8555 41.0647
threshold=3.1213748385994227e-07 1.0000000180025095e-35 2.488810931308594e-05 -1.5945582187981697e-07 -1.5541236386695798e-07 -1.4468937514777733e-07 -1.3728241743393707e-07 2.453503251043114e-05 -23.025800932440287 0.037596254999999308 4.3151271614171291e-06 6.4091168985314098e-05 -0.00012397123760266024 0.7072396179918683 0.18857441482399093 -1.5966206490247711e-07 -1.5947507225888555e-07 7.0783446745661142e-06 2.7647949969785283e-06 -1.3728241743393707e-07 7.5969442901794571e-06 1.2961180150000098 0.42709990789384283 0.42234968783602272 0.90332437147572631 0.0036683650000073477 -0.55097459499998858 0.46524530886550752 -0.40758724273508268 -1.5947507225888555e-07
decision_type=2 2 2 2 2 2 2 2 2 2 2 2 2 2 2 2 2 2 2 2 2 2 2 2 2 2 2 2 2 2
left_child=1 3 11 7 10 15 -7 9 17 12 -5 19 -1 23 -13 -6 -16 -3 -10 29 -18 -15 -12 -4 -21 -19 27 -9 -28 -2
right_child=2 8 13 4 5 6 -8 26 18 -11 22 14 -14 21 16 -17 20 25 -20 24 -22 -23 -24 -25 -26 -27 28 -29 -30 -31
leaf_value=-0.0095434584930100767 5.4293151492082198e-06 -0.033044698500474298 -0.0042112696024150069 0.023942421275752201 -0.012462598929684826 0.015311791151055248 -0.0048941009447866987 -0.00091406677797631168 -0.020195211898581113 0.002723378743897054 -0.006307517968876194 -0.016025733198878005 -0.0035802619188518505 0.0040619688222768143 -0.0079979415982493578 0.011214160647755987 0.021891815147328676 -0.025362436608403142 -0.0068453533426676974 -0.0015483584564799692 0.0086953353098229522 -0.0018683213153050759 0.012697038641318145 -0.00012589013674105782 0.0050316920642005641 -0.0068163578848865879 -0.0042657926800065719 0.0047386687468628673 0.00018799100762575751 0.015706472123486685
leaf_weight=5816.564724072814 408.93703466653824 559.05843496322632 6626.2333774119616 1314.0333054289222 212.72693638503551 672.50565065443516 8756.0474773943424 6582.1284477114677 598.22877633571625 2568.964458078146 238.14027717709541 176.47248221933842 10658.476824566722 9515.4463109374046 345.12261673808098 1756.8352113366127 489.8854064643383 396.88190425932407 2713.628129824996 4125.6868589818478 7429.390733897686 2978.5722377598286 2268.5582379326224 13899.773498788476 2764.4400156736374 416.84850250184536 6447.7685074210167 5466.5564302802086 11260.993775099516 767.03545831143856
leaf_count=24734 1750 2594 26963 7575 876 3105 38651 26731 3235 10875 1028 771 45861 40370 1465 8910 2232 1731 12304 18064 33527 12297 11201 56672 12320 1778 26443 22403 46203 3877
internal_value=-0.000155065 -0.00161746 0.00187345 -0.000762875 0.00284815 -0.00135761 -0.00344872 -0.00188919 -0.0132885 -0.00455199 0.0153894 0.00541368 -0.00568703 0.000103223 0.00826065 0.0086418 0.00878447 -0.0229421 -0.00927146 0.00243211 0.00951881 0.00264762 0.0108849 -0.00144537 0.00109164 -0.0159172 -0.000184638 0.00165055 -0.00143365 0.0102628
internal_weight=118232 68704.9 49527 64020.3 15218.8 11398.1 9428.55 48801.5 4684.65 19044 3820.73 16507 16475 33020 8440.87 1969.56 8264.4 1372.79 3311.86 8066.1 7919.28 12494 2506.7 20526 6890.13 813.73 29757.4 12048.7 17708.8 1175.97
internal_count=506546 296238 210308 274596 71346 51542 41756 203250 21642 81470 19804 74006 70595 136302 37995 9786 37224 6103 15539 36011 35759 52667 12229 83635 30384 3509 121780 49134 72646 5627
is_linear=0
shrinkage=0.04


Tree=61
num_leaves=31
num_cat=0
split_feature=4 4 25 23 9 0 0 11 4 13 0 0 22 9 9 16 9 9 25 9 28 2 3 3 9 28 5 0 4 13
split_gain=180.135 203.331 127.938 112.053 142.671 93.6866 206.458 88.8073 87.1144 74.0154 59.0142 75.6181 56.4581 52.766 52.5221 42.6773 34.0269 31.1149 28.2425 25.6873 25.4641 44.4362 49.6894 32.143 23.6213 21.5802 25.7131 20.2813 19.7663 19.047
threshold=3.1747157969164169e-07 1.0000000180025095e-35 0.95265041081967372 -1.0000000000011906 9.7492825504405296e-06 2.7499649402074061e-07 1.546607881763862e-07 0.072520718320550182 -6.1892631819659972e-07 0.74611180920976161 -2.9310409210836491e-07 -1.4612237198008413e-07 1.0000000180025095e-35 4.3382323031768753e-05 1.6194213567683155e-05 0.011904761901034953 3.7097844216034516e-05 1.5135272944435484e-05 0.62827805844089446 2.7676108301377405e-05 0.92571761499998229 -1.5544096587660758e-07 1.5428163805175647e-05 1.0000000180025095e-35 1.0032662882989244e-06 0.02914639499995457 1.0000000180025095e-35 1.8893752464776983e-06 6.3853035167760211e-05 0.49244264399413079
decision_type=2 2 2 2 2 2 2 2 2 2 2 2 2 2 2 2 2 2 2 2 2 2 2 2 2 2 2 2 2 2
left_child=1 3 7 4 29 6 8 -2 -5 10 15 -12 17 27 -8 -9 -6 25 19 -11 21 -4 23 -23 -14 -3 -27 -7 -22 -1
right_child=2 12 20 5 16 13 14 9 -10 18 11 -13 24 -15 -16 -17 -18 -19 -20 -21 28 22 -24 -25 -26 26 -28 -29 -30 -31
leaf_value=0.017334849592682184 -0.0066323085979548462 -0.03157967473538132 0.025478876142011588 -0.0018087757592204327 0.0030087026463253706 0.015028291847850315 -0.015913805001078512 -0.0041201209859022033 0.0031801240905581602 0.014740850402733898 0.0077488823484894763 0.0011583414359469019 -0.0173927816008096 0.00029179964468838311 -0.0068662166791133459 0.0031398736045629974 -0.016921431800035115 -0.0051673063858293433 0.0031565794511184682 0.0041074905745553765 0.013069996656926494 0.0091793883745446767 0.012629990771006391 -0.0060300474869852917 -0.0060237238774508194 -0.030902874961039745 -0.0024177142717105378 0.0056410286194963719 0.0018301400532757489 0.031421929275367952
leaf_weight=350.21713142842054 2267.3537849634886 394.89267229288816 279.41453944146633 40991.922546759248 720.51167465746403 433.73097229003906 1600.5992172211409 5228.583916246891 6483.2698233053088 1076.1681077703834 3027.6664784476161 34605.193529963493 384.43700256943703 5066.0970600992441 2887.3769042789936 1719.0924751609564 166.70081055164337 142.88083755970001 1262.1556068509817 554.5857098698616 309.78464050590992 411.73225703835487 1751.9397518932819 477.40897937119007 1233.6471421346068 90.046165332198143 114.39329240471125 2462.4225091487169 1279.0375854223967 296.90759060531855
leaf_count=1598 9357 1873 1481 172197 3123 1838 7756 21353 31352 4731 13874 146828 2148 20498 12316 6919 680 630 5507 2308 1409 1783 7970 2089 5809 418 524 10533 5730 1645
internal_value=-1.24122e-05 -0.00145293 0.0016821 -0.00101011 0.00965486 -0.00128365 -0.00190284 0.00109689 -0.00112723 0.00146648 0.00106377 0.00168919 -0.0129683 0.00275586 -0.0101011 -0.00232242 -0.000764829 -0.0220978 0.00766429 0.0111397 0.008132 0.0103499 0.00872543 0.00101197 -0.00875033 -0.0260874 -0.0152061 0.00706022 0.00404184 0.0238996
internal_weight=118070 63820.1 54250.1 61459.8 1534.34 59925.4 51963.2 49740.8 47475.2 47473.4 44580.5 37632.9 2360.3 7962.25 4487.98 6947.68 887.212 742.213 2892.91 1630.75 4509.32 2920.5 2641.08 889.141 1618.08 599.332 204.439 2896.15 1588.82 647.125
internal_count=506277 274938 231339 263536 7046 256490 223621 210877 203549 201520 188974 160702 11402 32869 20072 28272 3803 3445 12546 7039 20462 13323 11842 3872 7957 2815 942 12371 7139 3243
is_linear=0
shrinkage=0.04


Tree=62
num_leaves=31
num_cat=0
split_feature=0 0 3 3 9 23 18 21 23 11 9 21 10 21 6 9 4 10 16 18 10 22 9 18 28 9 9 20 9 10
split_gain=169.427 396.704 169.069 477.724 126.006 102.239 118.477 84.7483 87.5986 81.7267 79.4614 78.7562 66.3913 65.7822 57.0372 54.1602 47.9471 47.6441 47.4865 46.9764 42.0946 41.3551 38.473 40.7927 38.4174 35.7637 33.6864 32.2859 30.8974 22.1049
threshold=2.7499649402074061e-07 1.5435644407091334e-07 -1.5945582187981697e-07 -1.5799529240467789e-07 5.5773893078272741e-05 0.99999862790694538 0.00076190487235392628 -23.025800932440287 -0.77954141019760259 0.49999960849057479 6.0981880391596884e-06 -3.3598812217763587 7.9956150172845303e-07 -1.3919581503415797 5.9935831102093147e-05 3.7757135254292275e-06 -6.1892631819659972e-07 0.10736430170113782 0.53318044147191113 0.99563318777361964 0.99657276548600671 2.1666053531665357e-07 5.0674241785678401e-06 0.66550569627921974 -1.3049515199999997 8.0693576858240156e-06 4.5554644557337013e-05 -0.5238945604963009 3.5421113399889188e-05 0.99999992121020276
decision_type=2 2 2 2 2 2 2 2 2 2 2 2 2 2 2 2 2 2 2 2 2 2 2 2 2 2 2 2 2 2
left_child=1 2 7 16 13 6 -5 9 14 25 -7 12 -3 18 -9 -14 -4 -13 22 -6 -15 -18 23 -2 -10 -1 -17 -24 -11 -22
right_child=4 11 3 5 19 10 -8 8 24 28 -12 17 15 20 -16 26 21 -19 -20 -21 29 -23 27 -25 -26 -27 -28 -29 -30 -31
leaf_value=0.011367820195163327 0.016063572052579904 0.014692282829368986 0.0088916018040263237 0.0024785298947085296 -0.00338104662314482 -0.013744103905775034 -0.0027124797222969838 -0.005068525316321044 0.0040894091586125532 -0.012232868110794473 -0.0014302700003628094 -0.014435825883915145 -0.019995839762029545 -0.0081633845907931948 0.0020547392494585166 -0.010201175117741457 0.032850009537695783 0.0071109646556107922 -0.00963298839208797 0.0022188702156747311 0.008050612132629616 0.019120046183267094 -0.0035229105548906844 -0.015546261752291828 -0.0003512785621835321 -0.0027717551882730125 -0.0021808136331129494 0.0089383454527343364 -0.0012527116680104934 -0.0039594071223527398
leaf_weight=331.69658695161343 91.426892563700676 172.13360302150249 403.94647179543972 34282.791091121733 4060.1963372975588 1234.4435613304377 8847.6907593607903 10075.628766909242 3818.958461150527 2736.3732106089592 2609.423700645566 207.99204587936401 822.42212599515915 737.80985163152218 2186.5141034275293 6567.682081207633 586.91189984977245 744.74496077001095 250.0097423940897 5842.9681476354599 750.30050045251846 924.02627123147249 344.43012081086636 212.76048386096954 16902.976856887341 1992.7473839074373 964.34357948601246 8422.6870691180229 484.38324652612209 361.13901551067829
leaf_count=1403 424 751 2079 150607 16354 5939 36652 41979 15643 11503 11285 881 4364 3070 8858 28773 3145 3087 1022 23687 3287 5535 1440 913 70795 8199 3968 36939 1984 1599
internal_value=-4.23694e-05 -0.000749366 9.34569e-05 0.00165512 0.00320786 0.000856131 0.00141343 -0.00188794 -0.00111829 -0.00646243 -0.00539248 -0.00852059 -0.00973921 0.00611968 -0.0037977 -0.0102474 0.0212265 0.00237635 0.00748664 -7.66957e-05 -0.000768135 0.0245009 0.00796155 -0.00597463 0.000467209 -0.000741825 -0.00917613 0.00844727 -0.0105855 0.0041427
internal_weight=117972 96897.8 87418.5 48889.2 21073.7 46974.3 43130.5 38529.3 32984.1 5545.2 3843.87 9479.32 8526.58 11170.6 12262.1 8354.45 1914.88 952.737 9321.31 9903.16 1849.25 1510.94 9071.3 304.187 20721.9 2324.44 7532.03 8767.12 3220.76 1111.44
internal_count=506165 417430 375606 215242 88735 204483 187259 160364 137275 23089 17224 41824 37856 48694 50837 37105 10759 3968 40738 40041 7956 8680 39716 1337 86438 9602 32741 38379 13487 4886
is_linear=0
shrinkage=0.04


Tree=63
num_leaves=31
num_cat=0
split_feature=10 23 26 18 17 8 22 29 17 8 18 23 11 13 26 13 10 22 29 2 8 28 4 2 12 12 7 20 24 1
split_gain=155.39 202.734 227.037 226.656 300.207 299.369 260.336 111.325 108.246 106.555 93.5582 91.2532 79.2793 73.8056 66.4395 52.0711 47.1459 47.8008 41.9375 32.7188 32.9457 32.6548 29.9124 29.3429 29.1483 28.5864 27.2927 26.7834 26.7312 26.0926
threshold=0.99999999894144032 0.99999986579251154 -0.0038235800000053898 0.00076190487235392628 1.5983722167404318e-07 2.5556996596842358e-05 2.4654526227046681e-06 1.148774359429594 1.5726203035581064e-07 1.9422651192480379e-05 0.98581560284165548 0.99637588439002978 0.60038638071604455 0.20345540815506544 0.0039646849999783627 0.84435981130785531 0.99999697115519071 0.84636303854953276 -0.13923837665487085 -1.5785516538358022e-07 4.45429864713434e-06 -6.2644668450000136 1.5885655013647695e-07 1.5538921704916222e-07 0.77815985631473661 0.60165011419892955 4.8947890177251945e-06 -0.29093356514724089 -0.44298242761120238 3.5016661188436164e-06
decision_type=2 2 2 2 2 2 2 2 2 2 2 2 2 2 2 2 2 2 2 2 2 2 2 2 2 2 2 2 2 2
left_child=1 2 13 5 8 6 -4 9 -5 12 -6 -7 19 21 25 22 17 -15 24 -2 -21 -1 -14 -16 27 -3 -27 -11 -23 -9
right_child=7 14 3 4 10 11 -8 29 -10 18 -12 -13 15 16 23 -17 -18 -19 -20 20 -22 28 -24 -25 -26 26 -28 -29 -30 -31
leaf_value=0.0037738064763322421 -0.022101721202803477 -0.021665803660558418 0.0025529525559616112 -0.0021302631975750057 -0.00069594918014448252 -0.0012191683033050346 0.011913864041791924 0.011252475101688831 -0.010322604004687383 0.00010659278697093437 0.0060251783326877566 0.0064267510047500004 -0.0087764080484080634 -0.00022787318544682515 -0.0080031999854291696 0.005758287092480106 0.0080116933528139606 -0.0031869752818760519 0.0061903400755336097 -0.017186774806283774 -0.0070202558841777375 -0.01447659906105987 -0.0024414680008367226 0.0056815340629420329 0.0062278007944865125 -0.015474829081492636 0.0021400016080949701 -0.0067731385106357764 -0.0023496089368172171 0.00037996247895819983
leaf_weight=260.94348664581776 545.3560912758112 754.26650736480951 8417.8822605311871 6178.7549959719181 5460.4358638823032 12146.603449180722 10928.243645966053 853.07711683213711 4433.8601765781641 1662.6686353087425 8418.9492397457361 3141.2944686859846 3128.2391730993986 25003.640280857682 711.7795267701149 636.63384793698788 895.09125420451164 13425.71406968683 1180.3279928714037 852.2325209826231 1288.0883087068796 1172.6692661941051 1935.307610720396 383.72544468939304 549.54621094465256 467.89891797304153 199.27545383572578 1980.8986863344908 389.52748681604862 603.75345000624657
leaf_count=1056 2590 3484 37752 25805 22484 50166 53099 3833 19009 6970 35905 13442 14564 103240 3028 2667 3652 55826 5002 4446 5785 4831 8258 1774 2277 2111 840 8428 1596 2679
internal_value=2.57915e-05 0.00058433 0.000865939 0.00245374 -0.000491091 0.00453629 0.00784188 -0.00374645 -0.00555508 -0.00486015 0.00338085 0.000352254 -0.0076773 -0.00141548 -0.0106226 -0.00500245 -0.00105025 -0.00126196 -0.000461095 -0.0133427 -0.0110859 -0.00927839 -0.00635866 -0.00320241 -0.00233732 -0.016322 -0.0102158 -0.00363406 -0.0114649 0.00675873
internal_weight=118007 102791 100274 59126 24492 34634 19346.1 15216.1 10612.6 13759.3 13879.4 15287.9 8385.86 41147.6 2516.95 5700.18 39324.4 38429.4 5373.44 2685.68 2140.32 1823.14 5063.55 1095.5 4193.11 1421.44 667.174 3643.57 1562.2 1456.83
internal_count=506599 439100 427863 257662 103203 154459 90851 67499 44814 60987 58389 63608 38310 170201 11237 25489 162718 159066 22677 12821 10231 7483 22822 4802 17675 6435 2951 15398 6427 6512
is_linear=0
shrinkage=0.04


Tree=64
num_leaves=31
num_cat=0
split_feature=4 4 21 23 9 10 9 8 18 10 29 21 11 23 10 21 29 18 21 14 21 11 9 2 15 2 18 16 27 7
split_gain=147.588 193.717 110.295 94.9845 115.85 98.9597 132.489 111.842 209.685 95.9157 87.952 73.9842 66.415 67.7614 54.464 102.518 100.023 108.346 64.3715 54.988 53.6283 43.3433 41.966 38.0729 37.6241 37.2978 35.2685 34.8793 31.4513 30.3197
threshold=3.1747157969164169e-07 1.0000000180025095e-35 -8.8115642453077392 -1.0000000000011906 9.7492825504405296e-06 1.0000000180025095e-35 1.0641352485767552e-05 1.8931264408499553e-05 0.64397095294466611 0.70103642187102355 -0.10272870872826902 -4.0725524454601327 1.0000000180025095e-35 -0.9999941522032566 0.64516253933283652 -5.2982803670330263 0.022310537412686973 0.26557803106100797 -3.8943572183350712 0.9642857142831881 -23.025800932440287 0.20000002311621359 1.6194213567683155e-05 6.0596296762582833e-06 0.0011383042961149441 -1.5924288199187228e-07 0.76140480306624247 0.0076923076938791276 0.021187365000008351 1.3321229061932355e-05
decision_type=2 2 2 2 2 2 2 2 2 2 2 2 2 2 2 2 2 2 2 2 2 2 2 2 2 2 2 2 2 2
left_child=1 3 10 4 -1 6 21 8 -7 -9 12 -8 -2 25 15 22 18 -18 24 -19 28 -5 26 -15 -16 -14 -4 -17 -3 -29
right_child=2 20 14 5 -6 7 11 9 -10 -11 -12 -13 13 23 16 27 17 19 -20 -21 -22 -23 -24 -25 -26 -27 -28 29 -30 -31
leaf_value=0.021709260084492518 -0.0080837198382797491 -0.026558922031199528 0.017085514316365093 -0.0039571951096107946 -0.00048043592505730114 -0.0023449339052825776 0.002206827946749828 -0.0029582520975761496 -0.013579422076337472 0.0015945345197804989 0.011280556021029673 -0.0056531284566133204 -0.0030389922223105197 0.0012742397618984924 -0.0040281195514104045 -0.0049774815518142087 0.011260056842027511 -0.0033626689749259881 0.004305706261571297 0.0041979661755469 -0.0084373175106230401 0.013541283662862807 0.0019360928511026915 0.0054524858877170335 0.0036596031272947355 0.014811280119446735 -0.004267551000395272 -0.012779343199911393 -0.0077127397498939531 0.0019798305889947394
leaf_weight=654.19167526811361 823.02613224089146 532.56684831529856 594.00043635815382 257.23339492082596 880.90241114795208 14149.654054127634 7707.6487706154585 13313.448323354125 3271.7231330126524 16672.235174015164 2319.0336148366332 2547.2874418795109 221.27416068315506 9789.8218172416091 6961.3786737695336 7965.3120323717594 2693.0479050651193 2227.6441172510386 2614.658397719264 4962.7000596523285 1624.8488320857286 1806.856736548245 2619.43910767138 5425.8820005059242 1190.3382069021463 1173.1046934723854 154.58162593841553 245.35887910425663 197.49807800352573 2197.1164826899767
leaf_count=3336 3425 2526 2988 1122 3779 64430 32680 54536 14330 69093 10883 10497 898 42056 29254 32922 11753 9302 10725 21618 8058 9501 11061 23871 4957 5182 667 1022 892 8855
internal_value=4.82663e-05 -0.00125828 0.00158253 -0.000825167 0.00899109 -0.00107792 0.00211561 -0.00190797 -0.00445669 -0.000426748 0.003965 0.000252994 0.00299009 0.00354024 0.000215202 -0.00173235 0.00151479 0.00442001 -0.00115201 0.00185443 -0.0125106 0.0113556 0.00433062 0.00276521 -0.00290405 0.011974 0.0126686 -0.00369548 -0.0215108 0.000483654
internal_weight=117794 63616.1 54177.7 61261.2 1535.09 59726.1 12319 47407.1 17421.4 29985.7 19752.1 10254.9 17433.1 16610.1 34425.6 13775.8 20649.8 9883.39 10766.4 7190.34 2354.91 2064.09 3368.02 15215.7 8151.72 1394.38 748.582 10407.8 730.065 2442.48
internal_count=506219 274780 231439 263304 7115 256189 53800 202389 78760 123629 86315 43177 75432 72007 145124 57515 87609 42673 44936 30920 11476 10623 14716 65927 34211 6080 3655 42799 3418 9877
is_linear=0
shrinkage=0.04


Tree=65
num_leaves=31
num_cat=0
split_feature=5 10 23 18 7 17 10 5 21 26 18 7 15 10 29 5 6 21 12 24 27 3 5 3 13 10 12 27 5 2
split_gain=145.798 117.213 152.139 158.82 275.24 264.191 214.392 134.491 104.284 88.8619 77.5844 72.5799 84.1037 76.7439 66.2026 62.6648 62.492 60.1904 56.5541 48.2751 47.0533 31.7234 29.0074 28.361 38.8887 26.8454 24.6633 23.6441 23.0941 24.8445
threshold=-4.6536550512676904e-05 0.99999999894144032 0.99999986579251154 0.00060387266197613209 1.7063816991021207e-05 1.5929746008037509e-07 0.66012560114449392 7.2645041245600353e-05 -5.2099887739617357 0.025998990000001176 0.99239532732021174 6.0762654967297105e-05 0.78943875835955402 1.0000000180025095e-35 1.148774359429594 0.00014409575721874293 3.4898997317098416e-05 -4.1228332394261029 0.89197651671290568 -0.81241824164228615 0.022655134999998234 -2.2295208140121755e-05 7.2645041245600353e-05 -5.3733278364553876e-05 0.63156826794076404 0.81229978729053409 0.66702946469669755 0.0029793950000112581 0.00017774519835711547 1.561308042852261e-07
decision_type=2 2 2 2 2 2 2 2 2 2 2 2 2 2 2 2 2 2 2 2 2 2 2 2 2 2 2 2 2 2
left_child=9 2 3 4 6 7 -2 -5 -6 11 -7 12 13 17 15 18 -11 -1 21 -15 22 -3 -4 24 -13 -18 -17 -24 29 -22
right_child=1 14 20 5 8 10 -8 -9 -10 16 -12 23 -14 19 -16 26 25 -19 -20 -21 28 -23 27 -25 -26 -27 -28 -29 -30 -31
leaf_value=0.0018277333864055636 0.0055861971167091573 -0.0011350985277663701 -0.019844678070601977 -0.011860604465065159 0.0025633626292366363 -0.00020094540068707275 0.018241469135367967 -0.0019700869928428737 -0.0038104187626346116 0.0035039207795303914 0.0056739490017312932 0.0016540999166923408 0.0061519896080353695 -0.0085224857253016796 0.0063279182857377148 -0.0015398050575898183 -0.0049222795858767099 -0.0072064206485023801 0.0085055296642962096 -0.0041459042799454702 -0.010629561347106041 -0.0089989947602453352 -0.013117032195416439 -0.0030018098908430862 0.015626591895121802 0.00069100128130716518 0.0075861504868536553 0.0092745532613494105 0.01647514008328169 0.0094027656805172489
leaf_weight=4871.0074205100536 15118.36528646946 1011.3650204390287 716.23995743691921 3456.1486510187387 11901.087670385838 6577.4919046610594 2494.7414931803942 6052.3331551849842 6268.25257858634 7483.4671804755926 7928.2561440169811 4343.9334156960249 1326.9034280627966 5637.3688972145319 1050.3638008534908 1396.0232860147953 2734.0451381653547 1554.4641815721989 373.76685854792595 14233.915048904717 332.22059504687786 4412.129380941391 216.92191252112389 2002.3596299439669 341.82476782798767 2712.144594207406 713.88439549505711 112.64904433488846 97.240332290530205 138.29606527090073
leaf_count=20957 70257 4507 3446 15140 50644 27054 11819 25046 25689 31822 33624 17519 5515 24038 4744 5890 11120 6478 1580 60883 1418 20493 955 8066 1390 11075 2960 486 404 637
internal_value=2.49278e-05 0.00117892 0.0018025 0.00212979 0.00381849 -0.000386353 0.00738129 -0.00556781 0.000363925 -0.00169383 0.00301003 -0.00275878 -0.00366399 -0.00416003 -0.0030948 -0.00434878 0.00113177 -0.00035877 -0.00649651 -0.0053887 -0.010308 -0.0075348 -0.0153318 0.000979061 0.00268215 -0.00212675 0.00155022 -0.00543368 -0.00101788 -0.00471106
internal_weight=117609 70367.8 61410.2 59796.7 35782.4 24014.2 17613.1 9508.48 18169.3 47241.4 14505.7 34311.8 27623.7 26296.8 8957.53 7907.17 12929.7 6425.47 5797.26 19871.3 1613.57 5423.49 1045.81 6688.12 4685.76 5446.19 2109.91 329.571 567.757 470.517
internal_count=505656 306793 266619 259273 158409 100864 82076 40186 76333 198863 60678 144846 117871 112356 40174 35430 54017 27435 26580 84921 7346 25000 4887 26975 18909 22195 8850 1441 2459 2055
is_linear=0
shrinkage=0.04


Tree=66
num_leaves=31
num_cat=0
split_feature=5 13 5 12 23 10 23 5 18 13 25 9 8 9 29 10 27 10 13 11 25 9 7 24 9 9 23 9 28 2
split_gain=147.285 118.622 98.9614 97.1161 81.8123 80.0102 143.714 192.928 122.609 81.8148 67.435 62.8367 60.011 59.3605 58.9538 51.4325 48.7913 48.5633 45.1049 32.9148 30.8813 29.643 27.9823 25.4912 25.4094 23.7319 21.5513 21.3603 20.4325 24.263
threshold=6.9073046216061595e-07 0.74611180920976161 1.0000000180025095e-35 0.2001699189051451 -1.0000000000011906 0.99999999894144032 0.99999986579251154 -1.2688549899664279e-06 0.99654476681004078 0.24504965934704323 0.95265041081967372 2.0525214740975267e-05 1.9422651192480379e-05 1.3111624672988065e-05 1.3899707509681409 1.2676635862091759e-05 0.032380750000004892 1.0000000180025095e-35 0.88134470896027961 0.1996614933031754 -0.92445630464530693 5.8477027850864611e-06 4.9831475977791572e-06 -0.80558551702669778 7.0783446745661142e-06 3.7429768351078898e-05 -0.79063949560372182 7.1046251475138833e-05 0.037562154999986754 1.588058182733221e-07
decision_type=2 2 2 2 2 2 2 2 2 2 2 2 2 2 2 2 2 2 2 2 2 2 2 2 2 2 2 2 2 2
left_child=2 3 5 19 11 6 7 9 -9 -1 17 24 14 -8 18 -4 21 -6 -7 -2 -14 -17 -12 -15 -5 -13 -22 -21 29 -3
right_child=1 28 15 4 10 12 13 8 -10 -11 22 25 20 23 -16 16 -18 -19 -20 27 26 -23 -24 -25 -26 -27 -28 -29 -30 -31
leaf_value=-0.008228844451351202 -0.010565965078190527 0.0089110397758800849 0.016263506158607652 0.029243375026772919 0.0031006579570617217 -0.009793605930343223 -0.021804216497414132 0.013309952367251951 -0.011713824574182687 -0.00039528784937085373 0.0016089794156018075 0.004450115924852607 -0.012581290814715809 -0.019189060079238731 0.0071622162755589306 -0.024815664439429678 -0.0019118215181655844 3.5396431063303431e-05 0.0079208212391413124 0.00064769748363390964 -0.0058228519118306721 -0.0067290963846811996 0.0098692994247331443 -0.0013919524238879774 0.01344324439311346 -0.0167474139753831 0.0021513571817576584 -0.018037469348622267 0.0063887190265703451 0.021581996087941865
leaf_weight=2237.6418931931257 1456.3951048254967 798.67409528791904 88.718168079853058 226.27946645766497 10777.934903986752 4307.3156478703022 662.46394313871861 2419.2068809494376 357.69400659203529 44803.321254037321 1004.48933185637 356.65627610683441 317.7435214817524 163.28552174568176 398.0411633849144 594.74246317893267 323.63236373662949 35528.203325308859 240.83468550443649 946.50276300311089 687.38260921835899 195.73216633498669 1906.013277426362 584.01938389241695 613.13248076289892 108.09314033389091 2531.6963261365891 106.70814220607281 2579.1185706108809 350.96455407142639
leaf_count=9219 6027 3527 433 1112 47280 20210 3127 12334 1654 189164 4676 1523 1387 716 1807 3087 1509 150137 1009 4039 2950 852 8772 2514 2796 443 10711 431 11410 1551
internal_value=2.05349e-05 0.00148658 -0.00134543 0.00100136 0.00138309 -0.00111622 -0.000520148 -0.000163321 0.0100771 -0.000768442 0.00112063 0.0112628 -0.00471392 -0.0131036 -0.00755791 -0.012694 -0.0150353 0.000749101 -0.00885059 -0.00667475 -0.000732527 -0.0203787 0.00702418 -0.00533759 0.0177808 -0.000527952 0.000443661 -0.00127645 0.00838059 0.0128214
internal_weight=117673 56759.2 60913.5 53030.4 50520.8 59710.6 51227.6 49817.9 2776.9 47041 49216.6 1304.16 8483.01 1409.77 4946.19 1202.83 1114.11 46306.1 4548.15 2509.61 3536.82 790.475 2910.5 747.305 839.412 464.749 3219.08 1053.21 3728.76 1149.64
internal_count=506407 243724 262683 227236 216739 256802 218728 212371 13988 198383 210865 5874 38074 6357 23026 5881 5448 197417 21219 10497 15048 3939 13448 3230 3908 1966 13661 4470 16488 5078
is_linear=0
shrinkage=0.04


Tree=67
num_leaves=31
num_cat=0
split_feature=24 2 7 11 23 22 1 11 1 22 2 3 9 13 9 9 23 9 27 18 14 17 9 29 27 23 29 2 20 26
split_gain=146.773 118.524 195.905 108.476 175.736 112.63 177.425 229.312 195.574 94.6196 88.0049 74.9209 85.5415 97.4787 61.7781 59.849 52.576 41.539 35.5562 31.0982 57.8758 49.3966 29.9327 29.3734 28.8998 25.5721 22.2253 21.7085 20.1949 20.1826
threshold=0.95020058541455754 -1.5544096587660758e-07 2.6534951641131329e-07 0.072520718320550182 -0.99999999097776582 1.0000000180025095e-35 -1.4552156990532692e-07 0.500000000000001 -1.5966206490247711e-07 0.00071941767155714331 -1.5905904504620591e-07 -1.5584522827793987e-07 1.2689501762499454e-05 0.88134470896027961 3.1527298344221389e-05 1.3539581885464934e-05 -0.74490757059984924 7.0783446745661142e-06 1.8662286699999935 0.9974259931628936 0.98509482358553579 1.5983722167404318e-07 1.3539581885464934e-05 0.52051509160765275 0.0080832649999988907 -1.0000000000011906 -0.93215261846812913 -6.2052689830949237e-07 -0.28487273026054211 -2.1694734549999879
decision_type=2 2 2 2 2 2 2 2 2 2 2 2 2 2 2 2 2 2 2 2 2 2 2 2 2 2 2 2 2 2
left_child=3 14 11 26 10 6 8 -8 -6 15 -5 -3 13 -13 27 -7 -11 25 19 20 -4 -21 -20 -19 -14 -12 -1 -2 -24 -28
right_child=1 2 18 4 5 9 7 -9 -10 16 17 12 24 -15 -16 -17 -18 23 22 21 -22 -23 28 -25 -26 -27 29 -29 -30 -31
leaf_value=0.00462053427046678 0.0070038368013355728 0.016966171451616507 0.0069269056143304135 -0.0017938697930014091 -0.0062171328170595105 0.0090187790393954428 0.00097820857305480255 -0.013406099759776831 0.013573872840674047 -0.0027440127897037352 0.025314858131190863 -0.013591436748814547 -0.012557086855703206 0.022871278147234851 -0.0028542239876024416 0.0016933778995669969 -0.00017872693441429985 0.010387134509901381 0.017220117095079292 -0.00302792521339686 0.020497238773987871 0.0086650780448286648 -0.016797127496627571 -0.010836203581707053 0.0036229903620238093 0.0083371566709456203 0.0039612724467832268 0.020308596926151484 -0.0011126097948683221 -0.00842370162388127
leaf_weight=246.76058411598206 247.35878460109234 228.15065437555313 4799.7329556643963 976.6960509121418 1648.4179503768682 2067.2922569215298 2873.6673622429371 4623.8649460375309 1545.5781563669443 16808.546086139977 508.17644261568785 2048.8820580840111 205.21376331150532 122.17681588232517 281.30446217954159 12996.644491896033 53379.103815935552 1741.2988702729344 116.69239561259747 1158.3085697442293 561.07500463724136 1148.6970824748278 161.61699338257313 108.80626738071442 1179.0658452808857 202.6484631896019 221.3976636826992 1045.8461703583598 666.66120044887066 3643.1893248707056
leaf_count=1013 1037 1101 21620 4018 6740 10171 12134 20050 7425 70780 2618 9603 892 520 1201 54710 227522 7636 548 4835 2656 5298 685 483 5086 941 896 5982 2923 15013
internal_value=-8.24485e-05 0.00376572 0.00245067 -0.000601558 -0.000338274 -0.000661249 -0.0045308 -0.00789351 0.00336088 -0.000175778 0.00841386 -0.00513318 -0.0065635 -0.0115137 0.0140959 0.00270035 -0.00079322 0.0123073 0.00578337 0.00668553 0.00835686 0.00279458 -0.00152911 0.00912331 0.00120245 0.0205275 -0.00696678 0.017786 -0.00421995 -0.00771061
internal_weight=117563 13970.8 12396.3 103592 99480.7 95943.1 10691.5 7497.53 3194 85251.6 3537.63 3783.49 3555.34 2171.06 1574.51 15063.9 70187.6 2560.93 8612.78 7667.81 5360.81 2307.01 944.971 1850.11 1384.28 710.825 4111.35 1293.2 828.278 3864.59
internal_count=506137 63987 55767 442150 425228 409532 46349 32184 14165 363183 15696 17202 16101 10123 8220 64881 298302 11678 38565 34409 24276 10133 4156 8119 5978 3559 16922 7019 3608 15909
is_linear=0
shrinkage=0.04


Tree=68
num_leaves=31
num_cat=0
split_feature=26 10 23 18 17 8 10 21 17 23 9 9 0 0 21 10 18 26 29 12 11 17 9 29 6 0 2 27 27 10
split_gain=141.086 99.9309 184.838 180.951 258.429 238.111 210.104 114.599 84.845 80.7675 72.7735 67.7115 64.7334 87.8701 60.8268 98.7453 77.8359 58.7067 51.5498 60.8482 43.3967 38.2284 37.4427 32.952 32.5037 32.4148 31.356 29.9491 36.4329 30.83
threshold=-0.0038235800000053898 0.99999985984033624 0.99999986579251154 1.0000000180025095e-35 1.5964243929273617e-07 2.5556996596842358e-05 0.6155658015887171 -3.3598812217763587 7.4298214962761376e-05 0.99637588439002978 8.2859647841056138e-05 7.0783446745661142e-06 2.7499649402074061e-07 1.5435644407091334e-07 -3.5016753364254014 0.21196393477694561 0.0010085751778428551 0.0048809800000016159 1.0000000180025095e-35 0.72321687617157615 0.99999999696383979 8.5435445675869037e-05 2.8436127989223407e-05 1.6992540551740147 4.0823292583821567e-13 1.5786448503973818e-07 1.5639848083282007e-07 -0.82765189999999944 0.11192875000000417 0.99998940784069557
decision_type=2 2 2 2 2 2 2 2 2 2 2 2 2 2 2 2 2 2 2 2 2 2 2 2 2 2 2 2 2 2
left_child=10 2 3 5 7 6 -2 -5 -6 -7 12 20 13 14 16 -16 -1 26 19 22 25 23 -13 -20 -19 -3 -4 29 -29 -14
right_child=1 11 17 4 8 9 -8 -9 -10 -11 -12 18 27 -15 15 -17 -18 24 21 -21 -22 -23 -24 -25 -26 -27 -28 28 -30 -31
leaf_value=-7.3706968947579807e-05 0.0050881514485668832 -0.0060856932766387333 -0.017131292504945512 -0.0065420704290750677 0.0055680131525395558 -0.001171175078884157 0.016137369261685904 0.007999817646510584 -0.00095644328651489272 0.0060443827846322472 0.001936732011351584 -0.0086152165372569995 -0.0058155570270042927 -0.010008242751700272 -0.0065693855167873808 0.0063051635960746123 -0.0063325237849844989 -0.008421070812719424 0.0028726977356551835 0.0026418414345195959 0.010454383494463138 -0.0085467019541307348 -0.00033412848931157715 0.013534749992754979 0.0062213413965264931 -0.015796051172909834 -0.0035504396483572623 0.0069033485432303818 -0.002920338572868672 0.0077615710118267177
leaf_weight=16776.515882670879 15928.779583021998 1776.7712293416262 1146.7621977031231 9480.3280928730965 8591.1546140313148 12111.493593260646 3328.9159383624792 951.95790807902813 5067.5182257592678 3119.2081191688776 7099.3936425298452 2541.7619954645634 1145.4978717565536 2700.3721773326397 8468.0730859190226 1071.646404877305 3920.7060650140047 493.82248958945274 2203.1012079119682 2130.0179334133863 192.74110193550587 368.09347684681416 1333.0815080404282 586.64492374658585 471.92054074257612 800.65697465091944 359.84638823568821 2236.3159415721893 824.69322702288628 346.40012510120869
leaf_count=70780 75299 8603 5126 40255 36666 50081 15898 3921 20887 13401 28576 11359 4638 11909 35272 4362 16210 2118 9558 8974 856 1590 5570 2582 2135 4034 1816 9245 3374 1411
internal_value=-3.02359e-06 0.00107996 0.00173438 0.00218675 -0.000472995 0.00404472 0.00700022 -0.005213 0.00314719 0.000306878 -0.00177576 -0.00226739 -0.00247902 -0.00309704 -0.00247888 -0.00512127 -0.00126021 -0.00897326 -0.000609202 -0.00278517 -0.00774464 0.00352562 -0.00576975 0.00512664 -0.00126202 -0.00911635 -0.0139024 0.00198995 0.00425449 -0.0026517
internal_weight=117574 72984.6 61051.7 58579.4 24091 34488.4 19257.7 10432.3 13658.7 15230.7 44589.6 11932.9 37490.2 32937.3 30236.9 9539.72 20697.2 2472.35 9162.7 6004.86 2770.17 3157.84 3874.84 2789.75 965.743 2577.43 1506.61 4552.91 3061.01 1491.9
internal_count=506506 320729 267603 256408 101729 154679 91197 44176 57553 63482 185777 53126 157201 138533 126624 39634 86990 11195 39633 25903 13493 13730 16929 12140 4253 12637 6942 18668 12619 6049
is_linear=0
shrinkage=0.04


Tree=69
num_leaves=31
num_cat=0
split_feature=1 1 21 18 8 0 17 9 0 6 21 9 23 21 10 3 9 21 29 9 10 10 0 11 23 21 3 26 1 19
split_gain=140.08 246.099 120.153 117.23 225.01 192.923 315.161 179.287 160.723 101.512 93.1814 74.9144 68.6551 63.5651 60.2926 57.5277 55.0496 54.0604 62.3031 52.3618 47.993 47.3908 45.1063 40.0732 34.506 50.6909 34.5016 31.0954 28.0973 27.4647
threshold=1.5934976360654221e-07 1.546083137071719e-07 -23.025800932440287 0.66668599490086067 1.8931264408499553e-05 -1.5947507225888555e-07 1.4615838037555779e-07 2.5122273179647785e-05 -1.5835655009510671e-07 3.9774334817213324e-05 -1.2280410856263408 4.646584033593404e-05 0.999999999919441 -4.1545609182658287 1.0000000180025095e-35 1.996388573832775e-05 5.0037409345439139e-05 -8.9014963011953707 -0.51283091767656397 9.2808912779100954e-06 0.96460176991150459 1.3456215320103785e-06 -1.5947507225888555e-07 0.60000000000000486 0.98295034450993068 -3.6209066608298808 3.1213748385994227e-07 0.23456891500000382 -7.0981582371842924e-06 -0.37893337857689685
decision_type=2 2 2 2 2 2 2 2 2 2 2 2 2 2 2 2 2 2 2 2 2 2 2 2 2 2 2 2 2 2
left_child=1 3 12 5 14 10 8 -8 -7 17 11 -1 19 16 -5 -16 -6 18 29 -3 -15 -4 -19 26 -24 -26 -23 -20 -12 -2
right_child=9 2 21 4 13 6 7 -9 -10 -11 28 -13 -14 20 15 -17 -18 22 27 -21 -22 23 24 -25 25 -27 -28 -29 -30 -31
leaf_value=-0.0083413489939321867 -0.00048918918513230045 -0.027633209525849085 0.019299738946778288 0.017517454944012391 -0.0063571389912926296 0.013124397437196643 0.014253002525206251 0.0034211970995510184 -0.00031997025991834904 -0.00032712762117307324 0.0032415086970894553 -0.0019404673440669726 0.0071430893143486418 -0.00079389536972796458 -0.015861485150969367 -0.001247885490198803 0.0012477460223952659 -0.0057925526515039292 0.013338678094270718 -0.013145267040382271 0.0087355580286058877 -0.011006487469562787 0.0018649689653356194 -0.0018336285971469926 0.0025871233572182491 0.011543607893549173 -0.0031582407798000714 0.0024845374692806523 -0.01535741837184121 0.0078261262946737603
leaf_weight=5633.6032744571567 1522.3194087892771 622.80626057833433 127.37389159202576 101.19782593846321 3328.7509892582893 1477.6767814233899 4376.8305029720068 5544.2812899500132 36698.382579624653 13920.898033171892 3266.0456247627735 6093.5452264398336 186.13183888792992 1696.0953350812197 2694.4003614485264 514.58199959993362 2802.425400942564 911.51328292489052 2445.9255380630493 1139.4808559268713 1681.1066731363535 2270.7144097015262 7859.2788555324078 3244.9294369518757 2395.9172133803368 1752.020628452301 1488.0210586190224 513.54790650308132 132.89405056834221 1086.7537507712841
leaf_count=23685 6598 2852 543 418 13743 8010 20667 22820 160306 57156 13328 24716 984 6872 11725 2127 11347 3725 11563 4811 6783 11113 33348 14807 10482 7930 6315 2475 542 4900
internal_value=1.43496e-05 -0.000837688 -0.00706111 -9.43274e-05 -0.00358199 0.000612813 0.00185202 0.00820269 0.000201055 0.00225234 -0.00332683 -0.00501698 -0.01586 -0.000453479 -0.0125599 -0.0135226 -0.00288101 0.00419479 0.00748944 -0.0182994 0.00395074 -0.0046516 0.00277305 -0.00509452 0.00342483 0.00637613 -0.00790509 0.0114608 0.00250223 0.00297609
internal_weight=117529 85121.3 9079.46 76041.8 12818.6 63223.3 48097.2 9921.11 38176.1 32408.2 15126.1 11727.1 1948.42 9508.38 3310.18 3208.98 6131.18 18487.3 5568.55 1762.29 3377.2 7131.04 12918.7 7003.66 12007.2 4147.94 3758.74 2959.47 3398.94 2609.07
internal_count=506691 368514 41425 327089 53015 274074 211803 43487 168316 138177 62271 48401 8647 38745 14270 13852 25090 81021 25536 7663 13655 32778 55485 32235 51760 18412 17428 14038 13870 11498
is_linear=0
shrinkage=0.04


Tree=70
num_leaves=31
num_cat=0
split_feature=4 4 25 11 10 9 23 8 18 11 12 21 13 21 21 9 13 3 9 3 10 18 9 4 11 20 17 2 3 21
split_gain=126.188 136.765 114.655 77.7317 71.9339 150.228 113.116 103.009 140.288 76.588 73.921 68.4681 53.7411 51.5712 49.0115 42.3513 41.9467 39.7028 60.8309 47.6037 38.6783 33.3627 31.5549 30.879 30.668 30.4177 29.0397 23.4396 24.7117 22.9293
threshold=3.1747157969164169e-07 1.0000000180025095e-35 0.95265041081967372 0.072520718320550182 1.0000000180025095e-35 9.9558937623341332e-06 -1.0000000000011906 1.9163443066681538e-05 0.70534517687408382 0.72491892075470588 0.45121053630585384 -8.8115642453077392 0.46524530886550752 -5.2982803670330263 -23.025800932440287 9.9558937623341332e-06 0.76868957739221677 6.2195345584825656e-07 2.1428557192093404e-05 1.0000000180025095e-35 0.99999985984033624 0.7184489015218537 1.5135272944435484e-05 -2.2448992621271199e-05 0.19999991408792292 -0.2346904415882787 1.5444375618136621e-07 -1.5626886273878424e-07 1.934976080519846e-05 -7.0113506930269587
decision_type=2 2 2 2 2 2 2 2 2 2 2 2 2 2 2 2 2 2 2 2 2 2 2 2 2 2 2 2 2 2
left_child=1 4 3 -2 5 12 15 8 -8 -9 24 17 29 -12 22 -6 20 19 -19 -5 -13 26 -3 -14 -7 -17 27 -4 -29 -1
right_child=2 14 21 11 6 10 7 9 -10 -11 13 16 23 -15 -16 25 -18 18 -20 -21 -22 -23 -24 -25 -26 -27 -28 28 -30 -31
leaf_value=0.0068279365341350319 -0.0063807076150502219 -0.023616646708559612 0.019905570992281404 0.001950974870742149 0.023072748006248193 -0.006757506516214087 -0.0025188748951103113 -0.0014860822345510098 -0.011721958540625637 0.0033120985007144229 0.0058134756224276678 0.0003674767665925667 0.0056049575645688481 -0.0032097241613973965 -0.0068282307082149583 -0.0052961349399442718 0.0072403651550190544 0.0086754867286386525 0.0024387188077807753 -0.0094878711822898639 -0.0040260420938597521 0.0018421114909927168 -0.0024120207073599011 0.018782147616473926 -0.00080022638661852682 0.016840752123683848 0.018013377483887424 0.0019429423241924899 0.010089832466870695 -0.0091490720305191717
leaf_weight=457.48467116802931 2247.9729024767876 572.00303123146296 237.83656235784292 4674.2151543647051 379.72298663854599 2353.3677200376987 14168.112645752728 22902.5217140764 3259.115323677659 6931.2483541220427 3725.1826233789325 26214.516764782369 384.14578460156918 1389.1783789992332 1600.3106438592076 224.95321230590343 1272.0525928661227 3974.9860678017139 6764.9304855465889 662.39652858674526 3650.1301124095917 1192.9272921830416 141.1002007573843 1141.4404146820307 3355.39810295403 173.90758860111237 554.14530345052481 1008.4850817769766 1465.2975461930037 206.53813813626766
leaf_count=2139 9290 2758 1248 20190 1962 9653 64940 94259 14401 28916 16332 109964 1844 5801 8029 976 5540 18534 28648 2911 15619 5334 630 6597 13945 762 2737 4420 6766 909
internal_value=1.38237e-05 -0.00119641 0.00143617 0.000882047 -0.000834346 0.00180331 -0.001549 -0.00179853 -0.00424169 -0.000370948 -0.000130108 0.00122828 0.0113525 0.00336104 -0.010738 0.0135492 0.000133478 0.00334797 0.00474901 0.0005264 -0.000169589 0.007578 -0.0194515 0.015482 -0.0032589 0.00438383 0.00966849 0.0079465 0.00677612 0.00183438
internal_weight=117286 63365.7 53919.9 49461.2 61052.3 13012.7 48039.6 47261 17427.2 29833.8 10823.1 47213.2 2189.61 5114.36 2313.41 778.584 31136.7 16076.5 10739.9 5336.61 29864.6 4458.69 713.103 1525.59 5708.77 398.861 3265.76 2711.62 2473.78 664.023
internal_count=506054 274853 231201 210696 263436 57220 206216 202516 79341 123175 45731 201406 11489 22133 11417 3700 131123 70283 47182 23101 125583 20505 3388 8441 23598 1738 15171 12434 11186 3048
is_linear=0
shrinkage=0.04


Tree=71
num_leaves=31
num_cat=0
split_feature=5 12 5 21 10 23 5 18 29 10 21 9 26 23 10 13 10 29 21 18 9 8 10 27 9 9 8 9 4 26
split_gain=118.438 96.5738 96.0281 88.9242 86.5366 97.0911 137.533 116.086 81.2505 63.5807 60.8983 58.8375 54.8071 49.4043 48.4992 45.7518 45.6082 75.925 69.5357 60.3012 43.2516 42.9356 40.9689 39.6729 38.0986 34.7622 34.222 33.8046 31.0329 25.1053
threshold=6.9073046216061595e-07 0.2001699189051451 1.0000000180025095e-35 -7.8625140048582924 0.99999985984033624 0.99999986579251154 -1.2688549899664279e-06 0.006134969324153818 -0.13229888981697296 0.64516253933283652 -3.6209066608298808 1.577806982107406e-05 0.029727434999983631 -1.0000000000110301 2.0118454024540436e-05 0.91002501896133758 0.49038644167932804 0.13806769381314921 -5.659633062081066 1.0000000180025095e-35 2.8721739189665212e-05 4.8541292799538225e-05 0.18475926286455596 1.2961180150000098 1.8530859290235707e-05 7.0163896200929602e-05 2.3941308508892996e-05 8.5561518057800884e-05 4.3055827983806701e-05 -0.93711650500000643
decision_type=2 2 2 2 2 2 2 2 2 2 2 2 2 2 2 2 2 2 2 2 2 2 2 2 2 2 2 2 2 2
left_child=2 25 4 8 5 6 9 -8 13 -1 15 -7 22 24 -10 21 18 20 26 -19 -18 -6 -4 -15 -3 29 -5 -20 -16 -2
right_child=1 3 12 16 10 11 7 -9 14 -11 -12 -13 -14 23 28 -17 17 19 27 -21 -22 -23 -24 -25 -26 -27 -28 -29 -30 -31
leaf_value=-0.0016970883108151777 0.010787104379878154 0.019570206466431695 0.0055550235197445383 0.010900716508100459 -0.0074077753288685454 -0.018020495180790054 0.012068884684506429 -0.011273502764174227 0.015227756125280026 0.0013790725641084909 0.0035429601594247169 -0.0013975928258149637 0.0070628494858725188 0.0026907963042450086 -0.00023533104449935995 0.016719505067831351 -0.0042296625238701108 0.010208096486557336 -0.0043643091950350196 0.0024105532094115664 0.0010648949852950312 0.003877201234557899 -0.01931994974264464 -0.0044162042951633685 0.0016304464875971059 -0.01934881030739203 0.00045704646217964022 0.00099545667940338406 0.0097802700007128748 -0.0058029509720706317
leaf_weight=30096.120916381478 154.57124811410904 470.74478149414062 119.12048709392548 901.89499867707491 6710.5833172276616 783.9535024240613 2322.4920742958784 397.24747835099697 1342.6955622434616 16719.792422831059 1225.9490927457809 603.36425732076168 189.75688647478819 16750.16246407479 879.1076835244894 135.95619438588619 3712.9361861422658 2085.5924450159073 7457.7819478660822 6636.0805023759604 7352.4351695626974 584.38370409607887 869.2045384272933 1355.9106143862009 317.91262616217136 289.13988651335239 1131.8361654281616 2515.09589882195 1126.7108763381839 2072.3589627593756
leaf_count=127520 631 2234 579 4324 30835 3714 12026 1844 6787 70353 5161 2617 870 73203 3984 566 16408 9367 31156 28577 30101 2392 4409 5721 1362 1170 4683 10114 4949 8740
internal_value=-9.20495e-06 0.00130809 -0.00123544 0.00166496 -0.00101145 -0.000382685 -9.00177e-05 0.00865034 0.00360481 -0.000598329 -0.00470824 -0.0108102 -0.0125331 0.00258595 0.00934621 -0.00607103 0.000307451 0.00148768 -0.00163699 0.00427814 -0.00071166 -0.00650196 -0.0163096 0.00215773 0.0123731 -0.00634806 0.00509882 -0.00301209 0.00539262 -0.00463837
internal_weight=117311 56553 60757.9 54036.9 59579.8 50923 49535.7 2719.74 22243.2 46815.9 8656.87 1387.32 1178.08 18894.7 3348.51 7430.92 31793.7 19787 12006.6 8721.67 11065.4 7294.97 988.325 18106.1 788.657 2516.07 2033.73 9972.88 2005.82 2226.93
internal_count=506397 243511 262886 232970 257028 218074 211743 13870 98240 197873 38954 6331 5858 82520 15720 33793 134730 84453 50277 37944 46509 33227 4988 78924 3596 10541 9007 41270 8933 9371
is_linear=0
shrinkage=0.04


Tree=72
num_leaves=31
num_cat=0
split_feature=0 0 5 12 23 9 9 0 21 8 21 14 16 8 24 27 28 5 9 8 0 0 18 22 23 21 19 26 23 0
split_gain=120.852 282.473 129.372 114.473 113.537 111.9 108.007 91.0803 66.5166 64.0579 61.6618 49.4743 47.4013 42.7814 39.399 52.4868 36.7191 33.7304 44.8401 33.2627 32.3822 37.1538 29.7897 28.324 24.6032 23.2967 21.6418 20.0486 18.6141 18.2134
threshold=2.7499649402074061e-07 1.5435644407091334e-07 -0.00012781684562312987 0.20795711713886408 -1.0000000000033988 5.6423398631601339e-05 2.5619602511924599e-05 -1.5947507225888555e-07 -3.4165272394903545 2.5011104407646718e-05 -1.3919581503415797 0.97297297298200824 0.63978640294385158 4.2330809048288357e-06 -0.48455082035873914 -1.3393158899999735 -0.74839124000000268 5.9026154199948173e-05 9.5190603088574596e-06 2.0984126253015838e-05 1.585336271148208e-07 1.5877119974305745e-07 0.99239532732021174 1.5188480278071765e-06 -0.91605479618956143 -1.1454457142147925 -0.58796345264622707 -2.5446746250000079 0.96569496669222143 -6.2655081123352819e-07
decision_type=2 2 2 2 2 2 2 2 2 2 2 2 2 2 2 2 2 2 2 2 2 2 2 2 2 2 2 2 2 2
left_child=1 2 6 23 9 10 14 -6 11 -5 12 20 17 -13 15 -1 27 18 -2 -16 -3 -22 -7 -4 -10 -24 -19 -8 -25 -18
right_child=5 8 3 4 7 22 16 -9 24 -11 -12 13 -14 -15 19 -17 29 26 -20 -21 21 -23 25 28 -26 -27 -28 -29 -30 -31
leaf_value=0.004232581773436956 -0.0050594347276740293 -0.003550518651400849 0.0049716568019947923 0.015188106913769752 -0.0020192348487419556 -0.0030496952327256316 0.0090640161309535564 0.0020861418482401211 -0.015806420951313068 -0.0050384651775201355 -0.0011269861760873176 -0.024299300064052804 -0.010662431001141786 -0.010406611943157729 -0.0058991906019389331 -0.011306063418003071 -0.0042675607698325849 -0.0042657132701792409 0.0064586177245687972 0.0022104890591410674 -0.016037371268806513 -0.0043618593592771766 0.0027582376183455425 -0.008637878877683627 0.0049003159500250436 -0.0034683204031493338 0.010295477070844897 0.0009472165637528599 0.0043727552075119285 -0.00091897300854737061
leaf_weight=392.30530789494514 624.65224359929562 3379.729329623282 311.45958971977234 1434.4326196536422 10740.487312465906 3883.0101340264082 518.19853311777115 44287.423577927053 100.10970568656921 301.69703838229179 1855.2086002826691 405.90746280550957 238.56376191973686 2854.0558984875679 2824.936317756772 2955.2715331315994 3888.9779090434313 167.80325776338577 3928.0854943245649 1130.9484779685736 881.65287698060274 868.98782854527235 4638.4932039231062 2505.2317493259907 873.97505736351013 1209.7388643473387 4377.7230460643768 7601.5491513758898 187.16141466796398 7849.9055016189814
leaf_count=1660 2773 15154 1304 7015 44173 15637 2090 197654 439 1264 8014 2062 975 12081 12573 12734 15886 713 16963 4860 4434 4008 18847 10400 3634 4900 19678 31078 820 32512
internal_value=4.72271e-05 -0.00055143 0.000159636 0.00119996 0.00160283 0.00280244 -0.00212918 0.00128468 -0.00715125 0.0116677 0.00552968 -0.00829988 0.00685294 -0.0121549 -0.00628766 -0.00948156 -0.000598934 0.00731555 0.00487515 -0.00357926 -0.00584462 -0.0102592 -0.000334173 -0.00640642 0.00273246 0.00146832 0.00975465 0.00146849 -0.00772813 -0.00202948
internal_weight=117218 96294.4 86930 59767.9 56764 20923.3 27162.1 55027.9 9364.42 1736.13 11192 8390.33 9336.83 3259.96 7303.46 3347.58 19858.6 9098.26 4552.74 3955.88 5130.37 1750.64 9731.24 3003.85 974.085 5848.23 4545.53 8119.75 2692.39 11738.9
internal_count=506335 417835 376023 262630 250106 88500 113393 241827 41812 8279 49116 37739 41102 14143 31827 14394 81566 40127 19736 17433 23596 8442 39384 12524 4073 23747 20391 33168 11220 48398
is_linear=0
shrinkage=0.04


Tree=73
num_leaves=31
num_cat=0
split_feature=13 10 9 4 21 29 15 8 18 13 0 9 13 12 10 29 4 6 6 28 9 4 28 2 11 12 6 25 11 25
split_gain=107.517 126.424 273.33 149.203 119.134 97.9611 92.901 99.0701 232.728 80.4417 65.6051 56.6181 54.848 54.4867 52.6561 51.8444 42.0141 33.3624 31.7718 31.1106 31.052 28.2971 27.7129 26.4442 22.5138 22.1741 21.1296 19.2449 18.2559 25.2528
threshold=0.23500092029991579 1.0000000180025095e-35 1.2006752026273524e-05 4.6850586271851575e-05 -5.2099887739617357 -0.57317746489022992 0.88444637317797292 1.8931264408499553e-05 0.61872350643280183 0.46663967411853957 -7.4121078894151524e-05 5.115486113589569e-05 0.74998055181009637 0.62558407091470569 0.70103642187102355 -0.31542695836140339 -2.2448992621271199e-05 1.5532362487265747e-07 1.497828133605104e-12 0.99442182999999484 2.1881625561652947e-05 0.00013386441201568291 1.2425102799999801 -0.00023171103437746862 0.20158183760937953 0.50000000000000211 2.0261649197305893e-05 -0.69515610099850222 0.19997882185771501 0.7676128836548114
decision_type=2 2 2 2 2 2 2 2 2 2 2 2 2 2 2 2 2 2 2 2 2 2 2 2 2 2 2 2 2 2
left_child=23 2 9 6 5 19 7 8 -3 24 27 -7 18 20 -9 -12 -11 -18 25 -4 -8 -20 -14 -1 -2 -5 -15 -6 -25 -30
right_child=1 3 4 12 10 11 13 14 -10 16 15 -13 22 26 -16 -17 17 -19 21 -21 -22 -23 -24 28 -26 -27 -28 -29 29 -31
leaf_value=0.0077625070466525847 -0.0043237333572696164 -0.0019712645115622721 0.00028426769226299128 0.010711738078492947 0.015257905373694447 0.0066955827321366025 0.0096829025379559543 -0.002456039628829797 -0.011397061147928709 0.0061188770006610164 -0.00019046900365462526 -0.0022742895515378827 0.01069897801393651 0.015625927378221851 0.00094095644402430892 -0.0094098085030569229 0.014837911881826505 0.025167016786557545 -0.0010117564501096919 -0.0066631291921287351 -0.0012217261676886835 0.001807296476340776 0.00030020411117452519 -0.0095140788017184213 0.0075408949339395848 0.0018654426007093741 0.0030533286844409914 0.0019957002359826891 -0.0055247664899774843 0.010981913289580479
leaf_weight=201.79351869225502 403.17699499428272 19731.486374825239 4931.567458152771 926.50777821242809 227.54054525494576 7599.3371698856354 538.56882003694773 13053.089610829949 5320.4530519247055 562.67446115612984 1465.7721456587315 1319.3412617743015 1552.9407811835408 771.17487811297178 16558.759490802884 2926.6071582436562 1493.2203587144613 771.45397561043501 8306.9494516327977 1301.069061756134 1831.1496996432543 18108.370117768645 558.68431958556175 2160.2148977816105 690.240766890347 891.70349709689617 299.25013901293278 743.80369727313519 1755.3317531123757 159.51497383415699
leaf_count=821 1812 91287 20914 3891 943 34125 2387 53646 23738 2679 5993 5378 6807 3497 68901 12181 8779 3951 35716 5445 7471 75204 2386 8961 3310 3695 1233 3043 7377 716
internal_value=-6.65995e-05 0.000169267 0.00271594 -0.000534288 0.000865605 0.00267944 -0.00172157 -0.00212294 -0.00397423 0.0123896 -0.00425585 0.00536774 0.00173884 0.00465148 -0.000556336 -0.00633639 0.0159509 0.0183821 0.00127315 -0.00116705 0.00126134 0.000920537 0.00795402 -0.00629015 0.00316068 0.00638473 0.0121314 0.00513853 -0.00699166 -0.00413453
internal_weight=117162 112885 24435.8 88449.1 20515 15151.3 58103.9 54663.8 25051.9 3920.77 5363.72 8918.68 30345.2 3440.14 29611.8 4392.38 2827.35 2264.67 28233.5 6232.64 2369.72 26415.3 2111.63 4276.86 1093.42 1818.21 1070.43 971.344 4075.06 1914.85
internal_count=506287 488412 108553 379859 88022 65862 252160 237572 115025 20531 22160 39503 127699 14588 122547 18174 15409 12730 118506 26359 9858 110920 9193 17875 5122 7586 4730 3986 17054 8093
is_linear=0
shrinkage=0.04


Tree=74
num_leaves=31
num_cat=0
split_feature=13 10 8 23 17 10 21 29 2 11 1 22 16 17 5 17 29 12 20 5 24 21 11 25 23 5 24 5 27 6
split_gain=103.71 131.585 245.65 170.428 188.9 116.686 102.094 105.77 84.8807 77.9824 97.4087 80.6027 75.9778 75.0582 62.1635 55.0584 42.3971 42.0035 38.4385 38.2549 39.0023 36.7279 35.4305 26.7644 26.5971 24.066 23.3168 23.2134 20.5944 18.8972
threshold=0.27351093483150685 1.0000000180025095e-35 1.3728837913217001e-05 -0.99999999097776582 1.3747294623637422e-07 0.19839994436202371 -5.2982803670330263 -0.47007482171352749 -1.5924288199187228e-07 0.40000000000004848 -1.0000000180025095e-35 2.1666053531665357e-07 0.73493975903610509 4.6553601392404795e-05 -4.1673523837104647e-05 1.5629786620302075e-07 -0.22849331145507434 0.3000060428637536 -0.32044288947622523 -0.00054029432565805269 0.78368858909030592 -3.5588882373662503 0.2962754952415842 -0.97317551887611387 -0.68195513278011555 -0.00013910223464907998 -0.83960753128376509 -3.6468138919332198e-05 0.63170003500000049 3.0817122079000195e-05
decision_type=2 2 2 2 2 2 2 2 2 2 2 2 2 2 2 2 2 2 2 2 2 2 2 2 2 2 2 2 2 2
left_child=19 2 14 8 9 15 7 18 -3 11 -11 -5 -7 16 21 -6 -8 -16 -4 26 24 -2 -9 -19 29 -10 -1 -26 -29 -21
right_child=1 3 6 4 5 12 13 22 25 10 -12 -13 -14 -15 17 -17 -18 23 -20 20 -22 -23 -24 -25 27 -27 -28 28 -30 -31
leaf_value=0.016091011230978759 0.0058232151026496124 -0.0044605378750987267 -0.0031246544562736137 0.0069472270032554231 0.0025422912158904179 0.0022725477103629657 -0.0028024603538146261 0.0021199235105631574 0.0029556522842157863 0.00081217043293383166 -0.0055316066142114383 -0.0059591841512052759 -0.0025964613511900232 0.0030106298828414674 -0.00045974361696332324 -0.0037481753787938481 -0.011927199740389804 -0.0081698970283255404 0.0028898900434523255 -0.011198976787592159 0.003266410353476678 -0.011453814579890531 0.00875955551661 0.014385582822543938 -0.0091414944414153366 0.016340745220605767 -0.00051395319447740948 0.0013854756046983942 -0.014628315225612355 -0.0043861240479667911
leaf_weight=186.64806251227856 1328.2975394502282 482.85016997158527 4425.4922615885735 2122.4826569035649 2742.5723060667515 36736.253083497286 1494.1026505529881 1964.8621441274881 253.12469534575939 4829.4631853103638 19503.76000867784 1215.3677939549088 5956.384586468339 1492.4126513600349 356.51760041713715 11768.473062366247 1799.859817057848 84.328628689050674 2756.7571694403887 2349.6986071690917 656.88919176161289 228.58932250738144 3744.2944381982088 3720.2403299733996 745.64492753148079 1513.9010811150074 473.19374173879623 1192.3329214081168 141.55989168584347 911.72998169064522
leaf_count=760 6383 1963 18442 9178 11453 156569 6107 8364 1095 21727 86069 5433 24881 6126 1597 48895 7481 389 11810 9813 2893 979 16992 19700 3084 7096 1917 5061 584 3734
internal_value=-6.13833e-05 0.000230681 0.00289401 -0.000484498 -0.00077273 0.00053966 0.00056212 0.00241464 0.0103754 -0.00348583 -0.00427234 0.00224508 0.00159299 -0.00442482 0.010099 -0.00255865 -0.0077952 0.0126497 -0.000815067 -0.004909 -0.00591507 0.00326895 0.00647736 0.0138792 -0.00704639 0.0144333 0.00421529 -0.003501 -0.000332725 -0.00930091
internal_weight=117178 110520 23395.8 87124.6 84874.8 57203.7 17677.8 12891.4 2249.88 27671.1 24333.2 3337.85 42692.6 4786.38 5717.97 14511 3293.96 4161.09 7182.25 6657.7 5997.86 1556.89 5709.16 3804.57 5340.97 1767.03 659.842 2079.54 1333.89 3261.43
internal_count=506575 478729 104370 374359 364205 241798 75322 55608 10154 122407 107796 14611 181450 19714 29048 60348 13588 21686 30252 27846 25169 7362 25356 20089 22276 8191 2677 8729 5645 13547
is_linear=0
shrinkage=0.04


Tree=75
num_leaves=31
num_cat=0
split_feature=25 10 23 23 13 9 18 21 22 5 27 2 7 13 1 8 5 7 9 12 21 13 7 7 8 17 12 21 9 26
split_gain=103.209 86.3912 101.665 108.15 100.906 94.9067 85.7607 111.311 66.936 62.2093 62.1025 60.7947 84.7768 44.4138 43.4951 40.0944 37.504 30.951 30.4971 29.9814 36.1235 29.8663 29.4083 28.5521 26.1013 25.643 23.9626 22.9644 22.1658 21.8667
threshold=0.95265041081967372 0.99999985984033624 0.99999929935792309 0.98097478617478817 0.28070874283046177 1.7450804711856863e-05 0.99991568296800382 -3.5588882373662503 3.2816581371279307e-06 -0.00012397123760266024 0.028864405000019293 -1.5626886273878424e-07 4.8947890177251945e-06 0.63156826794076404 -1.5595878366525537e-07 1.5652318649077483e-05 -0.00054029432565805269 5.7568447362217219e-08 2.1881625561652947e-05 0.75030950126889062 -5.9563754482478322 0.86026162764763592 5.6776401564176178e-08 5.0863065260408674e-05 1.098590038227258e-07 8.5435445675869037e-05 0.50219063367675265 -15.003085171314199 1.555827375683606e-05 0.0016868699999763237
decision_type=2 2 2 2 2 2 2 2 2 2 2 2 2 2 2 2 2 2 2 2 2 2 2 2 2 2 2 2 2 2
left_child=1 2 3 4 16 13 8 -8 -5 -6 15 18 14 27 -13 29 -1 -15 -2 20 23 24 -21 -7 -16 -22 -17 -3 -12 -4
right_child=11 5 10 6 9 19 7 -9 -10 -11 28 12 -14 17 21 26 -18 -19 -20 22 25 -23 -24 -25 -26 -27 -28 -29 -30 -31
leaf_value=0.00384568294596276 0.022128803524786869 -0.025412232447205359 -0.023026386988915473 0.00083133325506414934 -0.0013909470719554932 -0.0055408621878565555 -0.0037327730447550586 0.0092691701387707399 0.0078347617235069705 0.001086816276860224 -0.0062362825177020853 0.020229979258265366 0.008448768580505259 0.0057533382158991139 -0.0099544995050971207 -0.017489581842524245 -0.0061061278907435998 -0.0050113590351310777 0.0015404702350108532 -0.016178617076130438 0.0035858409709178646 0.01341949370039648 0.0068680602937402271 0.0050132536045402786 -0.00077796958741832404 -0.0078002090572681995 0.001749532487163002 -0.0092480523222209145 0.0079082195324694498 -0.011234905990840567
leaf_weight=677.01880303025246 467.19382522255182 146.58494871109724 516.75415951013565 3175.9863735511899 24384.700173057616 2873.3109786510468 4233.9807225167751 1399.7749284952879 7003.6929239481688 48361.684997439384 316.81920990347862 133.54000535607338 2889.8317414373159 497.91979922354221 810.78718461096287 140.11918094754219 5596.3678585290909 2922.8396784290671 153.8488056063652 92.736716240644455 2444.0799353569746 160.6473029255867 1285.9162268787622 475.82830384373665 1276.4306933283806 360.95056262612343 376.28069376945496 3029.5152454972267 395.90349332988262 511.3268626332283
leaf_count=2743 2782 765 2529 14170 100639 12545 18270 6120 32361 207743 1418 714 13362 2182 3905 618 23258 13385 689 388 10375 690 5398 1950 5680 1516 1626 14695 1686 2426
internal_value=8.88784e-05 -0.000184436 0.000240819 0.000440664 -0.000163578 -0.00310649 0.00346001 -0.000498647 0.00565104 0.000256165 -0.00814429 0.00524683 0.00384632 -0.00660866 -0.0017391 -0.0126461 -0.00503012 -0.00343978 0.0170637 -3.75447e-05 -0.00123315 -0.00306708 0.00528803 -0.00403708 -0.00435284 0.00211313 -0.00351597 -0.0100146 0.00161249 -0.0172074
internal_weight=117112 111220 97090.4 94833.2 79019.8 14129.7 15813.4 5633.76 10179.7 72746.4 2257.2 5892.28 5271.24 6596.86 2381.41 1544.48 6273.39 3420.76 621.043 7532.82 6154.17 2247.87 1378.65 3349.14 2087.22 2805.03 516.4 3176.1 712.723 1028.08
internal_count=506628 478806 415607 405304 334383 63199 70921 24390 46531 308382 10303 27822 24351 31027 10989 7199 26001 15567 3471 32172 26386 10275 5786 14495 9585 11891 2244 15460 3104 4955
is_linear=0
shrinkage=0.04


Tree=76
num_leaves=31
num_cat=0
split_feature=1 1 18 9 11 10 10 6 10 22 29 26 27 13 18 0 9 9 10 10 29 2 27 2 13 2 18 9 26 16
split_gain=110.053 186.404 132.221 182.083 110.602 134.679 221.255 99.1031 91.9639 86.4163 63.2422 60.4055 35.6913 41.5986 33.958 86.843 62.7863 51.6916 56.0218 50.7979 43.2978 34.0393 31.7392 31.7102 27.3723 25.2357 24.6269 24.0514 30.1288 23.5698
threshold=1.5934976360654221e-07 1.5842603140470149e-07 0.89950862318137592 3.5050676994072081e-05 0.19999991408792292 0.99999999894144032 0.5182389682659595 3.1344231161938553e-05 1.0000000180025095e-35 7.1888781380300942e-06 0.82236808593361721 0.048066829999987112 1.2305727400000033 0.69279068597018567 0.089076408668745957 1.5933596397843533e-07 7.3255645676564909e-06 1.291979436446835e-05 0.99999992121020276 0.0011820192631919262 -0.55806328263610727 2.2705533883282673e-05 1.9899635950000172 1.588058182733221e-07 0.7220581001564178 1.5809459341653567e-07 0.97163120567446348 1.6418038081795673e-05 -1.3082822900000111 0.0051151229732938923
decision_type=2 2 2 2 2 2 2 2 2 2 2 2 2 2 2 2 2 2 2 2 2 2 2 2 2 2 2 2 2 2
left_child=1 2 4 8 27 6 -6 14 -4 25 -7 -10 13 -9 17 19 21 18 20 -16 -2 -17 24 -11 -19 -3 -18 -1 -29 -21
right_child=7 9 3 -5 5 10 -8 12 11 23 -12 -13 -14 -15 15 16 26 22 -20 29 -22 -23 -24 -25 -26 -27 -28 28 -30 -31
leaf_value=0.0017247855877857775 0.0048773150923290352 -0.030593871337540428 0.020903213898858148 0.00059164587614715376 0.00049673468406750878 -0.0038518492476311561 0.0070633553501623612 0.00030979056833257149 -0.010602353596279408 -0.0096243310180752738 0.0070380495306586856 -0.00048498580987563656 -0.0034825367045735549 0.0093452471593943858 0.011870480831643557 -0.016179074637701941 0.00027492544796759881 0.0047527510466061525 -0.0021978785389245126 -0.0098530265333689037 0.023780243549642557 0.0081337234911077663 -0.008067497349811879 0.00098511959310694378 0.016179525169961149 -0.015104106899761698 0.0073693261137611826 0.0032341492420761755 -0.0054512537721782238 -0.0011232531533373028
leaf_weight=1087.011091016233 273.42587505280972 344.30463017523289 166.21042449772358 7504.1065390259027 36752.41828417033 10142.871555194259 10569.771751582623 12152.565765634179 5943.8246017247438 1663.2399269267917 929.06135945022106 1124.1942624151707 3812.6442703902721 871.66173531115055 282.61445194482803 320.92110097408295 934.51063553988934 4996.1406542360783 269.15086857974529 1169.3708493560553 684.0839487016201 126.76928685605526 287.29246664047241 616.05889513343573 358.37051665782928 349.50562053918839 4885.9261135607958 702.92172296345234 6790.6011322587729 860.6894836127758
leaf_count=4780 1334 1453 684 30604 161403 45395 45337 50279 25918 8401 4164 4695 15634 3796 1184 1381 4051 22290 1111 4797 3691 592 1255 2786 1678 1703 21550 2848 28047 3479
internal_value=5.59299e-05 -0.00070159 -0.000343398 -0.00377313 0.000411361 0.00103458 0.00196385 0.00204298 -0.00830025 -0.0105359 -0.00293619 -0.00899471 -7.95887e-05 0.00091657 0.00435624 0.00267606 0.00512028 0.00645276 0.0138913 -0.00394445 0.0184143 -0.0092746 0.00482917 -0.00675611 0.00552556 -0.0228785 0.00623189 -0.00382832 -0.00463495 -0.00616049
internal_weight=116972 84686.1 81713 14738.3 66974.7 58394.1 47322.2 32286.1 7234.23 2973.11 11071.9 7068.02 16836.9 13024.2 15449.3 8580.8 6268.13 6868.46 1226.66 2312.67 957.51 447.69 5641.8 2279.3 5354.51 693.81 5820.44 8580.53 7493.52 2030.06
internal_count=506320 368218 353875 61901 291974 256299 206740 138102 31297 14343 49559 30613 69709 54075 68393 37034 27574 31359 6136 9460 5025 1973 25223 11187 23968 3156 25601 35675 30895 8276
is_linear=0
shrinkage=0.04


Tree=77
num_leaves=31
num_cat=0
split_feature=24 7 2 13 10 23 9 18 21 17 1 13 9 29 9 18 21 10 29 5 9 29 7 11 5 1 26 29 23 5
split_gain=94.0883 92.1036 159.227 85.7153 82.3953 108.382 82.4998 72.2919 227.237 210.042 64.7724 54.1692 58.8739 53.0252 41.5659 36.5881 47.0689 58.2512 43.5584 34.5083 30.6662 29.8954 29.7438 45.2965 28.8573 28.7464 28.4508 27.4166 26.1779 25.654
threshold=0.95020058541455754 2.6534951641131329e-07 -1.5544096587660758e-07 0.27351093483150685 0.99999985984033624 0.99999929935792309 1.7864685252601787e-05 0.000905388722374423 -4.0725524454601327 1.5929746008037509e-07 -1.5521497065407172e-07 0.88134470896027961 1.2689501762499454e-05 0.70807986741379991 1.555827375683606e-05 0.9974259931628936 -4.0161068371708692 0.012369558030094808 -0.087490259371265505 -0.00054029432565805269 3.6060372546186128e-06 -0.13923837665487085 2.4217120972406794e-05 0.51052693262580029 -0.00015824675123976559 3.5016661188436164e-06 0.0022834349999856663 -0.93215261846812913 0.68007625946238803 0.00037542046423766356
decision_type=2 2 2 2 2 2 2 2 2 2 2 2 2 2 2 2 2 2 2 2 2 2 2 2 2 2 2 2 2 2
left_child=3 2 -2 19 5 7 13 8 -5 -9 -4 12 -12 20 27 18 17 -17 22 -1 -6 -8 23 -3 -21 -15 -16 -7 -26 -20
right_child=1 15 10 4 6 14 21 9 -10 -11 11 -13 -14 25 26 16 -18 -19 29 24 -22 -23 -24 -25 28 -27 -28 -29 -30 -31
leaf_value=0.0036166888424764439 0.016014523850791017 0.012184671038231936 0.016868968461288946 0.0030330478557088125 -0.014969504855149224 0.0023041771780863722 -0.0019264180010775715 -0.0047531782293665312 -0.0034148606806427297 0.0016410334937584934 -0.01167210659893227 0.014785713376685126 -0.00074780320724664704 0.0066047205542735842 -0.012638568669867505 0.019282334312819845 0.0085854482085597275 -0.0047968197469925979 0.013491090504406498 -0.011097685311224707 -0.0068074362463837051 0.0039614456337081503 -0.00018567360464493009 0.0028247278975141428 -0.0057957799470125075 -0.0098769878669692154 0.0027784827431424131 -0.018690247900073214 0.0023121725331878775 -0.0021089892609607963
leaf_weight=674.69893197715282 683.81897764652967 1452.344415590167 203.06984180212021 37116.606346517801 911.18285937607288 113.67736355960369 4472.3790611028671 13577.006506577134 11437.370374426246 20821.312865182757 2022.9055519476533 183.37871137261391 1295.9751826375723 649.9593503922224 310.88994005322456 176.12825666368008 957.5059752613306 1608.9365855455399 1748.0169382542372 1327.8335254639387 3907.042428150773 1992.4131891429424 1338.4156067669392 1927.4531800150871 3579.5877273827791 226.16476161777973 489.9518821388483 744.56183547526598 772.43136030435562 185.26016870141029
leaf_count=2736 4171 6722 1068 162814 4883 524 19102 57267 47506 86046 9601 778 5618 3048 1379 805 4399 6885 8471 5476 18065 8523 5883 8671 14912 976 2111 3635 3376 842
internal_value=-5.75198e-06 0.00309783 -0.00168417 -0.000420683 -0.00012505 0.000317378 -0.00320371 0.000520038 0.00151396 -0.000882741 -0.00496033 -0.00623845 -0.00741175 -0.00671331 -0.00979788 0.0053326 0.00144059 -0.00239493 0.00693537 -0.00492005 -0.00835891 -0.000110087 0.00485698 0.00685439 -0.00593627 0.0023279 -0.00321889 -0.0159038 -0.00435486 0.0119923
internal_weight=116908 13783.2 4389.15 103125 96770.5 84611.4 12159.1 82952.3 48554 34398.3 3705.33 3502.26 3318.88 5694.35 1659.08 9394.06 2742.57 1785.06 6651.49 6354.55 4818.23 6464.79 4718.21 3379.8 5679.85 876.124 800.842 858.239 4352.02 1933.28
internal_count=506293 63914 21236 442379 415879 361282 54597 353633 210320 143313 17065 15997 15219 26972 7649 42678 12089 7690 30589 26500 22948 27625 21276 15393 23764 4024 3490 4159 18288 9313
is_linear=0
shrinkage=0.04


Tree=78
num_leaves=31
num_cat=0
split_feature=25 3 4 13 10 9 21 9 18 17 3 20 17 13 10 21 2 4 8 13 7 28 5 9 5 18 29 28 3 12
split_gain=89.4096 68.595 89.1236 68.0229 73.7051 222.192 91.6603 91.2382 130.699 373.331 148.696 86.016 75.6366 62.1102 57.6559 53.6323 45.0552 41.4804 40.9276 38.9842 36.1698 32.1586 29.6999 33.7178 32.9088 28.0357 36.9545 22.1482 19.6492 19.0677
threshold=0.95265041081967372 -1.5584522827793987e-07 3.1747157969164169e-07 0.27351093483150685 1.0000000180025095e-35 1.2006752026273524e-05 -5.2982803670330263 1.808877820907434e-05 0.53291042572761549 1.3747294623637422e-07 4.2255401154989165e-05 -0.32044288947622523 4.6553601392404795e-05 0.46524530886550752 0.13734775442051936 -4.5418536611183313 -1.5560086463750619e-07 -2.983495965036553e-05 5.4082817042822506e-05 0.84435981130785531 9.1048757623182338e-08 0.050400854999997892 -0.00054029432565805269 5.283962937084989e-05 -0.00013144751092220017 0.7184489015218537 -0.11738634585771594 0.92571761499998229 2.1157233508262155e-05 0.29928202410670174
decision_type=2 2 2 2 2 2 2 2 2 2 2 2 2 2 2 2 2 2 2 2 2 2 2 2 2 2 2 2 2 2
left_child=3 20 16 22 5 13 11 8 9 -6 -10 -7 -8 29 18 -16 -3 -15 -9 21 -2 -18 23 -1 -24 26 27 -4 -27 -5
right_child=1 2 25 4 7 6 12 14 10 -11 -12 -13 -14 17 15 -17 19 -19 -20 -21 -22 -23 24 -25 -26 28 -28 -29 -30 -31
leaf_value=-0.0094307508552330353 0.028911143971447374 0.021120706800534263 0.0081960089791501822 -0.0087654052980435226 -0.0040453399206194108 -0.0012095733965336367 -0.0073331141022365326 -0.004694230241077537 -0.011800783406431427 0.0096749806040653304 0.004716573351649855 0.0051603193258870682 0.0033235983581777545 0.003704407222812255 -4.6750830747121157e-05 0.0027681961634549051 -0.020781948295995497 0.017080247365095422 4.9091807374132043e-05 0.014718212514412229 0.0082437225996418832 -0.0054998355352532677 -0.010133493337157953 0.0097616714284821347 -0.003292409134625255 -0.0090882003585153869 0.015077827613869301 -0.00037410562067336791 0.0035636895553331355 0.0054374027402967718
leaf_weight=210.4109895825386 264.43632829189301 84.572673365473747 1443.5568497553468 189.06831127405167 14429.64906091243 6523.7045438289642 3600.5399498939514 5460.6492721438408 4035.508818551898 4064.9040799364448 1110.2273587286472 7058.4513908922672 1510.6259242892265 455.22152660787106 29898.419398024678 16973.458618327975 357.98150672018528 2069.2715100497007 6223.8610119074583 99.119045630097389 282.88418551534414 577.32472278177738 1513.4402971565723 467.04252667725086 4401.3388738408685 247.56960910558701 878.04662980139256 721.8397838100791 913.02900247275829 715.77060220390558
leaf_count=862 1638 486 6593 844 66759 27731 14934 22813 18141 19267 4928 31183 6205 2177 125446 70106 1755 11594 25125 432 1376 2756 6252 1885 18537 1092 4328 3306 4144 3419
internal_value=5.62718e-05 0.00486611 0.00347374 -0.000198351 5.06533e-05 0.00210001 0.000382139 -0.00050089 -0.00259819 -0.00102857 -0.00823535 0.00210065 -0.00418222 0.0114556 0.000345797 0.000972572 -0.00654604 0.0146765 -0.00216765 -0.00885746 0.0183227 -0.0113936 -0.00413823 0.0037796 -0.00504728 0.00614436 0.00816042 0.00533912 0.000846545 0.00244774
internal_weight=116782 5870.36 5323.04 110912 104319 22122.7 18693.3 82196.7 23640.3 18494.6 5145.74 13582.2 5111.17 3429.33 58556.4 46871.9 1119 2524.49 11684.5 1034.43 547.321 935.306 6592.23 677.454 5914.78 4204.04 3043.44 2165.4 1160.6 904.839
internal_count=506114 27906 24892 478208 450672 98087 80053 352585 109095 86026 23069 58914 21139 18034 243490 195552 5429 13771 47938 4943 3014 4511 27536 2747 24789 19463 14227 9899 5236 4263
is_linear=0
shrinkage=0.04


Tree=79
num_leaves=31
num_cat=0
split_feature=24 13 0 0 21 3 2 1 26 1 9 0 2 1 13 9 21 10 28 18 8 26 13 18 21 17 23 4 18 9
split_gain=98.1906 80.1505 73.1486 190.625 102.099 69.7282 114.448 69.1531 97.0815 80.9288 68.6541 66.4095 56.1741 51.215 56.3493 42.9554 39.7871 37.3326 36.3619 31.8492 31.2126 29.851 28.5959 31.1526 36.0914 31.8423 21.4772 24.6709 20.3212 18.5195
threshold=0.95020058541455754 0.20345540815506544 2.7499649402074061e-07 1.546607881763862e-07 -1.3919581503415797 4.7620623675470605e-06 -1.5607332048972464e-07 -1.532183498031969e-05 -0.6531266150000149 -1.4552156990532692e-07 5.5773893078272741e-05 -1.5515253881659416e-07 -3.1450148352263335e-07 -1.5783720108686336e-07 0.88134470896027961 1.6194213567683155e-05 -3.2047600486192729 0.99097645057381578 0.92571761499998229 0.99239532732021174 6.1054639388012589e-06 -2.1694734549999879 0.86026162764763592 0.0013386904840240314 -4.0161068371708692 1.546470350991794e-07 -0.6546264444060399 0.00024381933565820193 0.99991568296800382 9.7492825504405296e-06
decision_type=2 2 2 2 2 2 2 2 2 2 2 2 2 2 2 2 2 2 2 2 2 2 2 2 2 2 2 2 2 2
left_child=1 21 3 7 10 6 12 8 -3 -9 20 -8 -2 -13 -15 28 -17 -6 22 -12 -4 -1 23 25 -25 -7 27 -23 -5 -14
right_child=5 2 4 15 17 18 11 9 -10 -11 19 13 29 14 -16 16 -18 -19 -20 -21 -22 26 -24 24 -26 -27 -28 -29 -30 -31
leaf_value=0.010785339496066405 -0.005305864596084146 0.0036734910292306922 -0.0040648752481537362 -0.0082731717287452666 -0.0066683459440865858 0.0070880376346162191 0.015378265978977339 0.0036184283140532525 -0.0033389791209146153 -0.00021418945319388137 -0.0031133874640630059 0.024536695241178137 0.024394954858000334 -0.0058810625888727356 0.015296044583667822 -0.0059420952437013522 0.0056166784829334926 0.00081414809199141622 0.0012278226659799879 0.0027081779103407212 0.006896117105174673 -0.0094737511364945057 0.021394509284474429 -0.0016586066486566889 0.010390148309566008 0.017316897584668582 -0.0032418442556417315 -0.02768099952038695 -0.015636691805118324 0.01116134608425891
leaf_weight=137.08322986960411 212.79540845751762 3840.0648853778839 439.3571031242609 1607.7940075844526 2424.1871716231108 3303.197532735765 295.01724426448345 11177.046426057816 17740.131862923503 41671.11250282079 2316.1624547541142 94.851035580039024 361.1560011729598 4011.4943982213736 209.23146913945675 4341.1526084393263 532.74664977192879 1900.8487461209297 2327.4160666540265 4273.8611757457256 7082.2682541012764 1539.3780015259981 215.22497601062059 1224.5132309794426 585.98647551238537 572.35038736462593 905.71234911680222 128.11554028093815 973.18888385593891 334.66986394673586
leaf_count=557 893 15650 1936 8211 9821 15201 1530 52093 73008 179565 9342 466 2519 18364 885 18595 2194 7938 10478 17377 30830 6412 972 5361 2762 2815 3809 522 4553 1752
internal_value=-4.08105e-05 -0.000464576 -0.00028105 -0.000793633 0.00199497 0.00313408 -0.0003433 -0.000182649 -0.0020906 0.000596399 0.00364299 -0.00290286 0.0126114 -0.00416181 -0.00482175 -0.00689077 -0.00467528 -0.00337978 0.00546661 0.000660803 0.00625397 -0.00724919 0.00713616 0.0065866 0.00224638 0.00860999 -0.00822144 -0.010914 -0.0110639 0.0180989
internal_weight=116778 103030 100320 81883.2 18436.7 13747.9 5519.22 74428.4 21580.2 52848.2 14111.6 4610.59 908.621 4315.58 4220.73 7454.88 4873.9 4325.04 8228.69 6590.02 7521.63 2710.29 5901.27 5686.05 1810.5 3875.55 2573.21 1667.49 2580.98 695.826
internal_count=506411 442413 431113 353869 77244 63998 26409 320316 88658 231658 59485 21245 5164 19715 19249 33553 20789 17759 37589 26719 32766 11300 27111 26139 8123 18016 10743 6934 12764 4271
is_linear=0
shrinkage=0.04


Tree=80
num_leaves=31
num_cat=0
split_feature=5 28 12 10 8 4 18 17 8 21 24 13 29 13 5 27 7 21 18 1 8 4 11 17 0 28 22 24 28 7
split_gain=87.4032 84.2755 77.8501 131.177 232.951 83.0933 82.7673 186.491 164.254 66.5749 57.3159 52.1931 51.7318 48.9102 51.3481 40.0223 39.4754 34.5912 35.1679 33.7206 32.9721 45.9096 33.6533 32.3561 32.0122 28.3214 23.8137 24.5091 23.2623 31.7115
threshold=-0.00012397123760266024 -0.83205848500003088 0.26789857069655759 1.0000000180025095e-35 2.5270960852202027e-05 2.6579767303580585e-05 0.5191179335523356 1.4677669923658928e-07 1.3973949194979792e-05 -5.3371559130148638 -0.81241824164228615 0.74998055181009637 -0.63229425304742815 0.45537468146682164 -0.00046523397343012357 1.1689238250000047 6.0762654967297105e-05 -5.659633062081066 0.73903424394103656 4.6341563475493791e-07 1.8931264408499553e-05 -3.4095880764972712e-05 0.58051033834057109 3.0094224498673954e-05 2.7499649402074061e-07 0.06554161999998058 1.5188480278071765e-06 -0.9231929852438655 -1.5698257500000017 5.5470423851848844e-05
decision_type=2 2 2 2 2 2 2 2 2 2 2 2 2 2 2 2 2 2 2 2 2 2 2 2 2 2 2 2 2 2
left_child=1 13 19 4 9 6 7 -5 -8 12 16 15 -4 14 -1 -7 -3 18 -6 26 21 24 -22 -19 -12 -13 -2 -28 -21 -30
right_child=2 10 3 5 17 11 8 -9 -10 -11 20 25 -14 -15 -16 -17 -18 23 -20 28 22 -23 -24 -25 -26 -27 27 -29 29 -31
leaf_value=0.0023013715519386905 0.0024747736710997175 -0.0091035530790612891 0.0040309244235008446 -0.0023765082405861489 0.00028466026620724657 0.0020505792306731428 -0.011987859345878498 0.0055748418677060811 -0.00028298370598775274 0.0020150777716090515 -0.0097039026735198895 0.015159377553136042 0.013055548441306764 0.003669203815223268 -0.0049611495885519379 -0.0020517155216339998 0.0095920094425578847 -0.0084611521529457927 0.012566409112353984 -0.0060815751846473596 -0.0030063111954056142 -0.0010485593290288761 0.00073119778238341332 0.001459189178217219 0.011152083014098087 0.0049974989164327807 -0.011040032251205924 -0.0042080783970950414 0.0092160873574043869 -0.0076271109501597273
leaf_weight=3071.6662514954805 610.83140575885773 2981.1078746914864 1287.5638956874609 15017.631006121635 4976.8088133782148 21776.305968910456 3027.5892077684402 6879.4328825548291 5231.3096760213375 1596.3884947746992 2469.4979083687067 588.04034430533648 4908.7929412350059 6059.5422965288162 3154.3224047720432 4607.2668238282204 190.13981385529041 1389.1072400659323 400.98093439638615 396.57374651730061 8360.9027385413647 2418.0624059587717 7144.8965948969126 843.30180825293064 121.44024562835693 1740.5274863168597 1124.2575107216835 3353.5314733460546 772.03697495162487 230.18164017796516
leaf_count=12438 2556 12769 6358 69209 21088 92691 13902 30517 21778 7159 10924 2584 25731 25176 12999 18978 776 5668 1702 1610 34406 10889 29783 3437 523 7648 4763 14046 3415 934
internal_value=6.34143e-05 -0.00157648 0.000793957 0.00116109 0.00444719 0.000301033 -0.00116519 0.000121642 -0.00457678 0.0093073 -0.00297083 0.00184117 0.0111835 0.00111134 -0.00137763 0.00133386 -0.00797432 -0.00053008 0.00120673 -0.00340715 -0.00219623 -0.00501736 -0.00128388 -0.00471347 -0.00871463 0.00757925 -0.004919 -0.00592974 0.00208748 0.00533272
internal_weight=116730 35971.6 80758.5 74271 15402.9 58868.1 30156 21897.1 8258.9 7792.75 23686 28712.1 6196.36 12285.5 6225.99 26383.6 3171.25 7610.2 5377.79 6487.41 20514.8 5009 15505.8 2232.41 2590.94 2328.57 5088.62 4477.79 1398.79 1002.22
internal_count=506457 150683 355774 328450 71143 257307 135406 99726 35680 39248 100070 121901 32089 50613 25437 111669 13545 31895 22790 27324 86525 22336 64189 9105 11447 10232 21365 18809 5959 4349
is_linear=0
shrinkage=0.04


Tree=81
num_leaves=31
num_cat=0
split_feature=0 0 5 13 18 13 1 1 11 22 22 22 27 8 10 9 0 17 11 9 9 9 0 10 27 17 15 28 2 17
split_gain=81.5551 249.053 119.031 88.6356 77.8167 71.7519 65.762 142.838 102.883 301.195 150.839 86.163 63.0348 58.9705 49.4165 57.3858 42.7845 41.719 37.9712 37.3911 36.394 58.1916 33.5186 31.2909 29.3708 28.1348 27.5777 25.6807 25.0277 23.7352
threshold=-2.9310409210836491e-07 -1.5430883060219e-07 5.3017194433735433e-05 0.52991577490861808 0.016666666676064781 0.36992831915104746 -1.0000000180025095e-35 -3.1727463500885728e-07 0.40009659753849286 1.0000000180025095e-35 1.0000000180025095e-35 1.0000000180025095e-35 -0.64590180499998817 3.2490649517656574e-05 1.0000000180025095e-35 2.3222011489007417e-05 2.7499649402074061e-07 1.8648882269071499e-05 0.072520718320550182 1.3345381663875122e-05 3.9038568201982652e-05 8.8376850988736705e-06 -3.9664593955990304e-06 5.4956023957899377e-06 0.97493238000000459 8.7303278026680438e-06 0.25527630732676265 0.02914639499995457 -1.0000000180025095e-35 0.00010012110530466413
decision_type=2 2 2 2 2 2 2 2 2 2 2 2 2 2 2 2 2 2 2 2 2 2 2 2 2 2 2 2 2 2
left_child=4 3 6 -2 12 18 7 23 10 -10 -8 -9 29 16 17 22 -7 -6 -4 -5 21 -14 -16 -3 -15 -17 -23 -21 -20 -1
right_child=1 2 5 19 14 13 8 11 9 -11 -12 -13 20 24 15 25 -18 -19 28 27 -22 26 -24 -25 -26 -27 -28 -29 -30 -31
leaf_value=-0.0015044941122073008 0.0016950221772330681 0.0034772180736561509 -0.0095227701656895279 0.014213556875364068 0.023710170984269151 0.0031374558784577678 0.010845425584849584 0.014330519120728132 -0.011367468833016104 -0.0013619328045186335 -0.0012860474629260309 0.0024202029477844176 0.004531695667188182 0.0016534201123415367 -0.0048456508653481473 -0.0042303985239597591 0.0087415501507556882 0.0038981276343228485 -0.0059888620026893481 0.010566474652962768 -0.0035821698715163297 -0.010718820593283549 -0.02559456198573835 -0.002812633640926349 -0.00239468841809855 0.0036333115141856404 0.0075190916602009264 0.0036856169400823913 0.00056034890920914364 0.005437268978308589
leaf_weight=2891.8193901479244 3396.5118760764599 1514.8244856894016 993.27516627311707 2039.9777953624725 272.4647491723299 12565.22734926641 2067.1997054219246 1638.914312556386 6105.8527506142855 22728.37263404578 7893.4062114730477 2389.2951992750168 492.5656401515007 10387.026497647166 379.70903484523296 940.0550050586462 2638.8522557616234 451.52792805433273 1220.307651296258 1880.6116079539061 6269.087176695466 3645.0444148629904 184.83233565092087 7612.0720466077328 3957.9258380234241 3191.811261177063 135.6579899340868 1623.3599452376366 3942.1332331895828 1080.41116784513
leaf_count=11911 15216 6125 4075 12040 1149 55539 9133 8289 26675 100434 34271 11152 2127 42809 1593 3827 12433 1830 5018 8429 25506 15541 768 31535 16192 12864 562 7502 16977 4387
internal_value=-5.22153e-05 0.000428471 -0.0002202 0.00678725 -0.00238146 0.00155766 -0.00144224 0.00100127 -0.00227098 -0.00348165 0.00123309 0.00727316 -0.00390863 0.00237617 0.00170677 0.000203649 0.00411174 0.0114161 -0.00236986 0.00990384 -0.00552642 -0.00837371 -0.0117291 -0.00176739 0.000535872 0.00184134 -0.0100585 0.00738505 -0.000988668 0.000384237
internal_weight=116530 96595.1 87654.7 8940.46 19935 35704.7 51949.9 13155.1 38794.8 28834.2 9960.61 4028.21 14514.6 29549 5420.4 4696.41 15204.1 723.993 6155.72 5543.95 10542.4 4273.27 564.541 9126.9 14345 4131.87 3780.7 3503.97 5162.44 3972.23
internal_count=505909 423844 380657 43187 82065 153043 227614 57101 170513 127109 43404 19441 60034 126973 22031 19052 67972 2979 26070 27971 43736 18230 2361 37660 59001 16691 16103 15931 21995 16298
is_linear=0
shrinkage=0.04


Tree=82
num_leaves=31
num_cat=0
split_feature=25 0 0 9 1 1 9 22 9 3 3 4 21 21 10 10 7 10 9 18 21 14 2 21 10 18 29 0 29 10
split_gain=77.2454 74.9214 199.39 86.3675 71.4578 187.447 76.1076 70.2515 69.204 67.5766 49.509 74.9889 47.3675 40.3285 48.2129 45.5405 38.924 33.3972 32.5512 30.9978 30.5376 50.6936 29.1181 29.113 26.1974 22.7724 24.8701 21.9289 18.3663 16.3865
threshold=0.95265041081967372 2.7499649402074061e-07 1.5435644407091334e-07 5.4000797918082388e-05 -1.5966206490247711e-07 -1.5853278512167887e-07 3.5050676994072081e-05 3.9694430502492649e-07 1.9936880152691946e-06 -3.0287181417065764e-05 -1.5584522827793987e-07 3.1747157969164169e-07 -1.3919581503415797 -3.2047600486192729 0.10736430170113782 1.3456215320103785e-06 1.0066258265987235e-07 0.99999729446683416 1.9936880152691946e-06 0.99295774648001001 -8.0719145940866621 0.99206349206475253 -1.5544096587660758e-07 -23.025800932440287 0.98361172229280946 0.99780701754261758 -0.087490259371265505 4.9517118194231109e-05 -0.50311064341854872 0.999157179008486
decision_type=2 2 2 2 2 2 2 2 2 2 2 2 2 2 2 2 2 2 2 2 2 2 2 2 2 2 2 2 2 2
left_child=1 2 4 12 6 8 9 -7 -6 -1 16 22 20 15 -15 -4 -2 -8 -17 29 28 -22 -12 -24 -14 26 -13 -21 -3 -5
right_child=10 3 13 19 5 7 17 -9 -10 -11 11 25 24 14 -16 18 -18 -19 -20 27 21 -23 23 -25 -26 -27 -28 -29 -30 -31
leaf_value=-0.0071303687594165971 0.026898563076626358 0.0049845446897832163 0.013394046885264783 -0.0047273291403306964 0.026138179431255432 -0.0023956335870499567 -0.00051434408524394083 0.0010819852609528602 0.0084715007008868588 -0.00026054626832940032 0.015469633836423942 0.0053050877264256514 -0.0083348355743112067 -0.015227879123459607 0.0075132444536725922 -0.019041659786777517 0.0052635513816577514 0.0074701020909973027 -0.0071432744797657825 0.0041779959705693665 -0.00038927719418284818 0.0071241048761771664 -0.016265016866267076 -0.0024150159068237506 0.0023104122835471553 0.00083266360424296695 0.01320227298297 -0.00068229406678005323 0.013596708068775068 0.0010299062694197119
leaf_weight=6069.2030375748873 267.1251261010766 613.65353624522686 164.17743626236916 3002.0444611310959 429.28670717775822 12011.333027817309 15859.76502121985 41049.895204938948 2035.8678622469306 3682.5977303534746 92.403625823557377 2215.6524318754673 581.37399245798588 193.86905157566071 618.59419150650501 387.02641849964857 267.26751130819321 882.5296274125576 7241.6314189732075 2491.4155874401331 2127.2534886151552 4413.5211708396673 390.9318241328001 640.64109548181295 1006.2800681591034 1072.7014951407909 900.57679818570614 3667.3907465338707 1150.9288629293442 1070.5156746953726
leaf_count=25652 1700 2694 716 12079 3071 52626 64410 178987 10955 15378 544 10167 2410 836 2563 2326 1281 3616 32371 10139 9185 19412 1797 3152 4426 4813 4489 14912 5388 4329
internal_value=9.9412e-05 -0.000137147 -0.000627467 0.00207041 -1.95898e-05 0.000795879 -0.00172879 0.00029458 0.0115729 -0.00453742 0.00457918 0.00340631 0.00473487 -0.00641906 0.00205055 -0.00730322 0.0161613 -9.20946e-05 -0.0077535 -0.000505847 0.00594489 0.00468037 -0.00575645 -0.00769508 -0.00159063 0.00586819 0.00759767 0.00128372 0.010616 -0.00321279
internal_weight=116597 110750 90625.8 20124.4 82020.5 55526.4 26494.1 53061.2 2465.15 9751.8 5847.3 5312.91 9893.01 8605.3 812.463 7792.84 534.393 16742.3 7628.66 10231.4 8305.36 6540.77 1123.98 1031.57 1587.65 4188.93 3116.23 6158.81 1764.58 4072.56
internal_count=506424 478481 393507 84974 354695 245639 109056 231613 14026 41030 27943 24962 43515 38812 3399 35413 2981 68026 34697 41459 36679 28597 5493 4949 6836 19469 14656 25051 8082 16408
is_linear=0
shrinkage=0.04


Tree=83
num_leaves=31
num_cat=0
split_feature=13 10 9 23 17 18 17 17 3 3 21 20 26 17 29 13 28 9 4 0 27 29 6 23 28 22 27 25 29 27
split_gain=77.5709 77.638 222.13 159.084 124.918 165.834 348.251 210.622 112.117 149.497 74.7291 67.3131 66.5309 61.0289 56.4556 53.1255 46.6002 41.5435 37.9995 27.5567 24.636 24.5654 22.6565 19.9465 24.6313 18.5592 16.7179 17.0997 16.4693 16.0625
threshold=0.21661576249400941 1.0000000180025095e-35 1.2006752026273524e-05 -0.99999999097776582 1.3747294623637422e-07 1.0000000180025095e-35 1.5945596171135808e-07 1.5929746008037509e-07 3.1213748385994227e-07 1.5530324493084893e-07 -5.2982803670330263 -0.27426215573134533 -0.027940255000013042 4.7216795390760434e-05 -0.064037908078873676 0.46663967411853957 1.9510484049999872 7.0783446745661142e-06 -2.2448992621271199e-05 1.5435644407091334e-07 -0.0044570549999851774 -0.5841205614574897 1.5532362487265747e-07 0.68007625946238803 -6.2644668450000136 0.36220582159950554 -0.17651368000000348 0.58575509697939987 -0.53262256049895995 0.11192875000000417
decision_type=2 2 2 2 2 2 2 2 2 2 2 2 2 2 2 2 2 2 2 2 2 2 2 2 2 2 2 2 2 2
left_child=23 2 15 12 8 6 -6 -7 9 -5 11 21 -3 14 -12 -2 -13 28 25 -10 -19 -4 -20 24 -1 -17 -25 -28 -14 -26
right_child=1 3 10 4 5 7 -8 -9 19 -11 13 16 17 -15 -16 18 -18 20 22 -21 -22 -23 -24 26 29 -27 27 -29 -30 -31
leaf_value=0.0030031955024051736 0.0035971878158056838 -0.0022077997121898217 -0.0021724276339967936 -0.0030465881243698003 0.0074974577832399095 -0.0048929935949428996 -0.0032926754706385647 0.0011936052608288667 0.0024494365407271242 -0.012964024491057376 -0.0016257297410025256 0.0066867098573072607 0.028889668584003336 0.0031193462792748661 -0.011234295274231667 0.010661082020079904 -0.0044488443184024853 0.003592148778442575 0.013333460581731517 -0.0036996406910663692 0.014718364585626354 0.0018880640119471942 0.021991131571027042 0.016802102542048798 -0.0099272569114124617 -0.0043839380378224071 -0.0083841539298492081 0.0088799753738067512 0.011670127042468595 -0.00070106287132843173
leaf_weight=326.44725680351257 1111.9285471960902 549.13795049488544 4684.440285012126 17338.104335211217 12342.590557575226 14858.903800740838 7813.1562948077917 23445.762834042311 6107.4956447631121 2827.6289568021894 2082.0251830667257 5077.4759084656835 327.03538490086794 1596.1007252186537 1847.7856297940016 311.50155418366194 679.66725532710552 552.920963793993 1442.8354250267148 1438.2533596605062 760.28288298100233 4848.8599459677935 749.88366189599037 89.940523147583008 2169.4898404330015 222.89536661654711 249.85216180980206 141.78840513527393 130.13243103772402 352.74973964691162
leaf_count=1323 5267 2289 19673 77656 54603 63215 32228 97965 25938 13660 8553 22900 1754 6563 7753 1540 2958 2390 8860 6067 3453 21315 3980 379 9040 1038 1085 646 648 1460
internal_value=-1.63076e-05 0.000160795 0.00214576 -0.000392231 -0.00067067 0.000377805 0.00331459 -0.00116747 -0.0028826 -0.00443888 0.000514485 0.00195548 0.00993945 -0.00347085 -0.00614927 0.0109836 0.00536974 0.0137086 0.0139872 0.0012758 0.0100534 -0.000106582 0.0163178 -0.006031 -0.00730328 0.00438313 0.00148143 -0.00210266 0.0240877 -0.00864119
internal_weight=116477 113147 24655.4 88491.4 86171.9 58460.4 20155.7 38304.7 27711.5 20165.7 20816.4 15290.4 2319.51 5525.91 3929.81 3839.04 5757.14 1770.37 2727.12 7545.75 1313.2 9533.3 2192.72 3330.27 2848.69 534.397 481.581 391.641 457.168 2522.24
internal_count=506199 492266 110400 381866 371332 248011 86831 161180 123321 91316 89715 66846 10534 22869 16306 20685 25858 8245 15418 32005 5843 40988 12840 13933 11823 2578 2110 1731 2402 10500
is_linear=0
shrinkage=0.04


Tree=84
num_leaves=31
num_cat=0
split_feature=5 9 24 11 23 27 22 11 21 1 12 2 8 25 13 5 3 27 5 18 9 13 25 11 12 24 8 23 27 24
split_gain=73.0576 113.725 73.9208 58.9019 109.489 57.8635 55.74 197.77 90.2642 53.3817 46.1253 44.491 61.8072 35.931 35.0538 60.1844 31.3101 47.4515 27.0976 25.8351 24.5505 24.5278 24.4449 24.1346 24.0657 21.7026 21.6975 21.6671 20.6289 21.0969
threshold=-0.00012781684562312987 2.5619602511924599e-05 0.99140378223802528 0.046036391147626823 -0.99999999097776582 0.0043592050000087193 2.1666053531665357e-07 0.60000000000000087 -8.8115642453077392 -1.5547043741293007e-07 0.33340439695434665 -1.5560086463750619e-07 3.98668033674606e-06 0.25108457556464864 0.45537468146682164 -0.00049187310789733363 -6.1898346359612322e-07 -1.1661531299999985 5.3017194433735433e-05 0.093651232615474728 1.6000855894613852e-05 0.35453590000063523 0.98602777966463118 0.19999539568755378 0.39999803342191292 -0.76010050890071812 2.0984126253015838e-05 0.65203267515950925 -0.82765189999999944 -0.7089664104301342
decision_type=2 2 2 2 2 2 2 2 2 2 2 2 2 2 2 2 2 2 2 2 2 2 2 2 2 2 2 2 2 2
left_child=1 16 3 -2 9 27 7 -6 -8 18 -11 -7 22 14 15 21 17 -1 -5 -14 -19 -3 -13 -15 -18 -22 -26 -4 -16 -30
right_child=2 13 5 4 6 11 8 -9 -10 10 -12 12 19 23 28 -17 24 20 -20 -21 25 -23 -24 -25 26 -27 -28 -29 29 -31
leaf_value=0.0042679502356480015 -0.0055529750297724015 0.0059196332176032042 -0.028247404802538064 0.0045944084210184175 0.001933271078800757 0.017073484192603652 0.0033024288104922129 -0.010301224259605524 -0.00022352117618549964 0.0031327610869264742 0.015158630503115536 -0.0075966433125704705 0.0093052079429911238 -0.011508922156264707 0.0048712332720158048 -0.0042567645548633294 -0.012930643371608106 -0.012513813918335981 -0.011619790422920908 0.0025165440959595935 -0.010681823774117756 -0.00034168699021100933 0.0037560645886923695 -0.002180265389165186 -0.0029939381053988362 -0.0040041032606266203 0.0054056292657417458 -0.0049602566632023391 -0.0034655993546433704 0.0018794489697969302
leaf_weight=513.27886779606342 2592.512076228857 1725.5735267996788 89.605065725743771 428.40618924051523 5605.7499348819256 510.25939924269915 15716.632972635329 3390.3770042955875 44501.373942144215 777.7962262481451 1497.6166476011276 751.23786091804504 2769.2947844564915 482.13322870433331 3013.9052243828773 4950.2233008891344 302.40527158975601 1629.1491090506315 264.6694744899869 1333.4555314779282 1247.6674665659666 2374.9291285723448 505.3245705217123 5360.1550831645727 2169.4069343581796 2091.3407730311155 633.55583932995796 216.94551807641983 1397.03472879529 7570.2915586829185
leaf_count=2194 10772 7000 400 2163 24588 2947 71179 15394 192808 3374 6975 3590 12794 1980 12339 20346 1324 7220 1187 6054 5400 9627 2414 22245 9960 9023 2803 1066 5882 31325
internal_value=5.2099e-05 -0.0014618 0.000715366 0.00036782 0.000580732 0.0049204 0.000257883 -0.0026784 0.000696731 0.00810006 0.0110581 0.00580721 0.00472626 -0.000180975 0.000589714 -0.00128856 -0.00546854 -0.00728661 -0.00160752 0.00710301 -0.00848304 0.00229366 -0.00302795 -0.00295555 -0.0022543 -0.006507 -0.00109024 -0.0119531 0.00200905 0.00104536
internal_weight=116412 35461.1 80951.3 74775.1 72182.6 6176.12 69214.1 8996.13 60218 2968.49 2275.41 5869.57 5359.31 26874.2 21032 9050.73 8586.8 5481.44 693.076 4102.75 4968.16 4100.5 1256.56 5842.29 3105.37 3339.01 2802.96 306.551 11981.2 8967.33
internal_count=506373 148668 357705 328440 317668 29265 303969 39982 263987 13699 10349 27799 24852 110744 86519 36973 37924 23837 3350 18848 21643 16627 6004 24225 14087 14423 12763 1466 49546 37207
is_linear=0
shrinkage=0.04


Tree=85
num_leaves=31
num_cat=0
split_feature=13 5 5 9 10 13 28 25 24 2 6 9 27 10 2 24 18 29 27 13 5 7 9 2 6 9 19 24 5 5
split_gain=71.594 72.4672 76.6555 202.313 88.7013 72.6097 66.3269 59.9705 53.0375 52.5563 80.9944 61.372 34.9752 36.1938 28.1113 28.3627 25.8792 25.6281 23.9279 23.8666 23.2943 20.9007 25.7434 38.062 20.7692 17.1659 17.0075 16.0978 15.2019 24.86
threshold=0.27351093483150685 6.9073046216061595e-07 -1.0000000180025095e-35 1.1214689321891733e-07 1.3456215320103785e-06 0.76868957739221677 -0.83205848500003088 -0.73461822849495706 0.98242769360239846 -1.5544096587660758e-07 3.377605779085978e-06 1.9936880152691946e-06 0.89064257000000235 0.99999985984033624 -0.00021031749330457925 0.6924479700949091 0.010204081633978858 -0.11738634585771594 -3.4782241350000089 0.48873348803229255 9.5116834339492598e-05 1.0693596917936817e-07 3.1806175050880956e-05 -8.8936343107803833e-06 9.7800309394636817e-08 4.5399427318734032e-06 -0.33755136905368549 0.61810810689105111 -0.00054029432565805269 -0.00016280287935455104
decision_type=2 2 2 2 2 2 2 2 2 2 2 2 2 2 2 2 2 2 2 2 2 2 2 2 2 2 2 2 2 2
left_child=14 2 3 26 25 8 19 -8 12 10 -6 -11 13 -3 18 28 17 -10 -1 -5 -18 -7 23 -23 -14 -4 -2 -24 -16 -30
right_child=1 5 4 6 9 21 7 -9 16 11 -12 -13 24 -15 15 -17 20 -19 -20 -21 -22 22 27 -25 -26 -27 -28 -29 29 -31
leaf_value=0.022210897690198714 0.029967880428109949 0.0013785587392037186 0.01702234879428002 5.6224165613504629e-05 0.021162845941823435 0.00096791904613298754 -0.0059243489161016931 -0.0010359097362448101 0.0047313806951662027 -0.015881151415085587 -0.015378525427770889 -0.0016893570772263111 -0.012219049340208525 -0.0024870964633326507 0.0007497769344962992 0.0022016712749231906 -0.0082254139475353965 0.012776962977189086 0.00020843650664915218 0.0033905387971597187 0.003674335849273716 -0.0098431076121660681 0.009838989514426074 0.013895986130840214 -0.001641939907909242 -0.00091878587327885828 0.016329806532571167 -0.0040976990235129847 -0.011602845962413365 -0.0049106294696296768
leaf_weight=105.70561701059341 254.69891436398029 34068.684947818518 254.47079093009233 7315.7914605140686 206.46572377532721 590.35445314645767 4537.6205266788602 34817.877548493445 2299.2266010865569 1657.9705421552062 178.8703685849905 692.49684461206198 308.38153302669525 4369.503505051136 511.23861993849277 810.27326316386461 368.97045829892159 877.50107596814632 296.85212580859661 6478.544156268239 901.07840692996979 114.88355556130409 230.98293106257915 1434.2315687537193 6879.7202981263399 126.49208176136017 380.8507305085659 304.30734553933144 1161.9643813818693 3813.1664660573006
leaf_count=426 1563 147484 1593 30080 1244 2713 20297 151300 10645 8687 770 3162 1305 19342 2076 3549 1682 4427 1215 27273 4094 485 961 6571 28304 599 2273 1287 4805 16005
internal_value=-0.000103497 0.000141747 -0.00084824 -0.000494552 -0.00694477 0.00120981 -0.000763392 -0.00160002 0.000866482 -0.0094646 0.00419492 -0.0117085 0.000459802 0.000938842 -0.00411706 -0.00477317 0.00503539 0.00696365 0.00609816 0.00162295 0.00020355 0.0076283 0.00950852 0.0121191 -0.00210048 0.0110812 0.0218969 0.00192203 -0.00580488 -0.00647967
internal_weight=116349 109650 56902.1 53785.4 3116.77 52747.8 53149.8 39355.5 50073.1 2735.8 385.336 2350.47 45626.3 38438.2 6699.2 6296.64 4446.78 3176.73 402.558 13794.3 1270.05 2674.76 2084.41 1549.12 7188.1 380.963 635.55 535.29 5486.37 4975.13
internal_count=506217 478141 248841 232786 16055 229300 228950 171597 217283 13863 2014 11849 196435 166826 28076 26435 20848 15072 1641 57353 5776 12017 9304 7056 29609 2192 3836 2248 22886 20810
is_linear=0
shrinkage=0.04


Tree=86
num_leaves=31
num_cat=0
split_feature=13 10 9 23 9 1 2 18 0 0 9 2 21 20 21 17 29 9 23 5 5 22 1 9 23 5 29 12 23 5
split_gain=77.7851 116.475 176.531 102.523 99.1354 230.617 132.373 95.0655 79.3129 107.716 97.6125 69.1932 67.6844 74.9281 46.1814 39.5654 41.1083 33.4412 31.6242 33.1407 39.6932 34.1644 27.3356 26.8271 26.1561 24.3748 24.131 24.1143 23.7155 21.0043
threshold=0.4199469583728736 1.0000000180025095e-35 1.3771249719513179e-05 -0.9999941522032566 7.0783446745661142e-06 -1.5471119141352571e-07 -1.4468937514777733e-07 0.72610893672299359 -1.5947507225888555e-07 -1.4612237198008413e-07 3.9786627471043279e-05 -1.5905904504620591e-07 -5.2099887739617357 -0.30015067215043539 -5.2099887739617357 4.0295072737958377e-05 0.35172207609239786 5.4567030674641051e-05 0.76955060125028973 -0.00052303983452439684 -0.00015824675123976559 0.00019676100445928285 1.4555762195556102e-07 8.9771642183857894e-05 -1.0000000000033988 -0.00012781684562312987 -0.21677775711170591 0.38626734110802435 0.99999986579251154 -2.4200771544968799e-05
decision_type=2 2 2 2 2 2 2 2 2 2 2 2 2 2 2 2 2 2 2 2 2 2 2 2 2 2 2 2 2 2
left_child=18 2 14 11 5 7 -7 -5 10 -10 -6 -3 13 26 22 16 -14 -15 19 27 -21 24 29 -23 -22 -13 -4 -1 -20 -2
right_child=1 3 12 4 8 6 -8 -9 9 -11 -12 25 15 17 -16 -17 -18 -19 28 20 21 23 -24 -25 -26 -27 -28 -29 -30 -31
leaf_value=0.0038050378365750231 0.0062313312797361011 -0.0042785838168858739 -0.0013055017772536238 0.011597300359204017 -0.0086943705152894013 0.010009211132211855 -0.009013809866848542 -0.027644015650412017 0.0077565637160229295 0.00033740279599998868 -0.00037031090892650307 0.001923005076969768 -0.0029947373443022858 0.0080940637325499065 0.0026060635005430766 0.0026375464481116946 -0.014925544110022865 -0.002961105245282699 0.0012446859535480987 -0.006614487910302537 0.010626234777149232 -0.0042326457073367301 0.022796392595128299 0.0015773086535372603 -0.00013740795057483606 0.016895927688055371 0.0069233431247387438 -0.0040375687576705279 -0.013246507959930489 0.014500318729409298
leaf_weight=2000.6287843585014 710.74668591469526 425.20039333403111 4439.6868983656168 1560.6448591127992 3297.9392163306475 638.92070813477039 6709.7584921196103 103.10701990127563 3344.9274367168546 48506.518459290266 7115.4856615960598 210.92050367593765 1447.5676638931036 3933.5215016156435 751.99961926043034 1058.0831704884768 678.72536510229111 490.50462932884693 5396.0624467581511 4288.8760856986046 400.59978203475475 9013.6840068772435 453.82403554022312 1477.4568534642458 3474.4795421436429 1034.9296513348818 651.69826325774193 910.52139165997505 184.51228535920382 1655.8393499404192
leaf_count=8099 3662 1758 18950 8536 14003 3086 32232 446 15259 207011 28790 926 5990 18101 3525 4352 2871 2012 23682 17670 1778 37974 2696 5951 14543 5109 3071 3683 855 9847
internal_value=-4.89645e-05 0.000521442 0.00358124 -0.000161103 -0.000390938 -0.0043114 -0.00735634 0.0091255 0.000176571 0.000816464 -0.00300852 0.00962523 0.00137016 0.00305968 0.0114337 -0.00367499 -0.00681847 0.00686605 -0.00192376 -0.00261825 -0.00323772 -0.00222826 0.013781 -0.00341369 0.000979662 0.0143744 -0.000248264 0.00134874 0.000758996 0.0120283
internal_weight=116367 89220.5 16272.2 72948.4 71277.3 9012.43 7348.68 1663.75 62264.9 51851.4 10413.4 1671.05 12699.8 9515.41 3572.41 3184.38 2126.29 4424.03 27146.8 21566.2 18655.1 14366.2 2820.41 10491.1 3875.08 1245.85 5091.39 2911.15 5580.57 2366.59
internal_count=506468 392233 75077 317156 309363 44300 35318 8982 265063 222270 42793 7793 55347 42134 19730 13213 8861 20113 114235 89698 77916 60246 16205 43925 16321 6035 22021 11782 24537 13509
is_linear=0
shrinkage=0.04


Tree=87
num_leaves=31
num_cat=0
split_feature=24 7 3 25 24 27 0 0 9 16 9 23 3 4 3 3 9 21 2 26 1 0 26 7 27 8 23 24 4 13
split_gain=69.8212 54.7806 62.2847 50.4274 42.2736 40.9659 47.3405 139.008 57.2232 51.4581 50.1457 43.8753 39.0283 66.2027 45.1155 36.9456 32.4207 32.2115 30.2077 29.5374 26.3886 32.7321 27.1671 23.4238 22.8498 32.6418 30.3842 25.6351 27.5084 22.3368
threshold=-0.81241824164228615 3.3264377224222635e-05 -9.300395181099928e-06 0.95265041081967372 -1.00000000000001 -0.24593851999999033 -1.5947507225888555e-07 -1.4612237198008413e-07 6.585512838052096e-06 0.01408450703482024 1.3345381663875122e-05 0.99956677423377649 -1.5752350446263105e-07 3.1747157969164169e-07 -1.5945582187981697e-07 0.00010961461157688036 9.5190603088574596e-06 -5.255434137823296 -1.5560086463750619e-07 -0.6531266150000149 -1.5966206490247711e-07 -1.3728241743393707e-07 -0.067656000000009445 5.2158327233316695e-05 -1.2195657299999829 3.5659730716909187e-05 -0.668801383210328 -0.94305708184249404 0.00032746736205702126 0.27351093483150685
decision_type=2 2 2 2 2 2 2 2 2 2 2 2 2 2 2 2 2 2 2 2 2 2 2 2 2 2 2 2 2 2
left_child=1 2 19 5 -4 11 9 10 -9 16 -8 29 14 18 -5 17 -7 -6 -14 -1 22 -22 -21 -15 25 26 -3 -27 -29 -2
right_child=3 24 4 12 15 6 7 8 -10 -11 -12 -13 13 23 -16 -17 -18 -19 -20 20 21 -23 -24 -25 -26 27 -28 28 -30 -31
leaf_value=0.00091597475379879352 -0.0029449956681636418 0.005222481471321848 0.012949134450250968 0.0017463770233893227 -0.00028013227958577651 0.0069009438126625289 0.011372993649100794 -0.0037878379402600461 0.00012322382941293338 0.0027340020342128202 0.0035088818235742246 0.01057148655425706 0.013435651475869032 0.0061805367017443869 0.028269814708740487 0.015777503450319006 -0.0046016498554325609 -0.0085716919887025827 -0.007368918182739854 -0.0072963335815758555 0.0040898854028473992 -0.0062191928655940957 -0.016102600835493357 -0.0094673386468887219 -0.0017977504204972031 -0.003616917560446842 0.025157925258119912 0.0059215443515864578 -0.015192529814562393 0.0019649220036246887
leaf_weight=891.36165529489517 1632.0140724927187 347.26827570796013 358.73587456345558 192.63859024643898 3725.3055116310716 409.58866431564093 1947.1952271610498 6791.1373290941119 50305.270806290209 2269.3970976173878 3899.1206149756908 896.18593706935644 122.50678531825542 3985.3748272806406 219.23410008102655 193.543536901474 8072.3328412622213 936.69671306014061 1051.4005216956139 1960.090096578002 572.3930644094944 3449.9811694324017 791.06886349618435 156.80572758615017 2423.6057830452919 973.85329189896584 188.80264264345169 1534.6374515891075 103.09277568757534 15886.428108215332
leaf_count=3758 6659 1446 1549 851 17078 1773 11544 33902 216108 9176 17651 3870 756 18739 1494 831 33280 4113 5110 8423 2528 14995 3377 674 10097 3985 815 6247 419 65212
internal_value=6.30696e-05 -0.00219373 -0.00362715 0.00048877 -0.000253035 0.000262189 -0.000159436 0.000259512 -0.000341999 -0.0026122 0.00613275 0.00194963 0.00412964 0.00320508 0.0159609 -0.00123558 -0.00404369 -0.00195092 -0.00516971 -0.00592092 -0.00682151 -0.00474913 -0.0098425 0.00558159 0.001119 0.00336639 0.0123357 0.00151336 0.0045685 0.00150683
internal_weight=116287 18450.4 12879.2 97836.6 5214.28 92108.7 73694 62942.7 57096.4 10751.3 5846.32 18414.6 5727.96 5316.09 411.873 4855.55 8481.92 4662 1173.91 7664.89 6773.53 4022.37 2751.16 4142.18 5571.26 3147.65 536.071 2611.58 1637.73 17518.4
internal_count=506460 79661 56652 426799 23571 399175 323434 279205 250010 44229 29195 75741 27624 25279 2345 22022 35053 21191 5866 33081 29323 17523 11800 19413 23009 12912 2261 10651 6666 71871
is_linear=0
shrinkage=0.04


Tree=88
num_leaves=31
num_cat=0
split_feature=13 10 10 9 23 23 9 29 2 29 26 12 4 13 8 0 29 9 25 28 0 23 5 8 25 27 9 28 8 20
split_gain=65.6195 75.8346 82.8132 80.1826 68.1438 74.4897 60.9885 48.8151 41.7881 40.37 35.74 37.0623 32.8165 36.8231 34.2226 30.6767 30.6084 30.1765 28.0661 27.7495 26.5838 23.6109 21.8935 21.5207 22.461 20.8357 20.5927 20.3926 20.1514 23.5727
threshold=0.76445071757678906 0.99999985984033624 0.99999580041389591 1.555827375683606e-05 0.99999986579251154 0.99694572145549498 8.0693576858240156e-06 2.1128856368192355 -1.4468937514777733e-07 0.012920164075606746 0.0046476549999933392 0.60000000000000109 1.5701377135357578e-05 0.91002501896133758 1.8931264408499553e-05 0.00012018948893022242 -0.55806328263610727 3.6060372546186128e-06 0.47910949428810984 0.67266256999998031 3.2959904352480866e-06 0.99820746821029671 1.5848971912646451e-07 1.2335651051434895e-05 -0.85273148978455016 0.07498814500000002 2.7676108301377405e-05 0.050400854999997892 6.8482586941731018e-06 -0.12914613456539589
decision_type=2 2 2 2 2 2 2 2 2 2 2 2 2 2 2 2 2 2 2 2 2 2 2 2 2 2 2 2 2 2
left_child=1 2 4 7 5 6 -1 16 -7 23 11 -6 13 14 19 22 -3 -18 25 -2 -9 -16 -11 -5 -25 -14 -23 -15 -4 -30
right_child=12 3 28 9 10 8 -8 20 -10 15 -12 -13 18 27 21 -17 17 -19 -20 -21 -22 26 -24 24 -26 -27 -28 -29 29 -31
leaf_value=0.0030912094817827553 -0.0035808546464406693 -0.015281991474684609 -0.0036926292771403265 -0.0090347966472923893 -0.01755095397387417 0.009462382776552954 -0.00076526553680618717 0.016242235849862945 0.0021614596334938625 0.0021510526489623609 -0.00079626787244652163 -0.0042054933272817046 0.018164322146334705 0.025708690152892861 0.002329258121632771 -0.0094549463079561611 -0.012437434416724982 -0.004643664835486218 0.0046035254210815123 0.011839191286321101 -0.0052807476943417296 0.025797725634800928 0.010821995327826444 -0.0080498745902866618 -0.00030047268430364617 0.0042049072730344431 0.0051607969714085027 0.0028610321844440207 0.0014576907988994034 0.00765787582431178
leaf_weight=7215.2613745331764 2139.6449875682592 760.06703309714794 384.721082046628 667.02502490580082 699.55998291820288 1459.6932657659054 72106.518671773374 213.40265799313784 8884.1817710325122 1107.5220130383968 874.49556221812963 639.86984376609325 537.27931111305952 146.28327088803053 644.71012936532497 233.96176193654537 1055.5291140899062 3243.2326575815678 1728.8213810771704 202.08225843310356 157.64999049901962 157.63863398134708 806.54757671058178 694.12654009461403 4264.6284935176373 254.88679504394531 154.34423273801804 110.09479747712612 1404.5042283087969 3282.5372198522091
leaf_count=35995 9993 3692 1877 3017 3418 7275 303105 1002 40396 4807 3931 2969 2368 655 2728 993 5880 15161 7823 916 715 684 3501 3077 18181 1128 652 487 5818 14043
internal_value=-5.8539e-05 -0.000281836 0.000105445 -0.0031255 -0.000169213 1.98183e-06 -0.000414315 -0.00685414 0.00319428 -0.000519026 -0.00709795 -0.011199 0.00398741 0.00150784 0.000365787 0.00414202 -0.00788219 -0.00656463 0.00747665 -0.00223684 0.00710648 0.00673224 0.00581691 -0.00230078 -0.00138981 0.0137066 0.0157246 0.0160381 0.00508005 0.00580292
internal_weight=116231 110155 96951.3 13203.7 91879.6 89665.7 79321.8 5429.88 10343.9 7773.81 2213.93 1339.43 6075.79 3554.8 3298.42 2148.03 5058.83 4298.76 2520.99 2341.73 371.053 956.693 1914.07 5625.78 4958.76 792.166 311.983 256.378 5071.76 4687.04
internal_count=506287 478853 418827 60026 397089 386771 339100 26450 47671 33576 10318 6387 27434 16115 14973 9301 24733 21041 11319 10909 1717 4064 8308 24275 21258 3496 1336 1142 21738 19861
is_linear=0
shrinkage=0.04


Tree=89
num_leaves=31
num_cat=0
split_feature=1 1 22 9 11 18 8 10 10 11 27 20 2 13 10 9 21 24 11 9 8 18 26 21 20 0 9 20 27 20
split_gain=70.314 144.985 165.786 74.9118 68.9903 84.1505 119.517 107.895 131.54 56.6573 52.3059 45.007 41.1297 40.5897 40.4171 38.0533 36.987 32.964 32.7375 31.8901 31.6733 51.4908 30.0245 28.3014 29.7234 27.9303 26.7476 26.815 26.4945 25.9763
threshold=3.1211712059331381e-07 1.546083137071719e-07 3.9694430502492649e-07 2.795762958832521e-05 0.20000000000000931 0.62500000000014977 1.8931264408499553e-05 0.99999999894144032 0.64516253933283652 0.99999999696383979 1.2305727400000033 -0.10159055851447044 1.5593474422814782e-07 0.73704763475998136 1.3456215320103785e-06 5.3280549406871134e-06 -11.057718251830275 0.95777897472119766 0.60000000000000486 2.6594537840666907e-05 6.3433345547165624e-06 0.66668599490086067 -2.1694734549999879 -1.0973876238764648 -0.35304596712214714 1.5933596397843533e-07 1.577806982107406e-05 -0.13899987398157049 0.0036683650000073477 -0.48133364584890365
decision_type=2 2 2 2 2 2 2 2 2 2 2 2 2 2 2 2 2 2 2 2 2 2 2 2 2 2 2 2 2 2
left_child=1 4 12 13 22 7 15 8 -6 -9 17 -8 -3 16 -4 -7 29 23 19 -16 21 -18 -1 24 -5 -22 27 -24 -14 -2
right_child=3 2 14 10 5 6 11 9 -10 -11 -12 -13 28 -15 18 -17 20 -19 -20 -21 25 -23 26 -25 -26 -27 -28 -29 -30 -31
leaf_value=0.0072710692364139073 -0.010316121359378632 -0.021327342439634463 0.017347435010281378 -0.00065368756022061633 0.00086734539452400228 -0.018215661920111099 -0.0015492002864477786 -0.003716988508009045 0.006198827016204206 0.0082917098259986371 -0.0033505642082662618 0.0056049384596615071 -0.016662297352668432 0.011694790958613211 -0.0081684207752974278 -0.0070408969885323892 0.0074296803150331612 0.0084204021727979448 -3.6392669519956423e-05 -0.00048388628027952815 -0.00064770120413412972 -0.013920253625344735 0.0055064158405244493 -0.0033470010674109957 0.0029434734711116053 0.0058260993960357324 -0.0044124997321523867 -0.0092757736790341858 -0.0034860674056831774 0.0093386938688536422
leaf_weight=422.21286921203136 111.60187202692032 986.6521830111742 158.45286321640015 5845.5567798316479 35114.921430051327 603.25087153911591 7102.2226752191782 8319.9856667667627 9382.0165603458881 677.45438933372498 4552.3004224747419 1751.9584196209908 462.4183751642704 1201.008306235075 2458.043059758842 2565.5831288248301 293.81712526082993 1017.6121964454651 3341.3686266839504 1334.8558262735605 1773.0539303272963 461.34917202591896 869.23695100098848 2087.9881117045879 9883.1331240087748 2665.1397490650415 8056.5733073651791 250.92125903069973 520.79597018659115 1963.9241010695696
leaf_count=1709 555 4247 683 23974 155449 2851 29063 37392 40754 2915 18636 7106 2247 5702 12206 11101 1384 4652 15437 5731 7889 1969 3887 8504 41177 12391 33353 1084 2363 10190
internal_value=6.24004e-05 -0.000542045 -0.00526315 0.00166352 4.01835e-05 0.000504298 -0.00251905 0.001184 0.00199188 -0.00281017 0.00049573 -0.000131813 -0.015553 0.00488618 -0.00247869 -0.0091823 0.0037569 0.00142602 -0.00292555 -0.00546756 0.0019498 -0.00560836 -0.00312633 0.00102511 0.00160631 0.00323952 -0.00360714 0.00217703 -0.00971459 0.00826826
internal_weight=116235 84378.9 9262.59 31856.5 75116.3 65517.4 12023 53494.4 44496.9 8997.44 23386.6 8854.18 1969.87 8469.89 7292.72 3168.83 7268.89 18834.3 7134.27 3792.9 5193.36 755.166 9598.94 17816.7 15728.7 4438.19 9176.73 1120.16 983.214 2075.53
internal_count=506601 369578 42914 137023 326664 286631 50121 236510 196203 40307 96943 36169 8857 40080 34057 13952 34378 78307 33374 17937 23633 3353 40033 73655 65151 20280 38324 4971 4610 10745
is_linear=0
shrinkage=0.04


Tree=90
num_leaves=31
num_cat=0
split_feature=25 15 9 3 4 1 1 21 6 23 5 27 18 10 18 21 9 21 2 13 20 13 9 28 12 26 28 7 18 29
split_gain=61.9991 45.7408 48.1131 45.1503 48.0843 43.2555 126.729 116.083 64.3937 48.3542 44.7764 99.2185 60.1943 34.4034 32.7772 31.887 30.1243 27.4803 26.5365 27.5967 25.0282 23.7464 23.6801 23.2215 21.4785 22.3652 19.5212 17.8841 17.265 28.3416
threshold=0.95265041081967372 0.8098287129094518 2.5863674516504164e-05 -1.5584522827793987e-07 3.1747157969164169e-07 1.5934976360654221e-07 1.546083137071719e-07 -23.025800932440287 3.1344231161938553e-05 0.99999986579251154 -0.00012397123760266024 -1.1661531299999985 0.62500000000014977 1.3456215320103785e-06 0.99849962406262927 -15.222211833019296 9.7492825504405296e-06 -1.1454457142147925 -1.5560086463750619e-07 0.84435981130785531 0.18973304187136716 0.49411574726084262 5.6021592983251241e-06 0.050400854999997892 0.65636054185277082 0.11771702499998336 1.4521669799999912 5.2158327233316695e-05 0.99693720568254129 -0.11738634585771594
decision_type=2 2 2 2 2 2 2 2 2 2 2 2 2 2 2 2 2 2 2 2 2 2 2 2 2 2 2 2 2 2
left_child=1 5 21 16 18 6 10 9 15 -8 11 -1 -12 -9 20 26 -2 -16 -5 23 -10 -3 -17 -20 -4 -26 -7 28 29 -6
right_child=3 2 24 4 27 8 7 13 14 -11 12 -13 -14 -15 17 22 -18 -19 19 -21 -22 -23 -24 -25 25 -27 -28 -29 -30 -31
leaf_value=0.003808888571425347 0.024383524948229155 0.0022203831858132327 -0.00039451454745804916 0.017244404112010694 0.0043255341046358042 0.0084497276379185953 -0.01722927070882822 0.017804166441420882 -0.0013953416217962864 0.0053321567752941798 0.0010416631296222751 -0.0030174769530320503 -0.0028628204075501684 -0.0036271681513737539 0.0023288416499202781 -0.0068197150203832815 0.0052444830652024531 -0.0040482635175605594 -0.016700563074755745 0.013685986103853383 -0.0066157964292997765 0.012431952726247187 0.0024036803601400277 -0.0035491245231261503 0.011694776779294791 -0.0012988916542170834 -0.0040321471129075625 -0.0083856288997002926 0.00082946293464186336 0.012845315104443186
leaf_weight=4138.5912910699844 270.6232817992568 553.88062722980976 3628.3396520763636 80.172678239643574 2096.9243305251002 2041.6436196416616 1528.5823501721025 119.77411173284054 6607.1964395344257 167.21490724384785 36271.742727778852 19199.929413452744 7647.0646996796131 6204.3888535872102 5737.0988301485777 462.29112040996552 259.07234368473291 1329.3140815347433 342.58775499463081 97.213099613785744 1889.8211546093225 1078.3141319900751 10612.203761801124 578.15150470286608 532.83102233707905 348.89935146272182 220.18327824771404 155.21142756938934 1013.4556794911623 892.47424031794071
leaf_count=16945 1766 2411 14849 486 9716 9763 6729 517 27353 953 161643 80914 32011 29271 23815 2034 1270 5498 1716 424 7691 5087 46164 2804 2248 1463 991 666 4586 4534
internal_value=-4.29416e-05 -0.000254712 0.00309883 0.00399227 0.00286538 -0.000452561 -0.000957613 -0.00570969 0.000862747 -0.0149967 -0.000390689 -0.00180644 0.000361566 -0.00321373 -0.000884755 0.00290232 0.0150998 0.00112738 -0.00456938 -0.00632981 -0.00255867 0.0089787 0.00201673 -0.00847969 0.00096593 0.00655685 0.00722901 0.00483181 0.00535054 0.00687935
internal_weight=116105 110319 6142.26 5785.89 5256.19 104177 75277.3 8019.96 28899.8 1695.8 67257.3 23338.5 43918.8 6324.16 15563.4 13336.3 529.696 7066.41 1098.13 1017.95 8497.02 1632.19 11074.5 920.739 4510.07 881.73 2261.83 4158.07 4002.85 2989.4
internal_count=506318 478350 26058 27968 24932 452292 328983 37470 123309 7682 291513 97859 193654 29788 64357 58952 3036 29313 5430 4944 35044 7498 48198 4520 18560 3711 10754 19502 18836 14250
is_linear=0
shrinkage=0.04


Tree=91
num_leaves=31
num_cat=0
split_feature=11 23 21 1 11 1 1 26 21 2 9 9 23 9 29 26 28 10 3 29 7 23 20 28 1 9 9 9 7 12
split_gain=58.7536 104.511 78.5928 203.315 239.001 192.66 184.063 96.5891 76.2795 76.1266 54.0339 40.2281 39.2126 49.0433 48.8724 37.9067 35.5368 29.776 29.3791 24.7741 21.6189 19.8435 21.6213 19.7055 19.3931 19.888 22.5733 17.5499 16.3207 16.0357
threshold=0.046036391147626823 -0.99999999097776582 -23.025800932440287 -1.4552156990532692e-07 0.49999960849057479 1.0000000180025095e-35 -3.1727463500885728e-07 0.033222304999990959 -13.715674555404492 -1.5544096587660758e-07 1.1369046144039179e-05 7.0783446745661142e-06 -0.54868397561943649 8.5561518057800884e-05 -0.21677775711170591 -0.030484099999992621 1.7900954099999666 0.91387043865541862 -3.0287181417065764e-05 -0.46544369145323111 5.8128715513865675e-08 -1.0000000000000322 -0.2346904415882787 2.9456289249999683 -4.1959059699614436e-05 2.0525214740975267e-05 2.231162401248032e-05 8.3208945160768753e-06 3.5272065012424511e-05 0.29928202410670174
decision_type=2 2 2 2 2 2 2 2 2 2 2 2 2 2 2 2 2 2 2 2 2 2 2 2 2 2 2 2 2 2
left_child=23 9 3 6 5 -5 18 -6 10 19 17 29 13 -10 -14 -8 -12 -4 -3 20 -2 22 -13 24 -1 -26 -27 -22 -21 -11
right_child=1 2 8 4 7 -7 15 -9 12 11 16 21 14 -15 -16 -17 -18 -19 -20 28 27 -23 -24 -25 25 26 -28 -29 -30 -31
leaf_value=0.00056534209714555824 0.021314663662714332 -0.0085149770998299654 0.011425062255929475 0.013541571467992522 -0.011125278241761506 -0.010264133362918077 0.00022944759105802433 0.0025710656707316308 -0.0023221784510153234 0.0061273171202016682 0.0025329110590731662 0.0014491781528981063 -0.0011018764913269545 0.0030680969980685798 0.0013467209632090594 0.016199788994259265 -0.0036554407481085337 0.0021504445221497597 0.0025432965914863469 -0.0064497893365866692 0.013093818697113716 0.017063517771103098 0.012012727006261065 -0.016746946378753319 0.00060563828837622191 -0.025266937228523779 -0.0067437099430403425 -0.00054682445903712733 0.011229196665797482 0.02520813539011349
leaf_weight=1012.8019711226225 111.73496742546558 1043.9466709494591 1611.5591058135033 1540.8802679926157 6530.2462406978011 837.60868337750435 280.09536086022854 941.01047031581402 19719.829927787185 88.672429531812668 13142.545465424657 678.02067176997662 21420.37118011713 3126.2122853547335 33331.483229860663 1603.9711342826486 1670.9244061112404 847.87502471357584 605.10812130570412 743.48638866841793 195.76362399756908 352.67207108438015 572.26685053110123 208.13010565936565 581.48806381970644 109.52919387817383 1982.295011267066 629.09559481590986 91.666052907705307 401.2952059879899
leaf_count=4207 635 4299 9007 6641 28619 3696 1243 4058 84094 396 57452 2980 91880 12599 146763 8162 7093 4064 2475 3552 1123 1530 2522 854 2524 464 8114 2730 381 1908
internal_value=1.10533e-06 0.000168967 -6.17931e-05 -0.00293116 -0.00588394 0.00515374 0.00529742 -0.00939914 0.000342972 0.00663039 0.00274683 0.0117913 -0.000192106 -0.00158408 0.000388649 0.013832 0.001834 0.00823534 -0.0044558 0.000522858 0.00498635 0.00869596 0.00630274 -0.00482736 -0.00414225 -0.0059269 -0.00774431 0.00271185 -0.00447557 0.0218138
internal_weight=116013 112118 108254 13382.9 9849.75 2378.49 3533.12 7471.26 94870.8 3864.67 17272.9 2092.93 77597.9 22846 54751.9 1884.07 14813.5 2459.43 1649.05 1771.75 936.594 1602.96 1250.29 3894.24 3686.11 2673.31 2091.82 824.859 835.152 489.968
internal_count=506065 489902 472145 59193 43014 10337 16179 32677 412952 17757 77616 9336 335336 96693 238643 9405 64545 13071 6774 8421 4488 7032 5502 16163 15309 11102 8578 3853 3933 2304
is_linear=0
shrinkage=0.04


Tree=92
num_leaves=31
num_cat=0
split_feature=5 8 24 8 2 12 23 3 27 23 4 12 28 15 8 23 13 27 3 27 27 27 20 29 5 13 7 28 7 4
split_gain=69.6308 66.1604 65.9337 53.8251 69.3946 45.879 61.2774 49.3601 38.8739 38.8302 34.7114 34.3348 34.0902 32.7926 32.2157 31.0655 29.1217 28.4228 28.1107 31.3323 25.2911 24.3009 23.1767 23.0401 22.8348 29.5851 22.6356 23.2722 21.9532 31.4231
threshold=-0.00012397123760266024 1.9422651192480379e-05 0.99414602387867235 5.1991840916753124e-06 -1.5583608536928748e-07 0.1432670757006948 -1.0000000000033988 0.00010043821584648784 3.152552385000007 0.99999694596729927 0.00012733185780966497 0.66886961425229352 0.28255427999998278 0.19845231248701092 8.7220383687313782e-05 0.18232343195091569 0.24504965934704323 -0.64590180499998817 -3.2238037744214403e-05 -0.30458476499999926 0.0088897599999947941 -1.1163276699999944 -0.36203891034210073 -0.60009807444538121 -0.00038555746547874742 0.3616006863277958 3.4489126107992838e-05 2.7949661149999634 1.444996754303103e-05 0.00018600746092367618
decision_type=2 2 2 2 2 2 2 2 2 2 2 2 2 2 2 2 2 2 2 2 2 2 2 2 2 2 2 2 2 2
left_child=1 10 5 4 -4 28 7 -7 9 -8 13 14 20 18 16 -6 -3 -13 19 -1 -5 -18 -22 -17 25 -16 27 -14 29 -2
right_child=2 11 3 12 15 6 8 -9 -10 -11 -12 17 26 -15 24 23 21 -19 -20 -21 22 -23 -24 -25 -26 -27 -28 -29 -30 -31
leaf_value=-0.001735712357006296 -0.007535046410359944 -0.0078622528577411734 0.021550180768938366 -0.003429725264768241 -0.022178845283184031 0.010911899090452601 0.00075088109808708631 -0.0088298321127757828 -0.0044827359072780052 -0.0034600045398887969 0.017879812816453663 0.011294314973843238 0.0042452408192168705 0.0070636435754670868 0.010066506353939526 -0.010047720088418767 0.0015460886881551287 0.001491671635047577 -0.0037259576375061809 -0.01161353538267006 -0.00072542449991993207 -0.0021885010573386987 0.014701068946495439 0.0013584666361039139 -0.0031739328308124071 0.0014018238469696662 -0.0043578411403513715 0.019153617954311201 -0.002064341709549747 -0.0293416422537085
leaf_weight=699.53929767012596 591.2333352342248 1221.6255632042885 190.29222632944584 161.78009202331305 133.83702626824379 1425.1356538906693 65303.445118151605 233.97471649944782 2570.2521997541189 3699.7247102931142 103.27927857637405 542.43782909214497 1288.933371193707 329.3343368768692 792.12294624745846 404.65904684364796 3428.9533598721027 3631.4628846645355 4076.1902168095112 1958.4819331765175 173.21014942973852 14835.48728364706 1469.1338411793113 928.74085693061352 1176.160973161459 3071.4321187585592 413.34639416635036 191.09587728977203 877.75118958950043 127.65607719123363
leaf_count=3067 2514 5032 1328 734 576 7038 287650 1016 10494 17347 455 2255 6086 1441 3187 1888 14071 15275 18385 8631 808 61786 6857 4551 4746 12377 1851 896 3644 531
internal_value=2.64896e-05 -0.0014384 0.000681833 0.0049686 -0.00101698 0.000374828 0.00052124 0.00811549 0.000344852 0.000524908 -0.0048757 -0.000579494 0.00765238 -0.00521523 -0.00115046 -0.00397831 -0.00188784 0.00277281 -0.00581892 -0.00902005 0.0115861 -0.00148693 0.0130718 -0.00211041 0.00169896 0.00318499 0.00389097 0.0062021 -0.00632757 -0.0115004
internal_weight=116051 35866.5 80184.2 5355.03 1657.53 74829.2 73232.5 1659.11 71573.4 69003.2 7166.83 28699.7 3697.5 7063.55 24525.8 1467.24 19486.1 4173.9 6734.21 2658.02 1804.12 18264.4 1642.34 1333.4 5039.72 3863.56 1893.38 1480.03 1596.64 718.889
internal_count=506517 150708 355809 25575 8343 330234 323545 8054 315491 304997 31979 118729 17232 31524 101199 7015 80889 17530 30083 11698 8399 75857 7665 6439 20310 15564 8833 6982 6689 3045
is_linear=0
shrinkage=0.04


Tree=93
num_leaves=31
num_cat=0
split_feature=26 13 23 11 5 6 11 18 6 6 24 3 29 7 1 27 11 7 18 27 13 10 5 13 7 28 3 5 13 27
split_gain=59.433 56.7966 52.9217 92.8114 57.322 90.2281 68.2631 66.3347 51.6133 44.8793 57.2491 36.3282 33.751 32.6315 30.276 28.7171 27.2627 26.3176 33.5428 25.4371 24.4601 25.5139 24.3669 21.3365 21.0836 19.1161 18.4799 21.7937 18.4116 17.7514
threshold=-0.0027059200000137938 0.86026162764763592 -0.99995057216070082 0.10000000000000354 6.4091168985314098e-05 6.2413698387331354e-08 0.49999960849057479 0.29275350045175802 3.0817122079000195e-05 2.458851468371981e-05 -0.77523360204752634 -6.3791131564627776e-05 1.3385942218062084 1.8187070681249794e-05 -1.5547043741293007e-07 -3.4782241350000089 0.30000000000001831 1.6259466094329014e-05 0.0024813895777672903 1.1689238250000047 0.36520809676909943 0.99999979642583192 -6.77034457758907e-05 0.21661576249400941 8.0005593023652496e-08 -2.068120150000003 7.4248275388377763e-05 -9.9122482007274457e-05 0.10948690938238877 -0.2842648399999797
decision_type=2 2 2 2 2 2 2 2 2 2 2 2 2 2 2 2 2 2 2 2 2 2 2 2 2 2 2 2 2 2
left_child=9 2 3 -2 5 6 -4 -7 12 10 11 13 -6 -1 -5 -11 -16 18 -13 20 24 -22 -3 -10 -12 -19 27 -21 -17 -30
right_child=1 22 4 14 8 7 -8 -9 23 15 19 17 -14 -15 16 28 -18 25 -20 26 21 -23 -24 -25 -26 -27 -28 -29 29 -31
leaf_value=-0.015607855293770413 -0.0055664622263618471 0.00087938279832801671 0.004304111958296844 -0.0020406670130370627 0.0027118590142576776 0.0015722934257763549 -0.0064255857918652723 -0.0022166442169397091 -0.01571927811441217 0.0050280866615297114 0.012691041039240044 -0.0027568557745693131 0.0096670986365049987 -0.0059021129913046765 0.0068081136128133437 -0.016034151359095285 0.016626471398834792 -0.0048449791182861622 -0.011851747578220025 -0.013323207008248666 0.00092436911811716543 -0.0047971050157340767 0.013307578396802053 -0.00022115816067136716 -0.0050699929727798278 0.008064674357113371 -0.012570269665243357 0.0083700429170310703 0.00098478543305891854 -0.0013743337928956664
leaf_weight=816.91150969266891 813.57967245578766 367.01817143708467 1130.4407222494483 274.6552177593112 15335.743753366172 22405.743662387133 5833.019460581243 11030.326787896454 141.8935437053442 1809.0678596049547 109.87643279880285 3602.3416919335723 1203.0530688464642 1741.8205244392157 840.09181617945433 114.80437627434731 999.63151698559523 281.85554556548595 790.61845560371876 119.00777742266655 10491.136264249682 1412.7185055986047 816.05113263428211 9585.9006178677082 2235.2372489720583 514.87589655816555 494.69564062356949 187.73458836972713 10752.985276401043 9707.7183762490749
leaf_count=3516 3423 1609 4977 1641 68332 104288 26097 47207 606 7304 477 15856 5545 7321 3847 479 4757 1163 3480 494 45268 6516 3732 40129 9274 2156 2041 788 43964 39838
internal_value=6.09257e-05 0.000784504 0.000636503 0.00589775 0.000405136 -0.000540508 -0.00468199 0.0003221 0.00185974 -0.00107237 -0.00232143 -0.00511458 0.00321948 -0.00901487 0.0103131 0.000199658 0.012161 -0.00318715 -0.00440064 -0.00088244 -0.000491354 0.000244025 0.00946668 -0.000451658 -0.00422315 0.00348935 -0.00780597 -6.50389e-05 -0.000225119 -0.000134251
internal_weight=115961 70777.1 69594.1 2927.96 66666.1 40399.5 6963.46 33436.1 26266.6 45183.4 22798.8 7748.42 16538.8 2558.73 2114.38 22384.6 1839.72 5189.69 4392.96 15050.4 14249 11903.9 1183.07 9727.79 2345.11 796.731 801.438 306.742 20575.5 20460.7
internal_count=506125 316190 310849 13668 297181 182569 31074 151495 114612 189935 98350 33492 73877 10837 10245 91585 8604 22655 19336 64858 61535 51784 5341 40735 9751 3319 3323 1282 84281 83802
is_linear=0
shrinkage=0.04


Tree=94
num_leaves=31
num_cat=0
split_feature=5 5 5 10 13 4 4 26 3 24 3 24 27 24 28 24 13 27 9 23 24 3 3 4 13 5 28 9 27 0
split_gain=58.189 58.0088 166.971 83.8279 57.113 53.1326 81.4781 54.7733 48.3811 39.7436 47.9718 47.3521 43.37 36.4645 35.1557 54.2756 31.1705 30.9753 30.0453 29.9197 29.2559 28.6188 30.6281 27.4141 26.6488 24.3381 21.1777 24.9341 18.3221 18.1683
threshold=6.9073046216061595e-07 -1.0000000180025095e-35 -3.1535214439770693e-07 1.3456215320103785e-06 0.74611180920976161 -1.0000000180025095e-35 -7.6130966419896132e-06 0.033222304999990959 -1.5584522827793987e-07 -0.9231929852438655 8.8678266284780718e-05 -1.00000000000001 3.152552385000007 0.8834642791165962 -0.83205848500003088 -0.81943368309032361 0.46663967411853957 -0.30458476499999926 7.0783446745661142e-06 0.99997115411136162 -0.98066457142698471 -2.0009982427460212e-05 1.0000000180025095e-35 -0.00094811032290920128 0.37634688645918729 0.00085144672559334122 -0.093710375000012447 2.7404805957633274e-05 -0.53019864000000017 -3.1354560564800231e-05
decision_type=2 2 2 2 2 2 2 2 2 2 2 2 2 2 2 2 2 2 2 2 2 2 2 2 2 2 2 2 2 2
left_child=1 2 14 -3 9 6 -5 8 -7 10 11 24 13 28 16 17 23 -16 -17 -13 -18 -4 -23 -1 -2 -15 27 -6 -11 -14
right_child=4 3 21 5 26 7 -8 -9 -10 12 -12 19 29 25 15 18 20 -19 -20 -21 -22 22 -24 -25 -26 -27 -28 -29 -30 -31
leaf_value=0.0070122768563202287 -0.0018056970300718499 0.010018560984053888 -0.0070292800007013614 -0.010460012241278981 0.018338205348799451 0.0085137370368757424 0.021142252079376742 0.004818743550646514 -0.015710474016400883 0.0025983710145077187 0.018292700753039019 -0.0049888617044855192 0.002314603222242508 0.0037911870046641312 -0.0016813972162159538 -0.0045858757473199729 -0.0064610597229600719 -0.007675676724736155 -0.00055352627456535357 -0.023014683318203381 0.0032840070408179317 0.020525670064994644 0.0020791932392445847 -0.0016798462972489549 0.022821978644344848 -0.011582283235164768 0.0044190662882063417 -3.8278045594488087e-05 0.00020404640777159551 -0.0061677908119003744
leaf_weight=626.94572696089745 131.39085109531879 439.21504126489162 83.64211231470108 314.90332940965891 393.77681268006563 140.64794436842203 219.32216715067625 284.86863981187344 1780.5276789367199 6099.0029738992453 152.16615219414234 3008.1957621201873 510.15747386217117 8355.228855073452 2384.8198399692774 3263.2869222834706 528.34274880588055 3284.1581794992089 31317.647399194539 153.03140684217215 6880.5546322986484 786.02429920434952 177.8169831559062 7464.6480849012733 146.96820222586393 165.62201347947121 3086.1794472485781 167.39224100112915 31636.844062194228 1903.4091849625111
leaf_count=2520 558 2485 360 1399 1773 741 1197 1359 9409 25051 649 12976 2055 39184 10300 16283 2263 14579 134464 714 28924 4714 848 30748 641 694 13998 713 136535 7831
internal_value=-3.77379e-05 -0.000903161 -0.000608587 -0.00615907 0.000890545 -0.00876073 0.0025394 -0.0114997 -0.0139255 0.000552549 -0.00350623 -0.00448443 0.000852359 0.00112529 -0.000906264 -0.00152962 0.000712007 -0.00515685 -0.000934511 -0.00588017 0.00258639 0.0151949 0.0171423 -0.00100375 0.0112598 0.00348849 0.00572842 0.0128692 0.000591325 -0.00437186
internal_weight=115887 59977.4 56797.9 3179.48 55909.4 2740.27 534.225 2206.04 1921.18 52262 3591.75 3439.59 48670.3 46256.7 55750.4 40249.9 15500.5 5668.98 34580.9 3161.23 7408.9 1047.48 963.841 8091.59 278.359 8520.85 3647.35 561.169 37735.8 2413.57
internal_count=505965 262593 246003 16590 243372 14105 2596 11509 10150 226888 15538 14889 211350 201464 240081 175626 64455 24879 150747 13690 31187 5922 5562 33268 1199 39878 16484 2486 161586 9886
is_linear=0
shrinkage=0.04


Tree=95
num_leaves=31
num_cat=0
split_feature=5 5 12 8 18 3 14 21 11 15 27 12 23 13 5 26 5 9 28 6 27 2 23 6 27 26 8 3 26 23
split_gain=54.2638 62.2177 60.9794 45.4616 57.2651 80.2109 46.0035 79.2099 62.9386 40.5207 40.5232 37.2316 35.1677 34.5921 32.6277 31.6035 31.0124 24.5873 24.1205 22.2654 22.0216 25.1815 20.7373 18.2777 18.2511 17.6485 15.9728 14.3836 13.2139 15.0736
threshold=6.9073046216061595e-07 1.5848971912646451e-07 0.20795711713886408 2.7238840166555385e-05 0.99991568296800382 2.1157233508262155e-05 0.9895833333312215 -4.886588583050389 0.49999960849057479 0.95597464927412601 -3.4782241350000089 0.56456740401770389 -0.96277287020950608 0.91002501896133758 9.5116834339492598e-05 0.025998990000001176 1.5878839398908442e-07 1.7864685252601787e-05 2.7949661149999634 8.1192591997615752e-06 1.2961180150000098 -6.2510778172430989e-05 0.68007625946238803 3.0817122079000195e-05 0.021187365000008351 -0.0051668550000037007 1.2284297425713487e-07 -9.5013489435302731e-05 0.027828959999976071 -0.68195513278011555
decision_type=2 2 2 2 2 2 2 2 2 2 2 2 2 2 2 2 2 2 2 2 2 2 2 2 2 2 2 2 2 2
left_child=1 9 18 4 6 17 8 -8 -4 10 -1 -11 19 15 -7 -12 26 -6 22 25 27 -22 28 -13 -15 -5 -3 -14 29 -2
right_child=2 16 3 12 5 14 7 -9 -10 11 13 23 20 24 -16 -17 -18 -19 -20 -21 21 -23 -24 -25 -26 -27 -28 -29 -30 -31
leaf_value=0.0047276893993226047 -0.0062815034878556412 -0.024841413397748958 0.0056570352694920089 -0.013419431277701586 -0.0096968304751210207 -0.003202732236561201 0.013924617992031627 0.00022247361845759869 0.00061367382778209137 8.5837423102124894e-05 -0.001775557053225327 0.01227097887881139 -0.00090631733542399827 0.026632653280840263 0.0060971450076075604 0.0004355435546740487 -0.0042911509129178382 -0.0018224156860313125 -0.018580038357874844 -0.0017674446716025353 0.0042379911186843488 -0.0030042822068333526 0.0047022426431192433 0.00081981482610479404 0.0043128724989598558 -0.0013651284234569175 -0.004166955123243052 0.0017160382001411084 -0.018759707964505153 0.0024776480716080106
leaf_weight=1948.1672156602144 1685.9286647439003 289.40056324005127 6674.4406745135784 581.09073415398598 1461.943657964468 848.97143849730492 1622.9524177238345 1156.1860357969999 9735.8312080353498 1658.8208267614245 40242.198837645352 881.70358510315418 4220.8613781630993 101.41695413738489 2069.9013866484165 13913.809002153575 387.66369756311178 1125.621526107192 190.34864147007465 2047.3351537138224 929.80552314221859 4354.4214081913233 380.37796919047832 300.27426537871361 139.0540719628334 294.0058848708868 77.48976806551218 16083.34411804378 110.34041512012482 383.79307124018669
leaf_count=7941 7017 1661 31482 2390 6616 3766 8019 5197 45138 6863 178204 3955 17232 453 9236 59309 1935 4838 795 8374 3747 17846 1687 1233 616 1236 387 67000 457 1598
internal_value=-1.10156e-05 -0.000847325 0.000884705 0.00118511 0.00244133 -0.0011532 0.00347312 0.00823148 0.00266582 -0.000701449 -0.000936603 0.00395736 9.66622e-05 -0.00113977 0.00338976 -0.00120737 -0.0122431 -0.00627855 -0.00491965 -0.0040582 0.000571755 -0.00172746 -0.00388532 0.0093745 0.0139209 -0.0093912 -0.0205465 0.00117056 -0.00538995 -0.00465339
internal_weight=115898 59940 55957.5 53206.7 24695.8 5506.44 19189.4 2779.14 16410.3 59185.4 56344.6 2840.8 28510.9 54396.5 2918.87 54156 754.554 2587.57 2750.79 2922.43 25588.4 5284.23 2560.44 1181.98 240.471 875.097 366.89 20304.2 2180.06 2069.72
internal_count=506228 262557 243671 232117 114292 24456 89836 13216 76620 258574 246523 12051 117825 238582 13002 237513 3983 11454 11554 12000 105825 21593 10759 5188 1069 3626 2048 84232 9072 8615
is_linear=0
shrinkage=0.04


Tree=96
num_leaves=31
num_cat=0
split_feature=24 13 10 29 10 21 10 0 9 2 21 2 8 1 13 9 3 17 9 22 7 24 29 17 13 21 6 21 5 10
split_gain=52.2589 41.8621 42.8121 62.2155 55.6378 55.5871 78.6363 70.3322 53.8545 49.7984 46.5064 40.2179 60.9772 52.9233 56.6702 42.2042 41.428 34.6602 30.0579 28.9321 22.3294 21.6675 20.6405 20.3833 17.8862 17.6487 16.7303 15.5529 14.3839 14.1727
threshold=0.95020058541455754 0.20345540815506544 0.99999999894144032 2.0159701024845869 0.99999417919094136 -5.2982803670330263 0.63048323386671257 -1.4612237198008413e-07 2.6109583975746856e-05 -1.5491092852926156e-07 -3.8943572183350712 -1.5544096587660758e-07 4.8285825490672882e-06 -1.5547043741293007e-07 0.88134470896027961 4.9002103768105067e-05 -1.5584522827793987e-07 3.1130334338833822e-05 6.2967386707149045e-05 5.8274700418631028e-07 4.4114515035133829e-05 -0.97329239921345401 -0.66861664462295411 1.5960951743051245e-05 0.42709990789384283 -1.9184219016935862 4.0823292583821567e-13 -4.1228332394261029 0.0005867151842506858 0.99999824622122191
decision_type=2 2 2 2 2 2 2 2 2 2 2 2 2 2 2 2 2 2 2 2 2 2 2 2 2 2 2 2 2 2
left_child=1 23 4 8 5 7 -7 -3 9 -4 29 15 13 -13 16 19 -15 25 -12 -2 22 -10 -14 26 -22 -5 -1 -24 -26 -6
right_child=11 2 3 17 10 6 -8 -9 21 -11 18 12 20 14 -16 -17 -18 -19 -20 -21 24 -23 27 -25 28 -27 -28 -29 -30 -31
leaf_value=-0.0013779385456948378 0.018247365884246913 0.0037497348129505378 -0.011401069895806661 0.013048362946842307 -0.0013487303711305057 -0.0028221298698373719 0.0014250071327207919 -5.2244776776309395e-05 -0.012928873895395064 -0.003349149055805291 0.0082455448300297138 0.018922936841139448 -0.00046513365324169268 0.017097671705872747 0.018165725985812405 -0.019548453909683624 -0.0072235502635237536 -0.0042936495178713067 0.0017012869824933659 0.0060360214501339786 -0.015536328712631425 0.0014580671456285565 0.0038300597809814282 0.00031216915964626946 0.0026864255071510292 0.03417887877683936 -0.0096791085473925519 0.008826643352092824 -0.011645620744811777 -0.012801861905986816
leaf_weight=539.17852905392647 468.55510114878416 9624.2486054301262 1552.1567073762417 222.46526122093201 663.28304744511843 21706.547922581434 10273.263208299875 40676.102473005652 173.06172385811806 5907.9446066096425 2763.9053287953138 157.63151996582747 1489.5701988339424 114.91167786717415 160.53129675984383 78.646225437521935 2514.1462953984737 142.29810160398483 1897.2769200950861 930.02642823010683 148.8962666541338 3665.8345071822405 5573.3465955778956 761.82835057377815 533.21999464929104 90.552366390824318 1412.2882407233119 1217.8807803839445 139.25124157965183 232.46941171586514
leaf_count=2205 2609 43706 7338 1018 2970 90272 42791 176814 749 27851 11879 891 6612 536 684 331 12060 641 7704 5343 633 15480 25766 3187 2311 384 5966 5687 584 1065
internal_value=-2.00837e-05 -0.000329092 -0.000195412 -0.00246228 0.00010793 -0.000153671 -0.00145758 0.000675234 -0.00304778 -0.00502837 0.00398087 0.00231621 0.00155102 -0.00344675 -0.00472813 0.008541 -0.00614361 0.011994 0.00558532 0.0101556 0.0031704 0.000800253 0.00379473 -0.00522909 -0.00310925 0.0193938 -0.00739313 0.00472979 -0.000303337 -0.00435404
internal_weight=115831 102305 99591.4 11754.3 87837.1 82280.2 31979.8 50300.4 11299 7460.1 5556.93 13526.6 12049.4 2947.22 2789.59 1477.23 2629.06 455.316 4661.18 1398.58 9102.17 3838.9 8280.8 2713.3 821.368 313.018 1951.47 6791.23 672.471 895.752
internal_count=506067 442020 430662 53461 377201 353583 133063 220520 51418 35189 23618 64047 55764 14171 13280 8283 12596 2043 19583 7952 41593 16229 38065 11358 3528 1402 8171 31453 2895 4035
is_linear=0
shrinkage=0.04


Tree=97
num_leaves=31
num_cat=0
split_feature=0 0 18 5 26 18 9 14 9 21 26 9 9 10 9 9 13 9 5 9 28 25 9 29 21 0 11 10 14 20
split_gain=51.1047 176.949 79.9288 56.9234 67.5536 86.4463 155.771 151.888 60.1628 55.4419 52.7806 48.4381 45.8099 43.497 50.8607 42.7352 40.6871 37.4584 32.5687 27.491 27.2604 26.9772 36.0769 34.4556 25.0224 24.7613 24.6564 23.1418 21.1011 20.7959
threshold=-1.5947507225888555e-07 -1.4612237198008413e-07 0.010204081633978858 9.5116834339492598e-05 0.037596254999999308 0.99991568296800382 2.8974436796432182e-05 0.99267389437382347 2.5364477300606692e-05 -2.9189200398427553 -0.39142724499999565 1.0032662882989244e-06 7.832425592759555e-06 1.0000000180025095e-35 2.4190383364983056e-05 8.6952707516158525e-05 0.52832100658899139 3.5737983105585553e-05 0.00018183130447457788 5.3280549406871134e-06 3.2851904799999807 -0.28795482747874862 3.5737983105585553e-05 3.946032439073567 -3.1513960504184371 -3.9664593955990304e-06 0.64181586073845642 0.77167464888974291 0.27423963133907109 -0.35760497943081027
decision_type=2 2 2 2 2 2 2 2 2 2 2 2 2 2 2 2 2 2 2 2 2 2 2 2 2 2 2 2 2 2
left_child=2 9 10 4 5 7 -7 -3 12 11 -1 -2 -5 17 25 19 -13 -4 -14 -12 29 22 -6 -23 -16 -15 -22 -11 -26 -10
right_child=1 3 13 8 21 6 -8 -9 20 27 15 16 18 14 24 -17 -18 -19 -20 -21 26 23 -24 -25 28 -27 -28 -29 -30 -31
leaf_value=0.00079844891289430398 0.020534315121781208 -0.0014995540567793492 0.023181612612457193 0.020909867051998387 0.009832600562213932 -0.010061366790594354 -0.0002202741350597099 0.0081662380969718517 -0.0013490120334002534 -0.0077919240234852003 0.0076409442519311489 0.0023280871519717832 0.001010713681826288 -0.0044065201345795469 -0.0015675259307049226 0.00022716152289803892 0.0083776831949287367 0.0044602988065586564 0.0057403999135822907 -0.0063839967939370839 -0.0065062831438433633 0.00021448111043066641 0.0011154004972191117 0.014044533678440892 -0.0017985552790165959 -0.021653429439766829 0.0013320624633443895 0.0086625480702649978 0.0066482288169029168 0.0015559686333453374
leaf_weight=3650.7735359966755 390.70466949790716 29482.47431397438 266.7200304120779 244.38662765920162 1324.1032017096877 4857.8846579045057 5472.4908794313669 2850.3660030141473 5791.9943808466196 625.56286092847586 227.35658846795559 2846.5985003635287 4541.9766325131059 434.70650668442249 1582.4317568689585 2195.6605434566736 4764.6133418679237 476.10968841612339 4790.1159762144089 8473.5312402620912 1751.0155847221613 10347.800057664514 1783.3389330506325 294.12628337740898 607.57658100128174 191.56083491444588 1010.2063613384962 172.38348151743412 2107.075971364975 12329.147256791592
leaf_count=15046 2844 133116 1143 1142 5874 22060 22609 12220 23844 2676 987 12857 20742 1833 6416 8857 24086 1924 21826 35512 7133 44654 7337 1329 2447 801 4137 777 8503 51753
internal_value=3.47908e-05 0.000420957 -0.00179249 -0.00012655 -0.000878979 -0.00166483 -0.00484992 -0.000646718 0.00126678 0.00582514 -0.0033623 0.00682799 0.00389151 0.00223651 0.000871522 -0.00475674 0.00611737 0.0112434 0.00343993 -0.00601483 6.25063e-05 0.00155887 0.00483651 0.000600366 0.00242609 -0.00975402 -0.00363775 -0.00421439 0.0047556 0.000627074
internal_weight=115885 95671.3 20213.5 86871.4 56412.6 42663.2 10330.4 32332.8 30458.8 8799.86 14547.3 8001.92 9576.48 5666.18 4923.35 10896.5 7611.21 742.83 9332.09 8700.89 20882.4 13749.4 3107.44 10641.9 4297.08 626.267 2761.22 797.946 2714.65 18121.1
internal_count=506485 423016 83469 379776 249199 190005 44669 145336 130577 43240 60402 39787 43710 23067 20000 45356 36943 3067 42568 36499 86867 59194 13211 45983 17366 2634 11270 3453 10950 75597
is_linear=0
shrinkage=0.04


Tree=98
num_leaves=31
num_cat=0
split_feature=13 10 29 9 23 23 24 9 11 9 21 2 4 27 9 13 25 9 20 11 29 9 17 21 13 24 29 17 16 3
split_gain=55.8691 52.1715 63.4812 57.9208 56.6657 72.782 66.111 52.6594 46.5749 46.3169 40.7305 40.1433 31.0892 36.5989 28.1458 27.2327 26.4439 25.9694 25.4641 27.0422 23.567 22.8022 37.5671 21.8308 21.4607 21.3275 21.2744 32.7214 21.1806 17.7466
threshold=0.74611180920976161 0.99999985984033624 1.0000000180025095e-35 1.555827375683606e-05 0.99999862790694538 0.97888254049515111 0.99999626155887655 9.5190603088574596e-06 0.79951357938224032 6.8581331200406252e-05 -23.025800932440287 1.561308042852261e-07 1.9878857436594902e-05 0.10120996000001535 1.6825039332686633e-05 0.91002501896133758 0.87141993336765122 2.7647949969785283e-06 -0.45460074710626586 0.56461790800049327 -0.60541764904179429 1.7864685252601787e-05 7.4298214962761376e-05 -4.3423840873572841 0.69833207067736081 -0.76778262609073022 3.0406674700008458 8.7303278026680438e-06 0.00084352608864428304 3.8502707274012955e-05
decision_type=2 2 2 2 2 2 2 2 2 2 2 2 2 2 2 2 2 2 2 2 2 2 2 2 2 2 2 2 2 2
left_child=1 4 3 20 5 6 7 -1 9 -7 -10 14 15 29 24 28 -17 -13 -5 -20 -3 26 23 -23 -6 -19 -4 -28 -2 -14
right_child=12 2 21 18 11 8 -8 -9 10 -11 -12 17 13 -15 -16 16 -18 25 19 -21 -22 22 -24 -25 -26 -27 27 -29 -30 -31
leaf_value=0.0029438004230259206 0.0017049828011869855 -0.016591478232284341 -0.0023148469187403999 0.0062463280077243869 -0.015784900646070715 0.0048390643724672147 -0.033219522306005715 -0.00050738800321146202 -0.014056135602891697 -0.0048229230994000305 0.0003698061370167227 -0.017988418152002913 0.0074454892844388176 0.0022589386168183814 -0.0028693302744925392 0.022802446068771576 -0.0025629533090003303 -0.011861658372096585 -0.0077196686131651218 -0.0011774115214603061 -0.0074160776649948804 0.0025868827186324955 -0.006419470130648054 0.01234102613195855 0.00088476355615774605 0.0059725521717645313 0.028075993621745385 -0.0031776200097210494 -0.0059122713951229068 0.016473009309824555
leaf_weight=7878.2160235121846 3721.6059891134501 556.99278243631124 2265.0189418420196 515.46321597695351 884.06894858926535 10610.39704913646 94.471935942769051 69085.780104674399 337.88268049806356 855.49708366394043 3918.869950927794 100.41275600343943 907.46025365591049 1609.2990344762802 662.00489635765553 173.98686086386442 103.50721088051796 123.71498329937458 1423.4049867093563 3487.9768856167793 2341.4613120928407 720.73589771986008 384.13955798745155 753.29229713976383 142.51249767094851 714.3950699493289 94.570917829871178 118.20511354506016 690.17647844552994 575.89833906292915
leaf_count=39020 17184 2756 10983 2163 4213 49700 390 289145 1473 3528 17580 652 4051 7240 2866 765 472 616 6274 15074 11697 3144 1642 3233 659 3380 438 549 3011 2626
internal_value=6.18035e-05 -0.000173889 -0.00258623 -0.00462997 0.000146237 0.000310399 -0.000195606 -0.000153957 0.00279042 0.00411678 -0.00078113 -0.00564413 0.00333473 0.00644686 -0.00932651 0.00127871 0.0133787 0.000981722 -0.00218845 -0.00307754 -0.00919364 0.00133689 0.00468422 0.00758769 -0.0134683 0.00330652 -0.00117306 0.0108438 0.000509418 0.0109753
internal_weight=115851 108069 12661.3 8325.3 95408.2 92781.1 77058.5 76964 15722.6 11465.9 4256.75 2627.11 7781.93 3092.66 1688.59 4689.28 277.494 938.523 5426.85 4911.38 2898.45 4335.96 1858.17 1474.03 1026.58 838.11 2477.79 212.776 4411.78 1483.36
internal_count=506524 471175 57953 37964 413222 400836 328555 328165 72281 53228 19053 12386 35349 13917 7738 21432 1237 4648 23511 21348 14453 19989 8019 6377 4872 3996 11970 987 20195 6677
is_linear=0
shrinkage=0.04


Tree=99
num_leaves=31
num_cat=0
split_feature=13 10 10 18 8 10 8 17 8 29 8 4 5 25 17 4 29 13 5 24 6 15 28 13 28 1 8 18 19 11
split_gain=55.0063 44.6626 66.2107 59.5217 133.522 125.281 142.671 93.632 62.2105 58.146 63.8168 32.5231 28.1627 30.1754 25.525 37.3637 40.6163 25.0644 23.7826 21.6209 21.2259 19.7645 16.0586 18.4684 22.4698 15.6714 18.0338 42.1305 15.6699 14.4877
threshold=0.74611180920976161 0.99999985984033624 0.99999580041389591 0.66550569627921974 6.8482586941731018e-06 0.6155658015887171 2.3684284815681553e-05 1.5929746008037509e-07 2.5556996596842358e-05 0.11570693382170844 1.4203778677142976e-05 1.0927695086593305e-06 -0.00071177710422976037 -0.85273148978455016 3.9019471687721468e-05 8.8983555015964569e-05 3.0406674700008458 0.91002501896133758 3.0897182071498726e-05 0.61810810689105111 8.3662729057745974e-06 0.8581854929260001 0.92571761499998229 0.86026162764763592 0.06554161999998058 0.00020222366077682355 4.45429864713434e-06 0.3322603130327228 -0.015525624598485246 0.99829596275868104
decision_type=2 2 2 2 2 2 2 2 2 2 2 2 2 2 2 2 2 2 2 2 2 2 2 2 2 2 2 2 2 2
left_child=1 2 3 5 18 8 -7 -6 -1 10 20 17 -12 -14 15 16 -11 21 -5 -13 -3 29 23 -21 -25 26 27 -4 -28 -2
right_child=11 9 25 4 7 6 -8 -9 -10 14 12 19 13 -15 -16 -17 -18 -19 -20 22 -22 -23 -24 24 -26 -27 28 -29 -30 -31
leaf_value=0.00098341898524799127 -0.0015837086586845263 -0.0073341871803114488 0.018075404278989404 -0.015507568249215746 -0.0036427411333679739 0.011020826425969119 0.0012961394994813749 0.0014173660921379255 -0.0017449500490149697 0.00029028376224928269 0.012478282046668851 0.01003663765681081 -0.0095941026142259342 -0.00087938831687804577 -0.0055352623819421099 0.016062095106770313 0.018989785009771675 0.013341724964620154 -0.0051924050758001697 0.0036123205685733195 -0.017019488180695489 0.014217527333692206 -0.0014747536107343519 0.030909091417418211 0.0076316346016801371 -0.0028005750733734701 0.0028351240920617428 -0.016771676447407607 0.007794294481339531 0.0059475166362171214
leaf_weight=25437.004028752446 3246.5699389353395 3138.3763425275683 80.497690044343472 1250.676616884768 11737.50279301405 3395.5775989070535 8343.05423656106 11660.047601059079 28181.701681494713 2546.4400167390704 217.23856145143509 1303.4594219699502 741.84574371576309 4380.123282507062 650.27005808055401 319.87289707362652 198.1542652323842 234.51860871165991 507.81051942706108 1335.9100463241339 410.54262934625149 146.69553478062153 697.49874337017536 90.504401527345181 244.93164996057749 428.02395705878735 1717.2656575664878 165.65987260639668 2538.454230748117 464.93474637717009
leaf_count=119125 14914 15607 424 6121 49076 16046 34370 48758 116419 11956 895 5735 3363 18870 2864 1369 889 1043 2358 6203 1921 696 3110 406 1123 1774 7190 829 10997 2056
internal_value=-8.32881e-05 -0.000317065 -2.14547e-05 -0.000267442 -0.00192074 0.000368868 0.00411134 -0.00112092 -0.000450499 -0.00255486 -0.00431119 0.00316791 -0.00154515 -0.00214667 0.0016459 0.00317482 0.00165795 0.000713223 -0.0125433 0.00589974 -0.00846703 -6.06566e-05 0.00361302 0.00573895 0.0141049 0.00449161 0.00518738 -0.00528745 0.00579731 -0.000635434
internal_weight=115811 108046 95443.3 90513.4 25156 65357.3 11738.6 23397.6 53618.7 12602.9 8888.13 7765.02 5339.21 5121.97 3714.74 3064.47 2744.59 4092.72 1758.49 3672.3 3548.92 3858.2 2368.84 1671.35 335.436 4929.9 4501.88 246.158 4255.72 3711.5
internal_count=506507 471221 413487 392273 106313 285960 50416 97834 235544 57734 40656 35286 23128 22233 17078 14214 12845 18709 8479 16577 17528 17666 10842 7732 1529 21214 19440 1253 18187 16970
is_linear=0
shrinkage=0.04


Tree=100
num_leaves=31
num_cat=0
split_feature=13 10 8 4 28 21 29 15 26 7 0 9 6 21 4 12 26 28 13 24 6 28 26 24 4 13 11 28 5 4
split_gain=45.2767 50.4447 147.341 63.1901 60.4642 59.4453 60.23 55.9144 44.4156 62.4827 42.88 41.3514 39.5055 38.7892 37.5302 39.1309 25.4428 31.6392 24.3715 23.5886 22.9851 21.9285 21.9054 20.257 18.4453 17.7991 17.5948 17.167 23.2038 19.912
threshold=0.23500092029991579 1.0000000180025095e-35 1.0731219283719759e-05 0.00011500123821051035 2.2227027449999857 -5.4054394356382751 -0.61062010469006345 0.88444637317797292 0.031447894999978333 6.8035699772421617e-05 -6.3110094028040451e-05 2.1881625561652947e-05 3.7585560540792568e-05 -8.8115642453077392 -2.2448992621271199e-05 0.3000060428637536 -0.032713585000006186 0.28255427999998278 0.69279068597018567 0.95020058541455754 1.0004776241789721e-07 3.9743283649999683 -2.1694734549999879 0.77469161457873337 0.00040553884067051632 0.78744047487157109 0.71921638102903429 0.72399884999998598 0.00023812803242506678 0.00011500123821051035
decision_type=2 2 2 2 2 2 2 2 2 2 2 2 2 2 2 2 2 2 2 2 2 2 2 2 2 2 2 2 2 2
left_child=19 2 14 7 5 6 -4 8 9 -3 -7 -9 -10 16 -2 -16 24 -18 -6 22 -17 25 -1 -23 -5 -15 -13 -24 29 -29
right_child=1 3 4 13 18 10 -8 11 12 -11 -12 26 -14 21 15 20 17 -19 -20 -21 -22 23 27 -25 -26 -27 -28 28 -30 -31
leaf_value=0.0082932184210218023 0.00072108954325905477 -0.0023015378828091207 -0.0011278339833120299 -0.0039119019537660069 -0.0076096377672752397 0.0044450337076695733 0.0045381681717906403 0.010295320689088059 0.0021367880630955415 0.002425294901149544 -0.0048004931713091304 -0.00059923091418470447 -0.0022276843568756876 0.0010939229787003354 -0.0022994321080718428 0.0076208460608964274 0.010443196759439714 0.0027928867909244332 0.011705168079623423 0.0097659776608812997 0.01442012223031507 -0.00050286665569158006 -0.0043461995594843454 -0.0085453063909921821 0.0089155424870851468 0.0096696295727589383 0.00665591824537897 -0.012969676750527759 -0.02374893202263641 0.009101988807769355
leaf_weight=195.94066984951496 844.18300402909517 41878.243073679507 4773.1088746190071 735.59665562212467 1790.3162543922663 1020.6823782026768 8076.108515843749 1098.1681876182556 10090.867036111653 5006.4913959652185 3718.5812627524137 2178.9734784960747 4940.2914188206196 14311.293678119779 365.2290056720376 1421.2729991525412 1691.5532403290272 1777.9059046804905 108.66674061119556 186.98362566530704 1851.6955662444234 1830.2509345114231 3415.3082361072302 688.7331994920969 234.46096453070641 395.89601138979197 705.78243581950665 186.11211980879307 179.02549333870411 97.756899356842041
leaf_count=796 3944 188054 20269 3033 7483 4214 36324 5216 43864 20215 15475 8956 20179 60015 1651 8155 7330 7612 490 842 10312 7403 14333 2864 948 1787 3012 778 741 410
internal_value=1.22037e-05 0.000166894 0.00179273 -0.000278131 0.000287989 0.00102068 0.00243313 -0.000894312 -0.00118995 -0.00179657 -0.0028068 0.00369786 0.000701791 0.00159567 0.00832973 0.0100919 0.00492879 0.0065292 -0.00648784 -0.00403319 0.0114771 0.00073575 -0.00467336 -0.00271023 -0.000791013 0.00132672 0.00117779 -0.00533474 -0.0125554 -0.00533524
internal_weight=115795 111534 23969.8 87564.5 19487.5 17588.5 12849.2 65898.8 61915.9 46884.7 4739.26 3982.92 15031.2 21665.7 4482.38 3638.2 4439.52 3469.46 1898.98 4261.13 3272.97 17226.2 4074.14 2518.98 970.058 14707.2 2884.76 3878.2 462.895 283.869
internal_count=506705 488805 108317 380488 84255 76282 56593 289496 272312 208269 19689 17184 64043 90992 24062 20118 18923 14942 7973 17900 18467 72069 17058 10267 3981 61802 11968 16262 1929 1188
is_linear=0
shrinkage=0.04


Tree=101
num_leaves=31
num_cat=0
split_feature=0 0 18 1 1 18 17 9 21 9 21 9 10 9 21 27 17 9 10 9 26 17 16 0 21 9 17 25 21 19
split_gain=58.5532 154.96 66.727 49.4804 91.2572 69.0005 190.791 98.4853 62.89 61.5684 41.5675 40.0077 37.1974 52.6603 36.0409 50.1623 34.7713 34.7647 40.887 40.0652 32.5793 31.2341 28.4516 28.1015 27.1239 26.3435 26.1648 24.4724 23.2109 24.6668
threshold=-1.5947507225888555e-07 -1.5851602430672071e-07 0.010204081633978858 4.6341563475493791e-07 1.5806060904566269e-07 0.25000000011368689 1.4615838037555779e-07 3.5050676994072081e-05 -23.025800932440287 6.693268009985816e-05 -0.82000657209964645 1.5406201687694594e-06 1.0000000180025095e-35 2.4190383364983056e-05 -8.8115642453077392 0.16291970000000075 7.0579767181273358e-06 3.9038568201982652e-05 4.0145477253887599e-07 8.3208945160768753e-06 -0.10858143500001893 2.9254430084747899e-07 0.0012187694956606596 -3.9664593955990304e-06 -3.1513960504184371 3.6060372546186128e-06 5.8886664087799588e-05 -0.42270563782338771 -5.2099887739617357 -0.48923523996304646
decision_type=2 2 2 2 2 2 2 2 2 2 2 2 2 2 2 2 2 2 2 2 2 2 2 2 2 2 2 2 2 2
left_child=2 11 10 4 5 6 -3 -7 25 14 17 -2 16 23 15 -5 -4 18 19 -1 -16 -10 -20 -14 -15 -6 -12 -28 29 -13
right_child=1 3 12 9 8 7 -8 -9 21 -11 26 28 13 24 20 -17 -18 -19 22 -21 -22 -23 -24 -25 -26 -27 27 -29 -30 -31
leaf_value=0.01306665431195015 0.023853221219173663 -0.0004965932340129963 0.024163622906930589 0.0085960106418267145 -0.028540654858995249 -0.0059723599318750181 0.0061683270651782286 0.00069229978010272976 -0.0047490151507565918 -0.0013141912753038981 -0.0061472345224627368 -0.0026244000345616698 -0.0045655971311440065 -0.0020748675551739873 -0.0031464549476697308 0.00094883228354958056 0.0047308621817321655 -0.0025427156182375571 -0.0085093875806508817 -0.0045477681652780497 0.0025001152057550114 0.013457583296130718 -0.021105108743266033 -0.02285752283815393 0.0045077704762411146 -0.011952986436732703 0.012038872143813025 0.00084224237867114489 0.00046595498372362982 0.01223324101646339
leaf_weight=230.80638079345226 302.76825965195894 39224.460399515927 201.55867913365364 3388.6502361297607 210.88784805685282 6817.2250132262707 8329.0452101305127 7390.1408118754625 2865.3156972527504 8166.4395378381014 427.10289788246155 200.90089727938175 430.88492442667484 1589.1406857818365 1900.2009956538677 2309.8598107174039 540.84605695307255 7992.0545370429754 2450.9229281544685 1805.4884289801121 11596.121896401048 156.69076998531818 325.44970604777336 194.77941884100437 2696.8989604860544 581.94448971748352 511.23286926746368 801.23836943507195 471.0541353225708 1524.4978955835104
leaf_count=993 2336 174832 871 15874 1091 29966 36520 30179 13990 33093 1765 1098 1820 6447 7804 10934 2197 32608 10648 7708 51142 658 1393 817 10875 2556 2100 3248 2303 8348
internal_value=1.55964e-05 0.000429747 -0.00194076 0.000165239 -0.000430875 -5.98109e-05 0.000670901 -0.0025057 -0.00643289 0.00159406 -0.00337421 0.0102538 0.00174538 0.000480728 0.00283169 0.00549903 0.0100757 -0.00416251 -0.00684855 -0.00253526 0.00170425 -0.00379309 -0.010005 -0.0103353 0.00206592 -0.0164456 0.00242263 0.00522212 0.00835253 0.0104985
internal_weight=115635 95436.2 20198.4 92937 65575.7 61760.9 47553.5 14207.4 3814.84 27361.3 14544.3 2499.22 5654.11 4911.7 19194.8 5698.51 742.405 12804.7 4812.67 2036.29 13496.3 3022.01 2776.37 625.664 4286.04 792.832 1739.57 1312.47 2196.45 1725.4
internal_count=506214 422724 83490 408639 289792 271497 211352 60145 18295 118847 60463 14085 23027 19959 85754 26808 3068 53350 20742 8701 58946 14648 12041 2637 17322 3647 7113 5348 11749 9446
is_linear=0
shrinkage=0.04


Tree=102
num_leaves=31
num_cat=0
split_feature=0 0 9 21 13 9 11 2 18 13 9 18 10 9 18 9 9 21 24 17 4 24 28 4 13 28 9 19 11 16
split_gain=52.3717 146.037 60.4286 55.772 39.6085 44.1572 181.716 114.206 77.3742 42.4774 34.5079 32.0988 30.7911 67.4737 65.5927 35.2687 28.9628 24.7938 23.9518 23.3452 16.5741 15.7213 15.5334 21.9744 17.5919 15.1603 14.9979 14.5453 16.2831 14.1099
threshold=-1.5947507225888555e-07 -1.5851602430672071e-07 8.5561518057800884e-05 -0.82000657209964645 0.86026162764763592 3.6060372546186128e-06 0.49999572899692363 -1.5544096587660758e-07 0.89950862318137592 0.34128847179067301 1.040742187801241e-05 0.25000000011368689 1.0000000180025095e-35 3.5421113399889188e-05 0.0024813895777672903 7.832425592759555e-06 3.8392163541491521e-05 -3.9547731626077116 0.6924479700949091 3.0094224498673954e-05 -1.4133882766387271e-06 -0.94743116610149147 1.0680037399999784 1.0000000180025095e-35 0.91002501896133758 0.06554161999998058 7.0163896200929602e-05 -0.4056376902341135 0.3868165902402248 0.025445951634262744
decision_type=2 2 2 2 2 2 2 2 2 2 2 2 2 2 2 2 2 2 2 2 2 2 2 2 2 2 2 2 2 2
left_child=2 10 3 12 5 6 8 -8 -3 18 17 -11 14 -14 15 -1 -16 20 -7 -5 -2 -15 23 24 -6 -25 -21 -12 -29 -4
right_child=1 4 29 19 22 9 7 -9 -10 11 27 -13 13 21 16 -17 -18 -19 -20 26 -22 -23 -24 25 -26 -27 -28 28 -30 -31
leaf_value=0.012994570581820035 0.0087020272627850101 0.010750970562308244 0.0006067699881339173 -0.0087348291398087179 -0.0017068016280371481 -0.0029946669428414611 0.0098243375863336351 -0.010763185745190614 -0.019334259116779415 0.0012598962063625064 -0.0025875374806369855 -0.00043290038134186407 -0.0098503818136621898 -0.012351846606394743 0.021431995666463415 -0.0040260555365548715 0.0024965429947119665 -0.003185992418661473 0.0024169957630794862 0.0066658785867558914 0.02019066575939216 -0.0022249568481524725 -0.0046162667052137268 0.023669831427469507 0.013298825584359422 0.0094219466960926129 -0.0032834738660285296 -0.0060612523103457053 0.0095172903855953537 0.0052436507035812088
leaf_weight=204.15194144099951 285.27257565408945 1448.4608967602253 3616.3328719735146 224.32256127893925 362.08146806806326 8406.316706776619 492.48999629914761 3352.1759318709373 148.68681744486094 47776.639808595181 271.31933871656656 28672.923452600837 3317.013617195189 254.88933205604553 261.87714102864265 3402.0818445011973 255.90949060022831 105.67822093516588 1546.634924441576 1388.7937286049128 745.11291662603617 5480.811380520463 150.08525116741657 196.95808732509613 187.72243143618107 318.74741860479116 291.1596388220787 118.99074617773294 941.71907839924097 1479.8339984714985
leaf_count=876 1616 7742 14583 928 1610 35080 2956 17308 809 211672 1277 121523 14324 1070 1133 14266 1038 577 6847 5700 5379 22414 667 858 813 1429 1172 532 4577 5930
internal_value=4.34477e-05 0.000434616 -0.00180806 -0.00308059 0.000179727 8.46283e-05 -0.0034093 -0.00811994 0.00792162 0.000304841 0.0100333 0.000624929 -0.00400551 -0.00531052 -0.00113796 -0.00305284 0.0121396 0.0151536 -0.00215274 0.00331323 0.0170433 -0.00268101 0.00734568 0.00904282 0.00344131 0.0149595 0.00493572 0.00564242 0.0077543 0.00195625
internal_weight=115705 95528 20177.2 15081 93059.9 91844.3 5441.81 3844.67 1597.15 86402.5 2468.09 76449.6 13176.7 9052.71 4124.02 3606.23 517.787 1136.06 9952.95 1904.28 1030.39 5735.7 1215.59 1065.51 549.804 515.706 1679.95 1332.03 1060.71 5096.17
internal_count=506706 423272 83434 62921 409314 403937 28815 20264 8551 375122 13958 333195 55121 37808 17313 15142 2171 7572 41927 7800 6995 23484 5377 4710 2423 2287 6872 6386 5109 20513
is_linear=0
shrinkage=0.04


Tree=103
num_leaves=31
num_cat=0
split_feature=0 0 21 0 0 21 21 19 18 17 17 14 13 0 10 29 10 15 29 17 0 21 10 26 0 10 5 29 10 12
split_gain=47.8372 158.776 83.5613 48.3333 121.502 63.3207 53.3827 46.5664 46.1979 117.956 77.5388 46.0587 40.3834 38.75 34.3722 33.1597 37.6918 30.93 32.6031 27.3952 24.5348 23.471 22.1451 21.6423 20.6197 20.926 19.474 18.1712 18.0669 17.2593
threshold=2.7499649402074061e-07 1.5435644407091334e-07 -1.3919581503415797 -1.5947507225888555e-07 -1.4612237198008413e-07 -1.9861592740251697 -2.8713963550269859 0.017859283651592204 0.99836999840612839 1.4615838037555779e-07 1.5454978335201546e-07 0.97297297298200824 0.52991577490861808 1.8893752464776983e-06 0.99999307242883506 0.11570693382170844 0.99995648669514403 0.020046367854018202 -0.54276282524287345 3.2189251235232433e-05 -1.5630822591816693e-07 -8.0719145940866621 0.99097645057381578 -0.69770574000000718 3.5864531903406778e-05 0.99999999894144032 -3.9080890537057649e-05 -0.087490259371265505 0.98852478142239641 0.53200778326796372
decision_type=2 2 2 2 2 2 2 2 2 2 2 2 2 2 2 2 2 2 2 2 2 2 2 2 2 2 2 2 2 2
left_child=1 3 13 5 6 7 12 -1 9 -6 -10 15 -5 -2 29 16 27 18 -15 28 -8 -20 -4 -21 -24 -26 -9 -3 -7 -13
right_child=2 11 22 4 8 19 20 26 10 -11 -12 14 -14 17 -16 -17 -18 -19 21 23 -22 -23 24 -25 25 -27 -28 -29 -30 -31
leaf_value=-0.0020925247231847084 0.0091350043007101603 0.0054732633324729484 -0.0053661059364607635 0.0023762640937937097 -0.00025228794924263113 -0.0046140077511344522 -0.010024573943973793 -0.011702408064323556 0.0021246398946222658 0.0055662059515743257 -0.0050561774384770509 -0.013225560260650089 0.0082605475320323175 -0.00077920893317867256 0.0020503054800868636 0.0022995398454343963 -0.0068149376361844117 -0.0017131286826637326 0.009298030781513646 0.0059557487018031567 0.0051381664791580062 0.0035784941522098296 0.0066978355764752331 0.0008742281099460565 -0.00055829084659525074 -0.0144412908674894 -0.0045321716596361614 -0.0093169409236635373 0.010217937241075219 -0.0073347603043272466
leaf_weight=10056.83101234585 1564.4271139353514 688.12124741077423 2576.3106267750263 2991.2195020318031 39908.384258121252 1481.5337737053633 511.26350153237581 1262.961123034358 3816.353822723031 6477.1346259489655 6498.8592531308532 1594.475548364222 4985.0634027272463 2461.2473887354136 407.25278091430664 1377.8400242328644 3267.1645330116153 2325.3229000121355 1335.8255941718817 1994.8058763593435 253.35948419570923 8223.6457628309727 558.9638152718544 4095.7613932341337 1562.0203852057457 193.2507476657629 1179.6579663008451 162.08391600847244 141.69618619978428 1627.46137303859
leaf_count=41527 6751 2942 10439 13714 177146 6180 2224 5417 15565 28187 28065 7143 26292 10189 1784 6456 15601 9793 6252 8117 1088 35497 2422 16830 6607 868 4978 700 575 7048
internal_value=1.73665e-05 -0.00036382 0.00175436 0.000170515 0.000698659 -0.00153897 0.00508774 -0.00329761 2.17514e-05 0.000560306 -0.00239901 -0.00537925 0.00605599 0.00316004 -0.00887609 -0.00306589 -0.00486313 0.00250664 0.0033236 0.00131011 -0.00499219 0.00438049 -0.00281682 0.00254122 2.11823e-05 -0.00210782 -0.00824986 0.00262832 -0.00330242 -0.0102595
internal_weight=115580 94779.3 20801 85654.9 65441.6 20213.2 8740.91 12499.5 56700.7 46385.5 10315.2 9124.4 7976.28 15910.5 3629.19 5495.21 4117.37 14346 12020.7 7713.8 764.623 9559.47 4890.55 6090.57 2314.23 1755.27 2442.62 850.205 1623.23 3221.94
internal_count=506397 417579 88818 375905 292281 83624 43318 51922 248963 205333 43630 41674 40006 68482 15975 25699 19243 61731 51938 31702 3312 41749 20336 24947 9897 7475 10395 3642 6755 14191
is_linear=0
shrinkage=0.04


Tree=104
num_leaves=31
num_cat=0
split_feature=13 10 9 23 4 2 10 21 6 18 21 20 17 8 21 28 5 5 9 13 6 6 6 11 23 27 27 6 9 19
split_gain=43.3409 77.8091 107.222 74.3934 69.0418 62.5432 49.0114 86.0221 61.9159 48.8877 41.7076 53.8807 47.4024 34.9721 29.3035 28.2295 27.6342 41.3001 33.4438 29.7542 26.2286 25.343 54.2894 51.6477 31.2557 24.3672 24.0868 22.8801 21.9348 20.0419
threshold=0.4199469583728736 1.0000000180025095e-35 1.2006752026273524e-05 -0.9999941522032566 0.00013386441201568291 -1.5583608536928748e-07 0.64516253933283652 -4.0161068371708692 5.7793283400354504e-08 0.00076190487235392628 -5.2982803670330263 -0.32218556086471745 4.0295072737958377e-05 1.7535299937593135e-05 -5.7037219767813374 1.2425102799999801 -0.00052303983452439684 -0.00019391107628408119 2.8195753035045937e-05 0.35453590000063523 3.1344231161938553e-05 8.5851924361987812e-13 9.8575984515183839e-08 0.10000000000006264 0.7072396179918683 -0.0021390649999978198 -0.24593851999999033 1.4176383858588434e-07 5.1748641454046773e-05 -0.21469142308101063
decision_type=2 2 2 2 2 2 2 2 2 2 2 2 2 2 2 2 2 2 2 2 2 2 2 2 2 2 2 2 2 2
left_child=16 2 14 5 6 25 8 -8 -5 10 11 -4 -12 15 27 -6 19 18 -18 28 -11 23 -23 -19 -24 -3 -15 -2 -1 -25
right_child=1 3 9 4 13 -7 7 -9 -10 20 12 -13 -14 26 -16 -17 17 21 -20 -21 -22 22 24 29 -26 -27 -28 -29 -30 -31
leaf_value=-0.0026474359910176408 0.008873585451760313 -0.0048065178155414093 -0.0014382612099511545 -0.0074855040596312761 0.012281558004130942 0.016122476927493249 -0.0011944910777382653 0.0036350780187223287 -0.0015999386167335028 0.016500575614432991 -0.0069303660944073512 0.0047250249959151155 0.0042462661119636487 0.0048690485637079761 0.0026601573533054767 -0.01074249266505177 -0.012777189875063108 -0.0050415455751051212 -0.0037558439792119958 -0.0020766687167971956 0.003798298232994999 -0.0079348796194162029 -0.0019241338336069337 0.0039090050985351333 0.0023638735588243703 0.0091716075233653892 0.00073707304759680061 0.017270738950685646 0.0081325982351609302 0.013545746939836612
leaf_weight=389.86597982048988 1405.263321429491 518.05305844545364 4128.1510099694133 3383.3478713333607 771.89851456135511 810.61777295917273 25354.289921328425 7688.0519876256585 18464.461760722101 478.89397817850113 2015.116813108325 5032.7939933091402 865.92862483859062 2767.888364225626 705.57993213832378 93.604147061705589 800.986224219203 964.92405784130096 3668.7483456134796 1489.4275680780411 573.47954669594765 1970.5691212266684 11009.75630646199 1345.32183586061 3608.6550315618515 321.13047903031111 12226.896205946803 837.76156342029572 1311.529792919755 465.2604772746563
leaf_count=1609 8960 2303 17946 14542 3505 3698 114433 32790 80998 2115 8469 23242 3592 11357 3456 432 3444 3981 15088 6038 2376 9075 45840 5736 16066 1808 51261 4703 5298 1995
internal_value=-4.46968e-05 0.000383634 0.00290384 -0.000174806 -0.000370812 0.00821546 -0.00104256 -7.04181e-05 -0.00251237 0.00135076 0.000626817 0.00194739 -0.00356829 0.00195344 0.00979211 0.00976177 -0.0014466 -0.00191475 -0.00537982 0.00204719 0.00960869 -0.00111406 -0.00170619 0.00242134 -0.000864985 0.000546265 0.00150085 0.0120277 0.00565864 0.0064033
internal_weight=115468 88443.2 16043 72400.2 70750.4 1649.8 54890.2 33042.3 21847.8 13094.4 12042 9160.95 2881.05 15860.3 2948.6 865.503 27025 23834.2 4469.73 3190.82 1052.37 19364.5 16589 2775.51 14618.4 839.184 14994.8 2243.02 1701.4 1810.58
internal_count=506156 391986 74859 317127 309318 7809 242763 147223 95540 57740 53249 41188 12061 66555 17119 3937 114170 101225 18532 12945 4491 82693 70981 11712 61906 4111 62618 13663 6907 7731
is_linear=0
shrinkage=0.04


Tree=105
num_leaves=31
num_cat=0
split_feature=13 23 26 9 24 27 24 11 23 24 3 2 4 7 28 23 13 28 26 15 23 0 9 27 28 8 5 28 9 12
split_gain=39.5434 35.6753 65.2772 44.8445 44.0031 54.7559 50.2888 36.228 67.5699 34.6102 32.7935 32.1867 32.0632 27.1871 25.9294 25.9222 24.7173 24.4121 21.2205 15.8299 17.5446 16.4913 15.6166 15.4082 15.358 15.3316 13.8973 13.118 14.9976 14.8495
threshold=0.74611180920976161 0.99999862790694538 0.00023906999999272714 6.585512838052096e-06 0.99999626155887655 0.050766085000009377 0.99835725327878522 0.19999991408792292 -0.99999999097776582 0.44657119582645682 -0.0001200068597801973 -1.5656962215615519e-07 1.9878857436594902e-05 1.1236557247519586e-06 0.20111059499999154 0.999999999998476 0.91002501896133758 3.2851904799999807 0.0056742500000066661 0.96969696969614894 -0.59689352885017144 -1.0000000180025095e-35 1.9936880152691946e-06 0.0057962350000112092 0.050400854999997892 3.0596302202315638e-05 1.5878839398908442e-07 0.019431239999976185 1.6623415648301649e-05 0.7982955294387124
decision_type=2 2 2 2 2 2 2 2 2 2 2 2 2 2 2 2 2 2 2 2 2 2 2 2 2 2 2 2 2 2
left_child=1 4 23 18 6 -6 7 17 -9 10 -5 -8 16 -13 25 -11 19 -1 -4 20 26 -22 -20 -3 -18 27 -2 29 -29 -14
right_child=12 2 3 9 5 -7 11 8 -10 15 -12 13 14 -15 -16 -17 24 -19 22 -21 21 -23 -24 -25 -26 -27 -28 28 -30 -31
leaf_value=-0.0018613019884015137 -0.0087134556660104865 -0.023544715953170571 -0.015156073180291928 0.0068240339739382592 -0.0410410661676303 0.000620569123443037 0.021777673941604566 0.0058945500664707301 -6.9788502473095104e-05 -0.0014737951885819187 -0.0075340771285505662 -0.0033501435681776923 0.023819491038958942 0.007405811522794431 0.0027296328021421596 0.0078617910968972089 0.020443794672879542 -0.01064500985786377 0.005457137581761448 0.012536380841415475 0.007142750388975651 -0.00048070947853127814 -0.0091286496486709615 -0.0070157557515525531 0.0014231906803079755 -0.0016858934223174741 0.0041125016022587491 0.0039003600366996627 0.016559456351515546 0.0096820025476081518
leaf_weight=10555.321843363345 614.14088872075081 293.25081638246775 515.76115763187408 321.82638336718082 91.464450895786285 108.43904761970043 188.82751210778952 3147.4002992063761 86453.353988461196 864.05435868352652 1180.7180428653955 510.10336989164352 240.04244755208492 1408.6491382718086 1751.7314435988665 1052.6869096159935 155.39497634023428 529.92414364218712 188.70898781716824 151.5127889290452 535.36485961079597 2907.7472055926919 301.9184101447463 135.41625738143921 121.18184231966734 153.27816903591156 170.84866359829903 461.43590504676104 222.17224241048098 248.16003505140543
leaf_count=44298 2761 1506 2827 1409 392 534 1176 14725 376415 3948 5345 2462 1103 6695 7861 4606 691 2176 1027 742 2785 13051 1454 628 540 653 784 2164 1005 1121
internal_value=4.41161e-06 -0.000193678 -0.00354385 -0.00209384 -3.56392e-05 -0.0186725 9.80856e-07 -0.000127032 0.000139806 9.08108e-05 -0.00444878 0.00611261 0.00276704 0.00454259 0.00593409 0.00365366 0.000670972 -0.00228396 -0.00950486 -6.29898e-05 -0.000522759 0.00070706 -0.00350712 -0.0184053 0.0122154 0.0101532 -0.00591031 0.0117072 0.00806684 0.016728
internal_weight=115581 107848 4854.34 4425.67 102993 199.903 102794 100686 89600.8 3419.29 1502.54 2107.58 7733.01 1918.75 3076.82 1916.74 4656.19 11085.2 1006.39 4379.61 4228.1 3443.11 490.627 428.667 276.577 1325.09 784.99 1171.81 683.608 488.202
internal_count=506884 471623 22750 20616 448873 926 447947 437614 391140 15308 6754 10333 35261 9157 13907 8554 21354 46474 5308 20123 19381 15836 2481 2134 1231 6046 3545 5393 3169 2224
is_linear=0
shrinkage=0.04


Tree=106
num_leaves=31
num_cat=0
split_feature=13 10 9 23 17 18 17 17 11 8 10 18 2 28 29 29 3 23 13 28 9 19 29 25 14 2 8 6 9 6
split_gain=40.0795 63.3958 101.068 77.8166 65.2845 107.104 199.329 115.066 53.8126 57.2151 56.5547 47.3027 42.9733 39.0159 38.1366 51.2847 28.6222 27.9534 26.8289 24.5122 24.392 22.1291 21.8531 21.3758 20.7154 20.8903 20.3287 22.4475 19.2875 40.3106
threshold=0.4199469583728736 1.0000000180025095e-35 3.0364078230216599e-05 -0.9999941522032566 1.3747294623637422e-07 1.0000000180025095e-35 1.5945596171135808e-07 1.5929746008037509e-07 0.49999960849057479 1.5652318649077483e-05 0.64516253933283652 0.0031796582746884284 -1.5583608536928748e-07 2.2227027449999857 0.40311929664464446 -0.55324740539728234 -0.00048889668843798962 0.76955060125028973 0.67107222451693527 -8.4467554200000077 9.0809204113312807e-06 -0.26920096837865254 -0.61062010469006345 0.55328646842689799 0.78595904477139111 1.3430039063955236e-05 7.5392155913372499e-08 5.7722875647541171e-13 3.4099311599028101e-05 1.497828133605104e-12
decision_type=2 2 2 2 2 2 2 2 2 2 2 2 2 2 2 2 2 2 2 2 2 2 2 2 2 2 2 2 2 2
left_child=16 2 11 12 8 6 -6 -7 10 -10 -5 14 23 -4 15 -2 19 26 -15 -1 -14 -16 -19 -3 -13 -26 27 -18 29 -28
right_child=1 3 13 4 5 7 -8 -9 9 -11 -12 24 20 18 21 -17 17 22 -20 -21 -22 -23 -24 -25 25 -27 28 -29 -30 -31
leaf_value=0.01894800477192625 0.00087670719709115937 -0.0011353028674720327 0.00045068816653000217 0.0050541403968225171 0.00673238272323791 -0.0037577206068340556 -0.0026012048675933446 0.0012458766145955463 -0.0045474634249645721 -0.00018546783103470416 -0.0047547514571863589 0.0022983522186127378 0.025696394401489187 -0.0098990598409215633 0.0090918945697789095 0.0085958544305296345 0.01160784482619273 -0.0040409566108276446 0.011705325659383195 0.0023820878397852554 0.010428810788880969 -0.0028865638898858989 0.0022011321800843374 0.014520419365039196 0.03408715232517761 0.013575471792224047 0.0011937875574590594 -0.0058055319826404508 -0.001561901135744406 -0.0057934047498308218
leaf_weight=163.99822793900967 1964.5609471946955 660.05616970360279 6415.760884732008 3057.8066522032022 9882.5209744274616 12401.719690605998 5811.5305843353271 18056.257417187095 12254.503975458443 7925.4683307558298 1355.0358443185687 98.046280965209007 243.19686765223742 956.7645558565855 302.51754143834114 4621.8309281542897 335.14663870632648 1128.8852224647999 99.461567729711533 1030.4577881544828 555.84266662597656 1290.2490838095546 4332.2720041722059 174.27854490280151 153.9188786894083 175.44690603017807 1725.8064030706882 180.13147819042206 12518.177971407771 5602.5915316492319
leaf_count=659 9868 3085 26815 13411 45045 53200 24135 76064 57446 33777 6324 407 1188 3913 1812 24187 1451 4916 412 4162 2487 6162 19312 1008 693 899 7282 941 51015 24447
internal_value=-2.88402e-06 0.000408915 0.00268071 -9.57457e-05 -0.000295252 0.000591655 0.00327589 -0.0007914 -0.0019598 -0.00283486 0.00203985 0.00563509 0.00852937 -0.000722188 0.00495268 0.00629549 -0.00135128 -0.00163159 -0.00783705 0.00469503 0.0151462 -0.000597452 0.000908513 0.00216001 0.0185795 0.0233563 -0.00231318 0.00551017 -0.00251725 -0.00414728
internal_weight=115474 88456.8 16078.6 72378.2 70744.8 46152 15694.1 30458 24592.8 20180 4412.84 8606.57 1633.37 7471.99 8179.16 6586.39 27017.5 25823 1056.23 1194.46 799.04 1592.77 5461.16 834.335 427.412 329.366 20361.9 515.278 19846.6 7328.4
internal_count=506523 392338 75168 317170 309402 198444 69180 129264 110958 91223 19735 44028 7768 31140 42029 34055 114185 109364 4325 4821 3675 7974 24228 4093 1999 1592 85136 2392 82744 31729
is_linear=0
shrinkage=0.04


Tree=107
num_leaves=31
num_cat=0
split_feature=25 0 0 21 11 5 27 9 17 9 18 1 2 4 3 25 14 0 9 9 14 18 13 4 29 24 2 1 1 21
split_gain=50.8179 44.3519 109.174 56.1338 45.2555 44.7024 45.6294 38.2769 34.4814 31.3219 37.7834 29.8578 29.5806 29.2826 30.02 29.2817 27.6971 30.3948 27.1381 26.5521 21.8428 20.5645 19.6264 16.8934 15.9951 15.9577 14.2093 13.1482 20.0571 15.2624
threshold=0.95265041081967372 2.7499649402074061e-07 1.5435644407091334e-07 -1.3919581503415797 0.20000000000000931 -4.6536550512676904e-05 -1.2741966450000051 5.115486113589569e-05 1.5983722167404318e-07 9.5190603088574596e-06 0.41818181818161676 -2.2000588116632965e-05 -1.5560086463750619e-07 3.1747157969164169e-07 -1.5584522827793987e-07 0.38654573566183842 0.9999496728737054 1.585336271148208e-07 9.7492825504405296e-06 1.9860787355380655e-05 0.99206349206475253 0.99239532732021174 0.86026162764763592 -4.0797037941686647e-05 0.27124682789367621 -0.15905570849584275 -3.1450148352263335e-07 1.3851120428398647e-07 1.5934976360654221e-07 -0.88196312560306178
decision_type=2 2 2 2 2 2 2 2 2 2 2 2 2 2 2 2 2 2 2 2 2 2 2 2 2 2 2 2 2 2
left_child=1 2 4 7 15 6 -6 9 16 10 -3 -7 18 14 -14 24 17 -4 -2 -18 -11 -9 -16 -17 -1 -23 -20 -15 -29 -30
right_child=12 3 8 -5 5 11 -8 21 -10 20 -12 -13 13 27 22 23 19 -19 26 -21 -22 25 -24 -25 -26 -27 -28 28 29 -31
leaf_value=-0.0003355080070072826 0.021688804406848585 0.010891480303718682 -0.0012379539549897778 -0.0023006141050475443 0.0032034934445320015 -0.0012519000828469797 -0.0014756142799164835 -0.0021757807676815646 0.0090697164021841976 0.0025515850412841045 -0.0090416248658167064 0.0016111445048747587 0.014367877856116974 0.006623256974348464 -0.0070668692681906181 -0.014709232657054183 -0.013253557180132047 -0.0079884136497225585 -0.0062758519381729671 -0.0056402427273157954 0.0071828580573975592 0.0051501709407914828 0.012483950776415021 -0.0050766118711799216 -0.0047842968973238658 0.00040735326342005362 0.010437447051668627 -0.0042778248241471814 0.0058523079296550692 -0.0095614821581826905
leaf_weight=5556.6439941078424 261.07091420143843 212.66422995179892 3287.4762343913317 4706.0699015408754 3793.3301927596331 7061.4705282449722 27415.570046506822 2651.2296636849642 271.43505690991879 2584.9345539361238 517.29532723128796 33268.266171954572 138.46938423067331 1973.5879404842854 922.57686403393745 335.70732040703297 1102.1214898452163 1580.5887292250991 121.9720377177 2216.1843263357878 4445.7445511668921 1828.1549597978592 87.775955334305763 2203.6668965816498 1684.4275690466166 2996.8360011279583 232.99357388168573 574.18246738612652 1265.1497987508774 109.43177489936352
leaf_count=23069 1922 1050 15017 19463 15604 28994 117777 10715 1127 11520 2293 151843 713 8915 4625 1386 5281 7939 511 9387 19951 7446 378 9389 7070 12264 1347 2471 6499 530
internal_value=1.34741e-06 -0.000189734 -0.000568829 0.0015164 -0.000118839 0.00023002 -0.000906491 0.00269589 -0.00489336 0.00466334 -0.00320952 0.00110965 0.00368735 0.00267717 -0.00293162 -0.0026706 -0.00535959 -0.00343382 0.0119507 -0.00817844 0.00548241 0.000651952 -0.00533688 -0.0063651 -0.00137246 0.00220728 0.00467411 0.00432225 0.00198358 0.00460632
internal_weight=115407 109720 89776.9 19942.9 81319.1 71538.6 31208.9 15236.9 8457.81 7760.64 729.96 40329.7 5687.21 5071.17 1148.82 9780.45 8186.37 4868.06 616.037 3318.31 7030.68 7476.22 1010.35 2539.37 7241.07 4824.99 354.966 3922.35 1948.76 1374.58
internal_count=506496 478585 393883 84702 355132 314218 133381 65239 38751 34814 3343 180837 27911 24131 5716 40914 37624 22956 3780 14668 31471 30425 5003 10775 30139 19710 1858 18415 9500 7029
is_linear=0
shrinkage=0.04


Tree=108
num_leaves=31
num_cat=0
split_feature=13 12 23 7 10 7 4 0 7 28 8 1 4 28 20 28 23 8 8 29 10 23 7 18 1 7 4 4 25 25
split_gain=46.3396 36.8378 45.0973 50.7713 41.0581 89.3566 53.0204 52.8256 48.9484 42.4379 29.8412 25.1821 23.9837 33.2855 21.5693 21.0832 18.5219 17.3276 17.1831 16.561 36.9622 21.6431 16.3399 13.6244 13.5171 13.3617 29.7013 21.591 21.1935 14.2745
threshold=0.74611180920976161 0.1432670757006948 -1.0000000000033988 3.0242180561052793e-05 1.0000000180025095e-35 1.7063816991021207e-05 0.00013386441201568291 1.5435644407091334e-07 6.8035699772421617e-05 0.72399884999998598 1.7535299937593135e-05 -1.5547043741293007e-07 1.9878857436594902e-05 0.06554161999998058 -0.23613320616409547 -6.2644668450000136 -0.76793991819141028 2.8431194748281865e-05 2.7830464001730108e-05 -0.37469402721057771 0.42074615007152721 0.99999999998064759 1.9330275976029596e-05 1.0000000180025095e-35 -1.5758332772008996e-07 1.444996754303103e-05 0.00018600746092367618 -0.00013853863135437902 0.71536425724820951 0.58575509697939987
decision_type=2 2 2 2 2 2 2 2 2 2 2 2 2 2 2 2 2 2 2 2 2 2 2 2 2 2 2 2 2 2
left_child=1 15 3 11 5 7 8 -4 -6 -7 -8 24 16 18 -13 -1 17 22 -14 20 -18 -22 -2 -21 -3 26 28 -27 -17 -29
right_child=12 2 4 -5 6 9 10 -9 -10 -11 -12 14 13 -15 -16 25 19 -19 -20 23 21 -23 -24 -25 -26 27 -28 29 -30 -31
leaf_value=0.0070333527785116316 -0.0038908432865442035 0.0024761169759443162 0.0038217489138794095 -0.0093658072423559013 -0.0017158184989875583 0.00067788527679463239 0.0084193715526412333 0.017752800984527771 0.0014906626484405214 -0.0041437347553922362 0.0008306154520296065 0.0054743106690209233 0.015295372217462022 0.0032027695911759401 0.014617969869006034 -0.0038565376682247188 0.018087188769189289 0.0091281588783863193 -2.2984299758777674e-05 0.0069758922170627758 -0.0050299386383347577 0.0069223702593679453 -0.019702190557574592 0.00073266373238747536 -0.01847046629565794 -0.011157727095300343 -0.027505509300178851 -0.0023740059562636761 -0.021754647946468305 0.011488089156768685
leaf_weight=205.66104800999165 424.66259866207838 137.04647426307201 7648.0195838436484 311.46007189154625 52315.010957881808 11109.209912866354 867.40590505301952 460.01367197930813 8911.4607948213816 3959.2697256579995 17843.545500844717 914.91983970999718 671.36087506264448 2271.3002430796623 761.57804644852877 617.29807086288929 148.06387805938721 113.64492011070251 140.87291041016579 1348.676033526659 1233.0261172801256 299.01138687878847 137.78026652336121 959.28540846705437 73.839123494923115 422.27708870172501 131.43167543411255 757.70053580403328 126.16602799296379 138.46944209933281
leaf_count=837 1970 925 37969 1300 232217 47310 3927 2380 36006 16711 74290 4350 3087 10280 3656 2620 821 476 602 6388 5580 1335 603 4235 427 1755 548 3149 538 586
internal_value=-2.53981e-05 -0.000240395 -0.000128631 0.00553644 -0.00024962 0.00123256 -0.000679452 0.00461789 -0.00124898 -0.000589064 0.00118377 0.00800759 0.00296196 0.0056982 0.00964651 -0.00513913 0.00114971 -0.0049584 0.012639 0.00218907 -0.000828628 -0.00268609 -0.00784199 0.004387 -0.00495526 -0.00628967 -0.0101219 -0.00372836 -0.00696212 -0.000200499
internal_weight=115459 107712 105313 2198.84 103114 23176.5 79937.4 8108.03 61226.5 15068.5 18711 1887.38 7747.68 3083.53 1676.5 2399 4664.15 676.088 812.234 3988.06 1680.1 1532.04 562.443 2307.96 210.886 2193.34 874.896 1318.45 743.464 896.17
internal_count=506878 471501 461468 10658 450810 104370 346440 40349 268223 64021 78217 9358 35377 13969 8006 10033 21408 3049 3689 18359 7736 6915 2573 10623 1352 9196 3706 5490 3158 3735
is_linear=0
shrinkage=0.04


Tree=109
num_leaves=31
num_cat=0
split_feature=24 27 24 5 13 27 7 3 2 9 29 9 11 22 10 29 7 28 13 3 3 7 0 28 10 13 25 27 11 23
split_gain=37.4741 38.5798 49.6338 49.8299 40.3901 38.4032 33.9266 31.5135 28.2906 39.6698 39.0838 38.7118 29.2268 29.0155 25.9915 41.8938 34.815 25.1115 24.0618 24.0362 44.6291 22.1269 25.1209 21.6325 21.4641 20.8548 20.8494 20.1806 19.9806 18.2215
threshold=0.94564802184241759 -0.29435045999996973 -0.79847924043165219 -2.4200771544968799e-05 0.65032680265625598 0.0010914300000080253 3.6019400123006852e-05 -0.00027735158940611621 -1.5544096587660758e-07 4.8458536923821772e-05 -0.39854750742682682 6.0981880391596884e-06 0.49996549209196745 5.8274700418631028e-07 0.99999985984033624 2.8668966923977282 1.736472472521877e-05 0.40420621499996151 0.88134470896027961 1.5895203464566523e-07 1.5530324493084893e-07 3.5637611865951329e-05 -1.5947507225888555e-07 0.21014428999997473 1.0000000180025095e-35 0.21661576249400941 0.14310674521134878 -0.79309198499999967 0.8984562360967967 0.59260928797454038
decision_type=2 2 2 2 2 2 2 2 2 2 2 2 2 2 2 2 2 2 2 2 2 2 2 2 2 2 2 2 2 2
left_child=1 4 3 -3 6 -2 24 -4 9 13 11 12 -10 -7 16 -16 -9 -13 28 20 -5 22 -6 -21 -1 -26 27 -23 -12 -8
right_child=5 2 7 19 21 8 29 14 10 -11 18 17 -14 -15 15 -17 -18 -19 -20 23 -22 26 -24 -25 25 -27 -28 -29 -30 -31
leaf_value=0.0016000925980348443 -0.020378788818882016 -0.0076123351662475205 -0.004529956931276286 -0.0011142630220400147 -0.0090311660402915012 0.017012613207163851 0.0010461057141666617 0.0013521400573543265 0.010342859687989488 -0.018849161874514967 0.0038939539800833039 0.002857264813778123 -0.011289907202878325 0.0048269007779597325 -0.0028877354697946617 0.012234652932038285 -0.00072358247197513482 -0.0037852550598088891 0.015309956957797155 0.0096445534691941299 -0.019705062892940606 0.012671907531748254 0.0048122387587390195 -0.0088412557250639699 -0.011622250269799534 -0.0020397376445702945 0.026341531721201655 0.0007205091560606447 -0.001476453093064501 0.0048611929294874751
leaf_weight=2750.444845020771 120.07532761991024 3233.4372013732791 2870.2501660138369 3257.1740346327424 246.43934312462807 470.58640845865011 13493.146559163928 20934.492094829679 111.66390865296125 85.032968252897263 5813.5592859461904 2487.5102664753795 814.41655096411705 937.5165112093091 7986.1727203652263 301.80244477838278 33795.987309366465 1432.9626659303904 255.80397345870733 522.81222236156464 218.31971185654402 594.7615619301796 1329.0553847402334 123.15701176226139 382.80740625411272 6574.3746397942305 111.39814880490303 366.0192759335041 1366.2620824575424 2352.2120922207832
leaf_count=11764 566 14323 11667 14747 1058 2662 54822 98630 565 358 27904 11090 3940 5493 36621 1334 140993 6393 1157 2325 1147 2467 5910 536 1640 28366 459 1530 6248 9811
internal_value=-2.97142e-05 -0.000296623 -0.000780692 -0.00389684 0.000960362 0.00191816 0.000472579 -0.000432628 0.00211647 0.00731215 0.00148304 -0.00131057 -0.00865504 0.00892562 -0.00024575 -0.00233296 7.02994e-05 0.000427013 0.00330456 -0.000977715 -0.0022966 0.00566106 0.0026326 0.00609121 -0.00138898 -0.00257169 0.0100898 0.00813827 0.00287102 0.00161348
internal_weight=115340 101444 73243.6 7354.9 28200.7 13895.4 25553 65888.7 13775.3 1493.14 12282.2 4846.55 926.08 1408.1 63018.5 8287.98 54730.5 3920.47 7435.63 4121.46 3475.49 2647.67 1575.49 645.969 9707.63 6957.18 1072.18 960.781 7179.82 15845.4
internal_count=506526 440150 322323 33078 117827 66376 106403 289245 65810 8513 57297 21988 4505 8155 277578 37955 239623 17483 35309 18755 15894 11424 6968 2861 41770 30006 4456 3997 34152 64633
is_linear=0
shrinkage=0.04


Tree=110
num_leaves=31
num_cat=0
split_feature=11 23 10 9 10 21 18 17 1 1 5 2 21 17 20 6 9 28 19 29 28 26 8 26 13 24 5 6 8 3
split_gain=35.3384 78.5415 73.2159 95.3062 59.9706 88.9586 128.52 111.82 62.8698 169.441 78.4182 53.3916 49.607 57.3809 39.8792 30.7324 30.315 25.6757 25.0954 22.3241 20.8617 20.6654 19.2642 18.6892 16.3138 27.1915 19.9371 18.0314 29.3566 15.7386
threshold=0.19999991408792292 -0.99999999097776582 1.0000000180025095e-35 1.2006752026273524e-05 0.64516253933283652 -3.6209066608298808 0.99991568296800382 7.6020140688512429e-05 -1.0000000180025095e-35 -1.5966206490247711e-07 0.00016436754178084104 -1.5560086463750619e-07 -3.6888792540739779 4.0295072737958377e-05 -0.32218556086471745 1.0004776241789721e-07 2.0525214740975267e-05 3.4834104399999792 -0.29557368050455535 -0.46544369145323111 -0.10594597000001552 -0.047022579999988885 2.7810755313037767e-06 -2.1694734549999879 0.35453590000063523 0.87667664558823843 -0.00047777406969196074 1.0000000180025095e-35 4.1002792733111527e-05 0.00015521391375727947
decision_type=2 2 2 2 2 2 2 2 2 2 2 2 2 2 2 2 2 2 2 2 2 2 2 2 2 2 2 2 2 2
left_child=17 11 3 15 8 6 -6 -7 9 -4 -10 19 14 -14 -5 -3 21 23 -18 22 -17 -13 -2 -1 25 26 -25 28 -26 -27
right_child=1 2 4 12 5 7 -8 -9 10 -11 -12 16 13 -15 -16 20 18 -19 -20 -21 -22 -23 -24 24 27 29 -28 -29 -30 -31
leaf_value=0.0059885534791644839 0.016314822915296633 0.0030217550639943932 -0.0021497980675010803 -0.00026374638750605787 0.0011770865319779718 0.0059661986595983124 -0.0037115038918933674 -0.0016833378457804665 -0.0048379563945403639 0.0084805242856393608 0.001068451167916305 -0.0014539014732174182 -0.008065605169235001 0.0032321645842390521 0.0043314311611052769 0.0052815907408645425 -0.0071618524362282053 -0.011093330847863455 0.010582787686964443 -0.0045329556750603253 0.01459909966195436 0.016181791169281989 0.0018128013627063094 0.0023235318287421077 -0.0020808786143498739 0.011621330288067572 -0.0054708674439783089 0.00050668459106052624 -0.021307545939863944 -0.0062422746200126245
leaf_weight=474.7628428041935 190.38328882306814 915.33003019541502 10759.747768968344 5635.8036168292165 23200.606463752687 8418.163068652153 13672.874729216099 4797.6318402588367 14065.408828154206 3084.8764818310738 4828.8214100003242 116.43909041583538 1796.3523494452238 1195.9043196588755 6506.0297157391906 543.60920646041632 222.27897980809212 489.99006946384907 292.24276167154312 683.31752361357212 1363.4433379545808 1110.4192980006337 619.6835005953908 597.25351589918137 603.11719496548176 274.28871884942055 4213.3883540853858 4318.2705898955464 159.11917282640934 108.14657665789127
leaf_count=1921 1191 5608 44399 24255 105308 36014 58756 19933 61142 15265 20072 506 7437 4923 29741 2708 957 2019 1261 3306 8080 5274 2797 2439 2586 1216 17590 18362 649 465
internal_value=-2.77779e-05 0.000202407 5.36211e-06 0.00232074 -0.000496574 0.000373491 -0.000635589 0.00318899 -0.00182785 0.00021949 -0.00332819 0.00633526 0.0010612 -0.00354929 0.00219839 0.00906584 0.0110895 -0.00215843 0.00290764 0.000778596 0.0119562 0.0145036 0.0052666 -0.00174817 -0.0021076 -0.00368383 -0.00450125 -0.000494278 -0.00615663 0.00654677
internal_weight=115258 104019 100785 17956.5 82828.1 50089.3 36873.5 13215.8 32738.9 13844.6 18894.2 3234.76 15134.1 2992.26 12141.8 2822.38 1741.38 11238.3 514.522 1493.38 1907.05 1226.86 810.067 10748.3 10273.6 5193.08 4810.64 5080.51 762.236 382.435
internal_count=506180 458933 443641 82752 360889 220011 164064 55947 140878 59664 81214 15292 66356 12360 53996 16396 7998 47247 2218 7294 10788 5780 3988 45228 43307 21710 20029 21597 3235 1681
is_linear=0
shrinkage=0.04


Tree=111
num_leaves=31
num_cat=0
split_feature=13 13 10 9 9 18 17 3 28 18 27 24 13 11 3 21 5 5 25 9 3 13 5 22 8 24 27 11 3 29
split_gain=38.4792 33.1744 63.9974 100.23 51.9366 111.614 230.643 85.2639 46.0798 34.5243 33.9421 44.0233 28.2037 28.1645 28.0215 21.3794 19.844 28.5092 21.6999 19.2049 18.4825 17.4306 17.4285 17.145 15.9582 15.5283 14.8404 13.8118 19.4085 13.3035
threshold=0.86026162764763592 0.41748389117075274 1.0000000180025095e-35 1.2006752026273524e-05 1.7864685252601787e-05 0.53291042572761549 1.3747294623637422e-07 2.1157233508262155e-05 2.0395713499999846 0.00076190487235392628 -0.79309198499999967 -0.78313150608778248 0.6782703734879888 0.82261519937980587 -1.0000000180025095e-35 -3.4571964678087141 -0.00052303983452439684 -0.00010260160355102242 -0.35579790040994691 2.8195753035045937e-05 -0.00035778795260199553 0.64177008280640713 -6.77034457758907e-05 0.00011927184538695586 1.0731219283719759e-05 -0.57306176060525926 0.027199295000008904 0.80063166709272604 1.5530324493084893e-07 -0.50793280619388403
decision_type=2 2 2 2 2 2 2 2 2 2 2 2 2 2 2 2 2 2 2 2 2 2 2 2 2 2 2 2 2 2
left_child=1 13 3 14 5 6 -4 -7 9 -5 12 -12 -6 16 29 -16 18 19 20 -18 -1 -10 24 -19 26 -20 -2 28 -24 -3
right_child=22 2 4 8 10 7 -8 -9 21 -11 11 -13 -14 -15 15 -17 17 23 25 -21 -22 -23 27 -25 -26 -27 -28 -29 -30 -31
leaf_value=0.0093150633254949298 0.018268021998193502 -0.0019835470027553602 -0.0027000552454213354 0.001230668662210839 0.0023076047364147174 -0.010920868465141509 0.0085532841944938459 0.00027593838180940586 -0.0077023257736552123 0.0094987490554828153 -0.0042048299339012508 0.00042145503919130135 0.011706626142048898 0.010882627355913508 0.014615137852195875 -0.00509493604366022 -0.0082223746121081551 0.00095357940983123684 0.007431238693886461 -0.0030046437887032646 0.0010432282692887321 0.0036867195280651088 -0.0094662468296000807 -0.0018785541443647419 -0.0074466406432911357 -0.004447507844505115 -0.0030595325600774703 0.012852448348710443 0.012609126731358064 0.0073077339962714094
leaf_weight=708.63763554394245 105.44316147267818 307.21103761345148 14290.849713936448 10878.417283535004 6103.8930491656065 3281.6576318219304 3657.844231531024 1625.6949523389339 1203.5157855451107 870.98458065092564 3599.2766361087561 38159.105609789491 555.85386611521244 293.09951806813478 1303.983836427331 92.79789499938488 1479.3983408510685 4757.9520931765437 207.91628696024418 4795.1173081696033 1108.7464442551136 259.36803011596203 122.76985295861959 12128.327652975917 220.07513330876827 1075.1732244342566 99.241876132786274 655.34071791172028 127.28926921635866 1210.0155868753791
leaf_count=2862 471 1841 68110 48439 25108 15273 18374 7313 5049 3748 15516 160719 2333 1256 7901 438 6400 20661 847 19752 4515 1130 591 51698 956 4358 436 2973 599 6979
internal_value=-7.85432e-05 -0.000157615 0.000218522 0.0024939 -0.000296281 -0.0018678 -0.000405516 -0.00721208 0.00101171 0.00184591 0.000445495 2.23396e-05 0.00309693 -0.00139576 0.00920579 0.0132949 -0.00153401 -0.00193642 0.00146926 -0.0042385 0.00427993 -0.00567623 0.00667915 -0.00108018 0 -0.00250769 0.00798273 0.00980828 0.0017602 0.00542231
internal_weight=115285 113955 87400.5 16126.3 71274.2 22856 17948.7 4907.35 13212.3 11749.4 48418.1 41758.4 6659.75 26554.4 2914.01 1396.78 26261.3 23160.8 3100.47 6274.52 1817.38 1462.88 1330.16 16886.3 424.76 1283.09 204.685 905.4 250.059 1517.23
internal_count=506646 500620 388271 75525 312746 109070 86484 22586 58366 52187 203676 176235 27441 112349 17159 8339 111093 98511 12582 26152 7377 6179 6026 72359 1863 5205 907 4163 1190 8820
is_linear=0
shrinkage=0.04


Tree=112
num_leaves=31
num_cat=0
split_feature=0 0 5 23 8 10 21 13 19 27 12 8 6 0 21 0 23 8 10 8 15 8 13 27 5 5 16 5 26 5
split_gain=40.4976 98.9273 54.4782 54.1983 59.0912 83.1562 53.9775 51.9421 47.2967 42.1947 45.6753 38.2765 36.591 32.5203 31.8868 27.5308 25.7461 24.5816 23.5123 36.5709 25.9252 24.216 23.1258 22.2727 21.615 21.4932 21.1627 19.7047 18.8144 17.9705
threshold=-2.9310409210836491e-07 -1.4612237198008413e-07 3.87468581015682e-05 -0.9999941522032566 1.611870953661484e-05 1.0000000180025095e-35 -1.9861592740251697 0.53275629927132007 0.017859283651592204 0.97493238000000459 0.40112810643291508 9.2407473564688198e-06 5.6297707181485449e-05 1.5933596397843533e-07 -2.640805166253346 -7.4121078894151524e-05 0.56267779449911648 3.7553464968012838e-06 5.4956023957899377e-06 4.5978834530292451e-05 0.55606590933276434 1.002834016475701e-05 0.36695985010240212 -3.4782241350000089 -5.4023517769508082e-05 1.7154725998835833e-05 0.0052910052939893282 0.00011220579034532109 -0.1245688000000205 0.00031551509697269614
decision_type=2 2 2 2 2 2 2 2 2 2 2 2 2 2 2 2 2 2 2 2 2 2 2 2 2 2 2 2 2 2
left_child=6 7 3 11 5 -5 8 29 18 10 13 22 -12 -4 17 -10 -6 -9 21 20 -20 -1 -3 -8 -17 -26 -25 -11 -19 -2
right_child=1 2 9 4 16 -7 23 14 15 27 12 -13 -14 -15 -16 24 -18 28 19 -21 -22 -23 -24 26 25 -27 -28 -29 -30 -31
leaf_value=0.015076679229929051 0.0016166834697049284 0.00020656870789457081 -0.0021859119629493483 0.0050954707386963128 -0.0012586675258607722 -0.0040262450102086095 0.0076291915325942573 0.013125056224249547 -0.00025964712583307243 0.0044606300424712177 0.0031682013976477696 0.00056266205946258082 -0.0017497469033933063 0.0035025943763038955 -0.0048219790466485189 -0.015237004477131284 0.0011730179270434639 0.013954781254921453 -0.0082310212761398278 -0.0011005089962320518 0.008197771464439077 -6.7745783495061211e-05 0.01325239295848714 -0.0012457405827362128 0.0016057162654130599 -0.010581832523969588 0.003505135215891918 -0.0029336308430676721 0.0051951213653532299 -0.0071686889515791413
leaf_weight=176.96525909006596 3145.708660364151 291.8987238407135 6711.839876934886 1772.5139360427856 15753.668193310499 16118.63763641566 720.90120913088322 1035.1814875081182 535.04739405214787 646.94018769264221 19864.555624701083 1736.1834331527352 2753.2683880478144 2111.4796354845166 349.82023290544748 861.63222080469131 12484.582046076655 442.09369190782309 2389.7847322672606 4178.3968076556921 161.99472288787365 2891.8703920990229 861.30089864879847 4753.0340096056461 339.54417354613543 716.24731783568859 2188.8731097131968 5126.2765179425478 3503.4490040764213 420.02578443288803
leaf_count=806 14393 1285 28854 8967 65243 76682 2913 7111 2270 2835 87903 7335 11342 9002 1577 3730 53447 1853 10230 16900 675 11917 4554 19733 1442 3030 8876 21495 17499 1804
internal_value=-4.31377e-05 0.000300193 -0.000114099 -0.000990149 -0.0013232 -0.00312164 -0.00168335 0.00431562 -0.00333018 0.00103966 0.00161693 0.0043216 0.00256915 -0.000823352 0.00681463 -0.0082963 -0.00018336 0.00763506 -0.00208493 -0.00340783 -0.007179 0.000814707 0.0099627 0.000949077 -0.0105326 -0.00666188 0.000252102 -0.00210249 0.00618604 0.000576003
internal_weight=115044 95129.4 86233.1 49018.8 46129.4 17891.2 19914.3 8896.28 12251.5 37214.4 31441.1 2889.38 22617.8 8823.32 5330.54 2452.47 28238.3 4980.72 9799.01 6730.18 2551.78 3068.84 1153.2 7662.81 1917.42 1055.79 6941.91 5773.22 3945.54 3565.73
internal_count=505703 423181 378944 217513 204339 85649 82522 44237 51000 161431 137101 13174 99245 37856 28040 10472 118690 26463 40528 27805 10905 12723 5839 31522 8202 4472 28609 24330 19352 16197
is_linear=0
shrinkage=0.04


Tree=113
num_leaves=31
num_cat=0
split_feature=5 8 11 23 8 24 23 12 28 1 10 25 25 28 13 5 12 23 27 26 28 4 26 11 4 11 7 16 8 1
split_gain=37.902 59.119 41.9555 39.4093 51.1435 52.2175 44.1426 42.738 39.673 38.4561 37.4868 31.708 37.9977 32.6221 30.054 31.4314 27.5502 26.9579 26.69 26.6419 25.2593 32.7154 21.7994 20.7842 19.4481 18.9456 17.8082 17.7514 17.7007 17.2828
threshold=-0.00012397123760266024 1.9422651192480379e-05 0.99999999696383979 0.99999783469701986 6.3433345547165624e-06 0.46638779933980667 0.99971245465089875 0.59996138702410162 3.2851904799999807 -1.5796939845102995e-07 0.99999985984033624 0.25108457556464864 -0.83870147109757964 -0.83205848500003088 0.4199469583728736 -0.00052303983452439684 0.27361395972330566 1.0000000000000024 0.030639800000017387 0.031447894999978333 -1.060517640000022 -3.6092916201546636e-05 0.0016868699999763237 0.71340077165967164 0.00011500123821051035 0.072520718320550182 1.391987349566687e-05 0.0018691588795647044 1.4944900250144747e-05 1.0000000180025095e-35
decision_type=2 2 2 2 2 2 2 2 2 2 2 2 2 2 2 2 2 2 2 2 2 2 2 2 2 2 2 2 2 2
left_child=1 18 3 6 7 26 8 22 10 -8 -2 12 13 23 15 -14 -10 -9 20 -11 29 -22 -5 -3 25 -13 -6 -23 -20 -1
right_child=2 11 -4 4 5 -7 9 17 16 19 -12 24 14 -15 -16 -17 -18 -19 28 -21 21 27 -24 -25 -26 -27 -28 -29 -30 -31
leaf_value=0.0057715593315425407 0.00089981228952977456 -0.0030233117120046166 0.011434314872277052 -0.026446717971379079 -0.012630704674451945 0.0052367520402730365 0.013546363855144541 -0.0080398809510950492 -0.01477913231924253 0.00037861916374442597 -0.0022322470661953922 -0.018414559436987145 0.0021017894492313693 -0.011101814070975458 0.002103353265943974 -0.0037151178305761833 -0.002413558900483702 0.0039538635131375569 0.0019537079442745946 0.0054938564836272356 -0.0096568271022561339 -0.0014116690053211089 -0.010268890721298145 0.0066243084769268138 0.0018657970329084186 -0.0036428472024415308 -0.0013647155613408831 -0.017167199515048234 -0.0057867519163288953 -0.012730414167182938
leaf_weight=427.80435629189014 55773.624387055635 2264.3583413958549 551.6350488960743 243.78756617754698 445.24666164815426 1481.6078274920583 569.62388380616903 981.78963522613049 305.96202199161053 3554.4256989881396 6863.7749131843448 141.43821740150452 2552.6628556400537 716.47854854166508 13445.515483483672 3548.7836504876614 4523.6689327582717 428.72832691669464 1418.0249822735786 3010.0882902815938 2746.3835417851806 1565.7303371503949 305.86919964104891 421.54407849907875 1073.0197777748108 4444.8374293297529 454.29869410395622 121.23988457024097 705.80196769535542 96.986823558807373
leaf_count=1870 246962 9487 2391 1417 2041 6658 3273 4956 1265 16875 31763 584 10338 3123 55893 14606 18557 2027 6411 14082 12390 7158 1601 1797 4428 18475 2008 543 3124 444
internal_value=-2.12339e-05 -0.00110413 0.000464899 0.000387826 -0.00331571 0.000621771 0.000603529 -0.0080968 0.00028697 0.00359526 0.000556435 -0.000293788 0.000367345 -0.00353199 0.00104673 -0.00128065 -0.00320512 -0.0043896 -0.00437557 0.00272622 -0.00598221 -0.00696449 -0.0175388 -0.00150235 -0.00297487 -0.0041091 -0.00696645 -0.00257033 -0.000619451 0.00229843
internal_weight=115185 35690.6 79494.1 78942.5 4341.33 2381.15 74601.2 1960.17 67467 7134.14 62637.4 28608.6 22949.3 3402.38 19547 6101.45 4829.63 1410.52 7081.97 6564.51 4958.14 4433.35 549.657 2685.9 5659.3 4586.28 899.545 1686.97 2123.83 524.791
internal_count=506547 150671 355876 353485 20708 10707 332777 10001 298547 34230 278725 118731 95244 14407 80837 24944 19822 6983 31940 30957 22405 20091 3018 11284 23487 19059 4049 7701 9535 2314
is_linear=0
shrinkage=0.04


Tree=114
num_leaves=31
num_cat=0
split_feature=25 0 0 21 11 23 22 26 8 21 10 3 10 20 21 17 6 26 1 8 10 18 20 8 25 18 8 5 8 18
split_gain=38.7002 32.7861 83.879 57.9518 40.484 41.7729 61.4239 38.2581 34.6532 28.0386 27.4352 27.0201 26.4783 25.6736 23.863 33.9516 21.8933 21.7642 20.2701 19.934 18.6365 18.3861 16.5014 16.2822 16.1894 15.7053 22.5477 17.5919 16.0722 14.8882
threshold=0.97845477431338923 2.7499649402074061e-07 1.546607881763862e-07 -1.4764914472443544 0.20391209319722831 -0.99999999097776582 2.1666053531665357e-07 -0.010971735000007988 4.8541292799538225e-05 -3.4165272394903545 4.0145477253887599e-07 -1.5541236386695798e-07 0.19839994436202371 -0.28174469107141592 -8.0719145940866621 2.0202003469670451e-05 7.9428273376298299e-06 -2.1694734549999879 1.5589424418038791e-07 1.3018551015309052e-05 0.98852478142239641 0.99415204678454649 -0.42602625600539262 9.9865602865317394e-05 -0.45528036666050314 0.7184489015218537 1.098590038227258e-07 6.9073046216061595e-07 7.1098939971093685e-06 0.98702421174662469
decision_type=2 2 2 2 2 2 2 2 2 2 2 2 2 2 2 2 2 2 2 2 2 2 2 2 2 2 2 2 2 2
left_child=1 2 4 8 17 7 -7 -6 14 10 -4 -2 -11 16 22 -16 -13 -1 -12 -19 23 -10 -3 29 -22 26 27 -15 -28 -5
right_child=11 3 9 20 5 6 -8 -9 21 12 18 13 -14 25 15 -17 -18 19 -20 -21 24 -23 -24 -25 -26 -27 28 -29 -30 -31
leaf_value=0.006366098908640345 0.01543397357130444 6.7800611023393836e-05 0.011825188237814418 -0.010919524945081801 -0.00184182757709179 -0.0023465701995245038 0.00076033568182741278 0.00915235847897569 -0.0019100215897665583 -0.0092737619229198015 -0.0074126406484503037 -0.0071581358826583322 0.0065173481654419475 -0.0074022090796968991 0.00040096460147845013 0.0064102317041775849 0.0087399442878817717 0.0014274319855487494 -0.0032227691302599741 -0.0032145168951812938 0.011268737937452311 0.0022088376112967454 0.010637083266565591 -0.0006005629083540296 -0.00071574197614892785 -0.00014402343412250429 0.015633491026574901 0.011468935852289839 0.0064343285637905572 -0.0032890691890032865
leaf_weight=458.49565924704075 308.10911837220192 287.31873554736376 150.33892934024334 808.05554373562336 741.58516546338797 12427.36140473932 56272.244435176253 1584.344683341682 2721.1963529735804 224.92226292937994 3673.7880238741636 578.86929103732109 669.20331302285194 266.53655514121056 3052.5807370692492 2968.5058960020542 179.49367279559374 1746.6713424026966 3741.7055425494909 9596.2565791383386 193.73195862770081 4766.8800619244576 1361.2961843311787 1014.9722847789526 2235.5646369606256 694.38978977501392 427.41478302329779 109.45571298152208 1078.0402673557401 838.19004379212856
leaf_count=1859 1898 1280 672 3280 3201 55164 247182 7907 11025 987 17052 2776 2791 1352 13329 13484 925 7877 17420 40021 813 19524 6559 4071 9524 3273 2067 526 5244 3429
internal_value=8.43288e-05 -4.81591e-05 -0.000371208 0.00140784 1.62771e-05 0.000376844 0.000198165 0.00564618 0.00264805 -0.00416451 -0.00495631 0.00414039 0.00252412 0.00308462 0.00453755 0.00336601 -0.0033717 -0.00215288 -0.00530105 -0.00249903 -0.00228341 0.000711095 0.00880149 -0.00459433 0.00024771 0.00498915 0.00688461 -0.00185484 0.00907077 -0.00704854
internal_weight=115178 111535 91286.9 20248.3 82827 71025.5 68699.6 2325.93 15157.8 8459.96 7565.83 3642.31 894.126 3334.2 7669.7 6021.09 758.363 11801.4 7415.49 11342.9 5090.51 7488.08 1648.61 2661.22 2429.3 2575.84 1881.45 375.992 1505.46 1646.25
internal_count=506512 488451 402133 86318 363211 313454 302346 11108 65201 38922 35144 18061 3778 16163 34652 26813 3701 49757 34472 47898 21117 30549 7839 10780 10337 12462 9189 1878 7311 6709
is_linear=0
shrinkage=0.04


Tree=115
num_leaves=31
num_cat=0
split_feature=13 23 9 27 1 1 22 29 4 7 9 13 7 20 20 8 4 20 27 19 25 23 22 19 3 9 8 6 27 13
split_gain=35.6927 38.7046 55.4452 39.4498 55.9199 109.835 118.274 98.9662 33.0244 69.1415 37.9209 30.0115 29.6279 28.1576 31.1101 25.3352 24.5041 23.5978 22.1104 20.6126 19.1655 18.3539 18.243 26.2333 24.3716 31.107 19.5912 17.523 17.0794 19.0463
threshold=0.41748389117075274 -1.0000000000033988 9.7492825504405296e-06 -0.57349689500000223 -3.1727463500885728e-07 -1.4552156990532692e-07 3.9694430502492649e-07 -0.29975992337036095 -4.3082539012750935e-05 1.7595447807692071e-05 9.5190603088574596e-06 0.67353326083569232 1.0693596917936817e-07 -0.17964277172183096 -0.15221204751585043 3.8637651990574353e-05 -1.8318194598521128e-05 -0.23063691238123626 -4.420820060000004 -0.28759236394306753 -0.63822792657459504 0.7340886711739919 0.00019676100445928285 -0.20767263800300875 -2.4014580424669415e-05 7.1989493449823528e-05 5.7649288030951492e-08 5.6297707181485449e-05 -0.26439374500000079 0.23500092029991579
decision_type=2 2 2 2 2 2 2 2 2 2 2 2 2 2 2 2 2 2 2 2 2 2 2 2 2 2 2 2 2 2
left_child=18 2 16 11 8 6 -6 -7 9 -5 -10 12 -3 15 -15 -13 -2 -4 27 -19 -14 22 23 26 -24 -26 -20 -1 29 -23
right_child=1 3 17 4 5 7 -8 -9 10 -11 -12 13 20 14 -16 -17 -18 19 21 -21 -22 28 24 -25 25 -27 -28 -29 -30 -31
leaf_value=-0.0012179791468103426 -0.0030991485084120381 -0.016370649815150021 -0.0037898858776301021 -0.010947691643097031 0.014593598432890527 -0.0017704172868908386 0.0023547274155095201 0.0017059658639285594 0.0075939122939104537 -0.0019505305615481806 -0.0011528272266367932 0.020149541399584678 -2.6082002062555813e-05 -0.016217208676604346 0.0069656283468710195 0.0041875931007217954 0.022714868507998105 -0.0060979490271525416 0.013863053511495372 0.016528444703603384 0.0035110698261209623 0.022058531457902372 -0.00098732766149291348 0.011426473911884769 -0.0056480081663813934 0.00020398121313961235 -0.001114914539484625 0.0094791123988445785 -0.00040110611963334932 0.0035327668996405583
leaf_weight=443.73088961839676 68.557156413793564 138.3921932131052 534.18995659798384 1708.8780007064342 1680.9055896401405 25921.741993442178 5076.0310692191124 26489.251469217241 888.32162535190582 6807.1938253194094 7228.3804456591606 408.64153206348419 4069.3145485967398 119.29855625331402 384.77107215672731 263.82925632596016 376.20222232490778 88.570703625679016 141.70520643889904 221.11066886037588 6147.4586213231087 97.473307386040688 7000.2741914242506 303.83956681191921 5990.6804578378797 1915.8297742754221 4561.9805586189032 540.96103590726852 4623.4018889740109 832.21125749498606
leaf_count=1818 372 660 2441 7413 8679 114174 27552 119869 3822 28208 29722 1791 17258 525 1643 1090 2409 430 635 1053 25237 414 29071 1327 25520 7724 19050 2175 20663 3557
internal_value=7.7863e-05 0.000462794 0.00733827 0.000361075 2.93717e-05 0.000605491 0.00540435 -1.32923e-05 -0.00201949 -0.00375923 -0.000192851 0.00254046 0.00185078 0.00858944 0.00141623 0.0139333 0.0187271 0.00129265 -0.00121145 0.0100408 0.00210197 -0.00143917 -0.00200623 8.14548e-05 -0.00270784 -0.00422962 -0.000655567 0.00466137 0.000593307 0.00553335
internal_weight=115073 88621 1288.63 87332.4 75800.7 59167.9 6756.94 52411 16632.8 8516.07 8116.7 11531.7 10355.2 1176.54 504.07 672.471 444.759 843.871 26452.1 309.681 10216.8 25467.4 19914.3 5007.53 14906.8 7906.51 4703.69 984.692 5553.09 929.685
internal_count=506302 394348 6705 387643 339439 270274 36231 234043 69165 35621 33544 48204 43155 5049 2168 2881 2781 3924 111954 1483 42495 107961 83327 21012 62315 33244 19685 3993 24634 3971
is_linear=0
shrinkage=0.04


Tree=116
num_leaves=31
num_cat=0
split_feature=25 0 0 15 7 0 11 23 9 10 3 16 10 9 28 13 28 29 20 14 2 5 7 9 17 28 20 29 7 20
split_gain=31.2307 28.4894 90.4393 62.9656 34.8122 34.6788 32.1524 34.9482 48.995 29.0369 28.2069 27.4033 29.1698 21.6546 21.0264 19.2655 19.1492 17.6043 17.5906 19.7015 17.0332 17.4118 16.7879 16.5693 15.2267 15.0453 13.0928 13.0909 12.4396 11.9518
threshold=0.98244069087412578 2.7499649402074061e-07 1.5770536165859997e-07 0.017582502512179739 5.6173017377108093e-05 1.16215401479991e-05 0.20000000000000931 -1.0000000000011906 7.0783446745661142e-06 1.0000000180025095e-35 -1.5541236386695798e-07 0.57765730132751236 0.99999992121020276 2.9253753037484941e-05 -6.2644668450000136 0.66671753296449709 3.4834104399999792 0.65695720151667036 -0.28174469107141592 0.99778393283817213 3.2991697968220997e-05 -5.4023517769508082e-05 5.6776401564176178e-08 9.7492825504405296e-06 1.5821153867788627e-07 2.3199613349999968 -0.29398474981409201 -0.11738634585771594 5.6877341868815088e-05 0.39549211254900424
decision_type=2 2 2 2 2 2 2 2 2 2 2 2 2 2 2 2 2 2 2 2 2 2 2 2 2 2 2 2 2 2
left_child=1 2 6 4 11 -5 14 8 -8 -9 23 12 -3 17 28 25 -16 24 20 22 21 -12 -20 -2 -4 -6 -13 -24 -1 -7
right_child=10 3 13 5 15 29 7 9 -10 -11 18 26 -14 -15 16 -17 -18 -19 19 -21 -22 -23 27 -25 -26 -27 -28 -29 -30 -31
leaf_value=0.014379333555674056 0.025143944933838865 0.0054205961414635663 -0.0077404828471378277 0.0035386679528834159 0.00048706299565937609 -0.0029658785549311144 0.016529346630327724 0.0014770263005978253 0.001328634198524317 -0.00044714996496357024 0.010596510777221157 0.0040242209961558429 -0.00057449355854796659 -0.001916793441473986 -0.0022976450332118934 0.0077907851026382475 -0.01090539254715967 -0.0010798240539733439 -0.0035468426181611522 -0.0020125685236507861 0.010301401120575076 -0.0090597307996409162 0.0050865287269446962 0.0047093529168832507 -0.015086659386724864 -0.0045996788656778908 -0.012802879043325497 0.012798547295299586 0.00027111700850348061 -0.0077450128938017643
leaf_weight=179.50583581626415 147.01168338954449 7416.6084032282233 1653.6418082118034 1027.11432492733 4757.6643922477961 2205.1575751900673 483.10919119045138 15867.233031220734 1131.3321770727634 59947.910426206887 82.946282416582108 108.0391001701355 1571.399901881814 1204.921568185091 9357.8370323181152 482.04692091047764 430.95691683888435 446.56413795799017 230.34927872568369 582.71443509310484 122.97117985785007 463.93931993842125 947.94382878392935 114.15841197222471 630.44051969051361 1153.61472427845 223.0261789560318 567.75032657384872 224.25457172095776 1359.2371466606855
leaf_count=737 1035 33306 8467 4365 19399 9102 2877 72872 5274 261311 382 441 6822 5069 39457 1992 1772 2195 1034 2882 646 2246 4492 615 2918 4675 911 2871 903 5628
internal_value=-5.16335e-05 -0.000164189 -0.00046485 0.0011912 0.00239551 -0.00292782 -0.000198263 7.969e-05 0.00589883 -4.4329e-05 0.00380623 0.0039547 0.00437192 -0.00639492 -0.0023099 0.000121234 -0.0026798 -0.00836532 0.00269872 0.00434202 -0.0030004 -0.00603427 0.00646605 0.0163589 -0.00978447 -0.000506089 -0.00730413 0.00799492 0.0066061 -0.00479401
internal_weight=115121 111862 91557.7 20303.9 15712.4 4591.51 87622.1 77429.6 1614.44 75815.1 3259.78 9319.07 8988.01 3935.57 10192.6 6393.33 9788.79 2730.65 2998.61 2328.76 669.857 546.886 1746.04 261.17 2284.08 5911.28 331.065 1515.69 403.76 3564.39
internal_count=506696 490493 403852 86641 67546 19095 385203 342334 8151 334183 16203 41480 40128 18649 42869 26066 41229 13580 14553 11279 3274 2628 8397 1650 11385 24074 1352 7363 1640 14730
is_linear=0
shrinkage=0.04


Tree=117
num_leaves=31
num_cat=0
split_feature=24 27 0 0 21 11 23 6 22 20 18 21 5 9 14 21 17 4 9 22 20 9 29 0 13 9 18 11 17 4
split_gain=32.457 39.6975 30.4854 98.9892 55.2697 39.8355 33.588 44.0048 37.3487 31.7509 29.7666 26.3258 25.4823 26.4333 24.8647 26.36 24.3486 23.7114 27.0232 23.157 21.418 19.8337 19.7935 18.7451 17.2105 16.5046 17.179 14.8 14.7806 14.3779
threshold=0.99140378223802528 0.0057962350000112092 2.7499649402074061e-07 1.5755054327826204e-07 -1.3919581503415797 0.20158183760937953 -0.99999999097776582 2.9143511079633729e-13 3.9694430502492649e-07 -0.3445755635555936 0.006134969324153818 -23.025800932440287 -0.00012781684562312987 1.555827375683606e-05 0.9895833333312215 -5.3723245743794648 1.5893917640137182e-07 -1.0000000180025095e-35 1.1214689321891733e-07 7.7314113868528851e-07 -0.2346904415882787 6.838696512723945e-06 0.607626014457742 9.6353048411046433e-06 0.6805097502622276 2.6594537840666907e-05 0.66550569627921974 0.59998925678627957 5.5683523512882076e-06 -1.5912764883552197e-07
decision_type=2 2 2 2 2 2 2 2 2 2 2 2 2 2 2 2 2 2 2 2 2 2 2 2 2 2 2 2 2 2
left_child=2 11 3 5 9 19 7 -7 -8 -4 12 27 13 -3 15 -11 24 29 -19 20 -1 -16 25 -6 -12 26 -5 -2 -21 -14
right_child=1 10 4 22 23 6 8 -9 -10 14 16 -13 17 -15 21 -17 -18 18 -20 28 -22 -23 -24 -25 -26 -27 -28 -29 -30 -31
leaf_value=-0.00045294785240471017 -0.027868733451386726 -0.019839800641643531 -0.00031880382125155422 -0.0071388369203243575 0.0057245282211553731 0.011755314014710869 -0.0020107984301900093 0.00039013566256601573 0.00045179798319266643 0.0053777940002314416 -0.011374452569297349 0.0027751246532901701 0.0098841794495878738 0.0013464901711912681 -0.0061302994033174329 -0.0016562804728447124 0.0033819383085158363 -0.0080653865323242844 0.0057194204975764438 -0.0038267443352437459 0.012084485564017575 0.0055290528641325099 0.00028819237828128292 -0.0032890041092649941 0.00023920171085942639 -0.0042220758788786691 -0.014655348603308639 -0.0079505393374353049 -0.00046490085660186677 0.02432629801822583
leaf_weight=705.19388151168823 116.63294764608145 107.38922131806612 4537.786861076951 1429.0404110178351 401.45107525587082 912.93188674747944 11853.361107304692 1350.8519047535956 58353.854808099568 1369.3631981089711 445.31769298762083 168.6349463686347 749.03154236078262 660.73758931457996 239.66727279126644 2247.7337992191315 920.46980527043343 243.8498811647296 2988.7985388413072 7602.5607644543052 312.52187418937683 6555.6447500735521 602.01170440763235 4270.4792186319828 373.30029599368572 1459.4842944294214 748.64956332743168 127.38304933160543 2893.5878639519215 130.13702577725053
leaf_count=2988 521 509 18872 7454 1658 4203 52605 6686 256311 6217 1965 881 3485 2943 1045 9426 4469 1352 14624 32186 1363 28536 2865 17639 1620 6180 3477 637 12105 889
internal_value=3.1192e-05 0.00266387 -0.000140461 -0.00045768 0.00128538 -0.000156497 0.000190686 0.00498369 3.58881e-05 0.00247225 0.00341593 -0.009335 0.00501684 -0.00166028 0.00368898 0.00100683 -0.00107356 0.00626589 0.00467252 -0.00234186 0.00341056 0.00511493 -0.0064197 -0.00251066 -0.00608595 -0.00753107 -0.00973892 -0.0176739 -0.00290084 0.0120892
internal_weight=114878 7031.68 107846 88224.1 19622.1 83984.9 72471 2263.78 70207.2 14950.2 6619.03 412.651 4879.94 768.127 10412.4 3617.1 1739.09 4111.82 3232.65 11513.9 1017.72 6795.31 4239.19 4671.93 818.618 3637.17 2177.69 244.016 10496.1 879.169
internal_count=505711 33895 471816 388423 83393 368447 319805 10889 308916 64096 31856 2039 23802 3452 45224 15643 8054 20350 15976 48642 4351 29581 19976 19297 3585 17111 10931 1158 44291 4374
is_linear=0
shrinkage=0.04


Tree=118
num_leaves=31
num_cat=0
split_feature=13 23 26 9 23 24 29 27 21 21 3 9 2 1 25 25 27 24 29 13 28 9 16 2 24 23 8 3 25 26
split_gain=29.8998 26.6903 59.3144 38.5966 37.3831 36.6068 31.5482 30.0632 29.9083 27.841 24.5024 25.0949 25.2729 24.023 23.2858 25.111 22.3157 25.2648 21.3104 21.0625 20.6494 20.309 19.6123 19.1802 18.4236 18.254 15.764 15.65 15.6108 15.1704
threshold=0.74611180920976161 0.99999783469701986 0.00023906999999272714 1.8530859290235707e-05 0.99984415599412224 0.99999626155887655 -0.45097439271597001 1.8662286699999935 -8.7794999515652261 -3.4165272394903545 6.2195345584825656e-07 4.5087843308981298e-05 -3.414623280395545e-05 -1.5783720108686336e-07 -0.14370983184382341 -0.042409912501133996 -0.10788244499999683 -0.55341204925686982 -0.61062010469006345 0.88134470896027961 -1.1348620100000131 1.7652961750099532e-05 0.0011799414138854577 -3.5783921036092174e-05 -0.94743116610149147 0.99999999999953826 2.5556996596842358e-05 -0.0001200068597801973 0.70721542925519143 0.51827146499998855
decision_type=2 2 2 2 2 2 2 2 2 2 2 2 2 2 2 2 2 2 2 2 2 2 2 2 2 2 2 2 2 2
left_child=1 4 28 6 5 7 25 8 -1 13 11 12 22 21 20 -16 17 -14 -15 -18 -12 -6 -2 -9 -5 -4 -17 -26 -3 -8
right_child=10 2 3 24 9 -7 29 23 -10 -11 14 -13 16 18 15 26 19 -19 -20 -21 -22 -23 -24 -25 27 -27 -28 -29 -30 -31
leaf_value=0.0009922171492585171 -0.0043218332813029364 -0.022763904466282861 -0.013762717281467397 -0.014279499769618476 0.016418756610019767 -0.022107361192547831 -0.0020848252354124255 0.00088340656268072405 -0.00052855383663799377 0.010023993789876715 -0.003413107047773545 0.011866974705940088 0.004291733142620463 -0.0029833178439865925 -0.016898390292764617 0.0064238266136386821 -0.0018040926972896171 0.026400249096744877 0.0026603926582234863 0.0075014138280826582 0.016176429708346794 0.0011944338400898004 -0.023041847902897695 -0.0043056725797847237 0.012254982056574061 -0.0037476761974301227 -0.00026873048006925628 0.0019200470978857479 -0.0058875894750233075 0.012759135344691671
leaf_weight=32558.699808642268 422.88183301687241 280.21544458717108 700.53106766194105 96.705273985862732 319.17222306132317 119.31306521594524 1394.2438386380672 1546.4491835534573 56755.404813893139 772.9924548342824 104.5041475892067 290.39638617634773 493.99341116845608 1460.544483423233 90.376665614545345 1752.8621981069446 2627.3476198501885 97.574217393994331 3983.4057190716267 454.30381438136101 455.79920930415392 250.8664506226778 112.24681317806244 4304.3554417565465 271.79904687404633 504.53526955842972 826.3618693202734 1645.0479690730572 131.77000670135021 117.14306919276714
leaf_count=145263 1830 1440 3556 435 2026 509 6843 6261 244408 3507 455 1207 2221 6565 409 8195 12563 425 18969 2041 2061 1116 483 17790 1171 2374 3569 7247 650 584
internal_value=5.1566e-05 -0.000121617 -0.00293283 -0.00165925 2.0009e-05 -0.000184263 -0.00476913 -0.000156158 2.57749e-05 0.00288778 0.00245406 0.00054348 -0.000242789 0.00196591 0.00511096 0.00354529 0.000940617 0.00804039 0.00114451 -0.000425539 0.0125131 0.00976231 -0.00834499 -0.0029333 0.00253394 -0.00959039 0.00427901 0.00340211 -0.017446 -0.000911946
internal_weight=114942 107213 5141.99 4730.01 102071 95284.2 2716.45 95164.9 89314.1 6786.98 7728.65 4498.74 4208.35 6013.99 3229.9 2669.6 3673.22 591.568 5443.95 3081.65 560.303 570.039 535.129 5850.8 2013.55 1205.07 2579.22 1916.85 411.985 1511.39
internal_count=506173 470714 24300 22210 446414 414231 13357 413722 389671 32183 35459 20770 19563 28676 14689 12173 17250 2646 25534 14604 2516 3142 2313 24051 8853 5930 11764 8418 2090 7427
is_linear=0
shrinkage=0.04


Tree=119
num_leaves=31
num_cat=0
split_feature=24 5 10 10 29 21 23 10 16 29 8 2 26 29 19 0 21 2 8 26 28 7 4 8 0 1 21 19 11 11
split_gain=35.5802 38.5585 34.7693 55.017 49.8218 38.1458 49.5415 49.2356 53.7359 39.3525 38.0749 43.5696 30.3934 26.5097 31.7621 28.7986 26.161 22.7333 26.9213 41.0058 35.4187 24.0346 22.5429 20.2819 17.253 17.0336 16.7722 14.1969 15.0663 14.0124
threshold=0.99414602387867235 -0.00012781684562312987 0.99999985984033624 0.99999580041389591 1.0000000180025095e-35 -4.886588583050389 0.99999595897799709 0.79315118997943601 0.0099999999983992911 -0.31039478036679408 1.9163443066681538e-05 -1.0000000180025095e-35 0.00023906999999272714 3.0406674700008458 0.98514981814347991 2.6266349033576834e-06 -3.8215504172506845 -1.5864961344647097e-07 5.1991840916753124e-06 0.0011949299999839673 0.28255427999998278 3.2514082144772518e-05 -1.5912764883552197e-07 2.2555709291695717e-05 8.808991002062784e-05 0.00019274749165276719 -13.715674555404492 -0.61668511676352911 0.99999189250326892 0.49999960849057479
decision_type=2 2 2 2 2 2 2 2 2 2 2 2 2 2 2 2 2 2 2 2 2 2 2 2 2 2 2 2 2 2
left_child=2 -2 3 5 10 6 9 8 -7 -1 11 -4 -8 14 23 -15 -5 -3 19 29 -20 -22 -21 -6 -9 -18 -13 -12 -29 -19
right_child=1 17 4 16 13 7 12 24 -10 -11 27 26 -14 15 -16 -17 25 18 20 22 21 -23 -24 -25 -26 -27 -28 28 -30 -31
leaf_value=-0.00011236166385714653 -0.0046708939600882292 0.017580071635454188 -0.014285681510025865 -0.0027965594183697725 0.00062943612659892528 -0.0033250765660384923 -0.01867845223379867 0.0022077285675538541 0.0012586254859215254 0.0020790048527530337 0.0078739570699104412 0.00079155890669887531 -0.0036445212220858197 0.027485665370652668 -0.0064045279112719539 0.0040985681250048384 0.0062565333655344906 0.002907033249150075 0.0097383518398366942 -0.013441048487007912 0.0044484343027363536 -0.0060453604356094292 0.0051970041694997526 0.0084850808968573062 -0.002161358535532466 -0.0019206992689467484 -0.0056434818340488913 -0.0020535850227304557 0.010678297601512539 -0.015186725721006369
leaf_weight=35608.135635174811 907.94773268699646 194.87157203629613 860.18248341977596 732.34627015888691 2305.1635675877333 17443.515180625021 236.62940841168165 6863.9415589421988 5342.5460697337985 20746.957883026451 268.58949548006058 802.68854465335608 2208.2443930357695 120.27911566197872 831.0583972632885 274.92113520205021 3784.9419086128473 84.8756338134408 1724.1505945548415 113.35861982405186 1343.1116579324007 468.99221676588058 1001.6694663465023 679.82777632772923 1828.5734850913286 454.42273765802383 3315.8593216985464 3963.9706319123507 152.01664370298386 327.57268017530441
leaf_count=154932 4078 1265 4249 3394 11006 73114 1228 29074 21791 94795 1115 3699 10482 536 3707 1237 16194 473 8142 548 6470 2148 5071 2898 7525 1885 16066 17021 636 1601
internal_value=-2.59303e-05 0.0029292 -0.000193499 7.63724e-05 -0.00208726 -0.000149209 0.000452317 -0.00127296 -0.00225007 0.000694331 -0.00371231 -0.00610541 -0.00511894 0.00152453 0.000498452 0.0113545 0.00417189 0.0042441 0.00372161 -0.000711989 0.00563758 0.00172482 0.00327201 0.00242594 0.00128761 0.005378 -0.00438813 -0.000991711 -0.00157595 -0.0114536
internal_weight=114991 6166.55 108825 95250.3 13574.6 90278.5 58800 31478.6 22786.1 56355.1 9363.31 4978.73 2444.87 4211.25 3816.05 395.2 4971.71 5258.6 5063.73 1527.48 3536.25 1812.1 1115.03 2984.99 8692.52 4239.36 4118.55 4384.58 4115.99 412.448
internal_count=506380 29796 476584 414414 62170 392941 261437 131504 94905 249727 42786 24014 11710 19384 17611 1773 21473 25718 24453 7693 16760 8618 5619 13904 36599 18079 19765 18772 17657 2074
is_linear=0
shrinkage=0.04


Tree=120
num_leaves=31
num_cat=0
split_feature=25 0 0 15 18 9 10 10 14 21 0 29 8 9 29 20 4 4 12 0 8 9 19 21 10 20 5 10 27 27
split_gain=28.2707 24.8339 98.4092 49.6091 47.087 114.572 64.7189 49.3165 104.367 41.5948 39.5672 23.2656 24.8696 20.8177 19.1882 18.0993 17.6992 24.2554 19.8342 17.2918 16.4938 31.0705 15.9428 16.8123 15.9381 15.293 16.5897 13.2856 17.8523 13.1889
threshold=0.98244069087412578 2.7499649402074061e-07 1.5762861060864e-07 0.014129284700361037 0.84097210552770274 4.9002103768105067e-05 1.0000000180025095e-35 0.56756471850768986 0.99893955461310735 -5.2099887739617357 7.3843926687189323e-05 4.2650882610961585 4.45429864713434e-06 1.5406201687694594e-06 0.607626014457742 -0.48700643018484263 -1.0000000180025095e-35 1.5885655013647695e-07 0.78353828588355745 3.2959904352480866e-06 1.3728837913217001e-05 1.8306461263571474e-05 -0.21638024057677949 -5.9094459464443334 0.5182389682659595 -0.30339319646108176 -1.1576905404986347e-05 0.86111141042679007 0.81353701000000911 0.0088897599999947941
decision_type=2 2 2 2 2 2 2 2 2 2 2 2 2 2 2 2 2 2 2 2 2 2 2 2 2 2 2 2 2 2
left_child=1 2 4 10 7 6 -6 9 -9 -1 11 12 -3 -4 -15 -7 24 18 25 -5 22 -22 29 -24 -2 -18 -27 -12 -29 -19
right_child=16 3 13 19 5 15 -8 8 -10 -11 27 -13 -14 14 -16 -17 17 20 -20 -21 21 -23 23 -25 -26 26 -28 28 -30 -31
leaf_value=0.00050030738895074603 0.022996069224989285 -0.0083557725085842867 -0.017197217147185476 0.0045788142811832291 0.014304068589566808 0.0076182158052135896 -0.005138174743343194 0.00015294312851926996 0.0061929253278438416 -0.0019378724949143001 -0.0050529229066904767 0.019486074769019882 0.0036212651278001739 -0.0067032494911761654 0.0014560037383977212 0.0016455007084796337 -0.022687844393146254 -0.010464585495380981 0.0085408792313227781 -0.0032278690814535847 -0.0075866369122650551 0.0058786107667154718 0.018815466879744266 0.0051556826493010027 -0.00018277747535411321 -0.018301743528366325 0.0012856454122476138 0.0022198463797277706 -0.0043112864183468868 0.0058256957184118557
leaf_weight=34081.392852798104 134.88406874984503 282.06544912606478 262.90349208563566 506.47631031274796 279.5984364002943 1027.5064869076014 9571.4831070303917 15159.361405655742 6556.3091356903315 16667.047866895795 995.84745429456234 142.13426062464714 10999.722575992346 3365.6461666673422 532.08089619129896 3865.1696711033583 96.163254082202911 89.468929708003998 136.92532716691494 4183.9705161005259 411.53538189083338 809.13858856260777 320.79381946474314 267.34428700059652 71.709420412778854 96.418536350131035 228.16993558034301 2206.0282365828753 958.50643454492092 586.66058815270662
leaf_count=154380 851 1251 1747 2161 1216 4163 41596 67328 29408 69827 4075 661 47735 15533 2434 15724 528 433 650 17355 2058 3790 1581 1280 376 483 1232 9389 3998 2939
internal_value=6.4156e-05 -4.28707e-05 -0.000323954 0.00122343 -3.70694e-05 -0.00209752 -0.0045824 0.00038213 0.00197727 -0.000300387 0.00230906 0.00352529 0.00331957 -0.0063322 -0.00558768 0.00290417 0.00374077 0.00296224 -0.00455714 -0.00238171 0.00465494 0.00132808 0.00785374 0.0126626 0.0150122 -0.00885807 -0.00460603 -0.00102922 0.000237968 0.00363185
internal_weight=114892 111643 91368.5 20274.8 87207.9 14743.8 9851.08 72464.1 21715.7 50748.4 15584.3 11423.9 11281.8 4160.63 3897.73 4892.68 3249.21 3042.62 557.677 4690.45 2484.94 1220.67 1264.27 588.138 206.593 420.752 324.588 4160.38 3164.53 676.13
internal_count=506182 489981 403356 86625 383642 62699 42812 320943 96736 224207 67109 49647 48986 19714 17967 19887 16201 14974 2893 19516 12081 5848 6233 2861 1227 2243 1715 17462 13387 3372
is_linear=0
shrinkage=0.04


Tree=121
num_leaves=31
num_cat=0
split_feature=13 10 10 9 18 9 10 10 9 21 21 29 18 0 1 28 17 21 28 20 1 20 1 13 28 17 29 5 6 29
split_gain=43.396 29.9054 58.736 46.3077 45.4637 112.887 111.519 86.519 152.98 67.2024 43.6688 42.5014 37.6406 33.4387 33.3218 29.7692 29.1535 27.468 26.0629 25.5047 23.9301 23.2253 22.6155 21.4552 35.3948 21.2202 26.8887 19.493 22.4626 19.3091
threshold=0.74611180920976161 0.99999985984033624 0.99999417919094136 1.555827375683606e-05 0.63174946913898666 2.8974436796432182e-05 1.0000000180025095e-35 0.6155658015887171 2.2087122143399707e-05 -5.2099887739617357 -3.6209066608298808 0.46005789644889666 0.0010869578057788212 3.2959904352480866e-06 0.00017702753312676125 -0.23736048000001558 2.4361613795922918e-05 -6.4180470665252454 2.5314739399999877 -0.45460074710626586 3.1211712059331381e-07 -0.42602625600539262 -1.4552156990532692e-07 0.91002501896133758 0.050400854999997892 8.3531185799431244e-05 1.3899707509681409 6.6291443285848581e-06 9.9763048991345862e-08 -0.5627500984938355
decision_type=2 2 2 2 2 2 2 2 2 2 2 2 2 2 2 2 2 2 2 2 2 2 2 2 2 2 2 2 2 2
left_child=1 2 4 11 7 6 -6 9 -9 -1 12 29 -4 15 -12 -13 -14 19 -7 -5 23 -22 -21 27 -25 26 -19 -2 -29 -3
right_child=20 3 10 17 5 18 -8 8 -10 -11 14 13 16 -15 -16 -17 -18 25 -20 22 21 -23 -24 24 -26 -27 -28 28 -30 -31
leaf_value=0.00068184501023677696 -0.00082929302144804434 -0.013389229459992829 0.0090505945118543162 0.0080502576819875722 0.013627086224479999 0.00069949854573611288 -0.0070983962844388283 0.012227497711753712 0.0010682056603638856 -0.0023630786867769788 0.0071495427364221967 0.025142127502878669 -0.010898714836312407 -0.010498651283136705 -0.003295043454284048 0.0023784793085545228 0.010262122389888623 0.0020830226445862059 -0.0038569596946129141 -0.0099076938904537754 -0.0084018328910494926 0.0083986987933487578 -0.0018465163351220363 0.024419307908039777 -0.00062676968680145111 -0.0061887058203198425 0.013261196840322542 0.0079492633022198219 -0.0001210376831822068 -0.0058146798329695168
leaf_weight=35899.633554812521 3333.5298065021634 655.94359503686428 294.40841203927994 328.04245539009571 440.00231204926968 15221.776439160109 6808.8341858536005 2522.1372719034553 8886.0659807324409 17127.588404096663 3872.2037403360009 100.06603897362947 671.662353746593 298.16968120634556 557.00963973999023 910.80822662264109 120.96242286264896 3089.1824645102024 2311.3714859187603 711.12138628959656 141.0606235563755 1615.5306882634759 2557.3613735586405 167.947086378932 190.85214643925428 416.99491046369076 385.73540106415749 1129.2089749276638 1074.0793046504259 3068.320775680244
leaf_count=163150 15437 3338 1400 1387 2099 62877 30899 12465 36890 71557 16636 476 3057 1323 2324 4490 521 13313 9398 3197 636 7617 11273 743 836 1769 1714 5121 4797 15638
internal_value=3.07339e-05 -0.000176872 6.59177e-05 -0.00201384 -0.000181724 -0.00163769 -0.00583544 0.000378188 0.00353789 -0.000301603 0.0040706 -0.00497989 -0.00310451 0.00121445 0.00583362 0.00469198 -0.00764058 -1.84734e-05 9.80389e-05 -0.00253849 0.00294052 0.00703652 -0.0036082 0.00171674 0.0111646 0.00230887 0.00333388 0.00109884 0.00401651 -0.00715814
internal_weight=114908 107255 94733.7 12521.7 89217.4 24782 7248.84 64435.4 11408.2 53027.2 5516.25 5033.31 1087.03 1309.04 4429.21 1010.87 792.625 7488.44 17533.1 3596.53 7652.21 1756.59 3268.48 5895.62 358.799 3891.91 3474.92 5536.82 2203.29 3724.26
internal_count=506378 471191 413273 57918 389335 105273 32998 284062 49355 234707 23938 25265 4978 6289 18960 4966 3578 32653 72275 15857 35187 8253 14470 26934 1579 16796 15027 25355 9918 18976
is_linear=0
shrinkage=0.04


Tree=122
num_leaves=31
num_cat=0
split_feature=0 0 18 26 13 29 18 14 9 11 21 8 9 0 25 1 21 9 6 12 9 9 15 24 17 9 15 28 24 23
split_gain=35.1725 86.2875 61.9285 38.8314 34.5092 29.6646 80.608 83.308 80.5956 45.6354 111.796 110.135 28.2796 24.7532 21.2883 18.6573 18.2256 20.3633 18.1393 21.515 17.821 21.2511 22.1329 17.3966 17.1685 15.6172 14.6228 13.5916 12.894 14.7966
threshold=-1.5947507225888555e-07 -1.5851602430672071e-07 0.016666666676064781 -0.39142724499999565 0.22754343990554934 -0.21123571736414556 0.27205146657394513 0.8778735228719533 5.3280549406871134e-06 0.49999960849057479 -18.074032156797202 1.4473167609606377e-05 3.3249650498074338e-06 -9.5555100880773108e-06 0.89571618665086772 -4.7605412101248126e-06 0.51200020638982224 4.6021941637703756e-05 7.5566578081712337e-08 0.63320068291337461 4.5399427318734032e-06 3.5421113399889188e-05 0.25527630732676265 0.67376841613495631 2.9254430084747899e-07 3.7429768351078898e-05 0.0014760155632947316 -6.2644668450000136 0.44657119582645682 0.99510199414048872
decision_type=2 2 2 2 2 2 2 2 2 2 2 2 2 2 2 2 2 2 2 2 2 2 2 2 2 2 2 2 2 2
left_child=2 12 3 16 23 9 7 -7 -8 10 -6 -11 -2 24 18 -15 27 -18 19 -14 -5 22 -22 28 25 -4 -26 -1 29 -3
right_child=1 4 13 20 5 6 8 -9 -10 11 -12 -13 14 15 -16 -17 17 -19 -20 -21 21 -23 -24 -25 26 -27 -28 -29 -30 -31
leaf_value=0.0080834656644607258 0.01662771721642587 -0.0054827156171888504 -0.012928201690736002 0.0082559051757430044 0.0053244132534142653 0.0016027280652278458 -0.011457455710383735 0.008387294364597812 -1.4008126504685371e-05 -0.0046428100343796717 -0.00083149861276104304 0.00037319917726631236 -0.01989604663390639 0.0025751660752155107 0.018826740314858991 -0.0070539737738308499 0.024360439743983938 0.0013299517580699608 0.0059098547116657411 0.0038024691925918697 -0.0074271244882637387 -0.0030601146037861232 0.0089258254602334157 0.0034915092531955369 0.0059964539184054842 0.0016533598861780102 0.00010241503839717784 -0.00090869765801576642 -0.016687179765624897 0.0091657093090596175
leaf_weight=291.49032755196095 459.66293407231569 2194.9202502444386 173.02522206306458 180.77657430619001 6654.3632868826389 12383.900642365217 1036.6064050942659 3779.2361821308732 18871.425006613135 10836.719255588949 16219.91443297267 19786.92253986001 99.247003801167011 578.99871589243412 175.24729403108358 718.27255183458328 103.4441877156496 148.50459454953671 1536.8708123192191 152.09202225506306 3510.0067152529955 7197.9446978569031 135.3313170671463 396.61624627560377 2737.7075210511684 353.03561931848526 895.82788659632206 3163.2399133592844 153.15287251770496 113.74988649785519
leaf_count=1182 3595 9134 747 786 30272 58394 5182 17395 81322 51434 69266 83936 626 2380 1167 2965 429 598 7725 1022 15338 29476 569 1755 11130 1437 3609 13124 647 497
internal_value=-5.97696e-05 0.000262859 -0.00157578 -0.00292423 6.73534e-05 0.000205542 0.00109207 0.00319046 -0.000611476 -0.000392111 0.000959428 -0.00140183 0.00771031 0.00206296 0.00560186 -0.00275486 0.000615827 0.01095 0.00427896 -0.00563146 -0.00411495 -0.00432353 -0.00681291 -0.00425723 0.00356768 -0.0031682 0.00454599 -0.00014317 -0.00551023 -0.00474961
internal_weight=115038 94850.6 20187.6 14730.7 92427.5 89569.1 36071.2 16163.1 19908 53497.9 22874.3 30623.6 2423.12 5456.87 1963.46 1297.27 3706.68 251.949 1788.21 251.339 11024.1 10843.3 3645.34 2858.44 4159.6 526.061 3633.54 3454.73 2461.82 2308.67
internal_count=507139 423369 83770 61502 409234 397201 162293 75789 86504 234908 99538 135370 14135 22268 10540 5345 15333 1027 9373 1648 46169 45383 15907 12033 16923 2184 14739 14306 10278 9631
is_linear=0
shrinkage=0.04


end of trees

feature_importances:
rv_60=450
tbr=261
log_vol=240
ret_1=226
close_loc=192
rv_30=171
ret_3=170
tbr_30=164
ret_5=154
imb_5=152
ret_15=122
cvd_5=120
ret_60=112
trade_z_30=112
tbr_5=106
cvd_15=100
ret_30=95
imb_15=82
log_hl=81
rv_15=78
tbr_15=77
rv_5=71
cvd_30=71
vol_shock_5=62
imb_30=54
vol_z_60=44
lower_wick=40
body_ratio=34
upper_wick=31
vol_z_30=18

parameters:
[boosting: gbdt]
[objective: binary]
[metric: auc,binary_logloss]
[tree_learner: serial]
[device_type: cpu]
[data_sample_strategy: bagging]
[data: ]
[valid: ]
[num_iterations: 400]
[learning_rate: 0.04]
[num_leaves: 31]
[num_threads: 0]
[seed: 42]
[deterministic: 0]
[force_col_wise: 0]
[force_row_wise: 0]
[histogram_pool_size: -1]
[max_depth: 6]
[min_data_in_leaf: 400]
[min_sum_hessian_in_leaf: 0.001]
[bagging_fraction: 0.8]
[pos_bagging_fraction: 1]
[neg_bagging_fraction: 1]
[bagging_freq: 1]
[bagging_seed: 42]
[bagging_by_query: 0]
[feature_fraction: 0.8]
[feature_fraction_bynode: 1]
[feature_fraction_seed: 42]
[extra_trees: 0]
[extra_seed: 12879]
[early_stopping_round: 0]
[early_stopping_min_delta: 0]
[first_metric_only: 0]
[max_delta_step: 0]
[lambda_l1: 0.15]
[lambda_l2: 2.4]
[linear_lambda: 0]
[min_gain_to_split: 0.01]
[drop_rate: 0.1]
[max_drop: 50]
[skip_drop: 0.5]
[xgboost_dart_mode: 0]
[uniform_drop: 0]
[drop_seed: 17869]
[top_rate: 0.2]
[other_rate: 0.1]
[min_data_per_group: 100]
[max_cat_threshold: 32]
[cat_l2: 10]
[cat_smooth: 10]
[max_cat_to_onehot: 4]
[top_k: 20]
[monotone_constraints: ]
[monotone_constraints_method: basic]
[monotone_penalty: 0]
[feature_contri: ]
[forcedsplits_filename: ]
[refit_decay_rate: 0.9]
[cegb_tradeoff: 1]
[cegb_penalty_split: 0]
[cegb_penalty_feature_lazy: ]
[cegb_penalty_feature_coupled: ]
[path_smooth: 0]
[interaction_constraints: ]
[verbosity: -1]
[saved_feature_importance_type: 0]
[use_quantized_grad: 0]
[num_grad_quant_bins: 4]
[quant_train_renew_leaf: 0]
[stochastic_rounding: 1]
[linear_tree: 0]
[max_bin: 255]
[max_bin_by_feature: ]
[min_data_in_bin: 3]
[bin_construct_sample_cnt: 200000]
[data_random_seed: 175]
[is_enable_sparse: 1]
[enable_bundle: 1]
[use_missing: 1]
[zero_as_missing: 0]
[feature_pre_filter: 1]
[pre_partition: 0]
[two_round: 0]
[header: 0]
[label_column: ]
[weight_column: ]
[group_column: ]
[ignore_column: ]
[categorical_feature: ]
[forcedbins_filename: ]
[precise_float_parser: 0]
[parser_config_file: ]
[objective_seed: 16083]
[num_class: 1]
[is_unbalance: 0]
[scale_pos_weight: 1]
[sigmoid: 1]
[boost_from_average: 1]
[reg_sqrt: 0]
[alpha: 0.9]
[fair_c: 1]
[poisson_max_delta_step: 0.7]
[tweedie_variance_power: 1.5]
[lambdarank_truncation_level: 30]
[lambdarank_norm: 1]
[label_gain: ]
[lambdarank_position_bias_regularization: 0]
[eval_at: ]
[multi_error_top_k: 1]
[auc_mu_weights: ]
[num_machines: 1]
[local_listen_port: 12400]
[time_out: 120]
[machine_list_filename: ]
[machines: ]
[gpu_platform_id: -1]
[gpu_device_id: -1]
[gpu_device_id_list: ]
[gpu_use_dp: 0]
[num_gpu: 1]

end of parameters

pandas_categorical:null
